candidate_id,skill_id,skill,proficiency_level,proficiency_num,evidence_sources,confidence,trust_label,true_level_ground_truth
C0001,SK055,Linux,Intermediate,2,resume,0.6,Linux — Intermediate — Resume Only,2
C0001,SK048,Docker,Intermediate,2,project|employment_record|resume,0.82,Docker — Intermediate — Project Evidence,2
C0001,SK049,Kubernetes,Advanced,3,resume,0.6,Kubernetes — Advanced — Resume Only,2
C0001,SK053,CI/CD,Intermediate,2,resume,0.6,CI/CD — Intermediate — Resume Only,2
C0001,SK054,Jenkins,Intermediate,2,verified_credential|project|resume,0.99,Jenkins — Intermediate — Certificate Verified,2
C0001,SK051,Azure,Intermediate,2,verified_credential|resume,0.97,Azure — Intermediate — Certificate Verified,2
C0001,SK064,Communication,Intermediate,2,self_declared,0.4,Communication — Intermediate — Self-Declared,2
C0001,SK002,Python,Intermediate,2,employment_record|resume,0.8,Python — Intermediate — Employment Record,2
C0002,SK027,SQL,Intermediate,2,employment_record|resume,0.8,SQL — Intermediate — Employment Record,2
C0002,SK046,Excel,Basic,1,employment_record|resume,0.8,Excel — Basic — Employment Record,1
C0002,SK002,Python,Basic,1,employment_record|resume,0.8,Python — Basic — Employment Record,1
C0002,SK044,Power BI,Basic,1,assessment|employment_record|resume,0.92,Power BI — Basic — Assessment Verified,1
C0002,SK045,Tableau,Basic,1,verified_credential|resume,0.97,Tableau — Basic — Certificate Verified,1
C0002,SK066,Problem Solving,Basic,1,resume,0.6,Problem Solving — Basic — Resume Only,1
C0003,SK002,Python,Basic,1,verified_credential|assessment|resume,0.99,Python — Basic — Certificate Verified,1
C0003,SK012,Django,Intermediate,2,assessment|project|resume,0.92,Django — Intermediate — Assessment Verified,2
C0003,SK013,FastAPI,Intermediate,2,resume,0.6,FastAPI — Intermediate — Resume Only,2
C0003,SK014,Flask,Basic,1,verified_credential|project|resume,0.99,Flask — Basic — Certificate Verified,1
C0003,SK029,PostgreSQL,Basic,1,project|resume,0.78,PostgreSQL — Basic — Project Evidence,1
C0003,SK017,REST API,Basic,1,assessment|resume,0.9,REST API — Basic — Assessment Verified,1
C0003,SK032,Redis,Basic,1,resume,0.6,Redis — Basic — Resume Only,1
C0003,SK027,SQL,Advanced,3,resume,0.6,SQL — Advanced — Resume Only,2
C0003,SK065,Teamwork,Basic,1,resume,0.6,Teamwork — Basic — Resume Only,1
C0003,SK055,Linux,Intermediate,2,resume,0.6,Linux — Intermediate — Resume Only,2
C0004,SK056,Unit Testing,Intermediate,2,project|employment_record|resume,0.82,Unit Testing — Intermediate — Project Evidence,2
C0004,SK058,Selenium,Advanced,3,employment_record|resume,0.8,Selenium — Advanced — Employment Record,3
C0004,SK001,Java,Intermediate,2,resume,0.6,Java — Intermediate — Resume Only,2
C0004,SK027,SQL,Basic,1,employment_record|resume,0.8,SQL — Basic — Employment Record,1
C0004,SK057,JUnit,Basic,1,employment_record,0.78,JUnit — Basic — Employment Record,1
C0004,SK047,Git,Advanced,3,assessment|project|employment_record|resume,0.94,Git — Advanced — Assessment Verified,3
C0004,SK053,CI/CD,Intermediate,2,project|employment_record,0.8,CI/CD — Intermediate — Project Evidence,2
C0004,SK064,Communication,Intermediate,2,resume,0.6,Communication — Intermediate — Resume Only,2
C0005,SK001,Java,Intermediate,2,verified_credential|resume,0.97,Java — Intermediate — Certificate Verified,2
C0005,SK027,SQL,Intermediate,2,verified_credential|resume,0.97,SQL — Intermediate — Certificate Verified,2
C0005,SK017,REST API,Intermediate,2,verified_credential|project|resume,0.99,REST API — Intermediate — Certificate Verified,2
C0005,SK065,Teamwork,Intermediate,2,self_declared,0.4,Teamwork — Intermediate — Self-Declared,1
C0006,SK009,Kotlin,Advanced,3,assessment|employment_record|resume,0.92,Kotlin — Advanced — Assessment Verified,3
C0006,SK059,Android Development,Advanced,3,employment_record|resume,0.8,Android Development — Advanced — Employment Record,3
C0006,SK017,REST API,Advanced,3,assessment|employment_record|resume,0.92,REST API — Advanced — Assessment Verified,3
C0006,SK047,Git,Advanced,3,assessment|employment_record|resume,0.92,Git — Advanced — Assessment Verified,3
C0007,SK003,JavaScript,Basic,1,project|resume,0.78,JavaScript — Basic — Project Evidence,1
C0007,SK020,HTML,Basic,1,verified_credential,0.95,HTML — Basic — Certificate Verified,1
C0007,SK021,CSS,Intermediate,2,self_declared,0.4,CSS — Intermediate — Self-Declared,1
C0007,SK023,Next.js,Basic,1,verified_credential|project|resume,0.99,Next.js — Basic — Certificate Verified,1
C0007,SK067,Project Management,Basic,1,resume,0.6,Project Management — Basic — Resume Only,1
C0007,SK065,Teamwork,Basic,1,resume,0.6,Teamwork — Basic — Resume Only,1
C0008,SK012,Django,Advanced,3,project|employment_record|resume,0.82,Django — Advanced — Project Evidence,3
C0008,SK013,FastAPI,Advanced,3,verified_credential|project|employment_record,0.99,FastAPI — Advanced — Certificate Verified,3
C0008,SK032,Redis,Advanced,3,verified_credential,0.95,Redis — Advanced — Certificate Verified,3
C0008,SK046,Excel,Advanced,3,verified_credential|resume,0.97,Excel — Advanced — Certificate Verified,3
C0009,SK003,JavaScript,Intermediate,2,resume,0.6,JavaScript — Intermediate — Resume Only,2
C0009,SK022,React,Intermediate,2,employment_record|resume,0.8,React — Intermediate — Employment Record,2
C0009,SK020,HTML,Intermediate,2,project|resume,0.78,HTML — Intermediate — Project Evidence,2
C0009,SK021,CSS,Basic,1,assessment|resume,0.9,CSS — Basic — Assessment Verified,1
C0009,SK004,TypeScript,Intermediate,2,employment_record,0.78,TypeScript — Intermediate — Employment Record,2
C0009,SK023,Next.js,Advanced,3,verified_credential|resume,0.97,Next.js — Advanced — Certificate Verified,3
C0009,SK047,Git,Basic,1,project,0.76,Git — Basic — Project Evidence,1
C0009,SK024,Angular,Advanced,3,employment_record|resume,0.8,Angular — Advanced — Employment Record,3
C0009,SK064,Communication,Intermediate,2,resume,0.6,Communication — Intermediate — Resume Only,2
C0010,SK010,Spring Boot,Intermediate,2,employment_record,0.78,Spring Boot — Intermediate — Employment Record,2
C0010,SK017,REST API,Basic,1,verified_credential|employment_record,0.97,REST API — Basic — Certificate Verified,1
C0010,SK047,Git,Intermediate,2,verified_credential|employment_record|resume,0.99,Git — Intermediate — Certificate Verified,2
C0010,SK064,Communication,Intermediate,2,resume,0.6,Communication — Intermediate — Resume Only,2
C0011,SK003,JavaScript,Advanced,3,assessment|project|employment_record|resume,0.94,JavaScript — Advanced — Assessment Verified,2
C0011,SK020,HTML,Intermediate,2,assessment|project|resume,0.92,HTML — Intermediate — Assessment Verified,1
C0011,SK021,CSS,Basic,1,assessment|resume,0.9,CSS — Basic — Assessment Verified,1
C0011,SK004,TypeScript,Intermediate,2,assessment|project,0.9,TypeScript — Intermediate — Assessment Verified,2
C0011,SK066,Problem Solving,Intermediate,2,resume,0.6,Problem Solving — Intermediate — Resume Only,2
C0011,SK067,Project Management,Basic,1,self_declared,0.4,Project Management — Basic — Self-Declared,1
C0012,SK013,FastAPI,Intermediate,2,verified_credential|project|resume,0.99,FastAPI — Intermediate — Certificate Verified,2
C0012,SK029,PostgreSQL,Advanced,3,verified_credential|resume,0.97,PostgreSQL — Advanced — Certificate Verified,3
C0012,SK017,REST API,Basic,1,assessment|project|employment_record|resume,0.94,REST API — Basic — Assessment Verified,1
C0012,SK055,Linux,Basic,1,project|employment_record|resume,0.82,Linux — Basic — Project Evidence,1
C0013,SK068,CNC Machining,Intermediate,2,verified_credential|employment_record|resume,0.99,CNC Machining — Intermediate — Certificate Verified,2
C0013,SK069,Welding,Intermediate,2,verified_credential|assessment|project|employment_record|resume,0.99,Welding — Intermediate — Certificate Verified,2
C0013,SK070,Electrical Wiring,Intermediate,2,verified_credential|assessment|project|employment_record,0.99,Electrical Wiring — Intermediate — Certificate Verified,1
C0013,SK064,Communication,Advanced,3,resume,0.6,Communication — Advanced — Resume Only,2
C0013,SK065,Teamwork,Advanced,3,resume,0.6,Teamwork — Advanced — Resume Only,3
C0014,SK036,Scikit-learn,Intermediate,2,assessment|project|resume,0.92,Scikit-learn — Intermediate — Assessment Verified,1
C0014,SK039,Pandas,Basic,1,resume,0.6,Pandas — Basic — Resume Only,1
C0014,SK041,Statistics,Basic,1,verified_credential|assessment|resume,0.99,Statistics — Basic — Certificate Verified,1
C0014,SK038,PyTorch,Basic,1,project|resume,0.78,PyTorch — Basic — Project Evidence,1
C0014,SK066,Problem Solving,Intermediate,2,resume,0.6,Problem Solving — Intermediate — Resume Only,1
C0015,SK040,NumPy,Basic,1,verified_credential|assessment|resume,0.99,NumPy — Basic — Certificate Verified,1
C0015,SK038,PyTorch,Basic,1,verified_credential|assessment|project,0.99,PyTorch — Basic — Certificate Verified,1
C0015,SK027,SQL,Basic,1,verified_credential|assessment|project|resume,0.99,SQL — Basic — Certificate Verified,1
C0015,SK064,Communication,Intermediate,2,self_declared,0.4,Communication — Intermediate — Self-Declared,1
C0016,SK002,Python,Basic,1,assessment|resume,0.9,Python — Basic — Assessment Verified,1
C0016,SK036,Scikit-learn,Basic,1,project|resume,0.78,Scikit-learn — Basic — Project Evidence,1
C0016,SK040,NumPy,Intermediate,2,project|resume,0.78,NumPy — Intermediate — Project Evidence,2
C0016,SK041,Statistics,Basic,1,assessment|project|resume,0.92,Statistics — Basic — Assessment Verified,1
C0016,SK034,Deep Learning,Basic,1,verified_credential|assessment|resume,0.99,Deep Learning — Basic — Certificate Verified,1
C0016,SK037,TensorFlow,Basic,1,resume,0.6,TensorFlow — Basic — Resume Only,1
C0016,SK038,PyTorch,Basic,1,verified_credential|assessment|resume,0.99,PyTorch — Basic — Certificate Verified,1
C0016,SK035,NLP,Basic,1,project|resume,0.78,NLP — Basic — Project Evidence,1
C0016,SK065,Teamwork,Intermediate,2,resume,0.6,Teamwork — Intermediate — Resume Only,2
C0016,SK067,Project Management,Basic,1,self_declared,0.4,Project Management — Basic — Self-Declared,1
C0017,SK022,React,Basic,1,verified_credential|assessment|project|resume,0.99,React — Basic — Certificate Verified,1
C0017,SK004,TypeScript,Basic,1,verified_credential|assessment|resume,0.99,TypeScript — Basic — Certificate Verified,1
C0017,SK025,Vue.js,Basic,1,project|resume,0.78,Vue.js — Basic — Project Evidence,1
C0017,SK066,Problem Solving,Basic,1,self_declared,0.4,Problem Solving — Basic — Self-Declared,1
C0018,SK068,CNC Machining,Advanced,3,verified_credential|resume,0.97,CNC Machining — Advanced — Certificate Verified,3
C0018,SK072,PLC Programming,Basic,1,verified_credential|employment_record|resume,0.99,PLC Programming — Basic — Certificate Verified,1
C0018,SK067,Project Management,Intermediate,2,resume,0.6,Project Management — Intermediate — Resume Only,2
C0019,SK012,Django,Intermediate,2,verified_credential|resume,0.97,Django — Intermediate — Certificate Verified,2
C0019,SK013,FastAPI,Basic,1,verified_credential|resume,0.97,FastAPI — Basic — Certificate Verified,1
C0019,SK014,Flask,Intermediate,2,verified_credential|assessment,0.97,Flask — Intermediate — Certificate Verified,2
C0019,SK048,Docker,Intermediate,2,verified_credential|resume,0.97,Docker — Intermediate — Certificate Verified,2
C0019,SK066,Problem Solving,Basic,1,self_declared,0.4,Problem Solving — Basic — Self-Declared,1
C0019,SK067,Project Management,Basic,1,self_declared,0.4,Project Management — Basic — Self-Declared,1
C0020,SK033,Machine Learning,Basic,1,assessment|project,0.9,Machine Learning — Basic — Assessment Verified,1
C0020,SK041,Statistics,Basic,1,assessment|resume,0.9,Statistics — Basic — Assessment Verified,1
C0020,SK034,Deep Learning,Intermediate,2,assessment|project|resume,0.92,Deep Learning — Intermediate — Assessment Verified,2
C0020,SK064,Communication,Basic,1,resume,0.6,Communication — Basic — Resume Only,1
C0021,SK001,Java,Intermediate,2,verified_credential|assessment|resume,0.99,Java — Intermediate — Certificate Verified,2
C0021,SK002,Python,Basic,1,verified_credential|resume,0.97,Python — Basic — Certificate Verified,1
C0021,SK047,Git,Basic,1,resume,0.6,Git — Basic — Resume Only,1
C0021,SK067,Project Management,Basic,1,resume,0.6,Project Management — Basic — Resume Only,1
C0021,SK064,Communication,Intermediate,2,resume,0.6,Communication — Intermediate — Resume Only,1
C0022,SK022,React,Basic,1,verified_credential|project|resume,0.99,React — Basic — Certificate Verified,1
C0022,SK047,Git,Basic,1,verified_credential,0.95,Git — Basic — Certificate Verified,1
C0022,SK025,Vue.js,Basic,1,verified_credential|project|resume,0.99,Vue.js — Basic — Certificate Verified,1
C0022,SK066,Problem Solving,Advanced,3,resume,0.6,Problem Solving — Advanced — Resume Only,2
C0023,SK061,Cybersecurity,Intermediate,2,assessment|project|resume,0.92,Cybersecurity — Intermediate — Assessment Verified,2
C0023,SK062,Network Security,Intermediate,2,project|resume,0.78,Network Security — Intermediate — Project Evidence,2
C0023,SK063,Networking,Advanced,3,project|resume,0.78,Networking — Advanced — Project Evidence,3
C0023,SK055,Linux,Basic,1,employment_record|resume,0.8,Linux — Basic — Employment Record,1
C0023,SK002,Python,Advanced,3,verified_credential|assessment|resume,0.99,Python — Advanced — Certificate Verified,3
C0023,SK067,Project Management,Intermediate,2,resume,0.6,Project Management — Intermediate — Resume Only,2
C0023,SK066,Problem Solving,Advanced,3,resume,0.6,Problem Solving — Advanced — Resume Only,3
C0024,SK002,Python,Intermediate,2,verified_credential|project|employment_record|resume,0.99,Python — Intermediate — Certificate Verified,2
C0024,SK033,Machine Learning,Advanced,3,assessment|project|employment_record|resume,0.94,Machine Learning — Advanced — Assessment Verified,3
C0024,SK039,Pandas,Intermediate,2,verified_credential|project|employment_record|resume,0.99,Pandas — Intermediate — Certificate Verified,2
C0024,SK040,NumPy,Intermediate,2,assessment|resume,0.9,NumPy — Intermediate — Assessment Verified,2
C0024,SK041,Statistics,Intermediate,2,verified_credential|employment_record|resume,0.99,Statistics — Intermediate — Certificate Verified,2
C0024,SK037,TensorFlow,Intermediate,2,verified_credential|project|employment_record|resume,0.99,TensorFlow — Intermediate — Certificate Verified,2
C0024,SK035,NLP,Basic,1,verified_credential|employment_record|resume,0.99,NLP — Basic — Certificate Verified,1
C0024,SK066,Problem Solving,Advanced,3,self_declared,0.4,Problem Solving — Advanced — Self-Declared,3
C0024,SK064,Communication,Advanced,3,self_declared,0.4,Communication — Advanced — Self-Declared,3
C0025,SK014,Flask,Intermediate,2,verified_credential|resume,0.97,Flask — Intermediate — Certificate Verified,2
C0025,SK017,REST API,Basic,1,verified_credential|employment_record|resume,0.99,REST API — Basic — Certificate Verified,1
C0025,SK048,Docker,Intermediate,2,employment_record,0.78,Docker — Intermediate — Employment Record,2
C0025,SK065,Teamwork,Basic,1,resume,0.6,Teamwork — Basic — Resume Only,1
C0026,SK027,SQL,Intermediate,2,verified_credential|resume,0.97,SQL — Intermediate — Certificate Verified,2
C0026,SK046,Excel,Basic,1,resume,0.6,Excel — Basic — Resume Only,1
C0026,SK043,Data Visualization,Basic,1,assessment|project|resume,0.92,Data Visualization — Basic — Assessment Verified,1
C0026,SK042,Data Analysis,Basic,1,verified_credential|project|resume,0.99,Data Analysis — Basic — Certificate Verified,1
C0027,SK027,SQL,Advanced,3,employment_record|resume,0.8,SQL — Advanced — Employment Record,3
C0027,SK017,REST API,Intermediate,2,assessment|resume,0.9,REST API — Intermediate — Assessment Verified,2
C0027,SK028,MySQL,Intermediate,2,employment_record|resume,0.8,MySQL — Intermediate — Employment Record,2
C0027,SK048,Docker,Intermediate,2,resume,0.6,Docker — Intermediate — Resume Only,2
C0027,SK057,JUnit,Advanced,3,project|resume,0.78,JUnit — Advanced — Project Evidence,3
C0027,SK066,Problem Solving,Intermediate,2,resume,0.6,Problem Solving — Intermediate — Resume Only,2
C0028,SK056,Unit Testing,Basic,1,project|resume,0.78,Unit Testing — Basic — Project Evidence,1
C0028,SK058,Selenium,Intermediate,2,resume,0.6,Selenium — Intermediate — Resume Only,1
C0028,SK001,Java,Basic,1,project|resume,0.78,Java — Basic — Project Evidence,1
C0028,SK027,SQL,Basic,1,resume,0.6,SQL — Basic — Resume Only,1
C0028,SK057,JUnit,Basic,1,self_declared,0.4,JUnit — Basic — Self-Declared,1
C0028,SK002,Python,Basic,1,self_declared,0.4,Python — Basic — Self-Declared,1
C0028,SK047,Git,Basic,1,project|resume,0.78,Git — Basic — Project Evidence,1
C0028,SK053,CI/CD,Intermediate,2,verified_credential|assessment|project|resume,0.99,CI/CD — Intermediate — Certificate Verified,1
C0028,SK065,Teamwork,Basic,1,resume,0.6,Teamwork — Basic — Resume Only,1
C0028,SK067,Project Management,Basic,1,resume,0.6,Project Management — Basic — Resume Only,1
C0029,SK027,SQL,Basic,1,project|resume,0.78,SQL — Basic — Project Evidence,1
C0029,SK046,Excel,Intermediate,2,resume,0.6,Excel — Intermediate — Resume Only,2
C0029,SK044,Power BI,Basic,1,assessment|project|resume,0.92,Power BI — Basic — Assessment Verified,1
C0029,SK043,Data Visualization,Basic,1,verified_credential|assessment|project,0.99,Data Visualization — Basic — Certificate Verified,1
C0029,SK066,Problem Solving,Basic,1,resume,0.6,Problem Solving — Basic — Resume Only,1
C0030,SK002,Python,Basic,1,assessment|project,0.9,Python — Basic — Assessment Verified,1
C0030,SK012,Django,Basic,1,verified_credential|project|resume,0.99,Django — Basic — Certificate Verified,1
C0030,SK013,FastAPI,Basic,1,project|resume,0.78,FastAPI — Basic — Project Evidence,1
C0030,SK014,Flask,Basic,1,verified_credential|resume,0.97,Flask — Basic — Certificate Verified,1
C0030,SK029,PostgreSQL,Basic,1,project|resume,0.78,PostgreSQL — Basic — Project Evidence,1
C0030,SK048,Docker,Basic,1,verified_credential|resume,0.97,Docker — Basic — Certificate Verified,1
C0030,SK047,Git,Intermediate,2,self_declared,0.4,Git — Intermediate — Self-Declared,1
C0030,SK064,Communication,Basic,1,resume,0.6,Communication — Basic — Resume Only,1
C0030,SK067,Project Management,Basic,1,self_declared,0.4,Project Management — Basic — Self-Declared,1
C0031,SK003,JavaScript,Advanced,3,project|resume,0.78,JavaScript — Advanced — Project Evidence,3
C0031,SK022,React,Intermediate,2,employment_record|resume,0.8,React — Intermediate — Employment Record,2
C0031,SK015,Node.js,Intermediate,2,verified_credential|employment_record|resume,0.99,Node.js — Intermediate — Certificate Verified,2
C0031,SK016,Express.js,Basic,1,project|employment_record,0.8,Express.js — Basic — Project Evidence,1
C0031,SK031,MongoDB,Basic,1,employment_record|resume,0.8,MongoDB — Basic — Employment Record,1
C0031,SK017,REST API,Intermediate,2,resume,0.6,REST API — Intermediate — Resume Only,2
C0031,SK004,TypeScript,Basic,1,verified_credential|employment_record|resume,0.99,TypeScript — Basic — Certificate Verified,1
C0031,SK048,Docker,Advanced,3,project,0.76,Docker — Advanced — Project Evidence,3
C0032,SK056,Unit Testing,Advanced,3,resume,0.6,Unit Testing — Advanced — Resume Only,3
C0032,SK001,Java,Intermediate,2,verified_credential|project|employment_record|resume,0.99,Java — Intermediate — Certificate Verified,2
C0032,SK053,CI/CD,Advanced,3,employment_record|resume,0.8,CI/CD — Advanced — Employment Record,3
C0032,SK065,Teamwork,Advanced,3,resume,0.6,Teamwork — Advanced — Resume Only,3
C0032,SK048,Docker,Advanced,3,verified_credential|employment_record|resume,0.99,Docker — Advanced — Certificate Verified,3
C0033,SK003,JavaScript,Basic,1,verified_credential|assessment|employment_record|resume,0.99,JavaScript — Basic — Certificate Verified,1
C0033,SK020,HTML,Intermediate,2,verified_credential|resume,0.97,HTML — Intermediate — Certificate Verified,2
C0033,SK021,CSS,Advanced,3,assessment|employment_record|resume,0.92,CSS — Advanced — Assessment Verified,3
C0033,SK024,Angular,Advanced,3,verified_credential|assessment|resume,0.99,Angular — Advanced — Certificate Verified,2
C0033,SK046,Excel,Basic,1,employment_record|resume,0.8,Excel — Basic — Employment Record,1
C0034,SK003,JavaScript,Basic,1,verified_credential|resume,0.97,JavaScript — Basic — Certificate Verified,1
C0034,SK022,React,Basic,1,assessment|resume,0.9,React — Basic — Assessment Verified,1
C0034,SK020,HTML,Basic,1,verified_credential,0.95,HTML — Basic — Certificate Verified,1
C0034,SK047,Git,Basic,1,resume,0.6,Git — Basic — Resume Only,1
C0034,SK025,Vue.js,Basic,1,verified_credential|assessment|resume,0.99,Vue.js — Basic — Certificate Verified,1
C0035,SK001,Java,Advanced,3,resume,0.6,Java — Advanced — Resume Only,3
C0035,SK010,Spring Boot,Intermediate,2,project|resume,0.78,Spring Boot — Intermediate — Project Evidence,2
C0035,SK027,SQL,Advanced,3,assessment|employment_record|resume,0.92,SQL — Advanced — Assessment Verified,3
C0035,SK047,Git,Advanced,3,project|resume,0.78,Git — Advanced — Project Evidence,3
C0035,SK019,Microservices,Intermediate,2,assessment|employment_record|resume,0.92,Microservices — Intermediate — Assessment Verified,3
C0035,SK048,Docker,Intermediate,2,project|employment_record|resume,0.82,Docker — Intermediate — Project Evidence,2
C0035,SK057,JUnit,Advanced,3,project|employment_record|resume,0.82,JUnit — Advanced — Project Evidence,3
C0035,SK065,Teamwork,Advanced,3,resume,0.6,Teamwork — Advanced — Resume Only,3
C0035,SK064,Communication,Advanced,3,resume,0.6,Communication — Advanced — Resume Only,3
C0036,SK003,JavaScript,Basic,1,project|resume,0.78,JavaScript — Basic — Project Evidence,1
C0036,SK022,React,Advanced,3,resume,0.6,React — Advanced — Resume Only,2
C0036,SK020,HTML,Basic,1,verified_credential|project|resume,0.99,HTML — Basic — Certificate Verified,1
C0036,SK021,CSS,Basic,1,self_declared,0.4,CSS — Basic — Self-Declared,1
C0036,SK004,TypeScript,Intermediate,2,verified_credential|assessment|resume,0.99,TypeScript — Intermediate — Certificate Verified,1
C0036,SK026,Tailwind CSS,Basic,1,project|resume,0.78,Tailwind CSS — Basic — Project Evidence,1
C0036,SK023,Next.js,Basic,1,verified_credential|project|resume,0.99,Next.js — Basic — Certificate Verified,1
C0036,SK067,Project Management,Basic,1,resume,0.6,Project Management — Basic — Resume Only,1
C0036,SK066,Problem Solving,Basic,1,resume,0.6,Problem Solving — Basic — Resume Only,1
C0036,SK048,Docker,Intermediate,2,self_declared,0.4,Docker — Intermediate — Self-Declared,1
C0037,SK056,Unit Testing,Basic,1,employment_record|resume,0.8,Unit Testing — Basic — Employment Record,1
C0037,SK058,Selenium,Advanced,3,assessment|resume,0.9,Selenium — Advanced — Assessment Verified,2
C0037,SK001,Java,Intermediate,2,verified_credential|resume,0.97,Java — Intermediate — Certificate Verified,2
C0037,SK027,SQL,Intermediate,2,verified_credential|project|employment_record|resume,0.99,SQL — Intermediate — Certificate Verified,2
C0037,SK002,Python,Basic,1,employment_record|resume,0.8,Python — Basic — Employment Record,1
C0037,SK047,Git,Basic,1,employment_record|resume,0.8,Git — Basic — Employment Record,1
C0037,SK053,CI/CD,Intermediate,2,resume,0.6,CI/CD — Intermediate — Resume Only,2
C0037,SK067,Project Management,Basic,1,self_declared,0.4,Project Management — Basic — Self-Declared,1
C0037,SK064,Communication,Intermediate,2,resume,0.6,Communication — Intermediate — Resume Only,1
C0038,SK001,Java,Basic,1,resume,0.6,Java — Basic — Resume Only,1
C0038,SK027,SQL,Intermediate,2,assessment|resume,0.9,SQL — Intermediate — Assessment Verified,2
C0038,SK028,MySQL,Basic,1,project|resume,0.78,MySQL — Basic — Project Evidence,1
C0038,SK047,Git,Intermediate,2,verified_credential|resume,0.97,Git — Intermediate — Certificate Verified,2
C0038,SK011,Hibernate,Intermediate,2,assessment|resume,0.9,Hibernate — Intermediate — Assessment Verified,2
C0038,SK048,Docker,Intermediate,2,self_declared,0.4,Docker — Intermediate — Self-Declared,2
C0038,SK067,Project Management,Intermediate,2,resume,0.6,Project Management — Intermediate — Resume Only,1
C0039,SK001,Java,Basic,1,verified_credential|project|resume,0.99,Java — Basic — Certificate Verified,1
C0039,SK010,Spring Boot,Basic,1,project|resume,0.78,Spring Boot — Basic — Project Evidence,1
C0039,SK017,REST API,Basic,1,project|resume,0.78,REST API — Basic — Project Evidence,1
C0039,SK066,Problem Solving,Basic,1,self_declared,0.4,Problem Solving — Basic — Self-Declared,1
C0040,SK001,Java,Basic,1,assessment|resume,0.9,Java — Basic — Assessment Verified,1
C0040,SK027,SQL,Advanced,3,resume,0.6,SQL — Advanced — Resume Only,2
C0040,SK019,Microservices,Intermediate,2,assessment|resume,0.9,Microservices — Intermediate — Assessment Verified,2
C0040,SK065,Teamwork,Advanced,3,self_declared,0.4,Teamwork — Advanced — Self-Declared,3
C0040,SK064,Communication,Advanced,3,resume,0.6,Communication — Advanced — Resume Only,3
C0041,SK056,Unit Testing,Basic,1,assessment|resume,0.9,Unit Testing — Basic — Assessment Verified,1
C0041,SK058,Selenium,Intermediate,2,resume,0.6,Selenium — Intermediate — Resume Only,2
C0041,SK027,SQL,Intermediate,2,resume,0.6,SQL — Intermediate — Resume Only,1
C0041,SK057,JUnit,Basic,1,assessment|resume,0.9,JUnit — Basic — Assessment Verified,1
C0041,SK065,Teamwork,Basic,1,resume,0.6,Teamwork — Basic — Resume Only,1
C0041,SK067,Project Management,Basic,1,self_declared,0.4,Project Management — Basic — Self-Declared,1
C0042,SK002,Python,Intermediate,2,project|employment_record|resume,0.82,Python — Intermediate — Project Evidence,2
C0042,SK036,Scikit-learn,Basic,1,employment_record|resume,0.8,Scikit-learn — Basic — Employment Record,1
C0042,SK040,NumPy,Advanced,3,project|resume,0.78,NumPy — Advanced — Project Evidence,3
C0042,SK037,TensorFlow,Intermediate,2,verified_credential|resume,0.97,TensorFlow — Intermediate — Certificate Verified,2
C0042,SK038,PyTorch,Advanced,3,project|employment_record,0.8,PyTorch — Advanced — Project Evidence,3
C0042,SK035,NLP,Intermediate,2,resume,0.6,NLP — Intermediate — Resume Only,2
C0042,SK065,Teamwork,Advanced,3,resume,0.6,Teamwork — Advanced — Resume Only,2
C0043,SK061,Cybersecurity,Basic,1,verified_credential|project|employment_record|resume,0.99,Cybersecurity — Basic — Certificate Verified,1
C0043,SK062,Network Security,Basic,1,verified_credential|assessment|project|resume,0.99,Network Security — Basic — Certificate Verified,1
C0043,SK063,Networking,Basic,1,assessment|resume,0.9,Networking — Basic — Assessment Verified,1
C0043,SK055,Linux,Intermediate,2,employment_record|resume,0.8,Linux — Intermediate — Employment Record,2
C0043,SK066,Problem Solving,Intermediate,2,resume,0.6,Problem Solving — Intermediate — Resume Only,2
C0044,SK002,Python,Advanced,3,self_declared,0.4,Python — Advanced — Self-Declared,2
C0044,SK033,Machine Learning,Basic,1,resume,0.6,Machine Learning — Basic — Resume Only,1
C0044,SK036,Scikit-learn,Basic,1,resume,0.6,Scikit-learn — Basic — Resume Only,1
C0044,SK039,Pandas,Basic,1,project|resume,0.78,Pandas — Basic — Project Evidence,1
C0044,SK040,NumPy,Basic,1,project|resume,0.78,NumPy — Basic — Project Evidence,1
C0044,SK034,Deep Learning,Basic,1,project|resume,0.78,Deep Learning — Basic — Project Evidence,1
C0044,SK037,TensorFlow,Basic,1,project|resume,0.78,TensorFlow — Basic — Project Evidence,1
C0044,SK038,PyTorch,Basic,1,project|resume,0.78,PyTorch — Basic — Project Evidence,1
C0044,SK066,Problem Solving,Basic,1,resume,0.6,Problem Solving — Basic — Resume Only,1
C0044,SK067,Project Management,Advanced,3,resume,0.6,Project Management — Advanced — Resume Only,2
C0045,SK033,Machine Learning,Advanced,3,assessment|project|employment_record|resume,0.94,Machine Learning — Advanced — Assessment Verified,3
C0045,SK036,Scikit-learn,Advanced,3,project|resume,0.78,Scikit-learn — Advanced — Project Evidence,3
C0045,SK040,NumPy,Advanced,3,employment_record|resume,0.8,NumPy — Advanced — Employment Record,3
C0045,SK041,Statistics,Basic,1,assessment|project|resume,0.92,Statistics — Basic — Assessment Verified,2
C0045,SK034,Deep Learning,Intermediate,2,resume,0.6,Deep Learning — Intermediate — Resume Only,2
C0045,SK037,TensorFlow,Advanced,3,assessment|employment_record|resume,0.92,TensorFlow — Advanced — Assessment Verified,3
C0045,SK064,Communication,Advanced,3,resume,0.6,Communication — Advanced — Resume Only,3
C0045,SK048,Docker,Advanced,3,employment_record|resume,0.8,Docker — Advanced — Employment Record,3
C0046,SK033,Machine Learning,Basic,1,verified_credential|resume,0.97,Machine Learning — Basic — Certificate Verified,1
C0046,SK039,Pandas,Basic,1,project|resume,0.78,Pandas — Basic — Project Evidence,1
C0046,SK034,Deep Learning,Basic,1,verified_credential|resume,0.97,Deep Learning — Basic — Certificate Verified,1
C0046,SK038,PyTorch,Intermediate,2,resume,0.6,PyTorch — Intermediate — Resume Only,2
C0046,SK027,SQL,Basic,1,verified_credential|resume,0.97,SQL — Basic — Certificate Verified,1
C0047,SK027,SQL,Intermediate,2,assessment|project|resume,0.92,SQL — Intermediate — Assessment Verified,2
C0047,SK044,Power BI,Basic,1,verified_credential|project|employment_record|resume,0.99,Power BI — Basic — Certificate Verified,1
C0047,SK045,Tableau,Basic,1,verified_credential|assessment|project|employment_record|resume,0.99,Tableau — Basic — Certificate Verified,1
C0047,SK039,Pandas,Basic,1,employment_record|resume,0.8,Pandas — Basic — Employment Record,1
C0047,SK065,Teamwork,Basic,1,self_declared,0.4,Teamwork — Basic — Self-Declared,1
C0047,SK067,Project Management,Intermediate,2,resume,0.6,Project Management — Intermediate — Resume Only,1
C0047,SK002,Python,Basic,1,project|employment_record,0.8,Python — Basic — Project Evidence,1
C0048,SK027,SQL,Intermediate,2,resume,0.6,SQL — Intermediate — Resume Only,1
C0048,SK046,Excel,Basic,1,verified_credential|project|resume,0.99,Excel — Basic — Certificate Verified,1
C0048,SK002,Python,Intermediate,2,resume,0.6,Python — Intermediate — Resume Only,1
C0048,SK044,Power BI,Basic,1,resume,0.6,Power BI — Basic — Resume Only,1
C0048,SK045,Tableau,Basic,1,project|resume,0.78,Tableau — Basic — Project Evidence,1
C0048,SK041,Statistics,Basic,1,resume,0.6,Statistics — Basic — Resume Only,1
C0048,SK039,Pandas,Basic,1,resume,0.6,Pandas — Basic — Resume Only,1
C0048,SK042,Data Analysis,Basic,1,project|resume,0.78,Data Analysis — Basic — Project Evidence,1
C0048,SK066,Problem Solving,Intermediate,2,resume,0.6,Problem Solving — Intermediate — Resume Only,2
C0048,SK065,Teamwork,Advanced,3,resume,0.6,Teamwork — Advanced — Resume Only,2
C0049,SK002,Python,Intermediate,2,verified_credential|resume,0.97,Python — Intermediate — Certificate Verified,2
C0049,SK039,Pandas,Basic,1,project,0.76,Pandas — Basic — Project Evidence,1
C0049,SK027,SQL,Basic,1,verified_credential|project|resume,0.99,SQL — Basic — Certificate Verified,1
C0049,SK065,Teamwork,Basic,1,self_declared,0.4,Teamwork — Basic — Self-Declared,1
C0050,SK046,Excel,Basic,1,verified_credential|resume,0.97,Excel — Basic — Certificate Verified,1
C0050,SK044,Power BI,Basic,1,project|employment_record|resume,0.82,Power BI — Basic — Project Evidence,1
C0050,SK045,Tableau,Basic,1,verified_credential|resume,0.97,Tableau — Basic — Certificate Verified,1
C0050,SK041,Statistics,Basic,1,project|resume,0.78,Statistics — Basic — Project Evidence,1
C0050,SK042,Data Analysis,Basic,1,project|resume,0.78,Data Analysis — Basic — Project Evidence,1
C0050,SK067,Project Management,Intermediate,2,self_declared,0.4,Project Management — Intermediate — Self-Declared,1
C0051,SK027,SQL,Intermediate,2,resume,0.6,SQL — Intermediate — Resume Only,2
C0051,SK046,Excel,Intermediate,2,assessment|project|resume,0.92,Excel — Intermediate — Assessment Verified,2
C0051,SK002,Python,Intermediate,2,employment_record|resume,0.8,Python — Intermediate — Employment Record,2
C0051,SK044,Power BI,Intermediate,2,project|resume,0.78,Power BI — Intermediate — Project Evidence,2
C0051,SK045,Tableau,Intermediate,2,assessment|employment_record|resume,0.92,Tableau — Intermediate — Assessment Verified,2
C0051,SK041,Statistics,Intermediate,2,resume,0.6,Statistics — Intermediate — Resume Only,2
C0051,SK066,Problem Solving,Intermediate,2,self_declared,0.4,Problem Solving — Intermediate — Self-Declared,2
C0051,SK065,Teamwork,Intermediate,2,resume,0.6,Teamwork — Intermediate — Resume Only,2
C0052,SK010,Spring Boot,Intermediate,2,project|employment_record|resume,0.82,Spring Boot — Intermediate — Project Evidence,2
C0052,SK048,Docker,Advanced,3,resume,0.6,Docker — Advanced — Resume Only,3
C0052,SK057,JUnit,Intermediate,2,employment_record|resume,0.8,JUnit — Intermediate — Employment Record,2
C0052,SK066,Problem Solving,Advanced,3,resume,0.6,Problem Solving — Advanced — Resume Only,3
C0052,SK065,Teamwork,Advanced,3,resume,0.6,Teamwork — Advanced — Resume Only,2
C0053,SK002,Python,Intermediate,2,project|resume,0.78,Python — Intermediate — Project Evidence,2
C0053,SK012,Django,Intermediate,2,employment_record|resume,0.8,Django — Intermediate — Employment Record,2
C0053,SK013,FastAPI,Intermediate,2,project|employment_record|resume,0.82,FastAPI — Intermediate — Project Evidence,2
C0053,SK014,Flask,Basic,1,verified_credential|resume,0.97,Flask — Basic — Certificate Verified,1
C0053,SK029,PostgreSQL,Intermediate,2,verified_credential|project|resume,0.99,PostgreSQL — Intermediate — Certificate Verified,2
C0053,SK032,Redis,Basic,1,employment_record|resume,0.8,Redis — Basic — Employment Record,1
C0053,SK048,Docker,Advanced,3,verified_credential|resume,0.97,Docker — Advanced — Certificate Verified,3
C0053,SK047,Git,Basic,1,verified_credential|employment_record|resume,0.99,Git — Basic — Certificate Verified,1
C0053,SK067,Project Management,Intermediate,2,resume,0.6,Project Management — Intermediate — Resume Only,2
C0054,SK027,SQL,Advanced,3,project|resume,0.78,SQL — Advanced — Project Evidence,3
C0054,SK046,Excel,Advanced,3,verified_credential|resume,0.97,Excel — Advanced — Certificate Verified,3
C0054,SK045,Tableau,Advanced,3,verified_credential|assessment|resume,0.99,Tableau — Advanced — Certificate Verified,3
C0054,SK039,Pandas,Intermediate,2,verified_credential|resume,0.97,Pandas — Intermediate — Certificate Verified,2
C0054,SK042,Data Analysis,Advanced,3,verified_credential|assessment|project|resume,0.99,Data Analysis — Advanced — Certificate Verified,3
C0054,SK064,Communication,Advanced,3,resume,0.6,Communication — Advanced — Resume Only,3
C0055,SK002,Python,Basic,1,project|resume,0.78,Python — Basic — Project Evidence,1
C0055,SK033,Machine Learning,Intermediate,2,self_declared,0.4,Machine Learning — Intermediate — Self-Declared,2
C0055,SK036,Scikit-learn,Basic,1,resume,0.6,Scikit-learn — Basic — Resume Only,1
C0055,SK034,Deep Learning,Advanced,3,resume,0.6,Deep Learning — Advanced — Resume Only,2
C0055,SK037,TensorFlow,Basic,1,resume,0.6,TensorFlow — Basic — Resume Only,1
C0055,SK038,PyTorch,Basic,1,project|resume,0.78,PyTorch — Basic — Project Evidence,1
C0056,SK040,NumPy,Advanced,3,project|employment_record|resume,0.82,NumPy — Advanced — Project Evidence,3
C0056,SK041,Statistics,Advanced,3,employment_record|resume,0.8,Statistics — Advanced — Employment Record,3
C0056,SK034,Deep Learning,Basic,1,project|employment_record|resume,0.82,Deep Learning — Basic — Project Evidence,1
C0056,SK067,Project Management,Intermediate,2,resume,0.6,Project Management — Intermediate — Resume Only,2
C0056,SK065,Teamwork,Advanced,3,resume,0.6,Teamwork — Advanced — Resume Only,2
C0057,SK068,CNC Machining,Intermediate,2,verified_credential|employment_record|resume,0.99,CNC Machining — Intermediate — Certificate Verified,2
C0057,SK069,Welding,Advanced,3,verified_credential|resume,0.97,Welding — Advanced — Certificate Verified,3
C0057,SK070,Electrical Wiring,Intermediate,2,verified_credential|project|employment_record|resume,0.99,Electrical Wiring — Intermediate — Certificate Verified,2
C0057,SK072,PLC Programming,Basic,1,verified_credential|resume,0.97,PLC Programming — Basic — Certificate Verified,1
C0057,SK066,Problem Solving,Advanced,3,resume,0.6,Problem Solving — Advanced — Resume Only,2
C0057,SK067,Project Management,Advanced,3,resume,0.6,Project Management — Advanced — Resume Only,3
C0058,SK003,JavaScript,Intermediate,2,assessment|project|employment_record|resume,0.94,JavaScript — Intermediate — Assessment Verified,2
C0058,SK022,React,Advanced,3,verified_credential|employment_record|resume,0.99,React — Advanced — Certificate Verified,3
C0058,SK015,Node.js,Intermediate,2,project|resume,0.78,Node.js — Intermediate — Project Evidence,2
C0058,SK016,Express.js,Advanced,3,verified_credential|employment_record|resume,0.99,Express.js — Advanced — Certificate Verified,3
C0058,SK047,Git,Advanced,3,assessment|project,0.9,Git — Advanced — Assessment Verified,3
C0058,SK065,Teamwork,Advanced,3,resume,0.6,Teamwork — Advanced — Resume Only,3
C0058,SK066,Problem Solving,Advanced,3,resume,0.6,Problem Solving — Advanced — Resume Only,3
C0058,SK048,Docker,Advanced,3,resume,0.6,Docker — Advanced — Resume Only,3
C0059,SK048,Docker,Basic,1,assessment|resume,0.9,Docker — Basic — Assessment Verified,1
C0059,SK050,AWS,Basic,1,verified_credential|assessment|project|employment_record|resume,0.99,AWS — Basic — Certificate Verified,1
C0059,SK054,Jenkins,Intermediate,2,verified_credential|assessment|employment_record|resume,0.99,Jenkins — Intermediate — Certificate Verified,1
C0059,SK002,Python,Basic,1,verified_credential|project|employment_record|resume,0.99,Python — Basic — Certificate Verified,1
C0060,SK002,Python,Basic,1,project|employment_record|resume,0.82,Python — Basic — Project Evidence,1
C0060,SK029,PostgreSQL,Intermediate,2,resume,0.6,PostgreSQL — Intermediate — Resume Only,2
C0060,SK017,REST API,Advanced,3,verified_credential|resume,0.97,REST API — Advanced — Certificate Verified,3
C0060,SK048,Docker,Intermediate,2,verified_credential|employment_record|resume,0.99,Docker — Intermediate — Certificate Verified,2
C0061,SK027,SQL,Advanced,3,project|employment_record|resume,0.82,SQL — Advanced — Project Evidence,3
C0061,SK046,Excel,Advanced,3,self_declared,0.4,Excel — Advanced — Self-Declared,3
C0061,SK002,Python,Intermediate,2,employment_record|resume,0.8,Python — Intermediate — Employment Record,2
C0061,SK045,Tableau,Advanced,3,employment_record,0.78,Tableau — Advanced — Employment Record,3
C0061,SK041,Statistics,Advanced,3,resume,0.6,Statistics — Advanced — Resume Only,3
C0061,SK039,Pandas,Intermediate,2,employment_record|resume,0.8,Pandas — Intermediate — Employment Record,2
C0061,SK042,Data Analysis,Advanced,3,verified_credential|employment_record|resume,0.99,Data Analysis — Advanced — Certificate Verified,3
C0062,SK027,SQL,Basic,1,project|resume,0.78,SQL — Basic — Project Evidence,1
C0062,SK046,Excel,Basic,1,employment_record|resume,0.8,Excel — Basic — Employment Record,1
C0062,SK002,Python,Basic,1,assessment,0.88,Python — Basic — Assessment Verified,1
C0062,SK044,Power BI,Basic,1,project|employment_record|resume,0.82,Power BI — Basic — Project Evidence,1
C0062,SK041,Statistics,Basic,1,resume,0.6,Statistics — Basic — Resume Only,1
C0062,SK039,Pandas,Intermediate,2,project|resume,0.78,Pandas — Intermediate — Project Evidence,2
C0062,SK043,Data Visualization,Basic,1,resume,0.6,Data Visualization — Basic — Resume Only,1
C0062,SK042,Data Analysis,Intermediate,2,resume,0.6,Data Analysis — Intermediate — Resume Only,1
C0062,SK064,Communication,Basic,1,resume,0.6,Communication — Basic — Resume Only,1
C0063,SK061,Cybersecurity,Basic,1,verified_credential|assessment|project|resume,0.99,Cybersecurity — Basic — Certificate Verified,1
C0063,SK062,Network Security,Intermediate,2,assessment|resume,0.9,Network Security — Intermediate — Assessment Verified,1
C0063,SK055,Linux,Basic,1,resume,0.6,Linux — Basic — Resume Only,1
C0063,SK002,Python,Intermediate,2,project|resume,0.78,Python — Intermediate — Project Evidence,2
C0063,SK066,Problem Solving,Basic,1,resume,0.6,Problem Solving — Basic — Resume Only,1
C0064,SK009,Kotlin,Advanced,3,verified_credential|employment_record|resume,0.99,Kotlin — Advanced — Certificate Verified,3
C0064,SK001,Java,Advanced,3,assessment|employment_record|resume,0.92,Java — Advanced — Assessment Verified,3
C0064,SK059,Android Development,Advanced,3,employment_record|resume,0.8,Android Development — Advanced — Employment Record,3
C0064,SK017,REST API,Advanced,3,verified_credential|employment_record,0.97,REST API — Advanced — Certificate Verified,3
C0064,SK047,Git,Advanced,3,employment_record|resume,0.8,Git — Advanced — Employment Record,3
C0064,SK060,Flutter,Intermediate,2,project|employment_record|resume,0.82,Flutter — Intermediate — Project Evidence,2
C0064,SK067,Project Management,Advanced,3,resume,0.6,Project Management — Advanced — Resume Only,3
C0064,SK066,Problem Solving,Advanced,3,resume,0.6,Problem Solving — Advanced — Resume Only,3
C0065,SK001,Java,Advanced,3,verified_credential|employment_record|resume,0.99,Java — Advanced — Certificate Verified,3
C0065,SK028,MySQL,Intermediate,2,assessment|project|resume,0.92,MySQL — Intermediate — Assessment Verified,2
C0065,SK011,Hibernate,Advanced,3,assessment|project|employment_record,0.92,Hibernate — Advanced — Assessment Verified,3
C0065,SK064,Communication,Advanced,3,resume,0.6,Communication — Advanced — Resume Only,3
C0065,SK067,Project Management,Advanced,3,self_declared,0.4,Project Management — Advanced — Self-Declared,3
C0065,SK047,Git,Advanced,3,project|employment_record|resume,0.82,Git — Advanced — Project Evidence,3
C0066,SK033,Machine Learning,Advanced,3,resume,0.6,Machine Learning — Advanced — Resume Only,3
C0066,SK036,Scikit-learn,Intermediate,2,project|resume,0.78,Scikit-learn — Intermediate — Project Evidence,2
C0066,SK040,NumPy,Advanced,3,verified_credential|resume,0.97,NumPy — Advanced — Certificate Verified,3
C0066,SK041,Statistics,Advanced,3,verified_credential|project|resume,0.99,Statistics — Advanced — Certificate Verified,3
C0067,SK003,JavaScript,Basic,1,project|resume,0.78,JavaScript — Basic — Project Evidence,1
C0067,SK022,React,Basic,1,assessment|resume,0.9,React — Basic — Assessment Verified,1
C0067,SK021,CSS,Basic,1,project|resume,0.78,CSS — Basic — Project Evidence,1
C0067,SK004,TypeScript,Basic,1,resume,0.6,TypeScript — Basic — Resume Only,1
C0067,SK026,Tailwind CSS,Basic,1,project|resume,0.78,Tailwind CSS — Basic — Project Evidence,1
C0067,SK023,Next.js,Intermediate,2,resume,0.6,Next.js — Intermediate — Resume Only,2
C0067,SK024,Angular,Basic,1,project|resume,0.78,Angular — Basic — Project Evidence,1
C0067,SK025,Vue.js,Basic,1,project|resume,0.78,Vue.js — Basic — Project Evidence,1
C0067,SK067,Project Management,Basic,1,resume,0.6,Project Management — Basic — Resume Only,1
C0067,SK064,Communication,Basic,1,resume,0.6,Communication — Basic — Resume Only,1
C0067,SK046,Excel,Basic,1,project|resume,0.78,Excel — Basic — Project Evidence,1
C0068,SK022,React,Advanced,3,assessment|resume,0.9,React — Advanced — Assessment Verified,3
C0068,SK015,Node.js,Intermediate,2,verified_credential|assessment|employment_record,0.99,Node.js — Intermediate — Certificate Verified,2
C0068,SK016,Express.js,Advanced,3,assessment|project|employment_record|resume,0.94,Express.js — Advanced — Assessment Verified,3
C0068,SK031,MongoDB,Advanced,3,verified_credential|project|resume,0.99,MongoDB — Advanced — Certificate Verified,3
C0069,SK001,Java,Basic,1,verified_credential|resume,0.97,Java — Basic — Certificate Verified,1
C0069,SK010,Spring Boot,Basic,1,resume,0.6,Spring Boot — Basic — Resume Only,1
C0069,SK017,REST API,Intermediate,2,resume,0.6,REST API — Intermediate — Resume Only,1
C0069,SK028,MySQL,Basic,1,resume,0.6,MySQL — Basic — Resume Only,1
C0069,SK047,Git,Basic,1,verified_credential|resume,0.97,Git — Basic — Certificate Verified,1
C0069,SK048,Docker,Basic,1,verified_credential|project|resume,0.99,Docker — Basic — Certificate Verified,1
C0069,SK064,Communication,Basic,1,resume,0.6,Communication — Basic — Resume Only,1
C0069,SK065,Teamwork,Basic,1,self_declared,0.4,Teamwork — Basic — Self-Declared,1
C0070,SK001,Java,Advanced,3,employment_record|resume,0.8,Java — Advanced — Employment Record,3
C0070,SK010,Spring Boot,Intermediate,2,assessment|employment_record|resume,0.92,Spring Boot — Intermediate — Assessment Verified,3
C0070,SK027,SQL,Advanced,3,project|employment_record|resume,0.82,SQL — Advanced — Project Evidence,3
C0070,SK028,MySQL,Advanced,3,project,0.76,MySQL — Advanced — Project Evidence,3
C0070,SK047,Git,Advanced,3,project|resume,0.78,Git — Advanced — Project Evidence,3
C0070,SK011,Hibernate,Intermediate,2,assessment|project,0.9,Hibernate — Intermediate — Assessment Verified,3
C0070,SK057,JUnit,Advanced,3,employment_record|resume,0.8,JUnit — Advanced — Employment Record,3
C0070,SK067,Project Management,Advanced,3,resume,0.6,Project Management — Advanced — Resume Only,3
C0070,SK065,Teamwork,Intermediate,2,resume,0.6,Teamwork — Intermediate — Resume Only,2
C0071,SK002,Python,Intermediate,2,employment_record|resume,0.8,Python — Intermediate — Employment Record,2
C0071,SK014,Flask,Intermediate,2,resume,0.6,Flask — Intermediate — Resume Only,2
C0071,SK029,PostgreSQL,Intermediate,2,project|employment_record|resume,0.82,PostgreSQL — Intermediate — Project Evidence,2
C0071,SK017,REST API,Intermediate,2,assessment|project|employment_record|resume,0.94,REST API — Intermediate — Assessment Verified,2
C0071,SK047,Git,Intermediate,2,resume,0.6,Git — Intermediate — Resume Only,2
C0071,SK027,SQL,Intermediate,2,resume,0.6,SQL — Intermediate — Resume Only,2
C0071,SK064,Communication,Intermediate,2,self_declared,0.4,Communication — Intermediate — Self-Declared,2
C0072,SK002,Python,Intermediate,2,verified_credential|project|resume,0.99,Python — Intermediate — Certificate Verified,2
C0072,SK033,Machine Learning,Basic,1,assessment|project|resume,0.92,Machine Learning — Basic — Assessment Verified,1
C0072,SK036,Scikit-learn,Basic,1,verified_credential|resume,0.97,Scikit-learn — Basic — Certificate Verified,1
C0072,SK039,Pandas,Basic,1,verified_credential|assessment|resume,0.99,Pandas — Basic — Certificate Verified,1
C0072,SK041,Statistics,Intermediate,2,project|resume,0.78,Statistics — Intermediate — Project Evidence,2
C0072,SK034,Deep Learning,Basic,1,verified_credential|resume,0.97,Deep Learning — Basic — Certificate Verified,1
C0072,SK037,TensorFlow,Basic,1,assessment|project|resume,0.92,TensorFlow — Basic — Assessment Verified,1
C0072,SK035,NLP,Basic,1,project|resume,0.78,NLP — Basic — Project Evidence,1
C0072,SK064,Communication,Basic,1,resume,0.6,Communication — Basic — Resume Only,1
C0073,SK027,SQL,Basic,1,employment_record|resume,0.8,SQL — Basic — Employment Record,1
C0073,SK017,REST API,Basic,1,project|resume,0.78,REST API — Basic — Project Evidence,1
C0073,SK047,Git,Intermediate,2,employment_record|resume,0.8,Git — Intermediate — Employment Record,2
C0073,SK019,Microservices,Advanced,3,project|employment_record|resume,0.82,Microservices — Advanced — Project Evidence,3
C0073,SK065,Teamwork,Intermediate,2,resume,0.6,Teamwork — Intermediate — Resume Only,2
C0073,SK067,Project Management,Intermediate,2,resume,0.6,Project Management — Intermediate — Resume Only,2
C0073,SK002,Python,Advanced,3,employment_record,0.78,Python — Advanced — Employment Record,3
C0074,SK010,Spring Boot,Advanced,3,resume,0.6,Spring Boot — Advanced — Resume Only,3
C0074,SK027,SQL,Advanced,3,project,0.76,SQL — Advanced — Project Evidence,3
C0074,SK017,REST API,Advanced,3,assessment|employment_record|resume,0.92,REST API — Advanced — Assessment Verified,3
C0074,SK047,Git,Advanced,3,assessment|employment_record|resume,0.92,Git — Advanced — Assessment Verified,3
C0074,SK011,Hibernate,Advanced,3,project|resume,0.78,Hibernate — Advanced — Project Evidence,3
C0074,SK019,Microservices,Advanced,3,employment_record|resume,0.8,Microservices — Advanced — Employment Record,3
C0074,SK048,Docker,Advanced,3,project|employment_record|resume,0.82,Docker — Advanced — Project Evidence,3
C0074,SK057,JUnit,Advanced,3,employment_record|resume,0.8,JUnit — Advanced — Employment Record,3
C0074,SK066,Problem Solving,Advanced,3,self_declared,0.4,Problem Solving — Advanced — Self-Declared,3
C0074,SK067,Project Management,Intermediate,2,resume,0.6,Project Management — Intermediate — Resume Only,2
C0075,SK056,Unit Testing,Basic,1,project|resume,0.78,Unit Testing — Basic — Project Evidence,1
C0075,SK058,Selenium,Intermediate,2,resume,0.6,Selenium — Intermediate — Resume Only,2
C0075,SK001,Java,Intermediate,2,project|resume,0.78,Java — Intermediate — Project Evidence,2
C0075,SK027,SQL,Basic,1,assessment|project|employment_record|resume,0.94,SQL — Basic — Assessment Verified,1
C0075,SK057,JUnit,Advanced,3,resume,0.6,JUnit — Advanced — Resume Only,3
C0075,SK064,Communication,Intermediate,2,resume,0.6,Communication — Intermediate — Resume Only,2
C0075,SK066,Problem Solving,Basic,1,self_declared,0.4,Problem Solving — Basic — Self-Declared,1
C0076,SK001,Java,Basic,1,assessment|resume,0.9,Java — Basic — Assessment Verified,1
C0076,SK027,SQL,Basic,1,verified_credential|assessment|project|resume,0.99,SQL — Basic — Certificate Verified,1
C0076,SK011,Hibernate,Intermediate,2,assessment|resume,0.9,Hibernate — Intermediate — Assessment Verified,2
C0076,SK019,Microservices,Intermediate,2,self_declared,0.4,Microservices — Intermediate — Self-Declared,1
C0076,SK066,Problem Solving,Basic,1,resume,0.6,Problem Solving — Basic — Resume Only,1
C0077,SK027,SQL,Basic,1,project|resume,0.78,SQL — Basic — Project Evidence,1
C0077,SK046,Excel,Basic,1,project|resume,0.78,Excel — Basic — Project Evidence,1
C0077,SK002,Python,Intermediate,2,project|resume,0.78,Python — Intermediate — Project Evidence,2
C0077,SK044,Power BI,Basic,1,project|resume,0.78,Power BI — Basic — Project Evidence,1
C0077,SK045,Tableau,Basic,1,resume,0.6,Tableau — Basic — Resume Only,1
C0077,SK041,Statistics,Basic,1,resume,0.6,Statistics — Basic — Resume Only,1
C0077,SK039,Pandas,Basic,1,project|resume,0.78,Pandas — Basic — Project Evidence,1
C0077,SK042,Data Analysis,Intermediate,2,project|resume,0.78,Data Analysis — Intermediate — Project Evidence,2
C0077,SK064,Communication,Basic,1,resume,0.6,Communication — Basic — Resume Only,1
C0077,SK066,Problem Solving,Basic,1,resume,0.6,Problem Solving — Basic — Resume Only,1
C0078,SK014,Flask,Intermediate,2,verified_credential|resume,0.97,Flask — Intermediate — Certificate Verified,2
C0078,SK029,PostgreSQL,Basic,1,verified_credential|project|resume,0.99,PostgreSQL — Basic — Certificate Verified,1
C0078,SK047,Git,Basic,1,verified_credential|resume,0.97,Git — Basic — Certificate Verified,1
C0079,SK068,CNC Machining,Basic,1,verified_credential|resume,0.97,CNC Machining — Basic — Certificate Verified,1
C0079,SK071,AutoCAD,Intermediate,2,verified_credential|resume,0.97,AutoCAD — Intermediate — Certificate Verified,2
C0080,SK002,Python,Intermediate,2,project|employment_record|resume,0.82,Python — Intermediate — Project Evidence,2
C0080,SK014,Flask,Advanced,3,resume,0.6,Flask — Advanced — Resume Only,2
C0080,SK029,PostgreSQL,Advanced,3,assessment|employment_record|resume,0.92,PostgreSQL — Advanced — Assessment Verified,3
C0080,SK048,Docker,Intermediate,2,assessment|employment_record|resume,0.92,Docker — Intermediate — Assessment Verified,2
C0080,SK047,Git,Advanced,3,project|resume,0.78,Git — Advanced — Project Evidence,3
C0080,SK027,SQL,Advanced,3,employment_record|resume,0.8,SQL — Advanced — Employment Record,3
C0081,SK045,Tableau,Advanced,3,verified_credential|resume,0.97,Tableau — Advanced — Certificate Verified,3
C0081,SK041,Statistics,Intermediate,2,verified_credential|resume,0.97,Statistics — Intermediate — Certificate Verified,2
C0081,SK039,Pandas,Advanced,3,verified_credential|project|employment_record|resume,0.99,Pandas — Advanced — Certificate Verified,3
C0081,SK043,Data Visualization,Advanced,3,verified_credential|resume,0.97,Data Visualization — Advanced — Certificate Verified,3
C0081,SK065,Teamwork,Advanced,3,resume,0.6,Teamwork — Advanced — Resume Only,3
C0081,SK067,Project Management,Advanced,3,self_declared,0.4,Project Management — Advanced — Self-Declared,2
C0082,SK027,SQL,Advanced,3,assessment|resume,0.9,SQL — Advanced — Assessment Verified,3
C0082,SK041,Statistics,Advanced,3,verified_credential|assessment|project|resume,0.99,Statistics — Advanced — Certificate Verified,3
C0082,SK039,Pandas,Advanced,3,resume,0.6,Pandas — Advanced — Resume Only,2
C0082,SK067,Project Management,Intermediate,2,resume,0.6,Project Management — Intermediate — Resume Only,2
C0083,SK009,Kotlin,Basic,1,verified_credential|project|resume,0.99,Kotlin — Basic — Certificate Verified,1
C0083,SK001,Java,Basic,1,assessment|resume,0.9,Java — Basic — Assessment Verified,1
C0083,SK059,Android Development,Basic,1,assessment|resume,0.9,Android Development — Basic — Assessment Verified,1
C0083,SK064,Communication,Basic,1,resume,0.6,Communication — Basic — Resume Only,1
C0083,SK066,Problem Solving,Basic,1,resume,0.6,Problem Solving — Basic — Resume Only,1
C0083,SK048,Docker,Basic,1,verified_credential|assessment|resume,0.99,Docker — Basic — Certificate Verified,1
C0084,SK002,Python,Advanced,3,project|employment_record|resume,0.82,Python — Advanced — Project Evidence,3
C0084,SK012,Django,Advanced,3,assessment|project|resume,0.92,Django — Advanced — Assessment Verified,3
C0084,SK013,FastAPI,Advanced,3,resume,0.6,FastAPI — Advanced — Resume Only,3
C0084,SK014,Flask,Advanced,3,project|employment_record|resume,0.82,Flask — Advanced — Project Evidence,3
C0084,SK029,PostgreSQL,Advanced,3,project|resume,0.78,PostgreSQL — Advanced — Project Evidence,3
C0084,SK017,REST API,Intermediate,2,resume,0.6,REST API — Intermediate — Resume Only,2
C0084,SK032,Redis,Advanced,3,verified_credential|assessment|resume,0.99,Redis — Advanced — Certificate Verified,3
C0084,SK047,Git,Intermediate,2,assessment|project|employment_record|resume,0.94,Git — Intermediate — Assessment Verified,3
C0084,SK065,Teamwork,Advanced,3,resume,0.6,Teamwork — Advanced — Resume Only,3
C0084,SK067,Project Management,Advanced,3,self_declared,0.4,Project Management — Advanced — Self-Declared,3
C0084,SK048,Docker,Advanced,3,assessment|resume,0.9,Docker — Advanced — Assessment Verified,3
C0085,SK027,SQL,Intermediate,2,project|employment_record|resume,0.82,SQL — Intermediate — Project Evidence,2
C0085,SK046,Excel,Intermediate,2,assessment|project|resume,0.92,Excel — Intermediate — Assessment Verified,1
C0085,SK045,Tableau,Basic,1,project|resume,0.78,Tableau — Basic — Project Evidence,1
C0085,SK065,Teamwork,Intermediate,2,self_declared,0.4,Teamwork — Intermediate — Self-Declared,2
C0085,SK048,Docker,Intermediate,2,verified_credential|project|employment_record|resume,0.99,Docker — Intermediate — Certificate Verified,2
C0086,SK001,Java,Intermediate,2,verified_credential|assessment|resume,0.99,Java — Intermediate — Certificate Verified,2
C0086,SK010,Spring Boot,Basic,1,verified_credential|project,0.97,Spring Boot — Basic — Certificate Verified,1
C0086,SK027,SQL,Intermediate,2,verified_credential|resume,0.97,SQL — Intermediate — Certificate Verified,2
C0086,SK017,REST API,Intermediate,2,resume,0.6,REST API — Intermediate — Resume Only,1
C0086,SK047,Git,Basic,1,verified_credential|resume,0.97,Git — Basic — Certificate Verified,1
C0086,SK011,Hibernate,Basic,1,verified_credential|project|resume,0.99,Hibernate — Basic — Certificate Verified,1
C0086,SK019,Microservices,Basic,1,assessment|resume,0.9,Microservices — Basic — Assessment Verified,1
C0087,SK001,Java,Basic,1,verified_credential|resume,0.97,Java — Basic — Certificate Verified,1
C0087,SK027,SQL,Basic,1,resume,0.6,SQL — Basic — Resume Only,1
C0087,SK017,REST API,Basic,1,project|resume,0.78,REST API — Basic — Project Evidence,1
C0087,SK028,MySQL,Basic,1,project|resume,0.78,MySQL — Basic — Project Evidence,1
C0087,SK019,Microservices,Basic,1,verified_credential|project|resume,0.99,Microservices — Basic — Certificate Verified,1
C0087,SK067,Project Management,Basic,1,resume,0.6,Project Management — Basic — Resume Only,1
C0087,SK064,Communication,Intermediate,2,resume,0.6,Communication — Intermediate — Resume Only,2
C0088,SK002,Python,Advanced,3,verified_credential|resume,0.97,Python — Advanced — Certificate Verified,3
C0088,SK039,Pandas,Basic,1,assessment|resume,0.9,Pandas — Basic — Assessment Verified,1
C0088,SK041,Statistics,Intermediate,2,verified_credential|project|employment_record|resume,0.99,Statistics — Intermediate — Certificate Verified,2
C0088,SK034,Deep Learning,Intermediate,2,verified_credential|project|resume,0.99,Deep Learning — Intermediate — Certificate Verified,2
C0088,SK038,PyTorch,Intermediate,2,resume,0.6,PyTorch — Intermediate — Resume Only,2
C0088,SK035,NLP,Intermediate,2,project|employment_record|resume,0.82,NLP — Intermediate — Project Evidence,2
C0089,SK001,Java,Basic,1,project|resume,0.78,Java — Basic — Project Evidence,1
C0089,SK027,SQL,Basic,1,project|resume,0.78,SQL — Basic — Project Evidence,1
C0089,SK017,REST API,Basic,1,assessment|project|employment_record|resume,0.94,REST API — Basic — Assessment Verified,1
C0089,SK047,Git,Basic,1,resume,0.6,Git — Basic — Resume Only,1
C0089,SK057,JUnit,Basic,1,project|employment_record|resume,0.82,JUnit — Basic — Project Evidence,1
C0089,SK065,Teamwork,Basic,1,resume,0.6,Teamwork — Basic — Resume Only,1
C0089,SK067,Project Management,Intermediate,2,resume,0.6,Project Management — Intermediate — Resume Only,1
C0090,SK026,Tailwind CSS,Intermediate,2,project|employment_record|resume,0.82,Tailwind CSS — Intermediate — Project Evidence,2
C0090,SK023,Next.js,Intermediate,2,verified_credential|employment_record|resume,0.99,Next.js — Intermediate — Certificate Verified,2
C0090,SK024,Angular,Intermediate,2,verified_credential|assessment|employment_record|resume,0.99,Angular — Intermediate — Certificate Verified,2
C0090,SK025,Vue.js,Advanced,3,verified_credential|assessment|project|resume,0.99,Vue.js — Advanced — Certificate Verified,3
C0090,SK065,Teamwork,Intermediate,2,resume,0.6,Teamwork — Intermediate — Resume Only,2
C0091,SK056,Unit Testing,Basic,1,verified_credential|assessment|resume,0.99,Unit Testing — Basic — Certificate Verified,1
C0091,SK058,Selenium,Basic,1,assessment|resume,0.9,Selenium — Basic — Assessment Verified,1
C0091,SK002,Python,Basic,1,verified_credential|assessment|project|resume,0.99,Python — Basic — Certificate Verified,1
C0091,SK053,CI/CD,Basic,1,verified_credential|resume,0.97,CI/CD — Basic — Certificate Verified,1
C0091,SK064,Communication,Advanced,3,self_declared,0.4,Communication — Advanced — Self-Declared,2
C0092,SK003,JavaScript,Intermediate,2,project|employment_record|resume,0.82,JavaScript — Intermediate — Project Evidence,2
C0092,SK015,Node.js,Basic,1,self_declared,0.4,Node.js — Basic — Self-Declared,1
C0092,SK016,Express.js,Basic,1,employment_record|resume,0.8,Express.js — Basic — Employment Record,1
C0092,SK031,MongoDB,Basic,1,assessment|employment_record|resume,0.92,MongoDB — Basic — Assessment Verified,1
C0092,SK027,SQL,Intermediate,2,self_declared,0.4,SQL — Intermediate — Self-Declared,1
C0092,SK017,REST API,Intermediate,2,project|resume,0.78,REST API — Intermediate — Project Evidence,2
C0092,SK065,Teamwork,Intermediate,2,self_declared,0.4,Teamwork — Intermediate — Self-Declared,1
C0092,SK047,Git,Basic,1,project|employment_record|resume,0.82,Git — Basic — Project Evidence,1
C0093,SK001,Java,Intermediate,2,project,0.76,Java — Intermediate — Project Evidence,2
C0093,SK010,Spring Boot,Basic,1,self_declared,0.4,Spring Boot — Basic — Self-Declared,1
C0093,SK027,SQL,Basic,1,project|resume,0.78,SQL — Basic — Project Evidence,1
C0093,SK017,REST API,Basic,1,verified_credential|resume,0.97,REST API — Basic — Certificate Verified,1
C0093,SK028,MySQL,Basic,1,verified_credential,0.95,MySQL — Basic — Certificate Verified,1
C0093,SK011,Hibernate,Basic,1,resume,0.6,Hibernate — Basic — Resume Only,1
C0093,SK019,Microservices,Basic,1,project|resume,0.78,Microservices — Basic — Project Evidence,1
C0093,SK065,Teamwork,Basic,1,resume,0.6,Teamwork — Basic — Resume Only,1
C0093,SK067,Project Management,Basic,1,resume,0.6,Project Management — Basic — Resume Only,1
C0094,SK002,Python,Basic,1,verified_credential|resume,0.97,Python — Basic — Certificate Verified,1
C0094,SK033,Machine Learning,Basic,1,project|resume,0.78,Machine Learning — Basic — Project Evidence,1
C0094,SK040,NumPy,Basic,1,verified_credential|project|resume,0.99,NumPy — Basic — Certificate Verified,1
C0094,SK041,Statistics,Intermediate,2,resume,0.6,Statistics — Intermediate — Resume Only,2
C0094,SK037,TensorFlow,Basic,1,project|resume,0.78,TensorFlow — Basic — Project Evidence,1
C0094,SK035,NLP,Intermediate,2,resume,0.6,NLP — Intermediate — Resume Only,1
C0094,SK065,Teamwork,Basic,1,self_declared,0.4,Teamwork — Basic — Self-Declared,1
C0095,SK001,Java,Intermediate,2,resume,0.6,Java — Intermediate — Resume Only,2
C0095,SK010,Spring Boot,Basic,1,project|resume,0.78,Spring Boot — Basic — Project Evidence,1
C0095,SK027,SQL,Basic,1,project|resume,0.78,SQL — Basic — Project Evidence,1
C0095,SK017,REST API,Basic,1,project|resume,0.78,REST API — Basic — Project Evidence,1
C0095,SK028,MySQL,Basic,1,verified_credential|project|resume,0.99,MySQL — Basic — Certificate Verified,1
C0095,SK011,Hibernate,Basic,1,verified_credential|resume,0.97,Hibernate — Basic — Certificate Verified,1
C0095,SK057,JUnit,Basic,1,project|resume,0.78,JUnit — Basic — Project Evidence,1
C0095,SK065,Teamwork,Advanced,3,resume,0.6,Teamwork — Advanced — Resume Only,2
C0095,SK002,Python,Basic,1,project|resume,0.78,Python — Basic — Project Evidence,1
C0096,SK022,React,Intermediate,2,assessment|resume,0.9,React — Intermediate — Assessment Verified,3
C0096,SK020,HTML,Intermediate,2,project|resume,0.78,HTML — Intermediate — Project Evidence,2
C0096,SK021,CSS,Intermediate,2,verified_credential|project|resume,0.99,CSS — Intermediate — Certificate Verified,2
C0096,SK047,Git,Intermediate,2,verified_credential|employment_record|resume,0.99,Git — Intermediate — Certificate Verified,2
C0097,SK002,Python,Intermediate,2,project|resume,0.78,Python — Intermediate — Project Evidence,2
C0097,SK033,Machine Learning,Advanced,3,employment_record|resume,0.8,Machine Learning — Advanced — Employment Record,3
C0097,SK036,Scikit-learn,Intermediate,2,project|resume,0.78,Scikit-learn — Intermediate — Project Evidence,2
C0097,SK039,Pandas,Intermediate,2,employment_record|resume,0.8,Pandas — Intermediate — Employment Record,2
C0097,SK041,Statistics,Intermediate,2,employment_record|resume,0.8,Statistics — Intermediate — Employment Record,2
C0097,SK034,Deep Learning,Intermediate,2,employment_record|resume,0.8,Deep Learning — Intermediate — Employment Record,2
C0097,SK037,TensorFlow,Basic,1,project|employment_record|resume,0.82,TensorFlow — Basic — Project Evidence,1
C0097,SK027,SQL,Intermediate,2,project|employment_record|resume,0.82,SQL — Intermediate — Project Evidence,2
C0097,SK067,Project Management,Basic,1,resume,0.6,Project Management — Basic — Resume Only,1
C0098,SK003,JavaScript,Basic,1,resume,0.6,JavaScript — Basic — Resume Only,1
C0098,SK022,React,Intermediate,2,self_declared,0.4,React — Intermediate — Self-Declared,1
C0098,SK020,HTML,Basic,1,resume,0.6,HTML — Basic — Resume Only,1
C0098,SK021,CSS,Basic,1,project,0.76,CSS — Basic — Project Evidence,1
C0098,SK004,TypeScript,Basic,1,project|resume,0.78,TypeScript — Basic — Project Evidence,1
C0098,SK026,Tailwind CSS,Basic,1,verified_credential|resume,0.97,Tailwind CSS — Basic — Certificate Verified,1
C0098,SK047,Git,Intermediate,2,verified_credential,0.95,Git — Intermediate — Certificate Verified,2
C0098,SK024,Angular,Basic,1,assessment|resume,0.9,Angular — Basic — Assessment Verified,1
C0099,SK033,Machine Learning,Intermediate,2,verified_credential|assessment|project|resume,0.99,Machine Learning — Intermediate — Certificate Verified,2
C0099,SK039,Pandas,Intermediate,2,verified_credential|assessment|resume,0.99,Pandas — Intermediate — Certificate Verified,1
C0099,SK035,NLP,Basic,1,project|resume,0.78,NLP — Basic — Project Evidence,1
C0100,SK003,JavaScript,Basic,1,assessment|project|employment_record,0.92,JavaScript — Basic — Assessment Verified,2
C0100,SK022,React,Advanced,3,project|resume,0.78,React — Advanced — Project Evidence,3
C0100,SK020,HTML,Intermediate,2,verified_credential|assessment|project|resume,0.99,HTML — Intermediate — Certificate Verified,2
C0100,SK021,CSS,Basic,1,resume,0.6,CSS — Basic — Resume Only,1
C0100,SK004,TypeScript,Advanced,3,project|employment_record|resume,0.82,TypeScript — Advanced — Project Evidence,3
C0100,SK026,Tailwind CSS,Intermediate,2,project|employment_record|resume,0.82,Tailwind CSS — Intermediate — Project Evidence,2
C0100,SK025,Vue.js,Intermediate,2,project|resume,0.78,Vue.js — Intermediate — Project Evidence,2
C0100,SK065,Teamwork,Intermediate,2,resume,0.6,Teamwork — Intermediate — Resume Only,2
C0100,SK066,Problem Solving,Advanced,3,resume,0.6,Problem Solving — Advanced — Resume Only,2
C0101,SK002,Python,Advanced,3,resume,0.6,Python — Advanced — Resume Only,3
C0101,SK033,Machine Learning,Advanced,3,employment_record|resume,0.8,Machine Learning — Advanced — Employment Record,3
C0101,SK036,Scikit-learn,Intermediate,2,employment_record,0.78,Scikit-learn — Intermediate — Employment Record,2
C0101,SK039,Pandas,Intermediate,2,resume,0.6,Pandas — Intermediate — Resume Only,2
C0101,SK041,Statistics,Intermediate,2,verified_credential|resume,0.97,Statistics — Intermediate — Certificate Verified,2
C0101,SK037,TensorFlow,Advanced,3,project|employment_record|resume,0.82,TensorFlow — Advanced — Project Evidence,3
C0101,SK038,PyTorch,Intermediate,2,project|employment_record|resume,0.82,PyTorch — Intermediate — Project Evidence,2
C0101,SK027,SQL,Advanced,3,project|employment_record|resume,0.82,SQL — Advanced — Project Evidence,3
C0102,SK001,Java,Intermediate,2,verified_credential|employment_record|resume,0.99,Java — Intermediate — Certificate Verified,2
C0102,SK017,REST API,Basic,1,verified_credential|employment_record|resume,0.99,REST API — Basic — Certificate Verified,1
C0102,SK047,Git,Advanced,3,resume,0.6,Git — Advanced — Resume Only,2
C0102,SK057,JUnit,Advanced,3,resume,0.6,JUnit — Advanced — Resume Only,2
C0102,SK067,Project Management,Intermediate,2,self_declared,0.4,Project Management — Intermediate — Self-Declared,1
C0102,SK048,Docker,Intermediate,2,assessment|resume,0.9,Docker — Intermediate — Assessment Verified,2
C0103,SK039,Pandas,Intermediate,2,resume,0.6,Pandas — Intermediate — Resume Only,1
C0103,SK041,Statistics,Basic,1,project|resume,0.78,Statistics — Basic — Project Evidence,1
C0103,SK034,Deep Learning,Basic,1,resume,0.6,Deep Learning — Basic — Resume Only,1
C0103,SK038,PyTorch,Basic,1,self_declared,0.4,PyTorch — Basic — Self-Declared,1
C0103,SK035,NLP,Basic,1,resume,0.6,NLP — Basic — Resume Only,1
C0103,SK067,Project Management,Basic,1,resume,0.6,Project Management — Basic — Resume Only,1
C0103,SK047,Git,Basic,1,project|resume,0.78,Git — Basic — Project Evidence,1
C0104,SK068,CNC Machining,Basic,1,verified_credential|assessment|employment_record|resume,0.99,CNC Machining — Basic — Certificate Verified,2
C0104,SK071,AutoCAD,Basic,1,verified_credential|employment_record|resume,0.99,AutoCAD — Basic — Certificate Verified,1
C0104,SK069,Welding,Intermediate,2,verified_credential|assessment|project|employment_record|resume,0.99,Welding — Intermediate — Certificate Verified,2
C0104,SK070,Electrical Wiring,Advanced,3,verified_credential|employment_record|resume,0.99,Electrical Wiring — Advanced — Certificate Verified,3
C0104,SK065,Teamwork,Intermediate,2,resume,0.6,Teamwork — Intermediate — Resume Only,2
C0105,SK002,Python,Basic,1,project|resume,0.78,Python — Basic — Project Evidence,1
C0105,SK044,Power BI,Basic,1,project|resume,0.78,Power BI — Basic — Project Evidence,1
C0105,SK043,Data Visualization,Basic,1,project,0.76,Data Visualization — Basic — Project Evidence,1
C0105,SK055,Linux,Intermediate,2,resume,0.6,Linux — Intermediate — Resume Only,2
C0106,SK003,JavaScript,Intermediate,2,assessment|resume,0.9,JavaScript — Intermediate — Assessment Verified,1
C0106,SK022,React,Basic,1,project|resume,0.78,React — Basic — Project Evidence,1
C0106,SK015,Node.js,Basic,1,resume,0.6,Node.js — Basic — Resume Only,1
C0106,SK016,Express.js,Basic,1,resume,0.6,Express.js — Basic — Resume Only,1
C0106,SK017,REST API,Intermediate,2,resume,0.6,REST API — Intermediate — Resume Only,1
C0106,SK047,Git,Basic,1,project,0.76,Git — Basic — Project Evidence,1
C0106,SK004,TypeScript,Basic,1,project|resume,0.78,TypeScript — Basic — Project Evidence,1
C0106,SK064,Communication,Basic,1,resume,0.6,Communication — Basic — Resume Only,1
C0107,SK003,JavaScript,Intermediate,2,resume,0.6,JavaScript — Intermediate — Resume Only,1
C0107,SK022,React,Basic,1,verified_credential|project|resume,0.99,React — Basic — Certificate Verified,1
C0107,SK020,HTML,Basic,1,project|resume,0.78,HTML — Basic — Project Evidence,1
C0107,SK021,CSS,Intermediate,2,resume,0.6,CSS — Intermediate — Resume Only,2
C0107,SK004,TypeScript,Basic,1,verified_credential|project|resume,0.99,TypeScript — Basic — Certificate Verified,1
C0108,SK002,Python,Basic,1,verified_credential|project,0.97,Python — Basic — Certificate Verified,1
C0108,SK033,Machine Learning,Basic,1,project|resume,0.78,Machine Learning — Basic — Project Evidence,1
C0108,SK039,Pandas,Basic,1,resume,0.6,Pandas — Basic — Resume Only,1
C0108,SK037,TensorFlow,Basic,1,project|resume,0.78,TensorFlow — Basic — Project Evidence,1
C0108,SK038,PyTorch,Basic,1,verified_credential|project,0.97,PyTorch — Basic — Certificate Verified,1
C0108,SK027,SQL,Intermediate,2,verified_credential,0.95,SQL — Intermediate — Certificate Verified,2
C0108,SK066,Problem Solving,Basic,1,resume,0.6,Problem Solving — Basic — Resume Only,1
C0108,SK067,Project Management,Basic,1,resume,0.6,Project Management — Basic — Resume Only,1
C0109,SK027,SQL,Basic,1,verified_credential|project|resume,0.99,SQL — Basic — Certificate Verified,1
C0109,SK002,Python,Advanced,3,assessment|project|resume,0.92,Python — Advanced — Assessment Verified,2
C0109,SK044,Power BI,Advanced,3,resume,0.6,Power BI — Advanced — Resume Only,2
C0109,SK045,Tableau,Intermediate,2,assessment|resume,0.9,Tableau — Intermediate — Assessment Verified,2
C0109,SK041,Statistics,Intermediate,2,self_declared,0.4,Statistics — Intermediate — Self-Declared,2
C0109,SK039,Pandas,Basic,1,resume,0.6,Pandas — Basic — Resume Only,1
C0109,SK043,Data Visualization,Basic,1,verified_credential|project|resume,0.99,Data Visualization — Basic — Certificate Verified,1
C0109,SK042,Data Analysis,Basic,1,resume,0.6,Data Analysis — Basic — Resume Only,1
C0110,SK003,JavaScript,Basic,1,project|resume,0.78,JavaScript — Basic — Project Evidence,1
C0110,SK016,Express.js,Basic,1,verified_credential|assessment|project|resume,0.99,Express.js — Basic — Certificate Verified,1
C0110,SK017,REST API,Basic,1,project|resume,0.78,REST API — Basic — Project Evidence,1
C0111,SK056,Unit Testing,Basic,1,verified_credential|assessment|resume,0.99,Unit Testing — Basic — Certificate Verified,2
C0111,SK058,Selenium,Advanced,3,verified_credential|assessment|project|resume,0.99,Selenium — Advanced — Certificate Verified,2
C0111,SK001,Java,Basic,1,assessment|resume,0.9,Java — Basic — Assessment Verified,1
C0111,SK027,SQL,Basic,1,project,0.76,SQL — Basic — Project Evidence,1
C0111,SK002,Python,Intermediate,2,project|resume,0.78,Python — Intermediate — Project Evidence,2
C0111,SK047,Git,Intermediate,2,assessment|resume,0.9,Git — Intermediate — Assessment Verified,2
C0111,SK067,Project Management,Basic,1,resume,0.6,Project Management — Basic — Resume Only,1
C0112,SK027,SQL,Basic,1,project,0.76,SQL — Basic — Project Evidence,1
C0112,SK028,MySQL,Basic,1,project|resume,0.78,MySQL — Basic — Project Evidence,1
C0112,SK011,Hibernate,Basic,1,project|resume,0.78,Hibernate — Basic — Project Evidence,1
C0112,SK048,Docker,Intermediate,2,assessment|project|resume,0.92,Docker — Intermediate — Assessment Verified,1
C0112,SK066,Problem Solving,Basic,1,resume,0.6,Problem Solving — Basic — Resume Only,1
C0112,SK065,Teamwork,Intermediate,2,resume,0.6,Teamwork — Intermediate — Resume Only,1
C0113,SK002,Python,Intermediate,2,resume,0.6,Python — Intermediate — Resume Only,2
C0113,SK033,Machine Learning,Intermediate,2,verified_credential|project,0.97,Machine Learning — Intermediate — Certificate Verified,2
C0113,SK036,Scikit-learn,Intermediate,2,project|employment_record|resume,0.82,Scikit-learn — Intermediate — Project Evidence,2
C0113,SK039,Pandas,Basic,1,employment_record|resume,0.8,Pandas — Basic — Employment Record,1
C0113,SK040,NumPy,Intermediate,2,project|employment_record|resume,0.82,NumPy — Intermediate — Project Evidence,2
C0113,SK041,Statistics,Basic,1,project,0.76,Statistics — Basic — Project Evidence,1
C0113,SK037,TensorFlow,Intermediate,2,project|employment_record,0.8,TensorFlow — Intermediate — Project Evidence,2
C0113,SK038,PyTorch,Basic,1,project|resume,0.78,PyTorch — Basic — Project Evidence,1
C0114,SK002,Python,Advanced,3,project|employment_record|resume,0.82,Python — Advanced — Project Evidence,3
C0114,SK012,Django,Intermediate,2,project|employment_record|resume,0.82,Django — Intermediate — Project Evidence,2
C0114,SK013,FastAPI,Intermediate,2,resume,0.6,FastAPI — Intermediate — Resume Only,2
C0114,SK014,Flask,Intermediate,2,project|employment_record|resume,0.82,Flask — Intermediate — Project Evidence,2
C0114,SK029,PostgreSQL,Advanced,3,project|employment_record|resume,0.82,PostgreSQL — Advanced — Project Evidence,3
C0114,SK017,REST API,Intermediate,2,resume,0.6,REST API — Intermediate — Resume Only,2
C0114,SK032,Redis,Basic,1,assessment|resume,0.9,Redis — Basic — Assessment Verified,2
C0114,SK027,SQL,Basic,1,employment_record|resume,0.8,SQL — Basic — Employment Record,1
C0114,SK066,Problem Solving,Intermediate,2,self_declared,0.4,Problem Solving — Intermediate — Self-Declared,2
C0115,SK009,Kotlin,Intermediate,2,assessment|project|employment_record|resume,0.94,Kotlin — Intermediate — Assessment Verified,1
C0115,SK001,Java,Basic,1,employment_record|resume,0.8,Java — Basic — Employment Record,1
C0115,SK060,Flutter,Intermediate,2,assessment,0.88,Flutter — Intermediate — Assessment Verified,1
C0116,SK027,SQL,Basic,1,project|employment_record|resume,0.82,SQL — Basic — Project Evidence,1
C0116,SK046,Excel,Advanced,3,resume,0.6,Excel — Advanced — Resume Only,2
C0116,SK002,Python,Basic,1,assessment|resume,0.9,Python — Basic — Assessment Verified,1
C0116,SK045,Tableau,Basic,1,assessment|project|employment_record|resume,0.94,Tableau — Basic — Assessment Verified,2
C0116,SK041,Statistics,Intermediate,2,verified_credential|employment_record|resume,0.99,Statistics — Intermediate — Certificate Verified,2
C0116,SK039,Pandas,Intermediate,2,verified_credential,0.95,Pandas — Intermediate — Certificate Verified,2
C0116,SK043,Data Visualization,Intermediate,2,project|employment_record|resume,0.82,Data Visualization — Intermediate — Project Evidence,2
C0116,SK042,Data Analysis,Intermediate,2,project|employment_record|resume,0.82,Data Analysis — Intermediate — Project Evidence,2
C0116,SK065,Teamwork,Intermediate,2,resume,0.6,Teamwork — Intermediate — Resume Only,1
C0116,SK066,Problem Solving,Intermediate,2,resume,0.6,Problem Solving — Intermediate — Resume Only,2
C0117,SK046,Excel,Basic,1,assessment,0.88,Excel — Basic — Assessment Verified,1
C0117,SK044,Power BI,Basic,1,verified_credential|resume,0.97,Power BI — Basic — Certificate Verified,1
C0117,SK039,Pandas,Intermediate,2,assessment|resume,0.9,Pandas — Intermediate — Assessment Verified,1
C0117,SK067,Project Management,Basic,1,resume,0.6,Project Management — Basic — Resume Only,1
C0117,SK065,Teamwork,Basic,1,resume,0.6,Teamwork — Basic — Resume Only,1
C0118,SK056,Unit Testing,Intermediate,2,assessment|resume,0.9,Unit Testing — Intermediate — Assessment Verified,2
C0118,SK058,Selenium,Intermediate,2,assessment|project|employment_record|resume,0.94,Selenium — Intermediate — Assessment Verified,2
C0118,SK001,Java,Intermediate,2,employment_record|resume,0.8,Java — Intermediate — Employment Record,2
C0118,SK002,Python,Intermediate,2,assessment|project|employment_record|resume,0.94,Python — Intermediate — Assessment Verified,2
C0118,SK066,Problem Solving,Basic,1,self_declared,0.4,Problem Solving — Basic — Self-Declared,1
C0118,SK067,Project Management,Intermediate,2,resume,0.6,Project Management — Intermediate — Resume Only,2
C0119,SK003,JavaScript,Intermediate,2,assessment|employment_record|resume,0.92,JavaScript — Intermediate — Assessment Verified,2
C0119,SK022,React,Intermediate,2,employment_record|resume,0.8,React — Intermediate — Employment Record,2
C0119,SK016,Express.js,Intermediate,2,project|employment_record|resume,0.82,Express.js — Intermediate — Project Evidence,2
C0119,SK031,MongoDB,Basic,1,project|employment_record|resume,0.82,MongoDB — Basic — Project Evidence,1
C0119,SK047,Git,Intermediate,2,assessment|project|resume,0.92,Git — Intermediate — Assessment Verified,2
C0119,SK004,TypeScript,Advanced,3,assessment|resume,0.9,TypeScript — Advanced — Assessment Verified,3
C0119,SK048,Docker,Intermediate,2,resume,0.6,Docker — Intermediate — Resume Only,2
C0119,SK064,Communication,Basic,1,resume,0.6,Communication — Basic — Resume Only,1
C0120,SK027,SQL,Basic,1,verified_credential|resume,0.97,SQL — Basic — Certificate Verified,1
C0120,SK046,Excel,Advanced,3,resume,0.6,Excel — Advanced — Resume Only,2
C0120,SK002,Python,Basic,1,verified_credential|assessment|project|resume,0.99,Python — Basic — Certificate Verified,1
C0120,SK044,Power BI,Basic,1,resume,0.6,Power BI — Basic — Resume Only,1
C0120,SK041,Statistics,Intermediate,2,resume,0.6,Statistics — Intermediate — Resume Only,1
C0120,SK042,Data Analysis,Basic,1,assessment|resume,0.9,Data Analysis — Basic — Assessment Verified,1
C0121,SK009,Kotlin,Basic,1,verified_credential|project|employment_record|resume,0.99,Kotlin — Basic — Certificate Verified,1
C0121,SK001,Java,Basic,1,project|resume,0.78,Java — Basic — Project Evidence,1
C0121,SK059,Android Development,Intermediate,2,project|employment_record|resume,0.82,Android Development — Intermediate — Project Evidence,2
C0121,SK017,REST API,Basic,1,project|employment_record,0.8,REST API — Basic — Project Evidence,1
C0121,SK047,Git,Basic,1,employment_record|resume,0.8,Git — Basic — Employment Record,1
C0121,SK060,Flutter,Intermediate,2,project,0.76,Flutter — Intermediate — Project Evidence,2
C0121,SK066,Problem Solving,Basic,1,resume,0.6,Problem Solving — Basic — Resume Only,1
C0121,SK048,Docker,Basic,1,project|employment_record|resume,0.82,Docker — Basic — Project Evidence,1
C0122,SK002,Python,Intermediate,2,project|resume,0.78,Python — Intermediate — Project Evidence,2
C0122,SK033,Machine Learning,Intermediate,2,project|resume,0.78,Machine Learning — Intermediate — Project Evidence,2
C0122,SK041,Statistics,Basic,1,verified_credential|resume,0.97,Statistics — Basic — Certificate Verified,1
C0122,SK037,TensorFlow,Basic,1,resume,0.6,TensorFlow — Basic — Resume Only,1
C0122,SK038,PyTorch,Basic,1,assessment|project|resume,0.92,PyTorch — Basic — Assessment Verified,1
C0122,SK035,NLP,Basic,1,project|resume,0.78,NLP — Basic — Project Evidence,1
C0123,SK002,Python,Basic,1,employment_record|resume,0.8,Python — Basic — Employment Record,1
C0123,SK012,Django,Basic,1,self_declared,0.4,Django — Basic — Self-Declared,1
C0123,SK013,FastAPI,Intermediate,2,resume,0.6,FastAPI — Intermediate — Resume Only,2
C0123,SK014,Flask,Basic,1,assessment|project|employment_record|resume,0.94,Flask — Basic — Assessment Verified,1
C0123,SK029,PostgreSQL,Basic,1,employment_record|resume,0.8,PostgreSQL — Basic — Employment Record,1
C0123,SK017,REST API,Intermediate,2,project|resume,0.78,REST API — Intermediate — Project Evidence,2
C0123,SK032,Redis,Intermediate,2,resume,0.6,Redis — Intermediate — Resume Only,2
C0123,SK027,SQL,Basic,1,employment_record|resume,0.8,SQL — Basic — Employment Record,1
C0123,SK066,Problem Solving,Basic,1,resume,0.6,Problem Solving — Basic — Resume Only,1
C0124,SK002,Python,Advanced,3,employment_record|resume,0.8,Python — Advanced — Employment Record,3
C0124,SK033,Machine Learning,Intermediate,2,employment_record,0.78,Machine Learning — Intermediate — Employment Record,2
C0124,SK036,Scikit-learn,Advanced,3,verified_credential|resume,0.97,Scikit-learn — Advanced — Certificate Verified,3
C0124,SK039,Pandas,Advanced,3,self_declared,0.4,Pandas — Advanced — Self-Declared,3
C0124,SK040,NumPy,Advanced,3,employment_record|resume,0.8,NumPy — Advanced — Employment Record,3
C0124,SK041,Statistics,Advanced,3,project|resume,0.78,Statistics — Advanced — Project Evidence,3
C0125,SK003,JavaScript,Basic,1,resume,0.6,JavaScript — Basic — Resume Only,1
C0125,SK020,HTML,Basic,1,verified_credential|project|resume,0.99,HTML — Basic — Certificate Verified,1
C0125,SK004,TypeScript,Intermediate,2,project|resume,0.78,TypeScript — Intermediate — Project Evidence,2
C0125,SK047,Git,Basic,1,verified_credential,0.95,Git — Basic — Certificate Verified,1
C0125,SK025,Vue.js,Basic,1,project|resume,0.78,Vue.js — Basic — Project Evidence,1
C0126,SK028,MySQL,Intermediate,2,resume,0.6,MySQL — Intermediate — Resume Only,1
C0126,SK047,Git,Basic,1,verified_credential|resume,0.97,Git — Basic — Certificate Verified,1
C0126,SK048,Docker,Basic,1,verified_credential,0.95,Docker — Basic — Certificate Verified,1
C0126,SK066,Problem Solving,Basic,1,resume,0.6,Problem Solving — Basic — Resume Only,1
C0127,SK002,Python,Basic,1,verified_credential|assessment|project|resume,0.99,Python — Basic — Certificate Verified,1
C0127,SK034,Deep Learning,Basic,1,resume,0.6,Deep Learning — Basic — Resume Only,1
C0127,SK027,SQL,Basic,1,verified_credential|resume,0.97,SQL — Basic — Certificate Verified,1
C0128,SK002,Python,Basic,1,project|resume,0.78,Python — Basic — Project Evidence,1
C0128,SK013,FastAPI,Basic,1,assessment|resume,0.9,FastAPI — Basic — Assessment Verified,1
C0128,SK014,Flask,Basic,1,project|resume,0.78,Flask — Basic — Project Evidence,1
C0128,SK048,Docker,Basic,1,project|resume,0.78,Docker — Basic — Project Evidence,1
C0128,SK064,Communication,Basic,1,resume,0.6,Communication — Basic — Resume Only,1
C0128,SK066,Problem Solving,Intermediate,2,resume,0.6,Problem Solving — Intermediate — Resume Only,2
C0129,SK027,SQL,Advanced,3,assessment|employment_record|resume,0.92,SQL — Advanced — Assessment Verified,3
C0129,SK046,Excel,Intermediate,2,employment_record|resume,0.8,Excel — Intermediate — Employment Record,2
C0129,SK044,Power BI,Intermediate,2,verified_credential|assessment|project|employment_record|resume,0.99,Power BI — Intermediate — Certificate Verified,2
C0129,SK045,Tableau,Advanced,3,project|employment_record|resume,0.82,Tableau — Advanced — Project Evidence,3
C0129,SK041,Statistics,Intermediate,2,project|resume,0.78,Statistics — Intermediate — Project Evidence,2
C0129,SK039,Pandas,Intermediate,2,project|employment_record,0.8,Pandas — Intermediate — Project Evidence,2
C0129,SK042,Data Analysis,Advanced,3,employment_record|resume,0.8,Data Analysis — Advanced — Employment Record,3
C0130,SK068,CNC Machining,Intermediate,2,verified_credential|employment_record|resume,0.99,CNC Machining — Intermediate — Certificate Verified,2
C0130,SK071,AutoCAD,Basic,1,verified_credential|employment_record|resume,0.99,AutoCAD — Basic — Certificate Verified,1
C0130,SK069,Welding,Basic,1,verified_credential|resume,0.97,Welding — Basic — Certificate Verified,1
C0130,SK070,Electrical Wiring,Advanced,3,verified_credential|resume,0.97,Electrical Wiring — Advanced — Certificate Verified,3
C0130,SK066,Problem Solving,Advanced,3,resume,0.6,Problem Solving — Advanced — Resume Only,2
C0131,SK009,Kotlin,Intermediate,2,employment_record|resume,0.8,Kotlin — Intermediate — Employment Record,2
C0131,SK001,Java,Intermediate,2,verified_credential|resume,0.97,Java — Intermediate — Certificate Verified,2
C0131,SK017,REST API,Advanced,3,project|resume,0.78,REST API — Advanced — Project Evidence,3
C0131,SK047,Git,Intermediate,2,verified_credential|project|employment_record|resume,0.99,Git — Intermediate — Certificate Verified,2
C0131,SK060,Flutter,Advanced,3,resume,0.6,Flutter — Advanced — Resume Only,3
C0131,SK066,Problem Solving,Intermediate,2,resume,0.6,Problem Solving — Intermediate — Resume Only,2
C0131,SK067,Project Management,Advanced,3,self_declared,0.4,Project Management — Advanced — Self-Declared,3
C0132,SK001,Java,Basic,1,assessment|resume,0.9,Java — Basic — Assessment Verified,1
C0132,SK010,Spring Boot,Intermediate,2,resume,0.6,Spring Boot — Intermediate — Resume Only,1
C0132,SK017,REST API,Intermediate,2,verified_credential|resume,0.97,REST API — Intermediate — Certificate Verified,2
C0132,SK047,Git,Basic,1,assessment|resume,0.9,Git — Basic — Assessment Verified,1
C0132,SK011,Hibernate,Basic,1,assessment|project|resume,0.92,Hibernate — Basic — Assessment Verified,2
C0132,SK019,Microservices,Basic,1,verified_credential|assessment|project|resume,0.99,Microservices — Basic — Certificate Verified,1
C0132,SK067,Project Management,Intermediate,2,resume,0.6,Project Management — Intermediate — Resume Only,2
C0133,SK001,Java,Basic,1,resume,0.6,Java — Basic — Resume Only,1
C0133,SK010,Spring Boot,Basic,1,project|resume,0.78,Spring Boot — Basic — Project Evidence,1
C0133,SK027,SQL,Basic,1,verified_credential|assessment|project|resume,0.99,SQL — Basic — Certificate Verified,1
C0133,SK017,REST API,Basic,1,assessment|resume,0.9,REST API — Basic — Assessment Verified,1
C0133,SK028,MySQL,Basic,1,verified_credential|project|resume,0.99,MySQL — Basic — Certificate Verified,1
C0133,SK047,Git,Basic,1,project|resume,0.78,Git — Basic — Project Evidence,1
C0133,SK011,Hibernate,Basic,1,project|resume,0.78,Hibernate — Basic — Project Evidence,1
C0133,SK019,Microservices,Basic,1,verified_credential|project|resume,0.99,Microservices — Basic — Certificate Verified,1
C0134,SK027,SQL,Advanced,3,resume,0.6,SQL — Advanced — Resume Only,2
C0134,SK002,Python,Advanced,3,project|employment_record|resume,0.82,Python — Advanced — Project Evidence,3
C0134,SK044,Power BI,Intermediate,2,employment_record|resume,0.8,Power BI — Intermediate — Employment Record,2
C0134,SK045,Tableau,Advanced,3,project|employment_record|resume,0.82,Tableau — Advanced — Project Evidence,3
C0134,SK041,Statistics,Basic,1,project|resume,0.78,Statistics — Basic — Project Evidence,1
C0134,SK039,Pandas,Intermediate,2,self_declared,0.4,Pandas — Intermediate — Self-Declared,2
C0134,SK043,Data Visualization,Advanced,3,project|employment_record|resume,0.82,Data Visualization — Advanced — Project Evidence,3
C0135,SK010,Spring Boot,Intermediate,2,resume,0.6,Spring Boot — Intermediate — Resume Only,2
C0135,SK027,SQL,Advanced,3,verified_credential|employment_record|resume,0.99,SQL — Advanced — Certificate Verified,3
C0135,SK019,Microservices,Basic,1,verified_credential|project|employment_record|resume,0.99,Microservices — Basic — Certificate Verified,1
C0135,SK057,JUnit,Advanced,3,resume,0.6,JUnit — Advanced — Resume Only,3
C0135,SK065,Teamwork,Advanced,3,resume,0.6,Teamwork — Advanced — Resume Only,3
C0135,SK064,Communication,Advanced,3,resume,0.6,Communication — Advanced — Resume Only,2
C0136,SK055,Linux,Basic,1,self_declared,0.4,Linux — Basic — Self-Declared,1
C0136,SK048,Docker,Basic,1,assessment|project|resume,0.92,Docker — Basic — Assessment Verified,1
C0136,SK050,AWS,Basic,1,assessment|project|resume,0.92,AWS — Basic — Assessment Verified,2
C0136,SK053,CI/CD,Basic,1,verified_credential|project|resume,0.99,CI/CD — Basic — Certificate Verified,1
C0136,SK054,Jenkins,Basic,1,resume,0.6,Jenkins — Basic — Resume Only,1
C0136,SK047,Git,Intermediate,2,project,0.76,Git — Intermediate — Project Evidence,2
C0136,SK027,SQL,Basic,1,verified_credential|project|resume,0.99,SQL — Basic — Certificate Verified,1
C0137,SK012,Django,Basic,1,assessment|resume,0.9,Django — Basic — Assessment Verified,1
C0137,SK014,Flask,Basic,1,assessment|resume,0.9,Flask — Basic — Assessment Verified,1
C0137,SK017,REST API,Basic,1,resume,0.6,REST API — Basic — Resume Only,1
C0137,SK032,Redis,Basic,1,verified_credential|assessment|project|resume,0.99,Redis — Basic — Certificate Verified,1
C0137,SK066,Problem Solving,Intermediate,2,resume,0.6,Problem Solving — Intermediate — Resume Only,2
C0137,SK065,Teamwork,Advanced,3,resume,0.6,Teamwork — Advanced — Resume Only,2
C0137,SK027,SQL,Basic,1,verified_credential|project|resume,0.99,SQL — Basic — Certificate Verified,1
C0138,SK003,JavaScript,Advanced,3,assessment|employment_record|resume,0.92,JavaScript — Advanced — Assessment Verified,3
C0138,SK015,Node.js,Advanced,3,employment_record|resume,0.8,Node.js — Advanced — Employment Record,3
C0138,SK016,Express.js,Advanced,3,assessment|project|employment_record|resume,0.94,Express.js — Advanced — Assessment Verified,3
C0138,SK031,MongoDB,Advanced,3,assessment|resume,0.9,MongoDB — Advanced — Assessment Verified,3
C0138,SK017,REST API,Intermediate,2,employment_record|resume,0.8,REST API — Intermediate — Employment Record,2
C0138,SK047,Git,Advanced,3,project|employment_record|resume,0.82,Git — Advanced — Project Evidence,3
C0138,SK004,TypeScript,Advanced,3,project|resume,0.78,TypeScript — Advanced — Project Evidence,3
C0138,SK048,Docker,Advanced,3,employment_record|resume,0.8,Docker — Advanced — Employment Record,3
C0139,SK003,JavaScript,Intermediate,2,project|resume,0.78,JavaScript — Intermediate — Project Evidence,2
C0139,SK022,React,Advanced,3,verified_credential|assessment|project|resume,0.99,React — Advanced — Certificate Verified,2
C0139,SK015,Node.js,Basic,1,project|resume,0.78,Node.js — Basic — Project Evidence,1
C0139,SK016,Express.js,Intermediate,2,verified_credential|assessment|resume,0.99,Express.js — Intermediate — Certificate Verified,2
C0139,SK027,SQL,Basic,1,resume,0.6,SQL — Basic — Resume Only,1
C0139,SK047,Git,Basic,1,verified_credential|assessment|project|resume,0.99,Git — Basic — Certificate Verified,1
C0139,SK065,Teamwork,Basic,1,resume,0.6,Teamwork — Basic — Resume Only,1
C0139,SK067,Project Management,Basic,1,resume,0.6,Project Management — Basic — Resume Only,1
C0140,SK068,CNC Machining,Intermediate,2,verified_credential|project|employment_record|resume,0.99,CNC Machining — Intermediate — Certificate Verified,2
C0140,SK070,Electrical Wiring,Intermediate,2,verified_credential|project|resume,0.99,Electrical Wiring — Intermediate — Certificate Verified,2
C0140,SK067,Project Management,Intermediate,2,resume,0.6,Project Management — Intermediate — Resume Only,2
C0141,SK002,Python,Advanced,3,verified_credential|employment_record|resume,0.99,Python — Advanced — Certificate Verified,3
C0141,SK033,Machine Learning,Advanced,3,verified_credential|assessment|project|resume,0.99,Machine Learning — Advanced — Certificate Verified,3
C0141,SK036,Scikit-learn,Advanced,3,project|employment_record|resume,0.82,Scikit-learn — Advanced — Project Evidence,3
C0141,SK037,TensorFlow,Intermediate,2,assessment|project|resume,0.92,TensorFlow — Intermediate — Assessment Verified,3
C0141,SK066,Problem Solving,Advanced,3,resume,0.6,Problem Solving — Advanced — Resume Only,3
C0142,SK002,Python,Basic,1,project|resume,0.78,Python — Basic — Project Evidence,1
C0142,SK012,Django,Basic,1,resume,0.6,Django — Basic — Resume Only,1
C0142,SK013,FastAPI,Intermediate,2,assessment|resume,0.9,FastAPI — Intermediate — Assessment Verified,1
C0142,SK032,Redis,Basic,1,verified_credential|project|resume,0.99,Redis — Basic — Certificate Verified,1
C0142,SK048,Docker,Intermediate,2,resume,0.6,Docker — Intermediate — Resume Only,1
C0142,SK027,SQL,Intermediate,2,verified_credential|assessment|project|resume,0.99,SQL — Intermediate — Certificate Verified,1
C0142,SK065,Teamwork,Basic,1,resume,0.6,Teamwork — Basic — Resume Only,1
C0142,SK064,Communication,Advanced,3,resume,0.6,Communication — Advanced — Resume Only,2
C0143,SK002,Python,Basic,1,resume,0.6,Python — Basic — Resume Only,1
C0143,SK012,Django,Basic,1,assessment|project,0.9,Django — Basic — Assessment Verified,1
C0143,SK017,REST API,Advanced,3,assessment|resume,0.9,REST API — Advanced — Assessment Verified,2
C0143,SK067,Project Management,Basic,1,resume,0.6,Project Management — Basic — Resume Only,1
C0144,SK002,Python,Basic,1,resume,0.6,Python — Basic — Resume Only,1
C0144,SK012,Django,Intermediate,2,resume,0.6,Django — Intermediate — Resume Only,2
C0144,SK013,FastAPI,Basic,1,project|resume,0.78,FastAPI — Basic — Project Evidence,1
C0144,SK014,Flask,Basic,1,resume,0.6,Flask — Basic — Resume Only,1
C0144,SK017,REST API,Basic,1,resume,0.6,REST API — Basic — Resume Only,1
C0144,SK047,Git,Basic,1,self_declared,0.4,Git — Basic — Self-Declared,1
C0144,SK027,SQL,Basic,1,project|resume,0.78,SQL — Basic — Project Evidence,1
C0144,SK065,Teamwork,Intermediate,2,resume,0.6,Teamwork — Intermediate — Resume Only,1
C0145,SK055,Linux,Intermediate,2,employment_record|resume,0.8,Linux — Intermediate — Employment Record,2
C0145,SK049,Kubernetes,Advanced,3,verified_credential,0.95,Kubernetes — Advanced — Certificate Verified,3
C0145,SK050,AWS,Intermediate,2,resume,0.6,AWS — Intermediate — Resume Only,2
C0145,SK053,CI/CD,Advanced,3,verified_credential|employment_record|resume,0.99,CI/CD — Advanced — Certificate Verified,3
C0145,SK054,Jenkins,Advanced,3,employment_record|resume,0.8,Jenkins — Advanced — Employment Record,3
C0145,SK047,Git,Advanced,3,resume,0.6,Git — Advanced — Resume Only,3
C0145,SK064,Communication,Advanced,3,resume,0.6,Communication — Advanced — Resume Only,3
C0145,SK067,Project Management,Advanced,3,resume,0.6,Project Management — Advanced — Resume Only,2
C0146,SK068,CNC Machining,Basic,1,verified_credential|assessment|resume,0.99,CNC Machining — Basic — Certificate Verified,1
C0146,SK072,PLC Programming,Intermediate,2,verified_credential|assessment|project|resume,0.99,PLC Programming — Intermediate — Certificate Verified,2
C0146,SK066,Problem Solving,Intermediate,2,resume,0.6,Problem Solving — Intermediate — Resume Only,2
C0147,SK003,JavaScript,Basic,1,verified_credential,0.95,JavaScript — Basic — Certificate Verified,1
C0147,SK022,React,Basic,1,project|resume,0.78,React — Basic — Project Evidence,1
C0147,SK027,SQL,Basic,1,assessment|resume,0.9,SQL — Basic — Assessment Verified,1
C0147,SK017,REST API,Basic,1,verified_credential|resume,0.97,REST API — Basic — Certificate Verified,1
C0147,SK067,Project Management,Intermediate,2,resume,0.6,Project Management — Intermediate — Resume Only,2
C0148,SK002,Python,Basic,1,project,0.76,Python — Basic — Project Evidence,1
C0148,SK033,Machine Learning,Basic,1,resume,0.6,Machine Learning — Basic — Resume Only,1
C0148,SK036,Scikit-learn,Basic,1,resume,0.6,Scikit-learn — Basic — Resume Only,1
C0148,SK039,Pandas,Basic,1,resume,0.6,Pandas — Basic — Resume Only,1
C0148,SK041,Statistics,Intermediate,2,resume,0.6,Statistics — Intermediate — Resume Only,2
C0148,SK037,TensorFlow,Basic,1,project,0.76,TensorFlow — Basic — Project Evidence,1
C0148,SK027,SQL,Basic,1,project|resume,0.78,SQL — Basic — Project Evidence,1
C0149,SK012,Django,Advanced,3,verified_credential|project|employment_record|resume,0.99,Django — Advanced — Certificate Verified,3
C0149,SK013,FastAPI,Advanced,3,project|employment_record|resume,0.82,FastAPI — Advanced — Project Evidence,3
C0149,SK014,Flask,Advanced,3,verified_credential|employment_record|resume,0.99,Flask — Advanced — Certificate Verified,3
C0149,SK029,PostgreSQL,Advanced,3,project|employment_record|resume,0.82,PostgreSQL — Advanced — Project Evidence,3
C0149,SK047,Git,Advanced,3,project|resume,0.78,Git — Advanced — Project Evidence,3
C0149,SK065,Teamwork,Advanced,3,self_declared,0.4,Teamwork — Advanced — Self-Declared,3
C0149,SK067,Project Management,Intermediate,2,resume,0.6,Project Management — Intermediate — Resume Only,2
C0150,SK027,SQL,Intermediate,2,resume,0.6,SQL — Intermediate — Resume Only,2
C0150,SK046,Excel,Intermediate,2,resume,0.6,Excel — Intermediate — Resume Only,1
C0150,SK002,Python,Intermediate,2,assessment|resume,0.9,Python — Intermediate — Assessment Verified,1
C0150,SK045,Tableau,Basic,1,resume,0.6,Tableau — Basic — Resume Only,1
C0150,SK064,Communication,Basic,1,resume,0.6,Communication — Basic — Resume Only,1
C0151,SK068,CNC Machining,Advanced,3,verified_credential|assessment|project|resume,0.99,CNC Machining — Advanced — Certificate Verified,3
C0151,SK071,AutoCAD,Advanced,3,verified_credential|employment_record|resume,0.99,AutoCAD — Advanced — Certificate Verified,3
C0151,SK064,Communication,Advanced,3,resume,0.6,Communication — Advanced — Resume Only,3
C0152,SK009,Kotlin,Intermediate,2,resume,0.6,Kotlin — Intermediate — Resume Only,1
C0152,SK001,Java,Basic,1,verified_credential|project|resume,0.99,Java — Basic — Certificate Verified,1
C0152,SK059,Android Development,Basic,1,assessment|resume,0.9,Android Development — Basic — Assessment Verified,1
C0152,SK017,REST API,Basic,1,resume,0.6,REST API — Basic — Resume Only,1
C0152,SK047,Git,Basic,1,assessment|project|resume,0.92,Git — Basic — Assessment Verified,1
C0152,SK060,Flutter,Basic,1,verified_credential|assessment|project|resume,0.99,Flutter — Basic — Certificate Verified,1
C0153,SK003,JavaScript,Intermediate,2,resume,0.6,JavaScript — Intermediate — Resume Only,2
C0153,SK022,React,Intermediate,2,resume,0.6,React — Intermediate — Resume Only,2
C0153,SK015,Node.js,Basic,1,project|employment_record|resume,0.82,Node.js — Basic — Project Evidence,1
C0153,SK031,MongoDB,Intermediate,2,self_declared,0.4,MongoDB — Intermediate — Self-Declared,2
C0153,SK027,SQL,Intermediate,2,project|employment_record|resume,0.82,SQL — Intermediate — Project Evidence,2
C0153,SK017,REST API,Advanced,3,assessment,0.88,REST API — Advanced — Assessment Verified,3
C0153,SK047,Git,Intermediate,2,project|resume,0.78,Git — Intermediate — Project Evidence,2
C0153,SK004,TypeScript,Intermediate,2,project|resume,0.78,TypeScript — Intermediate — Project Evidence,2
C0154,SK002,Python,Advanced,3,project|employment_record|resume,0.82,Python — Advanced — Project Evidence,3
C0154,SK012,Django,Advanced,3,resume,0.6,Django — Advanced — Resume Only,3
C0154,SK029,PostgreSQL,Advanced,3,verified_credential|project|resume,0.99,PostgreSQL — Advanced — Certificate Verified,3
C0154,SK017,REST API,Advanced,3,verified_credential|resume,0.97,REST API — Advanced — Certificate Verified,3
C0154,SK027,SQL,Advanced,3,verified_credential|employment_record|resume,0.99,SQL — Advanced — Certificate Verified,3
C0155,SK003,JavaScript,Basic,1,project|resume,0.78,JavaScript — Basic — Project Evidence,1
C0155,SK022,React,Advanced,3,assessment|project|employment_record|resume,0.94,React — Advanced — Assessment Verified,3
C0155,SK020,HTML,Basic,1,assessment|employment_record|resume,0.92,HTML — Basic — Assessment Verified,1
C0155,SK064,Communication,Intermediate,2,self_declared,0.4,Communication — Intermediate — Self-Declared,2
C0155,SK002,Python,Advanced,3,assessment|employment_record|resume,0.92,Python — Advanced — Assessment Verified,2
C0156,SK001,Java,Basic,1,verified_credential|assessment|project|resume,0.99,Java — Basic — Certificate Verified,1
C0156,SK010,Spring Boot,Intermediate,2,resume,0.6,Spring Boot — Intermediate — Resume Only,2
C0156,SK028,MySQL,Basic,1,verified_credential,0.95,MySQL — Basic — Certificate Verified,1
C0156,SK011,Hibernate,Basic,1,project|resume,0.78,Hibernate — Basic — Project Evidence,1
C0156,SK019,Microservices,Basic,1,assessment|resume,0.9,Microservices — Basic — Assessment Verified,1
C0156,SK048,Docker,Intermediate,2,resume,0.6,Docker — Intermediate — Resume Only,2
C0157,SK056,Unit Testing,Advanced,3,resume,0.6,Unit Testing — Advanced — Resume Only,3
C0157,SK057,JUnit,Intermediate,2,project|resume,0.78,JUnit — Intermediate — Project Evidence,2
C0157,SK002,Python,Intermediate,2,verified_credential|project|employment_record|resume,0.99,Python — Intermediate — Certificate Verified,2
C0157,SK053,CI/CD,Intermediate,2,project|employment_record|resume,0.82,CI/CD — Intermediate — Project Evidence,2
C0157,SK066,Problem Solving,Intermediate,2,self_declared,0.4,Problem Solving — Intermediate — Self-Declared,2
C0157,SK046,Excel,Intermediate,2,resume,0.6,Excel — Intermediate — Resume Only,2
C0158,SK056,Unit Testing,Advanced,3,employment_record|resume,0.8,Unit Testing — Advanced — Employment Record,3
C0158,SK058,Selenium,Intermediate,2,employment_record|resume,0.8,Selenium — Intermediate — Employment Record,2
C0158,SK027,SQL,Intermediate,2,assessment|resume,0.9,SQL — Intermediate — Assessment Verified,2
C0158,SK002,Python,Basic,1,verified_credential|assessment|project|resume,0.99,Python — Basic — Certificate Verified,1
C0158,SK067,Project Management,Advanced,3,resume,0.6,Project Management — Advanced — Resume Only,2
C0159,SK048,Docker,Intermediate,2,project|employment_record|resume,0.82,Docker — Intermediate — Project Evidence,2
C0159,SK053,CI/CD,Basic,1,assessment|resume,0.9,CI/CD — Basic — Assessment Verified,1
C0159,SK051,Azure,Basic,1,assessment|project|employment_record|resume,0.94,Azure — Basic — Assessment Verified,1
C0159,SK067,Project Management,Basic,1,resume,0.6,Project Management — Basic — Resume Only,1
C0159,SK066,Problem Solving,Intermediate,2,resume,0.6,Problem Solving — Intermediate — Resume Only,2
C0159,SK055,Linux,Basic,1,project|resume,0.78,Linux — Basic — Project Evidence,1
C0160,SK002,Python,Basic,1,resume,0.6,Python — Basic — Resume Only,1
C0160,SK014,Flask,Basic,1,verified_credential|project|employment_record|resume,0.99,Flask — Basic — Certificate Verified,1
C0160,SK029,PostgreSQL,Advanced,3,resume,0.6,PostgreSQL — Advanced — Resume Only,3
C0160,SK048,Docker,Basic,1,employment_record|resume,0.8,Docker — Basic — Employment Record,1
C0160,SK027,SQL,Basic,1,verified_credential|project|employment_record|resume,0.99,SQL — Basic — Certificate Verified,1
C0160,SK065,Teamwork,Intermediate,2,self_declared,0.4,Teamwork — Intermediate — Self-Declared,2
C0160,SK064,Communication,Basic,1,resume,0.6,Communication — Basic — Resume Only,1
C0161,SK002,Python,Basic,1,assessment|resume,0.9,Python — Basic — Assessment Verified,1
C0161,SK014,Flask,Basic,1,verified_credential|assessment|project|resume,0.99,Flask — Basic — Certificate Verified,1
C0161,SK017,REST API,Advanced,3,resume,0.6,REST API — Advanced — Resume Only,2
C0161,SK047,Git,Basic,1,employment_record|resume,0.8,Git — Basic — Employment Record,1
C0161,SK027,SQL,Basic,1,verified_credential|assessment|resume,0.99,SQL — Basic — Certificate Verified,1
C0162,SK003,JavaScript,Intermediate,2,resume,0.6,JavaScript — Intermediate — Resume Only,1
C0162,SK022,React,Basic,1,project|resume,0.78,React — Basic — Project Evidence,1
C0162,SK026,Tailwind CSS,Basic,1,verified_credential|assessment|resume,0.99,Tailwind CSS — Basic — Certificate Verified,1
C0162,SK023,Next.js,Basic,1,project|resume,0.78,Next.js — Basic — Project Evidence,1
C0162,SK064,Communication,Intermediate,2,resume,0.6,Communication — Intermediate — Resume Only,2
C0162,SK067,Project Management,Intermediate,2,resume,0.6,Project Management — Intermediate — Resume Only,1
C0162,SK047,Git,Intermediate,2,resume,0.6,Git — Intermediate — Resume Only,1
C0163,SK003,JavaScript,Intermediate,2,assessment|resume,0.9,JavaScript — Intermediate — Assessment Verified,1
C0163,SK022,React,Basic,1,assessment|employment_record,0.9,React — Basic — Assessment Verified,1
C0163,SK015,Node.js,Basic,1,project|employment_record|resume,0.82,Node.js — Basic — Project Evidence,1
C0163,SK016,Express.js,Basic,1,project|employment_record|resume,0.82,Express.js — Basic — Project Evidence,1
C0163,SK027,SQL,Basic,1,resume,0.6,SQL — Basic — Resume Only,1
C0163,SK017,REST API,Basic,1,employment_record|resume,0.8,REST API — Basic — Employment Record,1
C0163,SK048,Docker,Basic,1,project|employment_record|resume,0.82,Docker — Basic — Project Evidence,1
C0163,SK067,Project Management,Basic,1,resume,0.6,Project Management — Basic — Resume Only,1
C0163,SK055,Linux,Basic,1,assessment|employment_record|resume,0.92,Linux — Basic — Assessment Verified,1
C0164,SK027,SQL,Basic,1,verified_credential|assessment|resume,0.99,SQL — Basic — Certificate Verified,1
C0164,SK044,Power BI,Basic,1,verified_credential|assessment|project|resume,0.99,Power BI — Basic — Certificate Verified,1
C0164,SK039,Pandas,Basic,1,verified_credential|assessment|project|resume,0.99,Pandas — Basic — Certificate Verified,1
C0164,SK064,Communication,Basic,1,resume,0.6,Communication — Basic — Resume Only,1
C0165,SK002,Python,Basic,1,resume,0.6,Python — Basic — Resume Only,1
C0165,SK012,Django,Intermediate,2,project|resume,0.78,Django — Intermediate — Project Evidence,2
C0165,SK013,FastAPI,Basic,1,project|resume,0.78,FastAPI — Basic — Project Evidence,1
C0165,SK014,Flask,Intermediate,2,resume,0.6,Flask — Intermediate — Resume Only,2
C0165,SK029,PostgreSQL,Basic,1,assessment|project|resume,0.92,PostgreSQL — Basic — Assessment Verified,1
C0165,SK017,REST API,Basic,1,project|resume,0.78,REST API — Basic — Project Evidence,1
C0165,SK048,Docker,Intermediate,2,assessment|resume,0.9,Docker — Intermediate — Assessment Verified,1
C0165,SK027,SQL,Advanced,3,assessment|project|resume,0.92,SQL — Advanced — Assessment Verified,2
C0165,SK066,Problem Solving,Basic,1,resume,0.6,Problem Solving — Basic — Resume Only,1
C0165,SK046,Excel,Basic,1,assessment|project|resume,0.92,Excel — Basic — Assessment Verified,1
C0166,SK012,Django,Basic,1,verified_credential|assessment|project|resume,0.99,Django — Basic — Certificate Verified,1
C0166,SK017,REST API,Basic,1,verified_credential|resume,0.97,REST API — Basic — Certificate Verified,1
C0166,SK032,Redis,Basic,1,verified_credential|project|resume,0.99,Redis — Basic — Certificate Verified,1
C0166,SK027,SQL,Basic,1,verified_credential|project|resume,0.99,SQL — Basic — Certificate Verified,1
C0167,SK002,Python,Advanced,3,resume,0.6,Python — Advanced — Resume Only,3
C0167,SK036,Scikit-learn,Advanced,3,resume,0.6,Scikit-learn — Advanced — Resume Only,3
C0167,SK039,Pandas,Advanced,3,assessment|project,0.9,Pandas — Advanced — Assessment Verified,3
C0167,SK041,Statistics,Advanced,3,employment_record|resume,0.8,Statistics — Advanced — Employment Record,3
C0167,SK038,PyTorch,Advanced,3,verified_credential|resume,0.97,PyTorch — Advanced — Certificate Verified,3
C0168,SK001,Java,Advanced,3,verified_credential|project|employment_record|resume,0.99,Java — Advanced — Certificate Verified,3
C0168,SK027,SQL,Intermediate,2,verified_credential|project|employment_record|resume,0.99,SQL — Intermediate — Certificate Verified,2
C0168,SK017,REST API,Intermediate,2,assessment|project|employment_record,0.92,REST API — Intermediate — Assessment Verified,2
C0168,SK028,MySQL,Intermediate,2,verified_credential|project|resume,0.99,MySQL — Intermediate — Certificate Verified,2
C0168,SK047,Git,Intermediate,2,employment_record|resume,0.8,Git — Intermediate — Employment Record,2
C0168,SK011,Hibernate,Intermediate,2,verified_credential|project|resume,0.99,Hibernate — Intermediate — Certificate Verified,2
C0168,SK019,Microservices,Basic,1,project|resume,0.78,Microservices — Basic — Project Evidence,1
C0168,SK057,JUnit,Intermediate,2,verified_credential|employment_record|resume,0.99,JUnit — Intermediate — Certificate Verified,2
C0169,SK061,Cybersecurity,Advanced,3,verified_credential|resume,0.97,Cybersecurity — Advanced — Certificate Verified,3
C0169,SK062,Network Security,Advanced,3,verified_credential|employment_record|resume,0.99,Network Security — Advanced — Certificate Verified,3
C0169,SK063,Networking,Advanced,3,project|resume,0.78,Networking — Advanced — Project Evidence,3
C0169,SK055,Linux,Advanced,3,resume,0.6,Linux — Advanced — Resume Only,3
C0169,SK002,Python,Advanced,3,verified_credential|employment_record|resume,0.99,Python — Advanced — Certificate Verified,3
C0169,SK065,Teamwork,Advanced,3,resume,0.6,Teamwork — Advanced — Resume Only,3
C0169,SK047,Git,Advanced,3,project|employment_record,0.8,Git — Advanced — Project Evidence,3
C0170,SK056,Unit Testing,Basic,1,employment_record|resume,0.8,Unit Testing — Basic — Employment Record,1
C0170,SK058,Selenium,Basic,1,verified_credential|project|resume,0.99,Selenium — Basic — Certificate Verified,1
C0170,SK001,Java,Intermediate,2,project|employment_record|resume,0.82,Java — Intermediate — Project Evidence,2
C0170,SK027,SQL,Basic,1,project|employment_record|resume,0.82,SQL — Basic — Project Evidence,1
C0170,SK057,JUnit,Basic,1,project|resume,0.78,JUnit — Basic — Project Evidence,1
C0170,SK002,Python,Basic,1,verified_credential|project,0.97,Python — Basic — Certificate Verified,1
C0170,SK047,Git,Basic,1,project|employment_record|resume,0.82,Git — Basic — Project Evidence,1
C0170,SK053,CI/CD,Basic,1,resume,0.6,CI/CD — Basic — Resume Only,1
C0171,SK027,SQL,Basic,1,project|resume,0.78,SQL — Basic — Project Evidence,1
C0171,SK046,Excel,Basic,1,resume,0.6,Excel — Basic — Resume Only,1
C0171,SK002,Python,Basic,1,resume,0.6,Python — Basic — Resume Only,1
C0171,SK044,Power BI,Intermediate,2,assessment|project|resume,0.92,Power BI — Intermediate — Assessment Verified,1
C0171,SK041,Statistics,Basic,1,assessment|project,0.9,Statistics — Basic — Assessment Verified,1
C0171,SK039,Pandas,Basic,1,project|resume,0.78,Pandas — Basic — Project Evidence,1
C0171,SK043,Data Visualization,Intermediate,2,resume,0.6,Data Visualization — Intermediate — Resume Only,2
C0171,SK065,Teamwork,Basic,1,resume,0.6,Teamwork — Basic — Resume Only,1
C0171,SK067,Project Management,Intermediate,2,self_declared,0.4,Project Management — Intermediate — Self-Declared,1
C0172,SK027,SQL,Intermediate,2,verified_credential|assessment|employment_record|resume,0.99,SQL — Intermediate — Certificate Verified,2
C0172,SK046,Excel,Advanced,3,verified_credential|assessment|resume,0.99,Excel — Advanced — Certificate Verified,3
C0172,SK044,Power BI,Advanced,3,verified_credential|assessment|project|employment_record|resume,0.99,Power BI — Advanced — Certificate Verified,3
C0172,SK064,Communication,Intermediate,2,resume,0.6,Communication — Intermediate — Resume Only,2
C0172,SK067,Project Management,Advanced,3,resume,0.6,Project Management — Advanced — Resume Only,2
C0173,SK002,Python,Basic,1,assessment|project|resume,0.92,Python — Basic — Assessment Verified,2
C0173,SK040,NumPy,Intermediate,2,resume,0.6,NumPy — Intermediate — Resume Only,1
C0173,SK027,SQL,Basic,1,assessment|resume,0.9,SQL — Basic — Assessment Verified,1
C0173,SK065,Teamwork,Basic,1,resume,0.6,Teamwork — Basic — Resume Only,1
C0174,SK044,Power BI,Basic,1,project|employment_record|resume,0.82,Power BI — Basic — Project Evidence,1
C0174,SK045,Tableau,Basic,1,project|resume,0.78,Tableau — Basic — Project Evidence,1
C0174,SK043,Data Visualization,Basic,1,employment_record|resume,0.8,Data Visualization — Basic — Employment Record,1
C0174,SK042,Data Analysis,Basic,1,employment_record|resume,0.8,Data Analysis — Basic — Employment Record,1
C0174,SK064,Communication,Basic,1,resume,0.6,Communication — Basic — Resume Only,1
C0175,SK003,JavaScript,Advanced,3,resume,0.6,JavaScript — Advanced — Resume Only,2
C0175,SK020,HTML,Basic,1,project|resume,0.78,HTML — Basic — Project Evidence,1
C0175,SK021,CSS,Basic,1,verified_credential|project|resume,0.99,CSS — Basic — Certificate Verified,1
C0175,SK004,TypeScript,Basic,1,verified_credential|resume,0.97,TypeScript — Basic — Certificate Verified,1
C0175,SK023,Next.js,Intermediate,2,project|resume,0.78,Next.js — Intermediate — Project Evidence,2
C0175,SK047,Git,Basic,1,project|resume,0.78,Git — Basic — Project Evidence,1
C0175,SK024,Angular,Basic,1,verified_credential|project|resume,0.99,Angular — Basic — Certificate Verified,1
C0175,SK065,Teamwork,Basic,1,resume,0.6,Teamwork — Basic — Resume Only,1
C0175,SK064,Communication,Basic,1,resume,0.6,Communication — Basic — Resume Only,1
C0175,SK027,SQL,Intermediate,2,verified_credential|resume,0.97,SQL — Intermediate — Certificate Verified,2
C0176,SK010,Spring Boot,Intermediate,2,employment_record|resume,0.8,Spring Boot — Intermediate — Employment Record,2
C0176,SK017,REST API,Advanced,3,resume,0.6,REST API — Advanced — Resume Only,2
C0176,SK028,MySQL,Intermediate,2,assessment|project|employment_record|resume,0.94,MySQL — Intermediate — Assessment Verified,2
C0176,SK047,Git,Intermediate,2,employment_record|resume,0.8,Git — Intermediate — Employment Record,2
C0177,SK002,Python,Basic,1,verified_credential|resume,0.97,Python — Basic — Certificate Verified,1
C0177,SK036,Scikit-learn,Basic,1,assessment|resume,0.9,Scikit-learn — Basic — Assessment Verified,1
C0177,SK040,NumPy,Intermediate,2,resume,0.6,NumPy — Intermediate — Resume Only,2
C0177,SK034,Deep Learning,Basic,1,project|resume,0.78,Deep Learning — Basic — Project Evidence,1
C0177,SK037,TensorFlow,Basic,1,verified_credential|assessment|resume,0.99,TensorFlow — Basic — Certificate Verified,1
C0177,SK027,SQL,Basic,1,project|resume,0.78,SQL — Basic — Project Evidence,1
C0177,SK067,Project Management,Basic,1,resume,0.6,Project Management — Basic — Resume Only,1
C0178,SK056,Unit Testing,Intermediate,2,verified_credential|resume,0.97,Unit Testing — Intermediate — Certificate Verified,2
C0178,SK001,Java,Intermediate,2,resume,0.6,Java — Intermediate — Resume Only,2
C0178,SK027,SQL,Basic,1,assessment,0.88,SQL — Basic — Assessment Verified,1
C0178,SK057,JUnit,Basic,1,project|resume,0.78,JUnit — Basic — Project Evidence,1
C0178,SK002,Python,Basic,1,project|resume,0.78,Python — Basic — Project Evidence,1
C0178,SK053,CI/CD,Basic,1,assessment|project|resume,0.92,CI/CD — Basic — Assessment Verified,1
C0178,SK064,Communication,Basic,1,resume,0.6,Communication — Basic — Resume Only,1
C0178,SK067,Project Management,Intermediate,2,resume,0.6,Project Management — Intermediate — Resume Only,2
C0179,SK046,Excel,Basic,1,self_declared,0.4,Excel — Basic — Self-Declared,1
C0179,SK044,Power BI,Basic,1,employment_record|resume,0.8,Power BI — Basic — Employment Record,1
C0179,SK039,Pandas,Basic,1,assessment|project|employment_record|resume,0.94,Pandas — Basic — Assessment Verified,1
C0179,SK042,Data Analysis,Intermediate,2,resume,0.6,Data Analysis — Intermediate — Resume Only,1
C0179,SK066,Problem Solving,Intermediate,2,resume,0.6,Problem Solving — Intermediate — Resume Only,2
C0179,SK065,Teamwork,Basic,1,self_declared,0.4,Teamwork — Basic — Self-Declared,1
C0179,SK047,Git,Basic,1,assessment|employment_record|resume,0.92,Git — Basic — Assessment Verified,1
C0180,SK056,Unit Testing,Intermediate,2,project|resume,0.78,Unit Testing — Intermediate — Project Evidence,2
C0180,SK058,Selenium,Intermediate,2,verified_credential|project|employment_record|resume,0.99,Selenium — Intermediate — Certificate Verified,2
C0180,SK001,Java,Basic,1,project|employment_record|resume,0.82,Java — Basic — Project Evidence,1
C0180,SK027,SQL,Intermediate,2,verified_credential|resume,0.97,SQL — Intermediate — Certificate Verified,2
C0180,SK057,JUnit,Intermediate,2,resume,0.6,JUnit — Intermediate — Resume Only,1
C0180,SK002,Python,Basic,1,employment_record,0.78,Python — Basic — Employment Record,1
C0180,SK047,Git,Basic,1,project|resume,0.78,Git — Basic — Project Evidence,1
C0180,SK053,CI/CD,Advanced,3,verified_credential|employment_record|resume,0.99,CI/CD — Advanced — Certificate Verified,3
C0180,SK065,Teamwork,Advanced,3,self_declared,0.4,Teamwork — Advanced — Self-Declared,3
C0180,SK067,Project Management,Intermediate,2,resume,0.6,Project Management — Intermediate — Resume Only,2
C0180,SK046,Excel,Intermediate,2,resume,0.6,Excel — Intermediate — Resume Only,2
C0181,SK002,Python,Intermediate,2,assessment|employment_record|resume,0.92,Python — Intermediate — Assessment Verified,2
C0181,SK012,Django,Intermediate,2,assessment|employment_record|resume,0.92,Django — Intermediate — Assessment Verified,1
C0181,SK014,Flask,Basic,1,resume,0.6,Flask — Basic — Resume Only,1
C0181,SK017,REST API,Intermediate,2,assessment|resume,0.9,REST API — Intermediate — Assessment Verified,2
C0181,SK065,Teamwork,Intermediate,2,resume,0.6,Teamwork — Intermediate — Resume Only,2
C0181,SK066,Problem Solving,Advanced,3,resume,0.6,Problem Solving — Advanced — Resume Only,3
C0182,SK056,Unit Testing,Basic,1,employment_record|resume,0.8,Unit Testing — Basic — Employment Record,1
C0182,SK058,Selenium,Basic,1,employment_record|resume,0.8,Selenium — Basic — Employment Record,1
C0182,SK001,Java,Basic,1,project|resume,0.78,Java — Basic — Project Evidence,1
C0182,SK027,SQL,Basic,1,project|resume,0.78,SQL — Basic — Project Evidence,1
C0182,SK057,JUnit,Basic,1,project|employment_record|resume,0.82,JUnit — Basic — Project Evidence,1
C0182,SK002,Python,Basic,1,assessment|employment_record|resume,0.92,Python — Basic — Assessment Verified,1
C0182,SK047,Git,Basic,1,project|resume,0.78,Git — Basic — Project Evidence,1
C0182,SK053,CI/CD,Basic,1,assessment|project|employment_record|resume,0.94,CI/CD — Basic — Assessment Verified,1
C0183,SK022,React,Advanced,3,verified_credential|project|employment_record|resume,0.99,React — Advanced — Certificate Verified,3
C0183,SK016,Express.js,Advanced,3,assessment|employment_record|resume,0.92,Express.js — Advanced — Assessment Verified,2
C0183,SK031,MongoDB,Intermediate,2,verified_credential|employment_record|resume,0.99,MongoDB — Intermediate — Certificate Verified,2
C0183,SK067,Project Management,Intermediate,2,resume,0.6,Project Management — Intermediate — Resume Only,2
C0183,SK066,Problem Solving,Advanced,3,self_declared,0.4,Problem Solving — Advanced — Self-Declared,3
C0184,SK055,Linux,Basic,1,verified_credential|resume,0.97,Linux — Basic — Certificate Verified,1
C0184,SK048,Docker,Basic,1,verified_credential|project,0.97,Docker — Basic — Certificate Verified,1
C0184,SK053,CI/CD,Basic,1,assessment|resume,0.9,CI/CD — Basic — Assessment Verified,1
C0185,SK001,Java,Basic,1,verified_credential|employment_record|resume,0.99,Java — Basic — Certificate Verified,1
C0185,SK010,Spring Boot,Intermediate,2,project|resume,0.78,Spring Boot — Intermediate — Project Evidence,2
C0185,SK027,SQL,Basic,1,project|resume,0.78,SQL — Basic — Project Evidence,1
C0185,SK017,REST API,Basic,1,employment_record|resume,0.8,REST API — Basic — Employment Record,1
C0185,SK047,Git,Advanced,3,resume,0.6,Git — Advanced — Resume Only,2
C0185,SK011,Hibernate,Basic,1,project,0.76,Hibernate — Basic — Project Evidence,1
C0185,SK019,Microservices,Intermediate,2,project|resume,0.78,Microservices — Intermediate — Project Evidence,2
C0185,SK057,JUnit,Basic,1,verified_credential|project|employment_record|resume,0.99,JUnit — Basic — Certificate Verified,1
C0185,SK067,Project Management,Basic,1,resume,0.6,Project Management — Basic — Resume Only,1
C0185,SK046,Excel,Basic,1,employment_record|resume,0.8,Excel — Basic — Employment Record,1
C0186,SK003,JavaScript,Intermediate,2,employment_record,0.78,JavaScript — Intermediate — Employment Record,2
C0186,SK022,React,Advanced,3,project|resume,0.78,React — Advanced — Project Evidence,3
C0186,SK020,HTML,Advanced,3,employment_record|resume,0.8,HTML — Advanced — Employment Record,3
C0186,SK004,TypeScript,Intermediate,2,verified_credential|employment_record|resume,0.99,TypeScript — Intermediate — Certificate Verified,2
C0186,SK026,Tailwind CSS,Basic,1,project|employment_record|resume,0.82,Tailwind CSS — Basic — Project Evidence,1
C0186,SK023,Next.js,Intermediate,2,project|resume,0.78,Next.js — Intermediate — Project Evidence,2
C0186,SK047,Git,Basic,1,self_declared,0.4,Git — Basic — Self-Declared,1
C0186,SK024,Angular,Intermediate,2,verified_credential|resume,0.97,Angular — Intermediate — Certificate Verified,2
C0186,SK064,Communication,Intermediate,2,self_declared,0.4,Communication — Intermediate — Self-Declared,2
C0186,SK066,Problem Solving,Intermediate,2,resume,0.6,Problem Solving — Intermediate — Resume Only,2
C0186,SK027,SQL,Advanced,3,resume,0.6,SQL — Advanced — Resume Only,3
C0187,SK068,CNC Machining,Intermediate,2,verified_credential|employment_record|resume,0.99,CNC Machining — Intermediate — Certificate Verified,2
C0187,SK069,Welding,Intermediate,2,verified_credential|resume,0.97,Welding — Intermediate — Certificate Verified,2
C0187,SK072,PLC Programming,Intermediate,2,verified_credential|employment_record|resume,0.99,PLC Programming — Intermediate — Certificate Verified,2
C0188,SK009,Kotlin,Basic,1,project|resume,0.78,Kotlin — Basic — Project Evidence,1
C0188,SK001,Java,Intermediate,2,assessment|project,0.9,Java — Intermediate — Assessment Verified,2
C0188,SK017,REST API,Intermediate,2,project|resume,0.78,REST API — Intermediate — Project Evidence,2
C0188,SK047,Git,Intermediate,2,assessment|project|employment_record|resume,0.94,Git — Intermediate — Assessment Verified,2
C0188,SK064,Communication,Basic,1,self_declared,0.4,Communication — Basic — Self-Declared,1
C0188,SK055,Linux,Basic,1,assessment|resume,0.9,Linux — Basic — Assessment Verified,1
C0189,SK027,SQL,Advanced,3,project|employment_record|resume,0.82,SQL — Advanced — Project Evidence,3
C0189,SK046,Excel,Advanced,3,employment_record|resume,0.8,Excel — Advanced — Employment Record,3
C0189,SK002,Python,Advanced,3,verified_credential|project|employment_record|resume,0.99,Python — Advanced — Certificate Verified,3
C0189,SK045,Tableau,Advanced,3,project|employment_record|resume,0.82,Tableau — Advanced — Project Evidence,3
C0189,SK041,Statistics,Advanced,3,employment_record|resume,0.8,Statistics — Advanced — Employment Record,3
C0189,SK039,Pandas,Advanced,3,employment_record|resume,0.8,Pandas — Advanced — Employment Record,3
C0189,SK043,Data Visualization,Advanced,3,employment_record|resume,0.8,Data Visualization — Advanced — Employment Record,3
C0189,SK067,Project Management,Intermediate,2,resume,0.6,Project Management — Intermediate — Resume Only,2
C0189,SK064,Communication,Advanced,3,resume,0.6,Communication — Advanced — Resume Only,3
C0190,SK002,Python,Intermediate,2,verified_credential|resume,0.97,Python — Intermediate — Certificate Verified,2
C0190,SK033,Machine Learning,Intermediate,2,verified_credential|project|resume,0.99,Machine Learning — Intermediate — Certificate Verified,2
C0190,SK040,NumPy,Basic,1,verified_credential|resume,0.97,NumPy — Basic — Certificate Verified,1
C0190,SK041,Statistics,Basic,1,assessment|resume,0.9,Statistics — Basic — Assessment Verified,1
C0190,SK037,TensorFlow,Basic,1,verified_credential|resume,0.97,TensorFlow — Basic — Certificate Verified,1
C0191,SK001,Java,Basic,1,project|resume,0.78,Java — Basic — Project Evidence,1
C0191,SK027,SQL,Intermediate,2,verified_credential|resume,0.97,SQL — Intermediate — Certificate Verified,2
C0191,SK019,Microservices,Basic,1,project,0.76,Microservices — Basic — Project Evidence,1
C0192,SK022,React,Advanced,3,assessment|project|employment_record,0.92,React — Advanced — Assessment Verified,3
C0192,SK020,HTML,Advanced,3,resume,0.6,HTML — Advanced — Resume Only,2
C0192,SK004,TypeScript,Intermediate,2,employment_record|resume,0.8,TypeScript — Intermediate — Employment Record,2
C0192,SK026,Tailwind CSS,Intermediate,2,employment_record|resume,0.8,Tailwind CSS — Intermediate — Employment Record,2
C0192,SK023,Next.js,Advanced,3,employment_record|resume,0.8,Next.js — Advanced — Employment Record,3
C0192,SK047,Git,Intermediate,2,assessment|employment_record|resume,0.92,Git — Intermediate — Assessment Verified,2
C0192,SK065,Teamwork,Intermediate,2,resume,0.6,Teamwork — Intermediate — Resume Only,2
C0192,SK067,Project Management,Advanced,3,resume,0.6,Project Management — Advanced — Resume Only,2
C0193,SK009,Kotlin,Basic,1,assessment|project|employment_record|resume,0.94,Kotlin — Basic — Assessment Verified,1
C0193,SK001,Java,Intermediate,2,employment_record|resume,0.8,Java — Intermediate — Employment Record,2
C0193,SK059,Android Development,Basic,1,project|employment_record|resume,0.82,Android Development — Basic — Project Evidence,1
C0193,SK017,REST API,Basic,1,project|employment_record|resume,0.82,REST API — Basic — Project Evidence,1
C0193,SK047,Git,Basic,1,employment_record,0.78,Git — Basic — Employment Record,1
C0193,SK060,Flutter,Intermediate,2,employment_record,0.78,Flutter — Intermediate — Employment Record,2
C0193,SK067,Project Management,Intermediate,2,resume,0.6,Project Management — Intermediate — Resume Only,1
C0193,SK065,Teamwork,Basic,1,resume,0.6,Teamwork — Basic — Resume Only,1
C0194,SK027,SQL,Intermediate,2,verified_credential|assessment|resume,0.99,SQL — Intermediate — Certificate Verified,1
C0194,SK046,Excel,Basic,1,resume,0.6,Excel — Basic — Resume Only,1
C0194,SK002,Python,Intermediate,2,resume,0.6,Python — Intermediate — Resume Only,2
C0194,SK041,Statistics,Basic,1,project|resume,0.78,Statistics — Basic — Project Evidence,1
C0194,SK039,Pandas,Intermediate,2,project|resume,0.78,Pandas — Intermediate — Project Evidence,2
C0194,SK042,Data Analysis,Basic,1,verified_credential|assessment|project|resume,0.99,Data Analysis — Basic — Certificate Verified,1
C0194,SK067,Project Management,Basic,1,self_declared,0.4,Project Management — Basic — Self-Declared,1
C0195,SK068,CNC Machining,Intermediate,2,verified_credential|project|resume,0.99,CNC Machining — Intermediate — Certificate Verified,2
C0195,SK070,Electrical Wiring,Basic,1,verified_credential|project|resume,0.99,Electrical Wiring — Basic — Certificate Verified,1
C0195,SK064,Communication,Intermediate,2,self_declared,0.4,Communication — Intermediate — Self-Declared,2
C0196,SK001,Java,Intermediate,2,project|employment_record|resume,0.82,Java — Intermediate — Project Evidence,2
C0196,SK010,Spring Boot,Intermediate,2,assessment|employment_record|resume,0.92,Spring Boot — Intermediate — Assessment Verified,2
C0196,SK027,SQL,Basic,1,project|employment_record|resume,0.82,SQL — Basic — Project Evidence,1
C0196,SK017,REST API,Intermediate,2,employment_record|resume,0.8,REST API — Intermediate — Employment Record,2
C0196,SK028,MySQL,Basic,1,employment_record|resume,0.8,MySQL — Basic — Employment Record,1
C0196,SK047,Git,Advanced,3,assessment|employment_record|resume,0.92,Git — Advanced — Assessment Verified,3
C0196,SK011,Hibernate,Intermediate,2,project|resume,0.78,Hibernate — Intermediate — Project Evidence,2
C0196,SK048,Docker,Basic,1,employment_record|resume,0.8,Docker — Basic — Employment Record,1
C0196,SK064,Communication,Advanced,3,resume,0.6,Communication — Advanced — Resume Only,2
C0196,SK002,Python,Intermediate,2,project|employment_record,0.8,Python — Intermediate — Project Evidence,2
C0197,SK001,Java,Intermediate,2,project|employment_record|resume,0.82,Java — Intermediate — Project Evidence,2
C0197,SK027,SQL,Basic,1,project|employment_record|resume,0.82,SQL — Basic — Project Evidence,1
C0197,SK017,REST API,Intermediate,2,project|employment_record|resume,0.82,REST API — Intermediate — Project Evidence,2
C0197,SK028,MySQL,Intermediate,2,project|employment_record|resume,0.82,MySQL — Intermediate — Project Evidence,2
C0197,SK047,Git,Advanced,3,resume,0.6,Git — Advanced — Resume Only,2
C0197,SK011,Hibernate,Basic,1,project|resume,0.78,Hibernate — Basic — Project Evidence,1
C0197,SK048,Docker,Intermediate,2,self_declared,0.4,Docker — Intermediate — Self-Declared,2
C0197,SK057,JUnit,Intermediate,2,employment_record|resume,0.8,JUnit — Intermediate — Employment Record,2
C0197,SK064,Communication,Advanced,3,resume,0.6,Communication — Advanced — Resume Only,3
C0197,SK046,Excel,Advanced,3,resume,0.6,Excel — Advanced — Resume Only,3
C0198,SK056,Unit Testing,Basic,1,project|resume,0.78,Unit Testing — Basic — Project Evidence,1
C0198,SK027,SQL,Basic,1,project|resume,0.78,SQL — Basic — Project Evidence,1
C0198,SK002,Python,Intermediate,2,resume,0.6,Python — Intermediate — Resume Only,1
C0198,SK047,Git,Intermediate,2,project|resume,0.78,Git — Intermediate — Project Evidence,2
C0198,SK053,CI/CD,Basic,1,resume,0.6,CI/CD — Basic — Resume Only,1
C0198,SK066,Problem Solving,Advanced,3,resume,0.6,Problem Solving — Advanced — Resume Only,2
C0198,SK065,Teamwork,Intermediate,2,resume,0.6,Teamwork — Intermediate — Resume Only,1
C0199,SK003,JavaScript,Advanced,3,assessment|resume,0.9,JavaScript — Advanced — Assessment Verified,2
C0199,SK022,React,Advanced,3,assessment|project|employment_record|resume,0.94,React — Advanced — Assessment Verified,2
C0199,SK016,Express.js,Intermediate,2,project|employment_record,0.8,Express.js — Intermediate — Project Evidence,2
C0199,SK027,SQL,Advanced,3,resume,0.6,SQL — Advanced — Resume Only,3
C0199,SK017,REST API,Basic,1,project,0.76,REST API — Basic — Project Evidence,1
C0199,SK067,Project Management,Advanced,3,resume,0.6,Project Management — Advanced — Resume Only,3
C0200,SK071,AutoCAD,Advanced,3,verified_credential|assessment|project|resume,0.99,AutoCAD — Advanced — Certificate Verified,3
C0200,SK070,Electrical Wiring,Advanced,3,verified_credential|assessment|resume,0.99,Electrical Wiring — Advanced — Certificate Verified,2
C0201,SK003,JavaScript,Intermediate,2,resume,0.6,JavaScript — Intermediate — Resume Only,2
C0201,SK022,React,Basic,1,resume,0.6,React — Basic — Resume Only,1
C0201,SK016,Express.js,Advanced,3,verified_credential|assessment|resume,0.99,Express.js — Advanced — Certificate Verified,3
C0201,SK017,REST API,Basic,1,assessment|resume,0.9,REST API — Basic — Assessment Verified,1
C0202,SK002,Python,Basic,1,project|employment_record|resume,0.82,Python — Basic — Project Evidence,1
C0202,SK041,Statistics,Intermediate,2,verified_credential|project|resume,0.99,Statistics — Intermediate — Certificate Verified,2
C0202,SK043,Data Visualization,Basic,1,verified_credential|employment_record|resume,0.99,Data Visualization — Basic — Certificate Verified,1
C0202,SK042,Data Analysis,Advanced,3,assessment|resume,0.9,Data Analysis — Advanced — Assessment Verified,3
C0203,SK056,Unit Testing,Basic,1,assessment|project,0.9,Unit Testing — Basic — Assessment Verified,1
C0203,SK058,Selenium,Basic,1,verified_credential|assessment|project|resume,0.99,Selenium — Basic — Certificate Verified,1
C0203,SK057,JUnit,Basic,1,assessment|resume,0.9,JUnit — Basic — Assessment Verified,1
C0204,SK001,Java,Intermediate,2,assessment|project,0.9,Java — Intermediate — Assessment Verified,2
C0204,SK017,REST API,Basic,1,assessment|resume,0.9,REST API — Basic — Assessment Verified,1
C0204,SK060,Flutter,Basic,1,assessment|resume,0.9,Flutter — Basic — Assessment Verified,1
C0204,SK065,Teamwork,Advanced,3,resume,0.6,Teamwork — Advanced — Resume Only,3
C0204,SK067,Project Management,Advanced,3,resume,0.6,Project Management — Advanced — Resume Only,3
C0204,SK002,Python,Intermediate,2,self_declared,0.4,Python — Intermediate — Self-Declared,2
C0205,SK027,SQL,Basic,1,resume,0.6,SQL — Basic — Resume Only,1
C0205,SK046,Excel,Basic,1,resume,0.6,Excel — Basic — Resume Only,1
C0205,SK044,Power BI,Basic,1,resume,0.6,Power BI — Basic — Resume Only,1
C0205,SK065,Teamwork,Intermediate,2,resume,0.6,Teamwork — Intermediate — Resume Only,1
C0206,SK002,Python,Basic,1,assessment|project|resume,0.92,Python — Basic — Assessment Verified,1
C0206,SK044,Power BI,Basic,1,assessment|project|resume,0.92,Power BI — Basic — Assessment Verified,1
C0206,SK039,Pandas,Basic,1,assessment|project|resume,0.92,Pandas — Basic — Assessment Verified,1
C0207,SK003,JavaScript,Basic,1,verified_credential|resume,0.97,JavaScript — Basic — Certificate Verified,1
C0207,SK016,Express.js,Intermediate,2,verified_credential|project|resume,0.99,Express.js — Intermediate — Certificate Verified,2
C0207,SK047,Git,Advanced,3,verified_credential|employment_record|resume,0.99,Git — Advanced — Certificate Verified,3
C0207,SK064,Communication,Advanced,3,resume,0.6,Communication — Advanced — Resume Only,2
C0207,SK067,Project Management,Intermediate,2,resume,0.6,Project Management — Intermediate — Resume Only,1
C0208,SK002,Python,Basic,1,project|resume,0.78,Python — Basic — Project Evidence,1
C0208,SK033,Machine Learning,Basic,1,verified_credential|project|resume,0.99,Machine Learning — Basic — Certificate Verified,1
C0208,SK027,SQL,Basic,1,self_declared,0.4,SQL — Basic — Self-Declared,1
C0208,SK066,Problem Solving,Intermediate,2,self_declared,0.4,Problem Solving — Intermediate — Self-Declared,2
C0208,SK047,Git,Intermediate,2,assessment|project|employment_record,0.92,Git — Intermediate — Assessment Verified,2
C0209,SK010,Spring Boot,Basic,1,project|resume,0.78,Spring Boot — Basic — Project Evidence,1
C0209,SK027,SQL,Advanced,3,assessment|project|resume,0.92,SQL — Advanced — Assessment Verified,2
C0209,SK047,Git,Basic,1,verified_credential|resume,0.97,Git — Basic — Certificate Verified,1
C0209,SK011,Hibernate,Basic,1,project|resume,0.78,Hibernate — Basic — Project Evidence,1
C0209,SK019,Microservices,Basic,1,verified_credential|project,0.97,Microservices — Basic — Certificate Verified,1
C0209,SK048,Docker,Intermediate,2,resume,0.6,Docker — Intermediate — Resume Only,1
C0210,SK002,Python,Intermediate,2,project|resume,0.78,Python — Intermediate — Project Evidence,2
C0210,SK013,FastAPI,Basic,1,project|resume,0.78,FastAPI — Basic — Project Evidence,1
C0210,SK014,Flask,Intermediate,2,self_declared,0.4,Flask — Intermediate — Self-Declared,1
C0210,SK029,PostgreSQL,Basic,1,self_declared,0.4,PostgreSQL — Basic — Self-Declared,1
C0210,SK017,REST API,Basic,1,verified_credential|resume,0.97,REST API — Basic — Certificate Verified,1
C0210,SK032,Redis,Intermediate,2,verified_credential|resume,0.97,Redis — Intermediate — Certificate Verified,2
C0210,SK027,SQL,Basic,1,resume,0.6,SQL — Basic — Resume Only,1
C0210,SK064,Communication,Basic,1,resume,0.6,Communication — Basic — Resume Only,1
C0211,SK003,JavaScript,Intermediate,2,project|resume,0.78,JavaScript — Intermediate — Project Evidence,2
C0211,SK022,React,Basic,1,resume,0.6,React — Basic — Resume Only,1
C0211,SK020,HTML,Basic,1,resume,0.6,HTML — Basic — Resume Only,1
C0211,SK021,CSS,Basic,1,project|resume,0.78,CSS — Basic — Project Evidence,1
C0211,SK026,Tailwind CSS,Intermediate,2,self_declared,0.4,Tailwind CSS — Intermediate — Self-Declared,1
C0211,SK023,Next.js,Basic,1,self_declared,0.4,Next.js — Basic — Self-Declared,1
C0211,SK047,Git,Basic,1,project|resume,0.78,Git — Basic — Project Evidence,1
C0211,SK025,Vue.js,Basic,1,resume,0.6,Vue.js — Basic — Resume Only,1
C0211,SK055,Linux,Basic,1,employment_record|resume,0.8,Linux — Basic — Employment Record,1
C0212,SK027,SQL,Basic,1,project|resume,0.78,SQL — Basic — Project Evidence,1
C0212,SK046,Excel,Basic,1,resume,0.6,Excel — Basic — Resume Only,1
C0212,SK002,Python,Intermediate,2,project|resume,0.78,Python — Intermediate — Project Evidence,2
C0212,SK041,Statistics,Basic,1,resume,0.6,Statistics — Basic — Resume Only,1
C0212,SK065,Teamwork,Basic,1,resume,0.6,Teamwork — Basic — Resume Only,1
C0212,SK066,Problem Solving,Intermediate,2,resume,0.6,Problem Solving — Intermediate — Resume Only,1
C0213,SK003,JavaScript,Advanced,3,self_declared,0.4,JavaScript — Advanced — Self-Declared,3
C0213,SK022,React,Basic,1,assessment|project|employment_record|resume,0.94,React — Basic — Assessment Verified,2
C0213,SK015,Node.js,Advanced,3,verified_credential|assessment|resume,0.99,Node.js — Advanced — Certificate Verified,3
C0213,SK016,Express.js,Advanced,3,resume,0.6,Express.js — Advanced — Resume Only,2
C0213,SK027,SQL,Intermediate,2,employment_record|resume,0.8,SQL — Intermediate — Employment Record,2
C0213,SK017,REST API,Advanced,3,assessment|employment_record|resume,0.92,REST API — Advanced — Assessment Verified,3
C0213,SK048,Docker,Advanced,3,resume,0.6,Docker — Advanced — Resume Only,3
C0214,SK002,Python,Basic,1,employment_record|resume,0.8,Python — Basic — Employment Record,1
C0214,SK012,Django,Basic,1,verified_credential|employment_record|resume,0.99,Django — Basic — Certificate Verified,1
C0214,SK013,FastAPI,Advanced,3,resume,0.6,FastAPI — Advanced — Resume Only,3
C0214,SK014,Flask,Basic,1,verified_credential|project|resume,0.99,Flask — Basic — Certificate Verified,1
C0214,SK017,REST API,Intermediate,2,verified_credential|employment_record|resume,0.99,REST API — Intermediate — Certificate Verified,2
C0214,SK048,Docker,Advanced,3,verified_credential|resume,0.97,Docker — Advanced — Certificate Verified,3
C0214,SK047,Git,Intermediate,2,project|employment_record|resume,0.82,Git — Intermediate — Project Evidence,2
C0214,SK027,SQL,Intermediate,2,project|employment_record|resume,0.82,SQL — Intermediate — Project Evidence,2
C0214,SK065,Teamwork,Intermediate,2,resume,0.6,Teamwork — Intermediate — Resume Only,2
C0215,SK040,NumPy,Basic,1,resume,0.6,NumPy — Basic — Resume Only,1
C0215,SK041,Statistics,Basic,1,resume,0.6,Statistics — Basic — Resume Only,1
C0215,SK037,TensorFlow,Basic,1,assessment|project|employment_record,0.92,TensorFlow — Basic — Assessment Verified,1
C0215,SK035,NLP,Basic,1,project|resume,0.78,NLP — Basic — Project Evidence,1
C0215,SK046,Excel,Basic,1,verified_credential|resume,0.97,Excel — Basic — Certificate Verified,1
C0216,SK046,Excel,Intermediate,2,verified_credential|resume,0.97,Excel — Intermediate — Certificate Verified,2
C0216,SK002,Python,Basic,1,verified_credential|project|resume,0.99,Python — Basic — Certificate Verified,1
C0216,SK041,Statistics,Basic,1,assessment,0.88,Statistics — Basic — Assessment Verified,1
C0216,SK065,Teamwork,Basic,1,resume,0.6,Teamwork — Basic — Resume Only,1
C0217,SK046,Excel,Basic,1,verified_credential|assessment|resume,0.99,Excel — Basic — Certificate Verified,1
C0217,SK002,Python,Intermediate,2,assessment|project|resume,0.92,Python — Intermediate — Assessment Verified,1
C0217,SK042,Data Analysis,Basic,1,assessment|project,0.9,Data Analysis — Basic — Assessment Verified,1
C0217,SK055,Linux,Basic,1,verified_credential|assessment|project|resume,0.99,Linux — Basic — Certificate Verified,1
C0218,SK001,Java,Intermediate,2,resume,0.6,Java — Intermediate — Resume Only,2
C0218,SK027,SQL,Basic,1,assessment|project,0.9,SQL — Basic — Assessment Verified,1
C0218,SK017,REST API,Basic,1,project|resume,0.78,REST API — Basic — Project Evidence,1
C0218,SK028,MySQL,Intermediate,2,project|resume,0.78,MySQL — Intermediate — Project Evidence,2
C0218,SK011,Hibernate,Basic,1,project|resume,0.78,Hibernate — Basic — Project Evidence,1
C0218,SK057,JUnit,Basic,1,resume,0.6,JUnit — Basic — Resume Only,1
C0218,SK064,Communication,Basic,1,resume,0.6,Communication — Basic — Resume Only,1
C0218,SK048,Docker,Intermediate,2,resume,0.6,Docker — Intermediate — Resume Only,1
C0219,SK003,JavaScript,Advanced,3,verified_credential|resume,0.97,JavaScript — Advanced — Certificate Verified,3
C0219,SK022,React,Advanced,3,verified_credential|project|resume,0.99,React — Advanced — Certificate Verified,3
C0219,SK020,HTML,Advanced,3,project|resume,0.78,HTML — Advanced — Project Evidence,3
C0219,SK021,CSS,Advanced,3,verified_credential|project|employment_record|resume,0.99,CSS — Advanced — Certificate Verified,3
C0219,SK004,TypeScript,Advanced,3,project|employment_record|resume,0.82,TypeScript — Advanced — Project Evidence,3
C0219,SK024,Angular,Intermediate,2,project|employment_record|resume,0.82,Angular — Intermediate — Project Evidence,2
C0219,SK025,Vue.js,Advanced,3,verified_credential|employment_record|resume,0.99,Vue.js — Advanced — Certificate Verified,3
C0219,SK067,Project Management,Advanced,3,resume,0.6,Project Management — Advanced — Resume Only,3
C0219,SK066,Problem Solving,Intermediate,2,self_declared,0.4,Problem Solving — Intermediate — Self-Declared,2
C0220,SK010,Spring Boot,Advanced,3,employment_record|resume,0.8,Spring Boot — Advanced — Employment Record,3
C0220,SK017,REST API,Intermediate,2,verified_credential|project|resume,0.99,REST API — Intermediate — Certificate Verified,2
C0220,SK028,MySQL,Advanced,3,verified_credential|employment_record|resume,0.99,MySQL — Advanced — Certificate Verified,3
C0220,SK047,Git,Intermediate,2,verified_credential|assessment|resume,0.99,Git — Intermediate — Certificate Verified,3
C0220,SK048,Docker,Advanced,3,resume,0.6,Docker — Advanced — Resume Only,3
C0220,SK002,Python,Advanced,3,verified_credential|project|resume,0.99,Python — Advanced — Certificate Verified,3
C0221,SK012,Django,Intermediate,2,employment_record|resume,0.8,Django — Intermediate — Employment Record,2
C0221,SK014,Flask,Intermediate,2,employment_record|resume,0.8,Flask — Intermediate — Employment Record,2
C0221,SK029,PostgreSQL,Advanced,3,assessment|project|employment_record|resume,0.94,PostgreSQL — Advanced — Assessment Verified,3
C0221,SK017,REST API,Intermediate,2,project|employment_record|resume,0.82,REST API — Intermediate — Project Evidence,2
C0221,SK047,Git,Intermediate,2,project|employment_record|resume,0.82,Git — Intermediate — Project Evidence,2
C0221,SK067,Project Management,Advanced,3,resume,0.6,Project Management — Advanced — Resume Only,2
C0222,SK003,JavaScript,Advanced,3,self_declared,0.4,JavaScript — Advanced — Self-Declared,2
C0222,SK020,HTML,Intermediate,2,assessment|project|resume,0.92,HTML — Intermediate — Assessment Verified,1
C0222,SK023,Next.js,Intermediate,2,project|resume,0.78,Next.js — Intermediate — Project Evidence,2
C0222,SK024,Angular,Basic,1,resume,0.6,Angular — Basic — Resume Only,1
C0223,SK009,Kotlin,Basic,1,project|resume,0.78,Kotlin — Basic — Project Evidence,1
C0223,SK001,Java,Basic,1,project|resume,0.78,Java — Basic — Project Evidence,1
C0223,SK059,Android Development,Basic,1,resume,0.6,Android Development — Basic — Resume Only,1
C0223,SK017,REST API,Intermediate,2,project|resume,0.78,REST API — Intermediate — Project Evidence,2
C0223,SK047,Git,Basic,1,project|resume,0.78,Git — Basic — Project Evidence,1
C0223,SK060,Flutter,Basic,1,project|resume,0.78,Flutter — Basic — Project Evidence,1
C0224,SK061,Cybersecurity,Basic,1,verified_credential|project|resume,0.99,Cybersecurity — Basic — Certificate Verified,1
C0224,SK062,Network Security,Intermediate,2,verified_credential|project|resume,0.99,Network Security — Intermediate — Certificate Verified,2
C0224,SK063,Networking,Intermediate,2,project|resume,0.78,Networking — Intermediate — Project Evidence,2
C0224,SK055,Linux,Basic,1,assessment|resume,0.9,Linux — Basic — Assessment Verified,1
C0224,SK002,Python,Basic,1,assessment|resume,0.9,Python — Basic — Assessment Verified,1
C0225,SK056,Unit Testing,Basic,1,resume,0.6,Unit Testing — Basic — Resume Only,1
C0225,SK027,SQL,Basic,1,verified_credential|assessment|project|resume,0.99,SQL — Basic — Certificate Verified,1
C0225,SK057,JUnit,Basic,1,resume,0.6,JUnit — Basic — Resume Only,1
C0226,SK027,SQL,Intermediate,2,project|resume,0.78,SQL — Intermediate — Project Evidence,2
C0226,SK002,Python,Basic,1,self_declared,0.4,Python — Basic — Self-Declared,1
C0226,SK044,Power BI,Intermediate,2,resume,0.6,Power BI — Intermediate — Resume Only,1
C0226,SK045,Tableau,Basic,1,verified_credential|resume,0.97,Tableau — Basic — Certificate Verified,1
C0226,SK041,Statistics,Basic,1,assessment|project|resume,0.92,Statistics — Basic — Assessment Verified,1
C0226,SK039,Pandas,Intermediate,2,project|resume,0.78,Pandas — Intermediate — Project Evidence,2
C0226,SK043,Data Visualization,Basic,1,self_declared,0.4,Data Visualization — Basic — Self-Declared,1
C0227,SK027,SQL,Intermediate,2,resume,0.6,SQL — Intermediate — Resume Only,2
C0227,SK046,Excel,Intermediate,2,resume,0.6,Excel — Intermediate — Resume Only,2
C0227,SK044,Power BI,Basic,1,verified_credential|project|resume,0.99,Power BI — Basic — Certificate Verified,1
C0227,SK045,Tableau,Basic,1,assessment|project|employment_record|resume,0.94,Tableau — Basic — Assessment Verified,1
C0227,SK041,Statistics,Basic,1,verified_credential|project|employment_record|resume,0.99,Statistics — Basic — Certificate Verified,1
C0227,SK039,Pandas,Basic,1,employment_record|resume,0.8,Pandas — Basic — Employment Record,1
C0227,SK043,Data Visualization,Intermediate,2,verified_credential|employment_record|resume,0.99,Data Visualization — Intermediate — Certificate Verified,2
C0227,SK067,Project Management,Basic,1,self_declared,0.4,Project Management — Basic — Self-Declared,1
C0227,SK047,Git,Intermediate,2,resume,0.6,Git — Intermediate — Resume Only,2
C0228,SK048,Docker,Intermediate,2,project|resume,0.78,Docker — Intermediate — Project Evidence,2
C0228,SK050,AWS,Intermediate,2,project|resume,0.78,AWS — Intermediate — Project Evidence,2
C0228,SK053,CI/CD,Intermediate,2,project|employment_record|resume,0.82,CI/CD — Intermediate — Project Evidence,2
C0228,SK027,SQL,Advanced,3,verified_credential|resume,0.97,SQL — Advanced — Certificate Verified,3
C0229,SK003,JavaScript,Basic,1,resume,0.6,JavaScript — Basic — Resume Only,1
C0229,SK022,React,Basic,1,project|resume,0.78,React — Basic — Project Evidence,1
C0229,SK020,HTML,Basic,1,resume,0.6,HTML — Basic — Resume Only,1
C0229,SK004,TypeScript,Basic,1,resume,0.6,TypeScript — Basic — Resume Only,1
C0229,SK026,Tailwind CSS,Intermediate,2,verified_credential|assessment|resume,0.99,Tailwind CSS — Intermediate — Certificate Verified,1
C0229,SK023,Next.js,Basic,1,verified_credential|resume,0.97,Next.js — Basic — Certificate Verified,1
C0229,SK024,Angular,Intermediate,2,resume,0.6,Angular — Intermediate — Resume Only,2
C0229,SK025,Vue.js,Intermediate,2,project|resume,0.78,Vue.js — Intermediate — Project Evidence,2
C0229,SK065,Teamwork,Basic,1,resume,0.6,Teamwork — Basic — Resume Only,1
C0230,SK002,Python,Basic,1,verified_credential|project|resume,0.99,Python — Basic — Certificate Verified,1
C0230,SK033,Machine Learning,Basic,1,resume,0.6,Machine Learning — Basic — Resume Only,1
C0230,SK036,Scikit-learn,Basic,1,resume,0.6,Scikit-learn — Basic — Resume Only,1
C0230,SK039,Pandas,Basic,1,resume,0.6,Pandas — Basic — Resume Only,1
C0230,SK040,NumPy,Basic,1,verified_credential|resume,0.97,NumPy — Basic — Certificate Verified,1
C0230,SK041,Statistics,Basic,1,project|resume,0.78,Statistics — Basic — Project Evidence,1
C0230,SK034,Deep Learning,Basic,1,resume,0.6,Deep Learning — Basic — Resume Only,1
C0231,SK009,Kotlin,Advanced,3,verified_credential|resume,0.97,Kotlin — Advanced — Certificate Verified,3
C0231,SK001,Java,Advanced,3,verified_credential|employment_record|resume,0.99,Java — Advanced — Certificate Verified,3
C0231,SK059,Android Development,Intermediate,2,verified_credential|project|resume,0.99,Android Development — Intermediate — Certificate Verified,2
C0231,SK064,Communication,Advanced,3,resume,0.6,Communication — Advanced — Resume Only,2
C0232,SK001,Java,Basic,1,resume,0.6,Java — Basic — Resume Only,1
C0232,SK027,SQL,Basic,1,self_declared,0.4,SQL — Basic — Self-Declared,1
C0232,SK017,REST API,Basic,1,resume,0.6,REST API — Basic — Resume Only,1
C0232,SK028,MySQL,Basic,1,verified_credential|project|resume,0.99,MySQL — Basic — Certificate Verified,1
C0232,SK019,Microservices,Basic,1,verified_credential|project|resume,0.99,Microservices — Basic — Certificate Verified,1
C0232,SK064,Communication,Intermediate,2,resume,0.6,Communication — Intermediate — Resume Only,1
C0233,SK029,PostgreSQL,Advanced,3,assessment|project|resume,0.92,PostgreSQL — Advanced — Assessment Verified,3
C0233,SK017,REST API,Basic,1,assessment|employment_record,0.9,REST API — Basic — Assessment Verified,1
C0233,SK032,Redis,Intermediate,2,assessment|project|resume,0.92,Redis — Intermediate — Assessment Verified,2
C0233,SK048,Docker,Intermediate,2,assessment|employment_record|resume,0.92,Docker — Intermediate — Assessment Verified,2
C0234,SK061,Cybersecurity,Intermediate,2,assessment|project|employment_record|resume,0.94,Cybersecurity — Intermediate — Assessment Verified,2
C0234,SK062,Network Security,Advanced,3,verified_credential|project|resume,0.99,Network Security — Advanced — Certificate Verified,3
C0234,SK055,Linux,Intermediate,2,verified_credential|assessment|project|resume,0.99,Linux — Intermediate — Certificate Verified,2
C0234,SK002,Python,Basic,1,assessment|project|resume,0.92,Python — Basic — Assessment Verified,1
C0234,SK048,Docker,Intermediate,2,assessment|project|resume,0.92,Docker — Intermediate — Assessment Verified,3
C0235,SK001,Java,Basic,1,project|resume,0.78,Java — Basic — Project Evidence,1
C0235,SK027,SQL,Intermediate,2,resume,0.6,SQL — Intermediate — Resume Only,2
C0235,SK028,MySQL,Basic,1,self_declared,0.4,MySQL — Basic — Self-Declared,1
C0235,SK067,Project Management,Intermediate,2,resume,0.6,Project Management — Intermediate — Resume Only,2
C0235,SK064,Communication,Basic,1,resume,0.6,Communication — Basic — Resume Only,1
C0235,SK047,Git,Intermediate,2,verified_credential|resume,0.97,Git — Intermediate — Certificate Verified,2
C0236,SK002,Python,Basic,1,resume,0.6,Python — Basic — Resume Only,1
C0236,SK033,Machine Learning,Intermediate,2,resume,0.6,Machine Learning — Intermediate — Resume Only,1
C0236,SK036,Scikit-learn,Basic,1,project|resume,0.78,Scikit-learn — Basic — Project Evidence,1
C0236,SK039,Pandas,Basic,1,project|resume,0.78,Pandas — Basic — Project Evidence,1
C0236,SK040,NumPy,Intermediate,2,project|resume,0.78,NumPy — Intermediate — Project Evidence,2
C0236,SK035,NLP,Intermediate,2,resume,0.6,NLP — Intermediate — Resume Only,2
C0236,SK027,SQL,Intermediate,2,assessment|project|resume,0.92,SQL — Intermediate — Assessment Verified,1
C0237,SK001,Java,Advanced,3,project|resume,0.78,Java — Advanced — Project Evidence,3
C0237,SK017,REST API,Advanced,3,employment_record|resume,0.8,REST API — Advanced — Employment Record,3
C0237,SK028,MySQL,Intermediate,2,employment_record|resume,0.8,MySQL — Intermediate — Employment Record,2
C0237,SK047,Git,Advanced,3,project|employment_record|resume,0.82,Git — Advanced — Project Evidence,3
C0237,SK066,Problem Solving,Advanced,3,resume,0.6,Problem Solving — Advanced — Resume Only,3
C0238,SK027,SQL,Basic,1,resume,0.6,SQL — Basic — Resume Only,1
C0238,SK046,Excel,Basic,1,resume,0.6,Excel — Basic — Resume Only,1
C0238,SK002,Python,Intermediate,2,project|resume,0.78,Python — Intermediate — Project Evidence,2
C0238,SK044,Power BI,Intermediate,2,assessment|resume,0.9,Power BI — Intermediate — Assessment Verified,2
C0238,SK045,Tableau,Intermediate,2,assessment|resume,0.9,Tableau — Intermediate — Assessment Verified,2
C0238,SK039,Pandas,Basic,1,assessment|project|resume,0.92,Pandas — Basic — Assessment Verified,1
C0238,SK043,Data Visualization,Intermediate,2,project|resume,0.78,Data Visualization — Intermediate — Project Evidence,2
C0238,SK065,Teamwork,Basic,1,resume,0.6,Teamwork — Basic — Resume Only,1
C0238,SK064,Communication,Basic,1,resume,0.6,Communication — Basic — Resume Only,1
C0239,SK020,HTML,Basic,1,resume,0.6,HTML — Basic — Resume Only,1
C0239,SK021,CSS,Basic,1,verified_credential|project|resume,0.99,CSS — Basic — Certificate Verified,1
C0239,SK004,TypeScript,Intermediate,2,verified_credential|resume,0.97,TypeScript — Intermediate — Certificate Verified,2
C0239,SK023,Next.js,Basic,1,project|resume,0.78,Next.js — Basic — Project Evidence,1
C0239,SK047,Git,Intermediate,2,project,0.76,Git — Intermediate — Project Evidence,2
C0239,SK024,Angular,Intermediate,2,resume,0.6,Angular — Intermediate — Resume Only,1
C0239,SK066,Problem Solving,Basic,1,self_declared,0.4,Problem Solving — Basic — Self-Declared,1
C0239,SK064,Communication,Basic,1,resume,0.6,Communication — Basic — Resume Only,1
C0239,SK046,Excel,Basic,1,project|resume,0.78,Excel — Basic — Project Evidence,1
C0240,SK002,Python,Advanced,3,project|resume,0.78,Python — Advanced — Project Evidence,3
C0240,SK012,Django,Advanced,3,self_declared,0.4,Django — Advanced — Self-Declared,3
C0240,SK013,FastAPI,Intermediate,2,project|resume,0.78,FastAPI — Intermediate — Project Evidence,2
C0240,SK017,REST API,Advanced,3,resume,0.6,REST API — Advanced — Resume Only,3
C0240,SK032,Redis,Advanced,3,project|employment_record|resume,0.82,Redis — Advanced — Project Evidence,3
C0240,SK048,Docker,Advanced,3,resume,0.6,Docker — Advanced — Resume Only,3
C0240,SK067,Project Management,Advanced,3,self_declared,0.4,Project Management — Advanced — Self-Declared,3
C0241,SK056,Unit Testing,Intermediate,2,assessment|project|resume,0.92,Unit Testing — Intermediate — Assessment Verified,2
C0241,SK058,Selenium,Intermediate,2,resume,0.6,Selenium — Intermediate — Resume Only,2
C0241,SK057,JUnit,Intermediate,2,assessment|project|resume,0.92,JUnit — Intermediate — Assessment Verified,2
C0241,SK002,Python,Advanced,3,project|employment_record,0.8,Python — Advanced — Project Evidence,3
C0241,SK053,CI/CD,Intermediate,2,employment_record|resume,0.8,CI/CD — Intermediate — Employment Record,2
C0242,SK001,Java,Intermediate,2,resume,0.6,Java — Intermediate — Resume Only,2
C0242,SK010,Spring Boot,Intermediate,2,employment_record|resume,0.8,Spring Boot — Intermediate — Employment Record,2
C0242,SK027,SQL,Advanced,3,project|employment_record|resume,0.82,SQL — Advanced — Project Evidence,3
C0242,SK017,REST API,Intermediate,2,project|resume,0.78,REST API — Intermediate — Project Evidence,2
C0242,SK047,Git,Intermediate,2,assessment|project|resume,0.92,Git — Intermediate — Assessment Verified,2
C0242,SK011,Hibernate,Basic,1,resume,0.6,Hibernate — Basic — Resume Only,1
C0242,SK019,Microservices,Basic,1,employment_record|resume,0.8,Microservices — Basic — Employment Record,1
C0242,SK064,Communication,Basic,1,resume,0.6,Communication — Basic — Resume Only,1
C0243,SK003,JavaScript,Basic,1,verified_credential|resume,0.97,JavaScript — Basic — Certificate Verified,1
C0243,SK022,React,Basic,1,verified_credential,0.95,React — Basic — Certificate Verified,1
C0243,SK031,MongoDB,Intermediate,2,resume,0.6,MongoDB — Intermediate — Resume Only,1
C0243,SK017,REST API,Basic,1,project|resume,0.78,REST API — Basic — Project Evidence,1
C0243,SK047,Git,Basic,1,resume,0.6,Git — Basic — Resume Only,1
C0243,SK048,Docker,Basic,1,verified_credential|resume,0.97,Docker — Basic — Certificate Verified,1
C0243,SK064,Communication,Basic,1,resume,0.6,Communication — Basic — Resume Only,1
C0243,SK067,Project Management,Basic,1,resume,0.6,Project Management — Basic — Resume Only,1
C0244,SK003,JavaScript,Basic,1,project|resume,0.78,JavaScript — Basic — Project Evidence,1
C0244,SK022,React,Basic,1,resume,0.6,React — Basic — Resume Only,1
C0244,SK020,HTML,Basic,1,self_declared,0.4,HTML — Basic — Self-Declared,1
C0244,SK021,CSS,Basic,1,assessment|project|resume,0.92,CSS — Basic — Assessment Verified,1
C0244,SK004,TypeScript,Basic,1,project|resume,0.78,TypeScript — Basic — Project Evidence,1
C0244,SK026,Tailwind CSS,Basic,1,project|resume,0.78,Tailwind CSS — Basic — Project Evidence,1
C0244,SK023,Next.js,Basic,1,project|resume,0.78,Next.js — Basic — Project Evidence,1
C0244,SK024,Angular,Basic,1,assessment|project|resume,0.92,Angular — Basic — Assessment Verified,1
C0244,SK067,Project Management,Intermediate,2,resume,0.6,Project Management — Intermediate — Resume Only,1
C0244,SK064,Communication,Basic,1,resume,0.6,Communication — Basic — Resume Only,1
C0244,SK046,Excel,Basic,1,assessment|project|resume,0.92,Excel — Basic — Assessment Verified,1
C0245,SK002,Python,Basic,1,verified_credential|resume,0.97,Python — Basic — Certificate Verified,1
C0245,SK036,Scikit-learn,Basic,1,verified_credential|project|resume,0.99,Scikit-learn — Basic — Certificate Verified,1
C0245,SK041,Statistics,Basic,1,verified_credential|resume,0.97,Statistics — Basic — Certificate Verified,1
C0245,SK066,Problem Solving,Basic,1,resume,0.6,Problem Solving — Basic — Resume Only,1
C0245,SK065,Teamwork,Intermediate,2,resume,0.6,Teamwork — Intermediate — Resume Only,2
C0246,SK002,Python,Basic,1,verified_credential|project|resume,0.99,Python — Basic — Certificate Verified,1
C0246,SK044,Power BI,Basic,1,project|resume,0.78,Power BI — Basic — Project Evidence,1
C0246,SK039,Pandas,Basic,1,assessment|resume,0.9,Pandas — Basic — Assessment Verified,1
C0246,SK042,Data Analysis,Intermediate,2,verified_credential|resume,0.97,Data Analysis — Intermediate — Certificate Verified,2
C0246,SK064,Communication,Basic,1,resume,0.6,Communication — Basic — Resume Only,1
C0247,SK055,Linux,Basic,1,project|resume,0.78,Linux — Basic — Project Evidence,1
C0247,SK048,Docker,Intermediate,2,verified_credential|assessment|project|resume,0.99,Docker — Intermediate — Certificate Verified,3
C0247,SK049,Kubernetes,Advanced,3,verified_credential|resume,0.97,Kubernetes — Advanced — Certificate Verified,3
C0247,SK050,AWS,Intermediate,2,project|employment_record,0.8,AWS — Intermediate — Project Evidence,2
C0247,SK053,CI/CD,Intermediate,2,assessment|project|employment_record|resume,0.94,CI/CD — Intermediate — Assessment Verified,2
C0247,SK054,Jenkins,Basic,1,assessment|employment_record|resume,0.92,Jenkins — Basic — Assessment Verified,1
C0247,SK047,Git,Intermediate,2,project|employment_record|resume,0.82,Git — Intermediate — Project Evidence,2
C0247,SK002,Python,Intermediate,2,project|employment_record|resume,0.82,Python — Intermediate — Project Evidence,2
C0247,SK066,Problem Solving,Advanced,3,resume,0.6,Problem Solving — Advanced — Resume Only,2
C0247,SK064,Communication,Intermediate,2,resume,0.6,Communication — Intermediate — Resume Only,2
C0248,SK001,Java,Advanced,3,resume,0.6,Java — Advanced — Resume Only,2
C0248,SK059,Android Development,Basic,1,project|resume,0.78,Android Development — Basic — Project Evidence,1
C0248,SK060,Flutter,Basic,1,resume,0.6,Flutter — Basic — Resume Only,1
C0248,SK065,Teamwork,Basic,1,resume,0.6,Teamwork — Basic — Resume Only,1
C0248,SK066,Problem Solving,Basic,1,self_declared,0.4,Problem Solving — Basic — Self-Declared,1
C0249,SK068,CNC Machining,Basic,1,verified_credential|resume,0.97,CNC Machining — Basic — Certificate Verified,1
C0249,SK072,PLC Programming,Intermediate,2,verified_credential|assessment|project|employment_record|resume,0.99,PLC Programming — Intermediate — Certificate Verified,2
C0249,SK067,Project Management,Advanced,3,resume,0.6,Project Management — Advanced — Resume Only,3
C0249,SK065,Teamwork,Basic,1,resume,0.6,Teamwork — Basic — Resume Only,1
C0250,SK013,FastAPI,Basic,1,verified_credential|assessment|employment_record|resume,0.99,FastAPI — Basic — Certificate Verified,1
C0250,SK014,Flask,Basic,1,assessment|project|employment_record|resume,0.94,Flask — Basic — Assessment Verified,1
C0250,SK029,PostgreSQL,Intermediate,2,verified_credential|assessment|resume,0.99,PostgreSQL — Intermediate — Certificate Verified,1
C0250,SK017,REST API,Basic,1,assessment|project|resume,0.92,REST API — Basic — Assessment Verified,1
C0250,SK048,Docker,Basic,1,project|employment_record|resume,0.82,Docker — Basic — Project Evidence,1
C0250,SK027,SQL,Basic,1,employment_record|resume,0.8,SQL — Basic — Employment Record,1
C0251,SK003,JavaScript,Basic,1,verified_credential|project|resume,0.99,JavaScript — Basic — Certificate Verified,1
C0251,SK015,Node.js,Intermediate,2,resume,0.6,Node.js — Intermediate — Resume Only,1
C0251,SK016,Express.js,Basic,1,verified_credential|project|resume,0.99,Express.js — Basic — Certificate Verified,1
C0251,SK031,MongoDB,Basic,1,verified_credential|resume,0.97,MongoDB — Basic — Certificate Verified,1
C0251,SK027,SQL,Basic,1,verified_credential|project|resume,0.99,SQL — Basic — Certificate Verified,1
C0251,SK017,REST API,Basic,1,verified_credential|project|resume,0.99,REST API — Basic — Certificate Verified,1
C0251,SK004,TypeScript,Basic,1,project|resume,0.78,TypeScript — Basic — Project Evidence,1
C0251,SK066,Problem Solving,Intermediate,2,resume,0.6,Problem Solving — Intermediate — Resume Only,1
C0252,SK002,Python,Intermediate,2,assessment|project|resume,0.92,Python — Intermediate — Assessment Verified,1
C0252,SK033,Machine Learning,Basic,1,verified_credential|project|resume,0.99,Machine Learning — Basic — Certificate Verified,1
C0252,SK039,Pandas,Basic,1,verified_credential|project|resume,0.99,Pandas — Basic — Certificate Verified,1
C0252,SK040,NumPy,Basic,1,verified_credential|project|resume,0.99,NumPy — Basic — Certificate Verified,1
C0252,SK034,Deep Learning,Basic,1,self_declared,0.4,Deep Learning — Basic — Self-Declared,1
C0252,SK038,PyTorch,Basic,1,project|resume,0.78,PyTorch — Basic — Project Evidence,1
C0252,SK027,SQL,Basic,1,assessment|resume,0.9,SQL — Basic — Assessment Verified,1
C0253,SK003,JavaScript,Advanced,3,verified_credential|project|employment_record|resume,0.99,JavaScript — Advanced — Certificate Verified,3
C0253,SK022,React,Advanced,3,project|resume,0.78,React — Advanced — Project Evidence,3
C0253,SK015,Node.js,Advanced,3,resume,0.6,Node.js — Advanced — Resume Only,3
C0253,SK017,REST API,Advanced,3,verified_credential|employment_record|resume,0.99,REST API — Advanced — Certificate Verified,3
C0253,SK004,TypeScript,Advanced,3,assessment|project|employment_record|resume,0.94,TypeScript — Advanced — Assessment Verified,3
C0253,SK064,Communication,Advanced,3,resume,0.6,Communication — Advanced — Resume Only,3
C0253,SK065,Teamwork,Advanced,3,resume,0.6,Teamwork — Advanced — Resume Only,3
C0254,SK003,JavaScript,Intermediate,2,project|resume,0.78,JavaScript — Intermediate — Project Evidence,2
C0254,SK022,React,Basic,1,resume,0.6,React — Basic — Resume Only,1
C0254,SK016,Express.js,Basic,1,resume,0.6,Express.js — Basic — Resume Only,1
C0254,SK017,REST API,Basic,1,verified_credential|project|resume,0.99,REST API — Basic — Certificate Verified,1
C0254,SK065,Teamwork,Intermediate,2,resume,0.6,Teamwork — Intermediate — Resume Only,1
C0255,SK027,SQL,Intermediate,2,verified_credential|project|resume,0.99,SQL — Intermediate — Certificate Verified,2
C0255,SK046,Excel,Basic,1,verified_credential|resume,0.97,Excel — Basic — Certificate Verified,1
C0255,SK002,Python,Basic,1,resume,0.6,Python — Basic — Resume Only,1
C0255,SK044,Power BI,Basic,1,verified_credential|resume,0.97,Power BI — Basic — Certificate Verified,1
C0255,SK066,Problem Solving,Basic,1,resume,0.6,Problem Solving — Basic — Resume Only,1
C0255,SK065,Teamwork,Advanced,3,resume,0.6,Teamwork — Advanced — Resume Only,2
C0256,SK055,Linux,Intermediate,2,assessment|resume,0.9,Linux — Intermediate — Assessment Verified,2
C0256,SK049,Kubernetes,Intermediate,2,assessment|project|resume,0.92,Kubernetes — Intermediate — Assessment Verified,2
C0256,SK050,AWS,Advanced,3,resume,0.6,AWS — Advanced — Resume Only,3
C0256,SK053,CI/CD,Advanced,3,project|employment_record,0.8,CI/CD — Advanced — Project Evidence,3
C0256,SK054,Jenkins,Intermediate,2,project|employment_record|resume,0.82,Jenkins — Intermediate — Project Evidence,2
C0256,SK047,Git,Intermediate,2,resume,0.6,Git — Intermediate — Resume Only,2
C0256,SK065,Teamwork,Intermediate,2,resume,0.6,Teamwork — Intermediate — Resume Only,2
C0256,SK064,Communication,Intermediate,2,resume,0.6,Communication — Intermediate — Resume Only,2
C0257,SK001,Java,Advanced,3,verified_credential|assessment|resume,0.99,Java — Advanced — Certificate Verified,3
C0257,SK010,Spring Boot,Advanced,3,resume,0.6,Spring Boot — Advanced — Resume Only,3
C0257,SK027,SQL,Advanced,3,resume,0.6,SQL — Advanced — Resume Only,3
C0257,SK017,REST API,Advanced,3,assessment|project|resume,0.92,REST API — Advanced — Assessment Verified,3
C0257,SK028,MySQL,Intermediate,2,verified_credential|employment_record|resume,0.99,MySQL — Intermediate — Certificate Verified,2
C0257,SK047,Git,Advanced,3,resume,0.6,Git — Advanced — Resume Only,2
C0257,SK011,Hibernate,Advanced,3,employment_record|resume,0.8,Hibernate — Advanced — Employment Record,3
C0257,SK064,Communication,Advanced,3,self_declared,0.4,Communication — Advanced — Self-Declared,3
C0257,SK066,Problem Solving,Advanced,3,resume,0.6,Problem Solving — Advanced — Resume Only,3
C0258,SK002,Python,Intermediate,2,project|resume,0.78,Python — Intermediate — Project Evidence,2
C0258,SK012,Django,Basic,1,resume,0.6,Django — Basic — Resume Only,1
C0258,SK013,FastAPI,Intermediate,2,assessment|resume,0.9,FastAPI — Intermediate — Assessment Verified,1
C0258,SK014,Flask,Intermediate,2,self_declared,0.4,Flask — Intermediate — Self-Declared,1
C0258,SK032,Redis,Intermediate,2,resume,0.6,Redis — Intermediate — Resume Only,2
C0258,SK048,Docker,Basic,1,assessment|project|resume,0.92,Docker — Basic — Assessment Verified,1
C0258,SK066,Problem Solving,Basic,1,resume,0.6,Problem Solving — Basic — Resume Only,1
C0259,SK002,Python,Intermediate,2,self_declared,0.4,Python — Intermediate — Self-Declared,2
C0259,SK012,Django,Intermediate,2,assessment|employment_record|resume,0.92,Django — Intermediate — Assessment Verified,2
C0259,SK013,FastAPI,Basic,1,assessment|employment_record|resume,0.92,FastAPI — Basic — Assessment Verified,1
C0259,SK014,Flask,Basic,1,self_declared,0.4,Flask — Basic — Self-Declared,1
C0259,SK029,PostgreSQL,Intermediate,2,project|resume,0.78,PostgreSQL — Intermediate — Project Evidence,2
C0259,SK032,Redis,Intermediate,2,assessment|project|employment_record|resume,0.94,Redis — Intermediate — Assessment Verified,2
C0259,SK048,Docker,Intermediate,2,project|employment_record|resume,0.82,Docker — Intermediate — Project Evidence,2
C0259,SK047,Git,Intermediate,2,employment_record|resume,0.8,Git — Intermediate — Employment Record,2
C0259,SK064,Communication,Basic,1,resume,0.6,Communication — Basic — Resume Only,1
C0259,SK066,Problem Solving,Basic,1,resume,0.6,Problem Solving — Basic — Resume Only,1
C0260,SK002,Python,Advanced,3,employment_record|resume,0.8,Python — Advanced — Employment Record,3
C0260,SK013,FastAPI,Intermediate,2,resume,0.6,FastAPI — Intermediate — Resume Only,2
C0260,SK014,Flask,Basic,1,project|resume,0.78,Flask — Basic — Project Evidence,1
C0261,SK001,Java,Basic,1,assessment|project|employment_record|resume,0.94,Java — Basic — Assessment Verified,2
C0261,SK057,JUnit,Intermediate,2,assessment|project|resume,0.92,JUnit — Intermediate — Assessment Verified,2
C0261,SK002,Python,Intermediate,2,project|employment_record|resume,0.82,Python — Intermediate — Project Evidence,2
C0261,SK064,Communication,Basic,1,resume,0.6,Communication — Basic — Resume Only,1
C0261,SK048,Docker,Intermediate,2,employment_record|resume,0.8,Docker — Intermediate — Employment Record,2
C0262,SK003,JavaScript,Basic,1,employment_record,0.78,JavaScript — Basic — Employment Record,1
C0262,SK022,React,Intermediate,2,assessment|project|resume,0.92,React — Intermediate — Assessment Verified,2
C0262,SK021,CSS,Intermediate,2,self_declared,0.4,CSS — Intermediate — Self-Declared,2
C0262,SK004,TypeScript,Basic,1,assessment|resume,0.9,TypeScript — Basic — Assessment Verified,1
C0262,SK023,Next.js,Intermediate,2,project|resume,0.78,Next.js — Intermediate — Project Evidence,2
C0262,SK047,Git,Intermediate,2,assessment|project|employment_record|resume,0.94,Git — Intermediate — Assessment Verified,2
C0262,SK024,Angular,Intermediate,2,assessment|employment_record|resume,0.92,Angular — Intermediate — Assessment Verified,2
C0262,SK025,Vue.js,Intermediate,2,employment_record|resume,0.8,Vue.js — Intermediate — Employment Record,2
C0262,SK067,Project Management,Intermediate,2,resume,0.6,Project Management — Intermediate — Resume Only,1
C0262,SK065,Teamwork,Advanced,3,resume,0.6,Teamwork — Advanced — Resume Only,3
C0263,SK001,Java,Basic,1,assessment|employment_record|resume,0.92,Java — Basic — Assessment Verified,1
C0263,SK010,Spring Boot,Intermediate,2,verified_credential|resume,0.97,Spring Boot — Intermediate — Certificate Verified,2
C0263,SK027,SQL,Intermediate,2,verified_credential|resume,0.97,SQL — Intermediate — Certificate Verified,2
C0263,SK028,MySQL,Basic,1,resume,0.6,MySQL — Basic — Resume Only,1
C0263,SK047,Git,Intermediate,2,resume,0.6,Git — Intermediate — Resume Only,2
C0263,SK048,Docker,Advanced,3,resume,0.6,Docker — Advanced — Resume Only,3
C0264,SK027,SQL,Intermediate,2,assessment|project|employment_record|resume,0.94,SQL — Intermediate — Assessment Verified,2
C0264,SK002,Python,Basic,1,assessment,0.88,Python — Basic — Assessment Verified,1
C0264,SK039,Pandas,Basic,1,project,0.76,Pandas — Basic — Project Evidence,1
C0264,SK043,Data Visualization,Basic,1,project|employment_record|resume,0.82,Data Visualization — Basic — Project Evidence,1
C0265,SK003,JavaScript,Intermediate,2,resume,0.6,JavaScript — Intermediate — Resume Only,2
C0265,SK027,SQL,Basic,1,verified_credential|resume,0.97,SQL — Basic — Certificate Verified,1
C0265,SK048,Docker,Basic,1,verified_credential|project,0.97,Docker — Basic — Certificate Verified,1
C0265,SK065,Teamwork,Intermediate,2,resume,0.6,Teamwork — Intermediate — Resume Only,1
C0265,SK066,Problem Solving,Basic,1,resume,0.6,Problem Solving — Basic — Resume Only,1
C0266,SK003,JavaScript,Advanced,3,resume,0.6,JavaScript — Advanced — Resume Only,3
C0266,SK022,React,Advanced,3,self_declared,0.4,React — Advanced — Self-Declared,3
C0266,SK004,TypeScript,Intermediate,2,employment_record|resume,0.8,TypeScript — Intermediate — Employment Record,2
C0266,SK026,Tailwind CSS,Intermediate,2,resume,0.6,Tailwind CSS — Intermediate — Resume Only,2
C0266,SK023,Next.js,Advanced,3,employment_record|resume,0.8,Next.js — Advanced — Employment Record,3
C0266,SK024,Angular,Intermediate,2,resume,0.6,Angular — Intermediate — Resume Only,2
C0266,SK025,Vue.js,Advanced,3,employment_record|resume,0.8,Vue.js — Advanced — Employment Record,3
C0266,SK067,Project Management,Advanced,3,resume,0.6,Project Management — Advanced — Resume Only,3
C0266,SK055,Linux,Advanced,3,resume,0.6,Linux — Advanced — Resume Only,3
C0267,SK027,SQL,Basic,1,self_declared,0.4,SQL — Basic — Self-Declared,1
C0267,SK046,Excel,Intermediate,2,assessment|resume,0.9,Excel — Intermediate — Assessment Verified,2
C0267,SK039,Pandas,Basic,1,resume,0.6,Pandas — Basic — Resume Only,1
C0267,SK065,Teamwork,Basic,1,resume,0.6,Teamwork — Basic — Resume Only,1
C0268,SK002,Python,Intermediate,2,project|resume,0.78,Python — Intermediate — Project Evidence,2
C0268,SK012,Django,Intermediate,2,employment_record|resume,0.8,Django — Intermediate — Employment Record,2
C0268,SK013,FastAPI,Basic,1,verified_credential|resume,0.97,FastAPI — Basic — Certificate Verified,1
C0268,SK017,REST API,Intermediate,2,project|resume,0.78,REST API — Intermediate — Project Evidence,2
C0268,SK032,Redis,Intermediate,2,project|resume,0.78,Redis — Intermediate — Project Evidence,2
C0268,SK065,Teamwork,Intermediate,2,resume,0.6,Teamwork — Intermediate — Resume Only,2
C0268,SK064,Communication,Advanced,3,resume,0.6,Communication — Advanced — Resume Only,3
C0269,SK041,Statistics,Intermediate,2,verified_credential|assessment|resume,0.99,Statistics — Intermediate — Certificate Verified,2
C0269,SK039,Pandas,Basic,1,verified_credential|resume,0.97,Pandas — Basic — Certificate Verified,1
C0269,SK043,Data Visualization,Intermediate,2,assessment|project|resume,0.92,Data Visualization — Intermediate — Assessment Verified,2
C0269,SK064,Communication,Advanced,3,resume,0.6,Communication — Advanced — Resume Only,2
C0270,SK010,Spring Boot,Basic,1,verified_credential|resume,0.97,Spring Boot — Basic — Certificate Verified,1
C0270,SK027,SQL,Basic,1,verified_credential|project|resume,0.99,SQL — Basic — Certificate Verified,1
C0270,SK047,Git,Intermediate,2,resume,0.6,Git — Intermediate — Resume Only,2
C0270,SK048,Docker,Intermediate,2,self_declared,0.4,Docker — Intermediate — Self-Declared,2
C0270,SK066,Problem Solving,Intermediate,2,resume,0.6,Problem Solving — Intermediate — Resume Only,1
C0270,SK064,Communication,Intermediate,2,resume,0.6,Communication — Intermediate — Resume Only,2
C0271,SK068,CNC Machining,Basic,1,verified_credential|assessment|project|resume,0.99,CNC Machining — Basic — Certificate Verified,1
C0271,SK071,AutoCAD,Intermediate,2,verified_credential|project,0.97,AutoCAD — Intermediate — Certificate Verified,2
C0271,SK069,Welding,Basic,1,verified_credential|project|resume,0.99,Welding — Basic — Certificate Verified,1
C0272,SK001,Java,Basic,1,assessment|resume,0.9,Java — Basic — Assessment Verified,1
C0272,SK010,Spring Boot,Basic,1,verified_credential|assessment|resume,0.99,Spring Boot — Basic — Certificate Verified,1
C0272,SK027,SQL,Intermediate,2,project|resume,0.78,SQL — Intermediate — Project Evidence,2
C0272,SK028,MySQL,Basic,1,verified_credential|project|resume,0.99,MySQL — Basic — Certificate Verified,1
C0272,SK047,Git,Basic,1,assessment|project|resume,0.92,Git — Basic — Assessment Verified,1
C0272,SK011,Hibernate,Basic,1,project|resume,0.78,Hibernate — Basic — Project Evidence,1
C0272,SK019,Microservices,Basic,1,verified_credential|project|resume,0.99,Microservices — Basic — Certificate Verified,1
C0272,SK048,Docker,Basic,1,resume,0.6,Docker — Basic — Resume Only,1
C0272,SK066,Problem Solving,Intermediate,2,resume,0.6,Problem Solving — Intermediate — Resume Only,1
C0272,SK067,Project Management,Basic,1,resume,0.6,Project Management — Basic — Resume Only,1
C0273,SK041,Statistics,Intermediate,2,assessment|employment_record|resume,0.92,Statistics — Intermediate — Assessment Verified,2
C0273,SK037,TensorFlow,Advanced,3,verified_credential|assessment|employment_record,0.99,TensorFlow — Advanced — Certificate Verified,2
C0273,SK035,NLP,Intermediate,2,verified_credential|assessment|project|employment_record|resume,0.99,NLP — Intermediate — Certificate Verified,1
C0274,SK027,SQL,Intermediate,2,assessment|project|resume,0.92,SQL — Intermediate — Assessment Verified,2
C0274,SK046,Excel,Basic,1,resume,0.6,Excel — Basic — Resume Only,1
C0274,SK002,Python,Basic,1,assessment|project|resume,0.92,Python — Basic — Assessment Verified,1
C0274,SK044,Power BI,Basic,1,self_declared,0.4,Power BI — Basic — Self-Declared,1
C0274,SK045,Tableau,Basic,1,project|resume,0.78,Tableau — Basic — Project Evidence,1
C0274,SK041,Statistics,Basic,1,assessment|resume,0.9,Statistics — Basic — Assessment Verified,1
C0274,SK039,Pandas,Basic,1,self_declared,0.4,Pandas — Basic — Self-Declared,1
C0274,SK042,Data Analysis,Basic,1,project|resume,0.78,Data Analysis — Basic — Project Evidence,1
C0274,SK064,Communication,Basic,1,resume,0.6,Communication — Basic — Resume Only,1
C0274,SK067,Project Management,Basic,1,self_declared,0.4,Project Management — Basic — Self-Declared,1
C0275,SK012,Django,Intermediate,2,resume,0.6,Django — Intermediate — Resume Only,2
C0275,SK013,FastAPI,Basic,1,verified_credential,0.95,FastAPI — Basic — Certificate Verified,1
C0275,SK014,Flask,Basic,1,verified_credential|project|resume,0.99,Flask — Basic — Certificate Verified,1
C0275,SK032,Redis,Basic,1,verified_credential|resume,0.97,Redis — Basic — Certificate Verified,1
C0275,SK048,Docker,Basic,1,resume,0.6,Docker — Basic — Resume Only,1
C0276,SK055,Linux,Intermediate,2,project|employment_record|resume,0.82,Linux — Intermediate — Project Evidence,2
C0276,SK048,Docker,Intermediate,2,verified_credential|project|employment_record|resume,0.99,Docker — Intermediate — Certificate Verified,2
C0276,SK049,Kubernetes,Advanced,3,verified_credential|resume,0.97,Kubernetes — Advanced — Certificate Verified,3
C0276,SK050,AWS,Intermediate,2,verified_credential|employment_record|resume,0.99,AWS — Intermediate — Certificate Verified,2
C0276,SK053,CI/CD,Advanced,3,resume,0.6,CI/CD — Advanced — Resume Only,3
C0276,SK047,Git,Intermediate,2,verified_credential|assessment|resume,0.99,Git — Intermediate — Certificate Verified,2
C0276,SK002,Python,Intermediate,2,project|employment_record|resume,0.82,Python — Intermediate — Project Evidence,2
C0276,SK051,Azure,Advanced,3,verified_credential|resume,0.97,Azure — Advanced — Certificate Verified,3
C0276,SK065,Teamwork,Intermediate,2,resume,0.6,Teamwork — Intermediate — Resume Only,1
C0276,SK067,Project Management,Advanced,3,resume,0.6,Project Management — Advanced — Resume Only,2
C0277,SK055,Linux,Basic,1,assessment|employment_record|resume,0.92,Linux — Basic — Assessment Verified,1
C0277,SK049,Kubernetes,Intermediate,2,assessment|project|resume,0.92,Kubernetes — Intermediate — Assessment Verified,2
C0277,SK050,AWS,Intermediate,2,employment_record,0.78,AWS — Intermediate — Employment Record,2
C0277,SK053,CI/CD,Advanced,3,employment_record|resume,0.8,CI/CD — Advanced — Employment Record,3
C0277,SK054,Jenkins,Intermediate,2,project|employment_record|resume,0.82,Jenkins — Intermediate — Project Evidence,2
C0277,SK002,Python,Intermediate,2,assessment|resume,0.9,Python — Intermediate — Assessment Verified,1
C0277,SK051,Azure,Basic,1,project|resume,0.78,Azure — Basic — Project Evidence,1
C0277,SK066,Problem Solving,Intermediate,2,self_declared,0.4,Problem Solving — Intermediate — Self-Declared,2
C0277,SK064,Communication,Advanced,3,resume,0.6,Communication — Advanced — Resume Only,3
C0278,SK003,JavaScript,Intermediate,2,verified_credential|project|resume,0.99,JavaScript — Intermediate — Certificate Verified,2
C0278,SK015,Node.js,Advanced,3,self_declared,0.4,Node.js — Advanced — Self-Declared,2
C0278,SK027,SQL,Advanced,3,verified_credential|project|resume,0.99,SQL — Advanced — Certificate Verified,3
C0278,SK017,REST API,Advanced,3,assessment|project|employment_record,0.92,REST API — Advanced — Assessment Verified,3
C0278,SK064,Communication,Advanced,3,resume,0.6,Communication — Advanced — Resume Only,3
C0278,SK067,Project Management,Intermediate,2,self_declared,0.4,Project Management — Intermediate — Self-Declared,2
C0279,SK001,Java,Intermediate,2,resume,0.6,Java — Intermediate — Resume Only,2
C0279,SK010,Spring Boot,Basic,1,assessment|resume,0.9,Spring Boot — Basic — Assessment Verified,1
C0279,SK017,REST API,Basic,1,assessment|project|resume,0.92,REST API — Basic — Assessment Verified,1
C0279,SK047,Git,Basic,1,project|resume,0.78,Git — Basic — Project Evidence,1
C0279,SK011,Hibernate,Basic,1,project|resume,0.78,Hibernate — Basic — Project Evidence,1
C0279,SK019,Microservices,Basic,1,project|resume,0.78,Microservices — Basic — Project Evidence,1
C0279,SK048,Docker,Basic,1,resume,0.6,Docker — Basic — Resume Only,1
C0279,SK057,JUnit,Intermediate,2,project|resume,0.78,JUnit — Intermediate — Project Evidence,2
C0279,SK065,Teamwork,Intermediate,2,resume,0.6,Teamwork — Intermediate — Resume Only,2
C0280,SK062,Network Security,Basic,1,assessment|employment_record|resume,0.92,Network Security — Basic — Assessment Verified,1
C0280,SK063,Networking,Advanced,3,assessment|resume,0.9,Networking — Advanced — Assessment Verified,3
C0280,SK055,Linux,Intermediate,2,verified_credential|resume,0.97,Linux — Intermediate — Certificate Verified,2
C0280,SK027,SQL,Intermediate,2,project|resume,0.78,SQL — Intermediate — Project Evidence,2
C0281,SK056,Unit Testing,Advanced,3,project|resume,0.78,Unit Testing — Advanced — Project Evidence,3
C0281,SK058,Selenium,Intermediate,2,employment_record|resume,0.8,Selenium — Intermediate — Employment Record,2
C0281,SK001,Java,Basic,1,project|employment_record|resume,0.82,Java — Basic — Project Evidence,1
C0281,SK027,SQL,Advanced,3,resume,0.6,SQL — Advanced — Resume Only,2
C0281,SK047,Git,Basic,1,project|employment_record|resume,0.82,Git — Basic — Project Evidence,1
C0281,SK065,Teamwork,Basic,1,resume,0.6,Teamwork — Basic — Resume Only,1
C0282,SK068,CNC Machining,Basic,1,verified_credential|assessment|resume,0.99,CNC Machining — Basic — Certificate Verified,1
C0282,SK070,Electrical Wiring,Basic,1,verified_credential|assessment|project|resume,0.99,Electrical Wiring — Basic — Certificate Verified,1
C0283,SK010,Spring Boot,Basic,1,verified_credential|assessment|resume,0.99,Spring Boot — Basic — Certificate Verified,1
C0283,SK017,REST API,Intermediate,2,resume,0.6,REST API — Intermediate — Resume Only,2
C0283,SK057,JUnit,Basic,1,verified_credential|assessment|project|resume,0.99,JUnit — Basic — Certificate Verified,1
C0284,SK003,JavaScript,Basic,1,project|resume,0.78,JavaScript — Basic — Project Evidence,1
C0284,SK022,React,Basic,1,self_declared,0.4,React — Basic — Self-Declared,1
C0284,SK015,Node.js,Intermediate,2,resume,0.6,Node.js — Intermediate — Resume Only,2
C0284,SK016,Express.js,Intermediate,2,resume,0.6,Express.js — Intermediate — Resume Only,1
C0284,SK031,MongoDB,Basic,1,project|resume,0.78,MongoDB — Basic — Project Evidence,1
C0284,SK004,TypeScript,Basic,1,project|resume,0.78,TypeScript — Basic — Project Evidence,1
C0284,SK048,Docker,Intermediate,2,assessment|resume,0.9,Docker — Intermediate — Assessment Verified,2
C0285,SK001,Java,Advanced,3,project|employment_record|resume,0.82,Java — Advanced — Project Evidence,3
C0285,SK010,Spring Boot,Advanced,3,project|resume,0.78,Spring Boot — Advanced — Project Evidence,3
C0285,SK027,SQL,Advanced,3,resume,0.6,SQL — Advanced — Resume Only,3
C0285,SK019,Microservices,Advanced,3,project|employment_record|resume,0.82,Microservices — Advanced — Project Evidence,3
C0285,SK057,JUnit,Advanced,3,employment_record|resume,0.8,JUnit — Advanced — Employment Record,3
C0286,SK003,JavaScript,Basic,1,project|resume,0.78,JavaScript — Basic — Project Evidence,1
C0286,SK022,React,Basic,1,self_declared,0.4,React — Basic — Self-Declared,1
C0286,SK016,Express.js,Basic,1,verified_credential|project|resume,0.99,Express.js — Basic — Certificate Verified,1
C0286,SK031,MongoDB,Intermediate,2,assessment|resume,0.9,MongoDB — Intermediate — Assessment Verified,2
C0286,SK027,SQL,Basic,1,verified_credential|resume,0.97,SQL — Basic — Certificate Verified,1
C0286,SK017,REST API,Basic,1,verified_credential|resume,0.97,REST API — Basic — Certificate Verified,1
C0286,SK048,Docker,Basic,1,resume,0.6,Docker — Basic — Resume Only,1
C0287,SK002,Python,Basic,1,verified_credential|assessment|project|resume,0.99,Python — Basic — Certificate Verified,1
C0287,SK012,Django,Basic,1,project|resume,0.78,Django — Basic — Project Evidence,1
C0287,SK013,FastAPI,Basic,1,verified_credential|project|resume,0.99,FastAPI — Basic — Certificate Verified,1
C0287,SK014,Flask,Basic,1,verified_credential|project|resume,0.99,Flask — Basic — Certificate Verified,1
C0287,SK048,Docker,Intermediate,2,project,0.76,Docker — Intermediate — Project Evidence,2
C0287,SK047,Git,Intermediate,2,resume,0.6,Git — Intermediate — Resume Only,1
C0287,SK064,Communication,Intermediate,2,resume,0.6,Communication — Intermediate — Resume Only,1
C0288,SK003,JavaScript,Basic,1,project|resume,0.78,JavaScript — Basic — Project Evidence,1
C0288,SK022,React,Basic,1,project|employment_record|resume,0.82,React — Basic — Project Evidence,1
C0288,SK015,Node.js,Basic,1,employment_record|resume,0.8,Node.js — Basic — Employment Record,1
C0288,SK031,MongoDB,Basic,1,verified_credential|employment_record|resume,0.99,MongoDB — Basic — Certificate Verified,1
C0288,SK017,REST API,Intermediate,2,project|employment_record|resume,0.82,REST API — Intermediate — Project Evidence,2
C0288,SK047,Git,Intermediate,2,verified_credential|project|resume,0.99,Git — Intermediate — Certificate Verified,2
C0288,SK002,Python,Basic,1,self_declared,0.4,Python — Basic — Self-Declared,1
C0289,SK068,CNC Machining,Intermediate,2,project|employment_record|resume,0.82,CNC Machining — Intermediate — Project Evidence,2
C0289,SK069,Welding,Intermediate,2,employment_record|resume,0.8,Welding — Intermediate — Employment Record,2
C0289,SK070,Electrical Wiring,Advanced,3,resume,0.6,Electrical Wiring — Advanced — Resume Only,2
C0289,SK072,PLC Programming,Advanced,3,resume,0.6,PLC Programming — Advanced — Resume Only,3
C0289,SK065,Teamwork,Intermediate,2,resume,0.6,Teamwork — Intermediate — Resume Only,2
C0290,SK003,JavaScript,Basic,1,assessment|project|resume,0.92,JavaScript — Basic — Assessment Verified,1
C0290,SK020,HTML,Basic,1,verified_credential|assessment|project|resume,0.99,HTML — Basic — Certificate Verified,1
C0290,SK026,Tailwind CSS,Basic,1,assessment|resume,0.9,Tailwind CSS — Basic — Assessment Verified,1
C0290,SK047,Git,Basic,1,assessment|resume,0.9,Git — Basic — Assessment Verified,1
C0290,SK065,Teamwork,Intermediate,2,self_declared,0.4,Teamwork — Intermediate — Self-Declared,2
C0291,SK068,CNC Machining,Advanced,3,verified_credential|assessment|project|employment_record|resume,0.99,CNC Machining — Advanced — Certificate Verified,3
C0291,SK070,Electrical Wiring,Advanced,3,verified_credential|assessment|employment_record|resume,0.99,Electrical Wiring — Advanced — Certificate Verified,3
C0291,SK072,PLC Programming,Advanced,3,verified_credential|assessment|project|resume,0.99,PLC Programming — Advanced — Certificate Verified,3
C0291,SK065,Teamwork,Intermediate,2,resume,0.6,Teamwork — Intermediate — Resume Only,2
C0291,SK066,Problem Solving,Intermediate,2,self_declared,0.4,Problem Solving — Intermediate — Self-Declared,2
C0292,SK068,CNC Machining,Intermediate,2,verified_credential|assessment|project|resume,0.99,CNC Machining — Intermediate — Certificate Verified,2
C0292,SK071,AutoCAD,Intermediate,2,assessment|resume,0.9,AutoCAD — Intermediate — Assessment Verified,1
C0292,SK069,Welding,Basic,1,assessment|resume,0.9,Welding — Basic — Assessment Verified,2
C0292,SK065,Teamwork,Advanced,3,resume,0.6,Teamwork — Advanced — Resume Only,2
C0293,SK001,Java,Intermediate,2,project|resume,0.78,Java — Intermediate — Project Evidence,2
C0293,SK010,Spring Boot,Basic,1,project|resume,0.78,Spring Boot — Basic — Project Evidence,1
C0293,SK027,SQL,Intermediate,2,project|resume,0.78,SQL — Intermediate — Project Evidence,2
C0293,SK017,REST API,Basic,1,project|resume,0.78,REST API — Basic — Project Evidence,1
C0293,SK011,Hibernate,Intermediate,2,resume,0.6,Hibernate — Intermediate — Resume Only,2
C0293,SK019,Microservices,Intermediate,2,project|employment_record|resume,0.82,Microservices — Intermediate — Project Evidence,2
C0293,SK048,Docker,Intermediate,2,project|employment_record|resume,0.82,Docker — Intermediate — Project Evidence,2
C0293,SK057,JUnit,Advanced,3,employment_record|resume,0.8,JUnit — Advanced — Employment Record,3
C0293,SK064,Communication,Advanced,3,self_declared,0.4,Communication — Advanced — Self-Declared,3
C0293,SK065,Teamwork,Intermediate,2,resume,0.6,Teamwork — Intermediate — Resume Only,2
C0293,SK047,Git,Advanced,3,project|resume,0.78,Git — Advanced — Project Evidence,3
C0294,SK001,Java,Intermediate,2,employment_record|resume,0.8,Java — Intermediate — Employment Record,2
C0294,SK010,Spring Boot,Intermediate,2,resume,0.6,Spring Boot — Intermediate — Resume Only,1
C0294,SK019,Microservices,Intermediate,2,verified_credential|employment_record|resume,0.99,Microservices — Intermediate — Certificate Verified,2
C0294,SK048,Docker,Intermediate,2,verified_credential|resume,0.97,Docker — Intermediate — Certificate Verified,2
C0294,SK057,JUnit,Basic,1,verified_credential|project|resume,0.99,JUnit — Basic — Certificate Verified,1
C0295,SK056,Unit Testing,Intermediate,2,employment_record|resume,0.8,Unit Testing — Intermediate — Employment Record,2
C0295,SK058,Selenium,Intermediate,2,resume,0.6,Selenium — Intermediate — Resume Only,2
C0295,SK027,SQL,Intermediate,2,resume,0.6,SQL — Intermediate — Resume Only,2
C0295,SK053,CI/CD,Advanced,3,resume,0.6,CI/CD — Advanced — Resume Only,3
C0295,SK064,Communication,Advanced,3,resume,0.6,Communication — Advanced — Resume Only,2
C0295,SK066,Problem Solving,Intermediate,2,self_declared,0.4,Problem Solving — Intermediate — Self-Declared,2
C0296,SK002,Python,Basic,1,resume,0.6,Python — Basic — Resume Only,1
C0296,SK033,Machine Learning,Basic,1,verified_credential|project|resume,0.99,Machine Learning — Basic — Certificate Verified,1
C0296,SK036,Scikit-learn,Basic,1,project|resume,0.78,Scikit-learn — Basic — Project Evidence,1
C0296,SK039,Pandas,Basic,1,verified_credential|resume,0.97,Pandas — Basic — Certificate Verified,1
C0296,SK040,NumPy,Basic,1,assessment|project|resume,0.92,NumPy — Basic — Assessment Verified,1
C0296,SK041,Statistics,Basic,1,assessment|resume,0.9,Statistics — Basic — Assessment Verified,1
C0297,SK055,Linux,Basic,1,employment_record|resume,0.8,Linux — Basic — Employment Record,1
C0297,SK050,AWS,Basic,1,verified_credential|project|employment_record|resume,0.99,AWS — Basic — Certificate Verified,1
C0297,SK053,CI/CD,Intermediate,2,project|employment_record|resume,0.82,CI/CD — Intermediate — Project Evidence,2
C0297,SK054,Jenkins,Advanced,3,employment_record|resume,0.8,Jenkins — Advanced — Employment Record,3
C0297,SK047,Git,Intermediate,2,employment_record|resume,0.8,Git — Intermediate — Employment Record,2
C0297,SK002,Python,Intermediate,2,verified_credential|resume,0.97,Python — Intermediate — Certificate Verified,2
C0297,SK051,Azure,Basic,1,project|employment_record|resume,0.82,Azure — Basic — Project Evidence,1
C0297,SK065,Teamwork,Basic,1,resume,0.6,Teamwork — Basic — Resume Only,1
C0298,SK002,Python,Intermediate,2,verified_credential|assessment|employment_record,0.99,Python — Intermediate — Certificate Verified,2
C0298,SK012,Django,Intermediate,2,employment_record|resume,0.8,Django — Intermediate — Employment Record,2
C0298,SK032,Redis,Intermediate,2,verified_credential|assessment|project|resume,0.99,Redis — Intermediate — Certificate Verified,2
C0298,SK064,Communication,Advanced,3,self_declared,0.4,Communication — Advanced — Self-Declared,2
C0299,SK003,JavaScript,Basic,1,project|resume,0.78,JavaScript — Basic — Project Evidence,1
C0299,SK022,React,Basic,1,assessment|project|resume,0.92,React — Basic — Assessment Verified,1
C0299,SK016,Express.js,Intermediate,2,verified_credential|assessment|resume,0.99,Express.js — Intermediate — Certificate Verified,2
C0299,SK017,REST API,Basic,1,verified_credential|project,0.97,REST API — Basic — Certificate Verified,1
C0299,SK004,TypeScript,Intermediate,2,verified_credential|assessment|project|resume,0.99,TypeScript — Intermediate — Certificate Verified,2
C0299,SK048,Docker,Basic,1,verified_credential|assessment|project|resume,0.99,Docker — Basic — Certificate Verified,1
C0300,SK027,SQL,Basic,1,project|resume,0.78,SQL — Basic — Project Evidence,1
C0300,SK002,Python,Intermediate,2,verified_credential,0.95,Python — Intermediate — Certificate Verified,2
C0300,SK044,Power BI,Basic,1,resume,0.6,Power BI — Basic — Resume Only,1
C0300,SK065,Teamwork,Basic,1,resume,0.6,Teamwork — Basic — Resume Only,1
C0301,SK003,JavaScript,Basic,1,employment_record|resume,0.8,JavaScript — Basic — Employment Record,1
C0301,SK015,Node.js,Basic,1,project|employment_record|resume,0.82,Node.js — Basic — Project Evidence,1
C0301,SK016,Express.js,Basic,1,employment_record|resume,0.8,Express.js — Basic — Employment Record,1
C0301,SK031,MongoDB,Basic,1,resume,0.6,MongoDB — Basic — Resume Only,1
C0301,SK017,REST API,Basic,1,employment_record,0.78,REST API — Basic — Employment Record,1
C0301,SK047,Git,Basic,1,project|employment_record|resume,0.82,Git — Basic — Project Evidence,1
C0301,SK048,Docker,Basic,1,employment_record|resume,0.8,Docker — Basic — Employment Record,1
C0301,SK064,Communication,Intermediate,2,resume,0.6,Communication — Intermediate — Resume Only,1
C0301,SK066,Problem Solving,Basic,1,resume,0.6,Problem Solving — Basic — Resume Only,1
C0302,SK003,JavaScript,Basic,1,resume,0.6,JavaScript — Basic — Resume Only,1
C0302,SK022,React,Basic,1,resume,0.6,React — Basic — Resume Only,1
C0302,SK004,TypeScript,Intermediate,2,verified_credential|resume,0.97,TypeScript — Intermediate — Certificate Verified,2
C0302,SK026,Tailwind CSS,Intermediate,2,assessment,0.88,Tailwind CSS — Intermediate — Assessment Verified,2
C0302,SK023,Next.js,Intermediate,2,assessment|project|resume,0.92,Next.js — Intermediate — Assessment Verified,2
C0302,SK047,Git,Basic,1,project|resume,0.78,Git — Basic — Project Evidence,1
C0302,SK024,Angular,Basic,1,resume,0.6,Angular — Basic — Resume Only,1
C0302,SK065,Teamwork,Intermediate,2,resume,0.6,Teamwork — Intermediate — Resume Only,1
C0303,SK033,Machine Learning,Basic,1,resume,0.6,Machine Learning — Basic — Resume Only,1
C0303,SK036,Scikit-learn,Basic,1,resume,0.6,Scikit-learn — Basic — Resume Only,1
C0303,SK039,Pandas,Basic,1,project|resume,0.78,Pandas — Basic — Project Evidence,1
C0303,SK040,NumPy,Basic,1,resume,0.6,NumPy — Basic — Resume Only,1
C0303,SK034,Deep Learning,Basic,1,verified_credential|resume,0.97,Deep Learning — Basic — Certificate Verified,1
C0303,SK037,TensorFlow,Intermediate,2,project|resume,0.78,TensorFlow — Intermediate — Project Evidence,2
C0303,SK035,NLP,Basic,1,self_declared,0.4,NLP — Basic — Self-Declared,1
C0303,SK027,SQL,Basic,1,project|resume,0.78,SQL — Basic — Project Evidence,1
C0303,SK055,Linux,Basic,1,verified_credential|resume,0.97,Linux — Basic — Certificate Verified,1
C0304,SK027,SQL,Advanced,3,verified_credential|project|resume,0.99,SQL — Advanced — Certificate Verified,3
C0304,SK002,Python,Intermediate,2,verified_credential|assessment|employment_record|resume,0.99,Python — Intermediate — Certificate Verified,2
C0304,SK045,Tableau,Intermediate,2,verified_credential|resume,0.97,Tableau — Intermediate — Certificate Verified,2
C0304,SK065,Teamwork,Intermediate,2,resume,0.6,Teamwork — Intermediate — Resume Only,2
C0304,SK066,Problem Solving,Intermediate,2,resume,0.6,Problem Solving — Intermediate — Resume Only,2
C0305,SK009,Kotlin,Basic,1,verified_credential|project|resume,0.99,Kotlin — Basic — Certificate Verified,1
C0305,SK001,Java,Basic,1,self_declared,0.4,Java — Basic — Self-Declared,1
C0305,SK017,REST API,Basic,1,project|resume,0.78,REST API — Basic — Project Evidence,1
C0305,SK047,Git,Basic,1,verified_credential|project|resume,0.99,Git — Basic — Certificate Verified,1
C0305,SK060,Flutter,Intermediate,2,verified_credential|resume,0.97,Flutter — Intermediate — Certificate Verified,2
C0306,SK009,Kotlin,Basic,1,verified_credential|resume,0.97,Kotlin — Basic — Certificate Verified,1
C0306,SK001,Java,Basic,1,verified_credential|project|resume,0.99,Java — Basic — Certificate Verified,1
C0306,SK059,Android Development,Intermediate,2,resume,0.6,Android Development — Intermediate — Resume Only,2
C0306,SK017,REST API,Basic,1,verified_credential|resume,0.97,REST API — Basic — Certificate Verified,1
C0306,SK047,Git,Basic,1,assessment|project|resume,0.92,Git — Basic — Assessment Verified,1
C0306,SK064,Communication,Basic,1,resume,0.6,Communication — Basic — Resume Only,1
C0306,SK048,Docker,Intermediate,2,resume,0.6,Docker — Intermediate — Resume Only,2
C0307,SK071,AutoCAD,Basic,1,verified_credential|project|resume,0.99,AutoCAD — Basic — Certificate Verified,1
C0307,SK069,Welding,Basic,1,verified_credential|project|resume,0.99,Welding — Basic — Certificate Verified,1
C0307,SK066,Problem Solving,Basic,1,resume,0.6,Problem Solving — Basic — Resume Only,1
C0308,SK027,SQL,Basic,1,project,0.76,SQL — Basic — Project Evidence,1
C0308,SK002,Python,Basic,1,assessment|resume,0.9,Python — Basic — Assessment Verified,1
C0308,SK045,Tableau,Basic,1,project|resume,0.78,Tableau — Basic — Project Evidence,1
C0309,SK001,Java,Advanced,3,employment_record|resume,0.8,Java — Advanced — Employment Record,3
C0309,SK010,Spring Boot,Advanced,3,resume,0.6,Spring Boot — Advanced — Resume Only,3
C0309,SK027,SQL,Advanced,3,resume,0.6,SQL — Advanced — Resume Only,3
C0309,SK017,REST API,Advanced,3,verified_credential|employment_record|resume,0.99,REST API — Advanced — Certificate Verified,3
C0309,SK028,MySQL,Intermediate,2,project|employment_record|resume,0.82,MySQL — Intermediate — Project Evidence,2
C0309,SK047,Git,Intermediate,2,resume,0.6,Git — Intermediate — Resume Only,2
C0309,SK019,Microservices,Basic,1,employment_record|resume,0.8,Microservices — Basic — Employment Record,1
C0309,SK048,Docker,Basic,1,project|employment_record|resume,0.82,Docker — Basic — Project Evidence,1
C0309,SK067,Project Management,Advanced,3,resume,0.6,Project Management — Advanced — Resume Only,3
C0309,SK002,Python,Basic,1,verified_credential|project|resume,0.99,Python — Basic — Certificate Verified,1
C0310,SK012,Django,Advanced,3,assessment|employment_record|resume,0.92,Django — Advanced — Assessment Verified,3
C0310,SK014,Flask,Intermediate,2,employment_record|resume,0.8,Flask — Intermediate — Employment Record,2
C0310,SK029,PostgreSQL,Advanced,3,project|resume,0.78,PostgreSQL — Advanced — Project Evidence,3
C0310,SK055,Linux,Advanced,3,project|employment_record,0.8,Linux — Advanced — Project Evidence,3
C0311,SK068,CNC Machining,Advanced,3,employment_record|resume,0.8,CNC Machining — Advanced — Employment Record,3
C0311,SK069,Welding,Basic,1,project,0.76,Welding — Basic — Project Evidence,1
C0311,SK070,Electrical Wiring,Basic,1,verified_credential|employment_record|resume,0.99,Electrical Wiring — Basic — Certificate Verified,1
C0311,SK072,PLC Programming,Intermediate,2,self_declared,0.4,PLC Programming — Intermediate — Self-Declared,2
C0312,SK061,Cybersecurity,Basic,1,verified_credential|project|resume,0.99,Cybersecurity — Basic — Certificate Verified,1
C0312,SK055,Linux,Basic,1,project|resume,0.78,Linux — Basic — Project Evidence,1
C0312,SK002,Python,Basic,1,verified_credential|project|resume,0.99,Python — Basic — Certificate Verified,1
C0313,SK002,Python,Intermediate,2,project|resume,0.78,Python — Intermediate — Project Evidence,2
C0313,SK012,Django,Intermediate,2,resume,0.6,Django — Intermediate — Resume Only,1
C0313,SK013,FastAPI,Basic,1,resume,0.6,FastAPI — Basic — Resume Only,1
C0313,SK014,Flask,Basic,1,resume,0.6,Flask — Basic — Resume Only,1
C0313,SK029,PostgreSQL,Basic,1,self_declared,0.4,PostgreSQL — Basic — Self-Declared,1
C0313,SK032,Redis,Basic,1,project|resume,0.78,Redis — Basic — Project Evidence,1
C0313,SK048,Docker,Advanced,3,self_declared,0.4,Docker — Advanced — Self-Declared,2
C0313,SK047,Git,Basic,1,resume,0.6,Git — Basic — Resume Only,1
C0313,SK064,Communication,Basic,1,resume,0.6,Communication — Basic — Resume Only,1
C0313,SK066,Problem Solving,Intermediate,2,resume,0.6,Problem Solving — Intermediate — Resume Only,1
C0314,SK002,Python,Advanced,3,assessment|project|resume,0.92,Python — Advanced — Assessment Verified,3
C0314,SK012,Django,Intermediate,2,self_declared,0.4,Django — Intermediate — Self-Declared,2
C0314,SK013,FastAPI,Advanced,3,project|employment_record|resume,0.82,FastAPI — Advanced — Project Evidence,3
C0314,SK014,Flask,Advanced,3,resume,0.6,Flask — Advanced — Resume Only,3
C0314,SK029,PostgreSQL,Advanced,3,assessment|project,0.9,PostgreSQL — Advanced — Assessment Verified,3
C0314,SK032,Redis,Advanced,3,project|resume,0.78,Redis — Advanced — Project Evidence,3
C0314,SK048,Docker,Intermediate,2,assessment|project|resume,0.92,Docker — Intermediate — Assessment Verified,3
C0314,SK064,Communication,Advanced,3,resume,0.6,Communication — Advanced — Resume Only,3
C0314,SK065,Teamwork,Advanced,3,resume,0.6,Teamwork — Advanced — Resume Only,3
C0315,SK055,Linux,Intermediate,2,assessment|employment_record|resume,0.92,Linux — Intermediate — Assessment Verified,2
C0315,SK048,Docker,Intermediate,2,verified_credential|resume,0.97,Docker — Intermediate — Certificate Verified,2
C0315,SK049,Kubernetes,Basic,1,employment_record|resume,0.8,Kubernetes — Basic — Employment Record,1
C0315,SK053,CI/CD,Basic,1,project|employment_record|resume,0.82,CI/CD — Basic — Project Evidence,1
C0315,SK065,Teamwork,Intermediate,2,resume,0.6,Teamwork — Intermediate — Resume Only,2
C0315,SK047,Git,Advanced,3,assessment|resume,0.9,Git — Advanced — Assessment Verified,3
C0316,SK055,Linux,Basic,1,verified_credential|resume,0.97,Linux — Basic — Certificate Verified,1
C0316,SK048,Docker,Intermediate,2,project|resume,0.78,Docker — Intermediate — Project Evidence,2
C0316,SK049,Kubernetes,Basic,1,verified_credential|project|employment_record|resume,0.99,Kubernetes — Basic — Certificate Verified,1
C0316,SK050,AWS,Intermediate,2,employment_record|resume,0.8,AWS — Intermediate — Employment Record,2
C0316,SK053,CI/CD,Intermediate,2,employment_record|resume,0.8,CI/CD — Intermediate — Employment Record,2
C0316,SK047,Git,Intermediate,2,project|resume,0.78,Git — Intermediate — Project Evidence,2
C0316,SK002,Python,Advanced,3,project|resume,0.78,Python — Advanced — Project Evidence,3
C0316,SK051,Azure,Intermediate,2,resume,0.6,Azure — Intermediate — Resume Only,2
C0316,SK065,Teamwork,Basic,1,resume,0.6,Teamwork — Basic — Resume Only,1
C0316,SK066,Problem Solving,Intermediate,2,resume,0.6,Problem Solving — Intermediate — Resume Only,2
C0317,SK001,Java,Basic,1,verified_credential|resume,0.97,Java — Basic — Certificate Verified,1
C0317,SK010,Spring Boot,Basic,1,assessment|resume,0.9,Spring Boot — Basic — Assessment Verified,1
C0317,SK027,SQL,Basic,1,project|resume,0.78,SQL — Basic — Project Evidence,1
C0317,SK017,REST API,Intermediate,2,verified_credential|resume,0.97,REST API — Intermediate — Certificate Verified,2
C0317,SK047,Git,Intermediate,2,self_declared,0.4,Git — Intermediate — Self-Declared,1
C0317,SK057,JUnit,Basic,1,verified_credential|assessment|project|resume,0.99,JUnit — Basic — Certificate Verified,1
C0317,SK065,Teamwork,Basic,1,resume,0.6,Teamwork — Basic — Resume Only,1
C0317,SK067,Project Management,Basic,1,resume,0.6,Project Management — Basic — Resume Only,1
C0318,SK027,SQL,Intermediate,2,assessment|resume,0.9,SQL — Intermediate — Assessment Verified,2
C0318,SK046,Excel,Advanced,3,verified_credential|employment_record|resume,0.99,Excel — Advanced — Certificate Verified,3
C0318,SK002,Python,Intermediate,2,project,0.76,Python — Intermediate — Project Evidence,2
C0318,SK044,Power BI,Basic,1,project|resume,0.78,Power BI — Basic — Project Evidence,1
C0318,SK045,Tableau,Basic,1,project|resume,0.78,Tableau — Basic — Project Evidence,1
C0318,SK041,Statistics,Basic,1,assessment|employment_record,0.9,Statistics — Basic — Assessment Verified,1
C0318,SK039,Pandas,Intermediate,2,assessment|project,0.9,Pandas — Intermediate — Assessment Verified,2
C0318,SK042,Data Analysis,Advanced,3,resume,0.6,Data Analysis — Advanced — Resume Only,2
C0318,SK064,Communication,Advanced,3,resume,0.6,Communication — Advanced — Resume Only,3
C0318,SK047,Git,Basic,1,self_declared,0.4,Git — Basic — Self-Declared,1
C0319,SK055,Linux,Intermediate,2,resume,0.6,Linux — Intermediate — Resume Only,2
C0319,SK048,Docker,Intermediate,2,verified_credential|employment_record|resume,0.99,Docker — Intermediate — Certificate Verified,2
C0319,SK002,Python,Basic,1,verified_credential|project|resume,0.99,Python — Basic — Certificate Verified,1
C0319,SK065,Teamwork,Intermediate,2,self_declared,0.4,Teamwork — Intermediate — Self-Declared,1
C0320,SK062,Network Security,Intermediate,2,employment_record|resume,0.8,Network Security — Intermediate — Employment Record,2
C0320,SK063,Networking,Basic,1,self_declared,0.4,Networking — Basic — Self-Declared,1
C0320,SK055,Linux,Intermediate,2,resume,0.6,Linux — Intermediate — Resume Only,2
C0320,SK067,Project Management,Intermediate,2,self_declared,0.4,Project Management — Intermediate — Self-Declared,2
C0320,SK002,Python,Intermediate,2,verified_credential|employment_record|resume,0.99,Python — Intermediate — Certificate Verified,2
C0321,SK003,JavaScript,Basic,1,assessment|project|resume,0.92,JavaScript — Basic — Assessment Verified,1
C0321,SK020,HTML,Intermediate,2,verified_credential|resume,0.97,HTML — Intermediate — Certificate Verified,2
C0321,SK021,CSS,Basic,1,assessment|resume,0.9,CSS — Basic — Assessment Verified,1
C0321,SK026,Tailwind CSS,Advanced,3,assessment|resume,0.9,Tailwind CSS — Advanced — Assessment Verified,2
C0321,SK023,Next.js,Advanced,3,verified_credential|assessment|project|resume,0.99,Next.js — Advanced — Certificate Verified,2
C0321,SK025,Vue.js,Basic,1,project|resume,0.78,Vue.js — Basic — Project Evidence,1
C0321,SK047,Git,Basic,1,resume,0.6,Git — Basic — Resume Only,1
C0322,SK002,Python,Intermediate,2,verified_credential|assessment|resume,0.99,Python — Intermediate — Certificate Verified,2
C0322,SK013,FastAPI,Advanced,3,verified_credential|resume,0.97,FastAPI — Advanced — Certificate Verified,3
C0322,SK014,Flask,Basic,1,verified_credential|resume,0.97,Flask — Basic — Certificate Verified,1
C0323,SK002,Python,Intermediate,2,project|resume,0.78,Python — Intermediate — Project Evidence,2
C0323,SK033,Machine Learning,Advanced,3,verified_credential|project|employment_record|resume,0.99,Machine Learning — Advanced — Certificate Verified,3
C0323,SK036,Scikit-learn,Intermediate,2,project|employment_record|resume,0.82,Scikit-learn — Intermediate — Project Evidence,2
C0323,SK039,Pandas,Intermediate,2,verified_credential|project|employment_record,0.99,Pandas — Intermediate — Certificate Verified,2
C0323,SK040,NumPy,Basic,1,project|resume,0.78,NumPy — Basic — Project Evidence,1
C0323,SK034,Deep Learning,Intermediate,2,project|employment_record,0.8,Deep Learning — Intermediate — Project Evidence,2
C0323,SK037,TensorFlow,Advanced,3,project|employment_record|resume,0.82,TensorFlow — Advanced — Project Evidence,3
C0323,SK067,Project Management,Advanced,3,resume,0.6,Project Management — Advanced — Resume Only,3
C0324,SK003,JavaScript,Basic,1,verified_credential|resume,0.97,JavaScript — Basic — Certificate Verified,1
C0324,SK022,React,Basic,1,project|resume,0.78,React — Basic — Project Evidence,1
C0324,SK015,Node.js,Intermediate,2,assessment|project|employment_record|resume,0.94,Node.js — Intermediate — Assessment Verified,2
C0324,SK016,Express.js,Basic,1,verified_credential|project|employment_record|resume,0.99,Express.js — Basic — Certificate Verified,1
C0324,SK031,MongoDB,Basic,1,verified_credential|resume,0.97,MongoDB — Basic — Certificate Verified,1
C0324,SK047,Git,Basic,1,project|employment_record|resume,0.82,Git — Basic — Project Evidence,1
C0324,SK067,Project Management,Basic,1,resume,0.6,Project Management — Basic — Resume Only,1
C0324,SK064,Communication,Basic,1,resume,0.6,Communication — Basic — Resume Only,1
C0325,SK027,SQL,Intermediate,2,project|employment_record|resume,0.82,SQL — Intermediate — Project Evidence,2
C0325,SK002,Python,Intermediate,2,verified_credential|assessment|resume,0.99,Python — Intermediate — Certificate Verified,2
C0325,SK044,Power BI,Advanced,3,resume,0.6,Power BI — Advanced — Resume Only,3
C0325,SK041,Statistics,Intermediate,2,assessment|employment_record|resume,0.92,Statistics — Intermediate — Assessment Verified,2
C0325,SK039,Pandas,Intermediate,2,verified_credential|project|employment_record|resume,0.99,Pandas — Intermediate — Certificate Verified,2
C0325,SK043,Data Visualization,Advanced,3,verified_credential|assessment|employment_record|resume,0.99,Data Visualization — Advanced — Certificate Verified,3
C0325,SK042,Data Analysis,Advanced,3,project|employment_record|resume,0.82,Data Analysis — Advanced — Project Evidence,3
C0325,SK064,Communication,Advanced,3,self_declared,0.4,Communication — Advanced — Self-Declared,3
C0325,SK066,Problem Solving,Advanced,3,resume,0.6,Problem Solving — Advanced — Resume Only,3
C0326,SK056,Unit Testing,Basic,1,project|resume,0.78,Unit Testing — Basic — Project Evidence,1
C0326,SK058,Selenium,Basic,1,project|resume,0.78,Selenium — Basic — Project Evidence,1
C0326,SK001,Java,Basic,1,resume,0.6,Java — Basic — Resume Only,1
C0326,SK027,SQL,Basic,1,verified_credential|project|resume,0.99,SQL — Basic — Certificate Verified,1
C0326,SK057,JUnit,Basic,1,verified_credential|project|resume,0.99,JUnit — Basic — Certificate Verified,1
C0326,SK047,Git,Basic,1,assessment|resume,0.9,Git — Basic — Assessment Verified,1
C0326,SK048,Docker,Basic,1,assessment|resume,0.9,Docker — Basic — Assessment Verified,1
C0327,SK003,JavaScript,Basic,1,employment_record|resume,0.8,JavaScript — Basic — Employment Record,1
C0327,SK022,React,Advanced,3,resume,0.6,React — Advanced — Resume Only,2
C0327,SK004,TypeScript,Intermediate,2,project|resume,0.78,TypeScript — Intermediate — Project Evidence,2
C0327,SK026,Tailwind CSS,Intermediate,2,project|employment_record|resume,0.82,Tailwind CSS — Intermediate — Project Evidence,2
C0327,SK023,Next.js,Intermediate,2,project|resume,0.78,Next.js — Intermediate — Project Evidence,2
C0327,SK047,Git,Advanced,3,resume,0.6,Git — Advanced — Resume Only,3
C0327,SK024,Angular,Intermediate,2,employment_record|resume,0.8,Angular — Intermediate — Employment Record,2
C0327,SK065,Teamwork,Advanced,3,resume,0.6,Teamwork — Advanced — Resume Only,3
C0328,SK001,Java,Basic,1,assessment|resume,0.9,Java — Basic — Assessment Verified,1
C0328,SK017,REST API,Basic,1,resume,0.6,REST API — Basic — Resume Only,1
C0328,SK047,Git,Basic,1,assessment|project,0.9,Git — Basic — Assessment Verified,1
C0328,SK019,Microservices,Basic,1,assessment|resume,0.9,Microservices — Basic — Assessment Verified,1
C0329,SK010,Spring Boot,Intermediate,2,verified_credential|assessment|resume,0.99,Spring Boot — Intermediate — Certificate Verified,1
C0329,SK027,SQL,Basic,1,verified_credential|project|resume,0.99,SQL — Basic — Certificate Verified,1
C0329,SK028,MySQL,Basic,1,project|resume,0.78,MySQL — Basic — Project Evidence,1
C0329,SK057,JUnit,Basic,1,assessment|resume,0.9,JUnit — Basic — Assessment Verified,1
C0330,SK001,Java,Advanced,3,project|resume,0.78,Java — Advanced — Project Evidence,3
C0330,SK010,Spring Boot,Basic,1,project|employment_record|resume,0.82,Spring Boot — Basic — Project Evidence,1
C0330,SK027,SQL,Intermediate,2,resume,0.6,SQL — Intermediate — Resume Only,2
C0330,SK017,REST API,Intermediate,2,project|resume,0.78,REST API — Intermediate — Project Evidence,2
C0330,SK028,MySQL,Intermediate,2,project|resume,0.78,MySQL — Intermediate — Project Evidence,2
C0330,SK047,Git,Advanced,3,resume,0.6,Git — Advanced — Resume Only,2
C0330,SK019,Microservices,Intermediate,2,employment_record|resume,0.8,Microservices — Intermediate — Employment Record,2
C0330,SK057,JUnit,Intermediate,2,project|resume,0.78,JUnit — Intermediate — Project Evidence,2
C0330,SK065,Teamwork,Intermediate,2,resume,0.6,Teamwork — Intermediate — Resume Only,2
C0331,SK046,Excel,Basic,1,employment_record|resume,0.8,Excel — Basic — Employment Record,1
C0331,SK041,Statistics,Basic,1,project|employment_record|resume,0.82,Statistics — Basic — Project Evidence,1
C0331,SK039,Pandas,Basic,1,assessment|employment_record|resume,0.92,Pandas — Basic — Assessment Verified,1
C0332,SK003,JavaScript,Basic,1,resume,0.6,JavaScript — Basic — Resume Only,1
C0332,SK022,React,Basic,1,verified_credential|assessment|project|resume,0.99,React — Basic — Certificate Verified,1
C0332,SK021,CSS,Basic,1,verified_credential|project|resume,0.99,CSS — Basic — Certificate Verified,1
C0332,SK004,TypeScript,Intermediate,2,project|resume,0.78,TypeScript — Intermediate — Project Evidence,2
C0332,SK023,Next.js,Intermediate,2,resume,0.6,Next.js — Intermediate — Resume Only,2
C0332,SK047,Git,Basic,1,project|resume,0.78,Git — Basic — Project Evidence,1
C0332,SK024,Angular,Basic,1,resume,0.6,Angular — Basic — Resume Only,1
C0332,SK025,Vue.js,Intermediate,2,resume,0.6,Vue.js — Intermediate — Resume Only,1
C0332,SK066,Problem Solving,Intermediate,2,resume,0.6,Problem Solving — Intermediate — Resume Only,1
C0333,SK003,JavaScript,Intermediate,2,assessment|project|resume,0.92,JavaScript — Intermediate — Assessment Verified,2
C0333,SK022,React,Basic,1,verified_credential|assessment|resume,0.99,React — Basic — Certificate Verified,1
C0333,SK017,REST API,Basic,1,resume,0.6,REST API — Basic — Resume Only,1
C0333,SK047,Git,Intermediate,2,verified_credential|assessment|project,0.99,Git — Intermediate — Certificate Verified,2
C0333,SK048,Docker,Advanced,3,verified_credential|assessment|project|resume,0.99,Docker — Advanced — Certificate Verified,2
C0333,SK064,Communication,Basic,1,resume,0.6,Communication — Basic — Resume Only,1
C0334,SK001,Java,Advanced,3,employment_record|resume,0.8,Java — Advanced — Employment Record,3
C0334,SK028,MySQL,Intermediate,2,verified_credential|assessment|resume,0.99,MySQL — Intermediate — Certificate Verified,2
C0334,SK047,Git,Intermediate,2,employment_record|resume,0.8,Git — Intermediate — Employment Record,2
C0334,SK002,Python,Intermediate,2,resume,0.6,Python — Intermediate — Resume Only,2
C0335,SK055,Linux,Basic,1,resume,0.6,Linux — Basic — Resume Only,1
C0335,SK049,Kubernetes,Intermediate,2,resume,0.6,Kubernetes — Intermediate — Resume Only,2
C0335,SK050,AWS,Basic,1,project|resume,0.78,AWS — Basic — Project Evidence,1
C0335,SK053,CI/CD,Intermediate,2,verified_credential|assessment|resume,0.99,CI/CD — Intermediate — Certificate Verified,2
C0335,SK054,Jenkins,Basic,1,resume,0.6,Jenkins — Basic — Resume Only,1
C0335,SK047,Git,Basic,1,assessment|project|resume,0.92,Git — Basic — Assessment Verified,1
C0335,SK051,Azure,Basic,1,resume,0.6,Azure — Basic — Resume Only,1
C0335,SK067,Project Management,Basic,1,resume,0.6,Project Management — Basic — Resume Only,1
C0336,SK001,Java,Advanced,3,assessment|project|resume,0.92,Java — Advanced — Assessment Verified,3
C0336,SK027,SQL,Advanced,3,verified_credential|assessment|resume,0.99,SQL — Advanced — Certificate Verified,3
C0336,SK047,Git,Advanced,3,verified_credential|assessment|project|resume,0.99,Git — Advanced — Certificate Verified,3
C0336,SK019,Microservices,Intermediate,2,verified_credential|resume,0.97,Microservices — Intermediate — Certificate Verified,2
C0336,SK048,Docker,Basic,1,assessment|project|resume,0.92,Docker — Basic — Assessment Verified,1
C0336,SK066,Problem Solving,Basic,1,resume,0.6,Problem Solving — Basic — Resume Only,1
C0337,SK002,Python,Basic,1,assessment,0.88,Python — Basic — Assessment Verified,1
C0337,SK012,Django,Basic,1,resume,0.6,Django — Basic — Resume Only,1
C0337,SK013,FastAPI,Intermediate,2,verified_credential|resume,0.97,FastAPI — Intermediate — Certificate Verified,2
C0337,SK014,Flask,Basic,1,project|resume,0.78,Flask — Basic — Project Evidence,1
C0337,SK029,PostgreSQL,Basic,1,verified_credential|project|resume,0.99,PostgreSQL — Basic — Certificate Verified,1
C0337,SK048,Docker,Intermediate,2,project|resume,0.78,Docker — Intermediate — Project Evidence,2
C0337,SK047,Git,Intermediate,2,assessment|resume,0.9,Git — Intermediate — Assessment Verified,1
C0337,SK027,SQL,Intermediate,2,self_declared,0.4,SQL — Intermediate — Self-Declared,2
C0337,SK067,Project Management,Intermediate,2,resume,0.6,Project Management — Intermediate — Resume Only,2
C0338,SK001,Java,Basic,1,verified_credential|resume,0.97,Java — Basic — Certificate Verified,1
C0338,SK010,Spring Boot,Basic,1,project|resume,0.78,Spring Boot — Basic — Project Evidence,1
C0338,SK027,SQL,Basic,1,project|resume,0.78,SQL — Basic — Project Evidence,1
C0338,SK017,REST API,Intermediate,2,assessment|project|resume,0.92,REST API — Intermediate — Assessment Verified,1
C0338,SK028,MySQL,Basic,1,resume,0.6,MySQL — Basic — Resume Only,1
C0338,SK011,Hibernate,Basic,1,resume,0.6,Hibernate — Basic — Resume Only,1
C0338,SK048,Docker,Basic,1,project|resume,0.78,Docker — Basic — Project Evidence,1
C0338,SK057,JUnit,Intermediate,2,project|resume,0.78,JUnit — Intermediate — Project Evidence,2
C0338,SK067,Project Management,Intermediate,2,resume,0.6,Project Management — Intermediate — Resume Only,1
C0338,SK064,Communication,Basic,1,resume,0.6,Communication — Basic — Resume Only,1
C0339,SK033,Machine Learning,Intermediate,2,project|employment_record|resume,0.82,Machine Learning — Intermediate — Project Evidence,2
C0339,SK039,Pandas,Intermediate,2,employment_record|resume,0.8,Pandas — Intermediate — Employment Record,2
C0339,SK034,Deep Learning,Advanced,3,project|employment_record|resume,0.82,Deep Learning — Advanced — Project Evidence,3
C0339,SK037,TensorFlow,Basic,1,employment_record|resume,0.8,TensorFlow — Basic — Employment Record,1
C0339,SK035,NLP,Intermediate,2,assessment|employment_record|resume,0.92,NLP — Intermediate — Assessment Verified,2
C0339,SK065,Teamwork,Advanced,3,resume,0.6,Teamwork — Advanced — Resume Only,3
C0339,SK066,Problem Solving,Intermediate,2,self_declared,0.4,Problem Solving — Intermediate — Self-Declared,2
C0339,SK046,Excel,Advanced,3,project|resume,0.78,Excel — Advanced — Project Evidence,3
C0340,SK055,Linux,Intermediate,2,project|resume,0.78,Linux — Intermediate — Project Evidence,2
C0340,SK048,Docker,Intermediate,2,resume,0.6,Docker — Intermediate — Resume Only,2
C0340,SK049,Kubernetes,Intermediate,2,employment_record|resume,0.8,Kubernetes — Intermediate — Employment Record,2
C0340,SK054,Jenkins,Intermediate,2,employment_record|resume,0.8,Jenkins — Intermediate — Employment Record,2
C0340,SK051,Azure,Intermediate,2,project|resume,0.78,Azure — Intermediate — Project Evidence,2
C0340,SK064,Communication,Intermediate,2,resume,0.6,Communication — Intermediate — Resume Only,2
C0340,SK066,Problem Solving,Advanced,3,resume,0.6,Problem Solving — Advanced — Resume Only,3
C0341,SK009,Kotlin,Basic,1,verified_credential|project|employment_record|resume,0.99,Kotlin — Basic — Certificate Verified,1
C0341,SK059,Android Development,Advanced,3,verified_credential,0.95,Android Development — Advanced — Certificate Verified,3
C0341,SK017,REST API,Advanced,3,resume,0.6,REST API — Advanced — Resume Only,3
C0341,SK047,Git,Intermediate,2,resume,0.6,Git — Intermediate — Resume Only,2
C0341,SK060,Flutter,Advanced,3,assessment|project|resume,0.92,Flutter — Advanced — Assessment Verified,3
C0341,SK064,Communication,Advanced,3,resume,0.6,Communication — Advanced — Resume Only,3
C0341,SK046,Excel,Intermediate,2,verified_credential|assessment|project|employment_record|resume,0.99,Excel — Intermediate — Certificate Verified,2
C0342,SK056,Unit Testing,Intermediate,2,employment_record|resume,0.8,Unit Testing — Intermediate — Employment Record,2
C0342,SK058,Selenium,Intermediate,2,verified_credential|project|employment_record|resume,0.99,Selenium — Intermediate — Certificate Verified,2
C0342,SK001,Java,Advanced,3,self_declared,0.4,Java — Advanced — Self-Declared,3
C0342,SK057,JUnit,Intermediate,2,employment_record|resume,0.8,JUnit — Intermediate — Employment Record,2
C0342,SK002,Python,Intermediate,2,employment_record|resume,0.8,Python — Intermediate — Employment Record,2
C0342,SK047,Git,Intermediate,2,project|resume,0.78,Git — Intermediate — Project Evidence,2
C0342,SK053,CI/CD,Intermediate,2,verified_credential|resume,0.97,CI/CD — Intermediate — Certificate Verified,2
C0342,SK067,Project Management,Advanced,3,resume,0.6,Project Management — Advanced — Resume Only,3
C0342,SK065,Teamwork,Intermediate,2,resume,0.6,Teamwork — Intermediate — Resume Only,1
C0343,SK016,Express.js,Basic,1,assessment|project|employment_record|resume,0.94,Express.js — Basic — Assessment Verified,1
C0343,SK047,Git,Intermediate,2,assessment|resume,0.9,Git — Intermediate — Assessment Verified,2
C0343,SK004,TypeScript,Intermediate,2,assessment|employment_record|resume,0.92,TypeScript — Intermediate — Assessment Verified,2
C0343,SK064,Communication,Intermediate,2,resume,0.6,Communication — Intermediate — Resume Only,2
C0344,SK058,Selenium,Basic,1,project|resume,0.78,Selenium — Basic — Project Evidence,1
C0344,SK057,JUnit,Intermediate,2,project|employment_record|resume,0.82,JUnit — Intermediate — Project Evidence,2
C0344,SK053,CI/CD,Basic,1,employment_record|resume,0.8,CI/CD — Basic — Employment Record,1
C0344,SK067,Project Management,Intermediate,2,resume,0.6,Project Management — Intermediate — Resume Only,2
C0344,SK065,Teamwork,Advanced,3,resume,0.6,Teamwork — Advanced — Resume Only,3
C0345,SK001,Java,Advanced,3,assessment,0.88,Java — Advanced — Assessment Verified,3
C0345,SK010,Spring Boot,Advanced,3,verified_credential|project|resume,0.99,Spring Boot — Advanced — Certificate Verified,3
C0345,SK011,Hibernate,Advanced,3,verified_credential|resume,0.97,Hibernate — Advanced — Certificate Verified,3
C0345,SK066,Problem Solving,Advanced,3,resume,0.6,Problem Solving — Advanced — Resume Only,3
C0346,SK002,Python,Basic,1,verified_credential|project|resume,0.99,Python — Basic — Certificate Verified,1
C0346,SK012,Django,Intermediate,2,resume,0.6,Django — Intermediate — Resume Only,1
C0346,SK014,Flask,Basic,1,project|resume,0.78,Flask — Basic — Project Evidence,1
C0346,SK017,REST API,Basic,1,verified_credential|resume,0.97,REST API — Basic — Certificate Verified,1
C0346,SK032,Redis,Basic,1,project|resume,0.78,Redis — Basic — Project Evidence,1
C0346,SK048,Docker,Advanced,3,resume,0.6,Docker — Advanced — Resume Only,2
C0346,SK027,SQL,Basic,1,project,0.76,SQL — Basic — Project Evidence,1
C0347,SK056,Unit Testing,Basic,1,project|resume,0.78,Unit Testing — Basic — Project Evidence,1
C0347,SK058,Selenium,Basic,1,resume,0.6,Selenium — Basic — Resume Only,1
C0347,SK001,Java,Basic,1,project|resume,0.78,Java — Basic — Project Evidence,1
C0347,SK027,SQL,Basic,1,resume,0.6,SQL — Basic — Resume Only,1
C0347,SK057,JUnit,Basic,1,resume,0.6,JUnit — Basic — Resume Only,1
C0347,SK002,Python,Intermediate,2,project|resume,0.78,Python — Intermediate — Project Evidence,2
C0347,SK047,Git,Intermediate,2,resume,0.6,Git — Intermediate — Resume Only,1
C0347,SK053,CI/CD,Basic,1,resume,0.6,CI/CD — Basic — Resume Only,1
C0347,SK065,Teamwork,Intermediate,2,resume,0.6,Teamwork — Intermediate — Resume Only,2
C0347,SK066,Problem Solving,Intermediate,2,resume,0.6,Problem Solving — Intermediate — Resume Only,2
C0348,SK001,Java,Intermediate,2,project|resume,0.78,Java — Intermediate — Project Evidence,2
C0348,SK027,SQL,Intermediate,2,employment_record|resume,0.8,SQL — Intermediate — Employment Record,2
C0348,SK017,REST API,Intermediate,2,project|resume,0.78,REST API — Intermediate — Project Evidence,2
C0348,SK047,Git,Intermediate,2,resume,0.6,Git — Intermediate — Resume Only,2
C0348,SK011,Hibernate,Advanced,3,verified_credential|employment_record|resume,0.99,Hibernate — Advanced — Certificate Verified,3
C0348,SK019,Microservices,Basic,1,verified_credential|employment_record,0.97,Microservices — Basic — Certificate Verified,1
C0348,SK057,JUnit,Basic,1,project|resume,0.78,JUnit — Basic — Project Evidence,1
C0348,SK067,Project Management,Intermediate,2,self_declared,0.4,Project Management — Intermediate — Self-Declared,1
C0348,SK064,Communication,Basic,1,resume,0.6,Communication — Basic — Resume Only,1
C0349,SK003,JavaScript,Advanced,3,assessment|resume,0.9,JavaScript — Advanced — Assessment Verified,3
C0349,SK022,React,Advanced,3,project|resume,0.78,React — Advanced — Project Evidence,3
C0349,SK020,HTML,Advanced,3,resume,0.6,HTML — Advanced — Resume Only,3
C0349,SK021,CSS,Intermediate,2,verified_credential|assessment|project|resume,0.99,CSS — Intermediate — Certificate Verified,3
C0349,SK004,TypeScript,Advanced,3,employment_record|resume,0.8,TypeScript — Advanced — Employment Record,3
C0349,SK023,Next.js,Advanced,3,assessment|employment_record|resume,0.92,Next.js — Advanced — Assessment Verified,3
C0349,SK047,Git,Advanced,3,verified_credential|project|employment_record|resume,0.99,Git — Advanced — Certificate Verified,3
C0349,SK024,Angular,Advanced,3,employment_record|resume,0.8,Angular — Advanced — Employment Record,3
C0349,SK067,Project Management,Advanced,3,resume,0.6,Project Management — Advanced — Resume Only,3
C0349,SK066,Problem Solving,Advanced,3,self_declared,0.4,Problem Solving — Advanced — Self-Declared,3
C0350,SK002,Python,Advanced,3,verified_credential|project|employment_record|resume,0.99,Python — Advanced — Certificate Verified,3
C0350,SK033,Machine Learning,Advanced,3,verified_credential|project|resume,0.99,Machine Learning — Advanced — Certificate Verified,3
C0350,SK036,Scikit-learn,Intermediate,2,resume,0.6,Scikit-learn — Intermediate — Resume Only,2
C0350,SK040,NumPy,Advanced,3,project|employment_record,0.8,NumPy — Advanced — Project Evidence,3
C0350,SK041,Statistics,Advanced,3,project|resume,0.78,Statistics — Advanced — Project Evidence,3
C0350,SK034,Deep Learning,Basic,1,verified_credential|assessment|project|employment_record|resume,0.99,Deep Learning — Basic — Certificate Verified,2
C0350,SK038,PyTorch,Advanced,3,assessment|employment_record|resume,0.92,PyTorch — Advanced — Assessment Verified,3
C0350,SK065,Teamwork,Advanced,3,resume,0.6,Teamwork — Advanced — Resume Only,2
C0350,SK066,Problem Solving,Advanced,3,resume,0.6,Problem Solving — Advanced — Resume Only,3
C0351,SK009,Kotlin,Intermediate,2,project|resume,0.78,Kotlin — Intermediate — Project Evidence,2
C0351,SK001,Java,Intermediate,2,project|employment_record,0.8,Java — Intermediate — Project Evidence,2
C0351,SK059,Android Development,Intermediate,2,verified_credential|project|resume,0.99,Android Development — Intermediate — Certificate Verified,2
C0351,SK066,Problem Solving,Intermediate,2,resume,0.6,Problem Solving — Intermediate — Resume Only,2
C0352,SK002,Python,Basic,1,self_declared,0.4,Python — Basic — Self-Declared,1
C0352,SK033,Machine Learning,Basic,1,employment_record|resume,0.8,Machine Learning — Basic — Employment Record,1
C0352,SK039,Pandas,Basic,1,verified_credential|assessment|employment_record|resume,0.99,Pandas — Basic — Certificate Verified,1
C0352,SK035,NLP,Intermediate,2,resume,0.6,NLP — Intermediate — Resume Only,1
C0352,SK067,Project Management,Advanced,3,resume,0.6,Project Management — Advanced — Resume Only,2
C0353,SK044,Power BI,Intermediate,2,project|employment_record|resume,0.82,Power BI — Intermediate — Project Evidence,2
C0353,SK041,Statistics,Basic,1,self_declared,0.4,Statistics — Basic — Self-Declared,1
C0353,SK043,Data Visualization,Intermediate,2,project|employment_record,0.8,Data Visualization — Intermediate — Project Evidence,2
C0353,SK065,Teamwork,Advanced,3,resume,0.6,Teamwork — Advanced — Resume Only,2
C0354,SK003,JavaScript,Intermediate,2,resume,0.6,JavaScript — Intermediate — Resume Only,1
C0354,SK022,React,Basic,1,project|resume,0.78,React — Basic — Project Evidence,1
C0354,SK016,Express.js,Basic,1,project|resume,0.78,Express.js — Basic — Project Evidence,1
C0354,SK031,MongoDB,Basic,1,project,0.76,MongoDB — Basic — Project Evidence,1
C0354,SK027,SQL,Intermediate,2,assessment,0.88,SQL — Intermediate — Assessment Verified,2
C0354,SK017,REST API,Intermediate,2,resume,0.6,REST API — Intermediate — Resume Only,1
C0354,SK047,Git,Basic,1,assessment|resume,0.9,Git — Basic — Assessment Verified,2
C0354,SK004,TypeScript,Basic,1,resume,0.6,TypeScript — Basic — Resume Only,1
C0355,SK058,Selenium,Basic,1,assessment|resume,0.9,Selenium — Basic — Assessment Verified,1
C0355,SK001,Java,Basic,1,assessment|resume,0.9,Java — Basic — Assessment Verified,1
C0355,SK027,SQL,Basic,1,resume,0.6,SQL — Basic — Resume Only,1
C0355,SK002,Python,Basic,1,project|resume,0.78,Python — Basic — Project Evidence,1
C0355,SK047,Git,Intermediate,2,resume,0.6,Git — Intermediate — Resume Only,1
C0355,SK053,CI/CD,Basic,1,project|resume,0.78,CI/CD — Basic — Project Evidence,1
C0355,SK064,Communication,Basic,1,resume,0.6,Communication — Basic — Resume Only,1
C0356,SK027,SQL,Basic,1,verified_credential|resume,0.97,SQL — Basic — Certificate Verified,1
C0356,SK002,Python,Basic,1,verified_credential|resume,0.97,Python — Basic — Certificate Verified,1
C0356,SK044,Power BI,Basic,1,project|resume,0.78,Power BI — Basic — Project Evidence,1
C0356,SK045,Tableau,Basic,1,resume,0.6,Tableau — Basic — Resume Only,1
C0356,SK041,Statistics,Basic,1,verified_credential|resume,0.97,Statistics — Basic — Certificate Verified,1
C0356,SK065,Teamwork,Basic,1,resume,0.6,Teamwork — Basic — Resume Only,1
C0356,SK066,Problem Solving,Advanced,3,resume,0.6,Problem Solving — Advanced — Resume Only,2
C0357,SK022,React,Basic,1,verified_credential|project|employment_record,0.99,React — Basic — Certificate Verified,1
C0357,SK016,Express.js,Intermediate,2,verified_credential|project|resume,0.99,Express.js — Intermediate — Certificate Verified,2
C0357,SK031,MongoDB,Advanced,3,assessment|employment_record|resume,0.92,MongoDB — Advanced — Assessment Verified,2
C0357,SK027,SQL,Intermediate,2,verified_credential|resume,0.97,SQL — Intermediate — Certificate Verified,2
C0357,SK017,REST API,Advanced,3,assessment|resume,0.9,REST API — Advanced — Assessment Verified,2
C0357,SK048,Docker,Intermediate,2,verified_credential|project|employment_record|resume,0.99,Docker — Intermediate — Certificate Verified,2
C0358,SK071,AutoCAD,Intermediate,2,verified_credential|assessment|employment_record|resume,0.99,AutoCAD — Intermediate — Certificate Verified,2
C0358,SK072,PLC Programming,Basic,1,verified_credential|assessment|project|resume,0.99,PLC Programming — Basic — Certificate Verified,1
C0359,SK027,SQL,Basic,1,resume,0.6,SQL — Basic — Resume Only,1
C0359,SK046,Excel,Basic,1,employment_record|resume,0.8,Excel — Basic — Employment Record,1
C0359,SK002,Python,Basic,1,verified_credential|project|resume,0.99,Python — Basic — Certificate Verified,1
C0359,SK044,Power BI,Intermediate,2,resume,0.6,Power BI — Intermediate — Resume Only,1
C0359,SK041,Statistics,Basic,1,verified_credential|project|employment_record|resume,0.99,Statistics — Basic — Certificate Verified,1
C0359,SK039,Pandas,Basic,1,project|resume,0.78,Pandas — Basic — Project Evidence,1
C0359,SK043,Data Visualization,Intermediate,2,assessment|project|employment_record|resume,0.94,Data Visualization — Intermediate — Assessment Verified,1
C0360,SK002,Python,Basic,1,resume,0.6,Python — Basic — Resume Only,1
C0360,SK014,Flask,Basic,1,project|resume,0.78,Flask — Basic — Project Evidence,1
C0360,SK032,Redis,Intermediate,2,verified_credential|project|resume,0.99,Redis — Intermediate — Certificate Verified,2
C0360,SK048,Docker,Basic,1,project|resume,0.78,Docker — Basic — Project Evidence,1
C0360,SK046,Excel,Basic,1,verified_credential|resume,0.97,Excel — Basic — Certificate Verified,1
C0361,SK068,CNC Machining,Intermediate,2,verified_credential|project|employment_record|resume,0.99,CNC Machining — Intermediate — Certificate Verified,2
C0361,SK071,AutoCAD,Intermediate,2,verified_credential|project|employment_record|resume,0.99,AutoCAD — Intermediate — Certificate Verified,2
C0361,SK070,Electrical Wiring,Intermediate,2,verified_credential|assessment|resume,0.99,Electrical Wiring — Intermediate — Certificate Verified,3
C0361,SK072,PLC Programming,Intermediate,2,verified_credential|project,0.97,PLC Programming — Intermediate — Certificate Verified,2
C0362,SK002,Python,Advanced,3,project|resume,0.78,Python — Advanced — Project Evidence,3
C0362,SK033,Machine Learning,Advanced,3,project|resume,0.78,Machine Learning — Advanced — Project Evidence,3
C0362,SK036,Scikit-learn,Advanced,3,self_declared,0.4,Scikit-learn — Advanced — Self-Declared,3
C0362,SK040,NumPy,Advanced,3,self_declared,0.4,NumPy — Advanced — Self-Declared,3
C0362,SK041,Statistics,Advanced,3,resume,0.6,Statistics — Advanced — Resume Only,3
C0362,SK034,Deep Learning,Advanced,3,project|employment_record,0.8,Deep Learning — Advanced — Project Evidence,3
C0362,SK037,TensorFlow,Advanced,3,employment_record|resume,0.8,TensorFlow — Advanced — Employment Record,3
C0362,SK035,NLP,Intermediate,2,resume,0.6,NLP — Intermediate — Resume Only,2
C0362,SK064,Communication,Advanced,3,resume,0.6,Communication — Advanced — Resume Only,3
C0363,SK022,React,Intermediate,2,resume,0.6,React — Intermediate — Resume Only,2
C0363,SK021,CSS,Intermediate,2,verified_credential|project|resume,0.99,CSS — Intermediate — Certificate Verified,2
C0363,SK024,Angular,Intermediate,2,verified_credential|employment_record|resume,0.99,Angular — Intermediate — Certificate Verified,2
C0364,SK001,Java,Basic,1,project|employment_record|resume,0.82,Java — Basic — Project Evidence,1
C0364,SK010,Spring Boot,Intermediate,2,verified_credential|resume,0.97,Spring Boot — Intermediate — Certificate Verified,2
C0364,SK027,SQL,Basic,1,employment_record|resume,0.8,SQL — Basic — Employment Record,1
C0364,SK017,REST API,Basic,1,verified_credential|project|employment_record|resume,0.99,REST API — Basic — Certificate Verified,1
C0364,SK028,MySQL,Basic,1,assessment|resume,0.9,MySQL — Basic — Assessment Verified,1
C0364,SK047,Git,Basic,1,project,0.76,Git — Basic — Project Evidence,1
C0364,SK011,Hibernate,Basic,1,project|resume,0.78,Hibernate — Basic — Project Evidence,1
C0364,SK057,JUnit,Basic,1,employment_record|resume,0.8,JUnit — Basic — Employment Record,1
C0364,SK065,Teamwork,Intermediate,2,resume,0.6,Teamwork — Intermediate — Resume Only,2
C0364,SK066,Problem Solving,Intermediate,2,resume,0.6,Problem Solving — Intermediate — Resume Only,1
C0365,SK001,Java,Basic,1,verified_credential|project|resume,0.99,Java — Basic — Certificate Verified,1
C0365,SK010,Spring Boot,Intermediate,2,resume,0.6,Spring Boot — Intermediate — Resume Only,1
C0365,SK027,SQL,Basic,1,self_declared,0.4,SQL — Basic — Self-Declared,1
C0365,SK017,REST API,Basic,1,resume,0.6,REST API — Basic — Resume Only,1
C0365,SK028,MySQL,Basic,1,project|resume,0.78,MySQL — Basic — Project Evidence,1
C0365,SK047,Git,Basic,1,verified_credential|project|resume,0.99,Git — Basic — Certificate Verified,1
C0365,SK011,Hibernate,Intermediate,2,verified_credential|resume,0.97,Hibernate — Intermediate — Certificate Verified,2
C0365,SK019,Microservices,Basic,1,resume,0.6,Microservices — Basic — Resume Only,1
C0366,SK046,Excel,Advanced,3,assessment|resume,0.9,Excel — Advanced — Assessment Verified,3
C0366,SK044,Power BI,Advanced,3,assessment|resume,0.9,Power BI — Advanced — Assessment Verified,3
C0366,SK039,Pandas,Advanced,3,assessment|employment_record|resume,0.92,Pandas — Advanced — Assessment Verified,3
C0367,SK056,Unit Testing,Basic,1,resume,0.6,Unit Testing — Basic — Resume Only,1
C0367,SK058,Selenium,Intermediate,2,verified_credential|resume,0.97,Selenium — Intermediate — Certificate Verified,2
C0367,SK057,JUnit,Intermediate,2,assessment|project|resume,0.92,JUnit — Intermediate — Assessment Verified,2
C0367,SK053,CI/CD,Basic,1,resume,0.6,CI/CD — Basic — Resume Only,1
C0367,SK027,SQL,Advanced,3,resume,0.6,SQL — Advanced — Resume Only,2
C0368,SK068,CNC Machining,Basic,1,project|resume,0.78,CNC Machining — Basic — Project Evidence,1
C0368,SK071,AutoCAD,Basic,1,verified_credential|resume,0.97,AutoCAD — Basic — Certificate Verified,1
C0368,SK069,Welding,Basic,1,verified_credential|project|resume,0.99,Welding — Basic — Certificate Verified,1
C0368,SK072,PLC Programming,Intermediate,2,verified_credential|resume,0.97,PLC Programming — Intermediate — Certificate Verified,2
C0369,SK022,React,Basic,1,resume,0.6,React — Basic — Resume Only,1
C0369,SK004,TypeScript,Basic,1,verified_credential|resume,0.97,TypeScript — Basic — Certificate Verified,1
C0369,SK023,Next.js,Basic,1,verified_credential|resume,0.97,Next.js — Basic — Certificate Verified,1
C0369,SK024,Angular,Basic,1,resume,0.6,Angular — Basic — Resume Only,1
C0370,SK001,Java,Basic,1,project|resume,0.78,Java — Basic — Project Evidence,1
C0370,SK010,Spring Boot,Basic,1,assessment|resume,0.9,Spring Boot — Basic — Assessment Verified,2
C0370,SK027,SQL,Intermediate,2,assessment,0.88,SQL — Intermediate — Assessment Verified,1
C0370,SK011,Hibernate,Basic,1,project|resume,0.78,Hibernate — Basic — Project Evidence,1
C0370,SK019,Microservices,Intermediate,2,resume,0.6,Microservices — Intermediate — Resume Only,1
C0370,SK048,Docker,Basic,1,assessment|resume,0.9,Docker — Basic — Assessment Verified,1
C0370,SK057,JUnit,Basic,1,assessment|project|resume,0.92,JUnit — Basic — Assessment Verified,1
C0371,SK056,Unit Testing,Basic,1,verified_credential|resume,0.97,Unit Testing — Basic — Certificate Verified,1
C0371,SK001,Java,Basic,1,project|resume,0.78,Java — Basic — Project Evidence,1
C0371,SK027,SQL,Basic,1,verified_credential|resume,0.97,SQL — Basic — Certificate Verified,1
C0371,SK053,CI/CD,Intermediate,2,assessment|resume,0.9,CI/CD — Intermediate — Assessment Verified,1
C0372,SK046,Excel,Basic,1,project|employment_record,0.8,Excel — Basic — Project Evidence,1
C0372,SK002,Python,Basic,1,resume,0.6,Python — Basic — Resume Only,1
C0372,SK045,Tableau,Basic,1,self_declared,0.4,Tableau — Basic — Self-Declared,1
C0372,SK042,Data Analysis,Basic,1,project|resume,0.78,Data Analysis — Basic — Project Evidence,1
C0372,SK066,Problem Solving,Basic,1,self_declared,0.4,Problem Solving — Basic — Self-Declared,1
C0373,SK056,Unit Testing,Advanced,3,verified_credential|assessment|resume,0.99,Unit Testing — Advanced — Certificate Verified,2
C0373,SK058,Selenium,Intermediate,2,project|employment_record|resume,0.82,Selenium — Intermediate — Project Evidence,2
C0373,SK001,Java,Advanced,3,verified_credential|employment_record|resume,0.99,Java — Advanced — Certificate Verified,3
C0373,SK002,Python,Intermediate,2,assessment|employment_record|resume,0.92,Python — Intermediate — Assessment Verified,2
C0373,SK053,CI/CD,Advanced,3,project|resume,0.78,CI/CD — Advanced — Project Evidence,3
C0373,SK065,Teamwork,Intermediate,2,resume,0.6,Teamwork — Intermediate — Resume Only,2
C0373,SK066,Problem Solving,Basic,1,resume,0.6,Problem Solving — Basic — Resume Only,1
C0373,SK047,Git,Intermediate,2,resume,0.6,Git — Intermediate — Resume Only,2
C0374,SK009,Kotlin,Basic,1,verified_credential|resume,0.97,Kotlin — Basic — Certificate Verified,1
C0374,SK059,Android Development,Basic,1,verified_credential|project|resume,0.99,Android Development — Basic — Certificate Verified,1
C0374,SK017,REST API,Basic,1,verified_credential|project|resume,0.99,REST API — Basic — Certificate Verified,1
C0374,SK047,Git,Basic,1,verified_credential|project,0.97,Git — Basic — Certificate Verified,1
C0374,SK064,Communication,Basic,1,resume,0.6,Communication — Basic — Resume Only,1
C0374,SK065,Teamwork,Basic,1,resume,0.6,Teamwork — Basic — Resume Only,1
C0375,SK055,Linux,Basic,1,resume,0.6,Linux — Basic — Resume Only,1
C0375,SK050,AWS,Basic,1,project|resume,0.78,AWS — Basic — Project Evidence,1
C0375,SK053,CI/CD,Basic,1,verified_credential|project|resume,0.99,CI/CD — Basic — Certificate Verified,1
C0375,SK002,Python,Basic,1,verified_credential|resume,0.97,Python — Basic — Certificate Verified,1
C0375,SK065,Teamwork,Basic,1,resume,0.6,Teamwork — Basic — Resume Only,1
C0375,SK067,Project Management,Basic,1,resume,0.6,Project Management — Basic — Resume Only,1
C0375,SK046,Excel,Basic,1,project|resume,0.78,Excel — Basic — Project Evidence,1
C0376,SK009,Kotlin,Advanced,3,employment_record|resume,0.8,Kotlin — Advanced — Employment Record,3
C0376,SK001,Java,Advanced,3,employment_record|resume,0.8,Java — Advanced — Employment Record,3
C0376,SK059,Android Development,Advanced,3,self_declared,0.4,Android Development — Advanced — Self-Declared,3
C0376,SK017,REST API,Advanced,3,project|employment_record|resume,0.82,REST API — Advanced — Project Evidence,3
C0376,SK047,Git,Advanced,3,project|resume,0.78,Git — Advanced — Project Evidence,3
C0376,SK060,Flutter,Advanced,3,employment_record|resume,0.8,Flutter — Advanced — Employment Record,3
C0376,SK067,Project Management,Advanced,3,resume,0.6,Project Management — Advanced — Resume Only,3
C0376,SK064,Communication,Advanced,3,resume,0.6,Communication — Advanced — Resume Only,2
C0376,SK027,SQL,Advanced,3,project|resume,0.78,SQL — Advanced — Project Evidence,3
C0377,SK002,Python,Basic,1,verified_credential|assessment|project|resume,0.99,Python — Basic — Certificate Verified,1
C0377,SK036,Scikit-learn,Basic,1,verified_credential|assessment|project,0.99,Scikit-learn — Basic — Certificate Verified,1
C0377,SK034,Deep Learning,Intermediate,2,verified_credential|assessment|project,0.99,Deep Learning — Intermediate — Certificate Verified,2
C0377,SK035,NLP,Intermediate,2,project|resume,0.78,NLP — Intermediate — Project Evidence,2
C0378,SK001,Java,Intermediate,2,verified_credential|assessment|employment_record|resume,0.99,Java — Intermediate — Certificate Verified,2
C0378,SK059,Android Development,Intermediate,2,verified_credential|employment_record|resume,0.99,Android Development — Intermediate — Certificate Verified,2
C0378,SK047,Git,Basic,1,verified_credential|resume,0.97,Git — Basic — Certificate Verified,1
C0379,SK009,Kotlin,Basic,1,project|employment_record|resume,0.82,Kotlin — Basic — Project Evidence,1
C0379,SK059,Android Development,Basic,1,verified_credential|resume,0.97,Android Development — Basic — Certificate Verified,1
C0379,SK017,REST API,Basic,1,resume,0.6,REST API — Basic — Resume Only,1
C0379,SK047,Git,Intermediate,2,project|resume,0.78,Git — Intermediate — Project Evidence,2
C0379,SK060,Flutter,Intermediate,2,resume,0.6,Flutter — Intermediate — Resume Only,2
C0380,SK003,JavaScript,Basic,1,assessment|resume,0.9,JavaScript — Basic — Assessment Verified,1
C0380,SK022,React,Basic,1,project|resume,0.78,React — Basic — Project Evidence,1
C0380,SK020,HTML,Basic,1,verified_credential|resume,0.97,HTML — Basic — Certificate Verified,1
C0380,SK021,CSS,Basic,1,verified_credential|project|resume,0.99,CSS — Basic — Certificate Verified,1
C0380,SK026,Tailwind CSS,Intermediate,2,project|resume,0.78,Tailwind CSS — Intermediate — Project Evidence,2
C0380,SK024,Angular,Basic,1,resume,0.6,Angular — Basic — Resume Only,1
C0380,SK067,Project Management,Advanced,3,self_declared,0.4,Project Management — Advanced — Self-Declared,2
C0380,SK066,Problem Solving,Basic,1,self_declared,0.4,Problem Solving — Basic — Self-Declared,1
C0380,SK046,Excel,Intermediate,2,resume,0.6,Excel — Intermediate — Resume Only,2
C0381,SK001,Java,Advanced,3,resume,0.6,Java — Advanced — Resume Only,2
C0381,SK017,REST API,Basic,1,assessment|project,0.9,REST API — Basic — Assessment Verified,1
C0381,SK048,Docker,Basic,1,assessment|project|resume,0.92,Docker — Basic — Assessment Verified,2
C0381,SK057,JUnit,Intermediate,2,resume,0.6,JUnit — Intermediate — Resume Only,1
C0382,SK033,Machine Learning,Intermediate,2,project|resume,0.78,Machine Learning — Intermediate — Project Evidence,2
C0382,SK036,Scikit-learn,Advanced,3,project|employment_record|resume,0.82,Scikit-learn — Advanced — Project Evidence,3
C0382,SK040,NumPy,Intermediate,2,verified_credential|assessment|project|resume,0.99,NumPy — Intermediate — Certificate Verified,2
C0382,SK034,Deep Learning,Intermediate,2,verified_credential|assessment|project|resume,0.99,Deep Learning — Intermediate — Certificate Verified,2
C0382,SK037,TensorFlow,Basic,1,assessment|project|resume,0.92,TensorFlow — Basic — Assessment Verified,2
C0382,SK027,SQL,Intermediate,2,project|resume,0.78,SQL — Intermediate — Project Evidence,2
C0382,SK065,Teamwork,Advanced,3,resume,0.6,Teamwork — Advanced — Resume Only,3
C0382,SK066,Problem Solving,Intermediate,2,resume,0.6,Problem Solving — Intermediate — Resume Only,2
C0383,SK009,Kotlin,Basic,1,verified_credential|assessment|project|resume,0.99,Kotlin — Basic — Certificate Verified,1
C0383,SK001,Java,Basic,1,assessment|resume,0.9,Java — Basic — Assessment Verified,1
C0383,SK047,Git,Basic,1,verified_credential|resume,0.97,Git — Basic — Certificate Verified,1
C0383,SK060,Flutter,Intermediate,2,assessment|project|resume,0.92,Flutter — Intermediate — Assessment Verified,1
C0383,SK065,Teamwork,Basic,1,self_declared,0.4,Teamwork — Basic — Self-Declared,1
C0384,SK033,Machine Learning,Advanced,3,project|resume,0.78,Machine Learning — Advanced — Project Evidence,3
C0384,SK034,Deep Learning,Advanced,3,project|resume,0.78,Deep Learning — Advanced — Project Evidence,3
C0384,SK037,TensorFlow,Advanced,3,assessment|project|employment_record|resume,0.94,TensorFlow — Advanced — Assessment Verified,3
C0384,SK038,PyTorch,Advanced,3,assessment|project|employment_record|resume,0.94,PyTorch — Advanced — Assessment Verified,3
C0384,SK027,SQL,Intermediate,2,assessment|project|employment_record|resume,0.94,SQL — Intermediate — Assessment Verified,3
C0385,SK003,JavaScript,Basic,1,employment_record|resume,0.8,JavaScript — Basic — Employment Record,1
C0385,SK022,React,Basic,1,assessment|project|resume,0.92,React — Basic — Assessment Verified,1
C0385,SK047,Git,Intermediate,2,employment_record,0.78,Git — Intermediate — Employment Record,2
C0385,SK067,Project Management,Basic,1,resume,0.6,Project Management — Basic — Resume Only,1
C0386,SK003,JavaScript,Basic,1,project|resume,0.78,JavaScript — Basic — Project Evidence,1
C0386,SK022,React,Basic,1,verified_credential|resume,0.97,React — Basic — Certificate Verified,1
C0386,SK020,HTML,Basic,1,resume,0.6,HTML — Basic — Resume Only,1
C0386,SK021,CSS,Intermediate,2,verified_credential|assessment|resume,0.99,CSS — Intermediate — Certificate Verified,2
C0386,SK047,Git,Intermediate,2,project|resume,0.78,Git — Intermediate — Project Evidence,2
C0386,SK024,Angular,Basic,1,verified_credential|resume,0.97,Angular — Basic — Certificate Verified,1
C0386,SK066,Problem Solving,Basic,1,resume,0.6,Problem Solving — Basic — Resume Only,1
C0386,SK067,Project Management,Intermediate,2,resume,0.6,Project Management — Intermediate — Resume Only,1
C0387,SK015,Node.js,Advanced,3,project|employment_record|resume,0.82,Node.js — Advanced — Project Evidence,3
C0387,SK016,Express.js,Advanced,3,assessment|resume,0.9,Express.js — Advanced — Assessment Verified,3
C0387,SK048,Docker,Intermediate,2,verified_credential|assessment|project|resume,0.99,Docker — Intermediate — Certificate Verified,2
C0388,SK003,JavaScript,Intermediate,2,resume,0.6,JavaScript — Intermediate — Resume Only,2
C0388,SK022,React,Intermediate,2,project|employment_record|resume,0.82,React — Intermediate — Project Evidence,2
C0388,SK020,HTML,Intermediate,2,project|resume,0.78,HTML — Intermediate — Project Evidence,2
C0388,SK021,CSS,Advanced,3,verified_credential|employment_record|resume,0.99,CSS — Advanced — Certificate Verified,3
C0388,SK004,TypeScript,Intermediate,2,verified_credential|employment_record|resume,0.99,TypeScript — Intermediate — Certificate Verified,2
C0388,SK047,Git,Intermediate,2,project|employment_record|resume,0.82,Git — Intermediate — Project Evidence,2
C0388,SK024,Angular,Advanced,3,verified_credential|employment_record|resume,0.99,Angular — Advanced — Certificate Verified,3
C0388,SK025,Vue.js,Advanced,3,verified_credential|project|employment_record,0.99,Vue.js — Advanced — Certificate Verified,3
C0388,SK066,Problem Solving,Intermediate,2,resume,0.6,Problem Solving — Intermediate — Resume Only,2
C0389,SK003,JavaScript,Basic,1,verified_credential|resume,0.97,JavaScript — Basic — Certificate Verified,1
C0389,SK022,React,Basic,1,resume,0.6,React — Basic — Resume Only,1
C0389,SK020,HTML,Basic,1,project,0.76,HTML — Basic — Project Evidence,1
C0389,SK004,TypeScript,Intermediate,2,resume,0.6,TypeScript — Intermediate — Resume Only,1
C0389,SK023,Next.js,Basic,1,assessment|resume,0.9,Next.js — Basic — Assessment Verified,1
C0389,SK025,Vue.js,Basic,1,project|resume,0.78,Vue.js — Basic — Project Evidence,1
C0389,SK064,Communication,Basic,1,resume,0.6,Communication — Basic — Resume Only,1
C0389,SK065,Teamwork,Intermediate,2,resume,0.6,Teamwork — Intermediate — Resume Only,1
C0390,SK033,Machine Learning,Intermediate,2,employment_record|resume,0.8,Machine Learning — Intermediate — Employment Record,2
C0390,SK039,Pandas,Basic,1,project|resume,0.78,Pandas — Basic — Project Evidence,1
C0390,SK027,SQL,Advanced,3,assessment|resume,0.9,SQL — Advanced — Assessment Verified,2
C0390,SK048,Docker,Intermediate,2,project|resume,0.78,Docker — Intermediate — Project Evidence,2
C0391,SK055,Linux,Basic,1,assessment|project|employment_record|resume,0.94,Linux — Basic — Assessment Verified,1
C0391,SK048,Docker,Basic,1,verified_credential|project|employment_record|resume,0.99,Docker — Basic — Certificate Verified,1
C0391,SK049,Kubernetes,Intermediate,2,resume,0.6,Kubernetes — Intermediate — Resume Only,1
C0391,SK050,AWS,Basic,1,project|resume,0.78,AWS — Basic — Project Evidence,1
C0391,SK047,Git,Basic,1,project|resume,0.78,Git — Basic — Project Evidence,1
C0391,SK002,Python,Basic,1,employment_record|resume,0.8,Python — Basic — Employment Record,1
C0391,SK064,Communication,Basic,1,resume,0.6,Communication — Basic — Resume Only,1
C0392,SK027,SQL,Advanced,3,resume,0.6,SQL — Advanced — Resume Only,2
C0392,SK046,Excel,Basic,1,verified_credential|assessment|project|resume,0.99,Excel — Basic — Certificate Verified,1
C0392,SK002,Python,Basic,1,project|resume,0.78,Python — Basic — Project Evidence,1
C0392,SK044,Power BI,Basic,1,assessment|resume,0.9,Power BI — Basic — Assessment Verified,1
C0392,SK039,Pandas,Basic,1,project|resume,0.78,Pandas — Basic — Project Evidence,1
C0392,SK042,Data Analysis,Basic,1,verified_credential|assessment|resume,0.99,Data Analysis — Basic — Certificate Verified,1
C0392,SK066,Problem Solving,Intermediate,2,resume,0.6,Problem Solving — Intermediate — Resume Only,2
C0393,SK022,React,Basic,1,resume,0.6,React — Basic — Resume Only,1
C0393,SK020,HTML,Advanced,3,resume,0.6,HTML — Advanced — Resume Only,3
C0393,SK021,CSS,Intermediate,2,project|employment_record|resume,0.82,CSS — Intermediate — Project Evidence,2
C0393,SK026,Tailwind CSS,Advanced,3,project|employment_record|resume,0.82,Tailwind CSS — Advanced — Project Evidence,3
C0393,SK023,Next.js,Advanced,3,verified_credential|project|employment_record|resume,0.99,Next.js — Advanced — Certificate Verified,3
C0393,SK047,Git,Intermediate,2,project|resume,0.78,Git — Intermediate — Project Evidence,2
C0393,SK025,Vue.js,Intermediate,2,verified_credential|assessment|resume,0.99,Vue.js — Intermediate — Certificate Verified,2
C0393,SK065,Teamwork,Intermediate,2,resume,0.6,Teamwork — Intermediate — Resume Only,2
C0393,SK048,Docker,Intermediate,2,employment_record|resume,0.8,Docker — Intermediate — Employment Record,2
C0394,SK001,Java,Advanced,3,resume,0.6,Java — Advanced — Resume Only,3
C0394,SK017,REST API,Basic,1,employment_record|resume,0.8,REST API — Basic — Employment Record,1
C0394,SK028,MySQL,Intermediate,2,assessment|employment_record,0.9,MySQL — Intermediate — Assessment Verified,2
C0394,SK048,Docker,Advanced,3,project|employment_record|resume,0.82,Docker — Advanced — Project Evidence,3
C0394,SK065,Teamwork,Basic,1,resume,0.6,Teamwork — Basic — Resume Only,1
C0394,SK064,Communication,Advanced,3,resume,0.6,Communication — Advanced — Resume Only,2
C0395,SK046,Excel,Basic,1,verified_credential|resume,0.97,Excel — Basic — Certificate Verified,1
C0395,SK044,Power BI,Intermediate,2,verified_credential|assessment|resume,0.99,Power BI — Intermediate — Certificate Verified,1
C0395,SK045,Tableau,Basic,1,project|resume,0.78,Tableau — Basic — Project Evidence,1
C0395,SK064,Communication,Intermediate,2,resume,0.6,Communication — Intermediate — Resume Only,2
C0395,SK027,SQL,Basic,1,verified_credential|resume,0.97,SQL — Basic — Certificate Verified,1
C0396,SK003,JavaScript,Intermediate,2,project|employment_record|resume,0.82,JavaScript — Intermediate — Project Evidence,2
C0396,SK022,React,Basic,1,project|resume,0.78,React — Basic — Project Evidence,1
C0396,SK016,Express.js,Intermediate,2,employment_record|resume,0.8,Express.js — Intermediate — Employment Record,2
C0396,SK031,MongoDB,Intermediate,2,project|employment_record|resume,0.82,MongoDB — Intermediate — Project Evidence,2
C0396,SK027,SQL,Basic,1,project|employment_record|resume,0.82,SQL — Basic — Project Evidence,1
C0396,SK047,Git,Advanced,3,verified_credential|employment_record|resume,0.99,Git — Advanced — Certificate Verified,3
C0396,SK065,Teamwork,Intermediate,2,resume,0.6,Teamwork — Intermediate — Resume Only,2
C0396,SK064,Communication,Intermediate,2,resume,0.6,Communication — Intermediate — Resume Only,2
C0396,SK046,Excel,Intermediate,2,verified_credential|employment_record,0.97,Excel — Intermediate — Certificate Verified,2
C0397,SK027,SQL,Intermediate,2,project|resume,0.78,SQL — Intermediate — Project Evidence,2
C0397,SK045,Tableau,Advanced,3,project,0.76,Tableau — Advanced — Project Evidence,3
C0397,SK043,Data Visualization,Intermediate,2,project|employment_record|resume,0.82,Data Visualization — Intermediate — Project Evidence,2
C0397,SK065,Teamwork,Advanced,3,self_declared,0.4,Teamwork — Advanced — Self-Declared,3
C0398,SK002,Python,Basic,1,verified_credential|project|employment_record|resume,0.99,Python — Basic — Certificate Verified,1
C0398,SK033,Machine Learning,Intermediate,2,verified_credential|project|employment_record|resume,0.99,Machine Learning — Intermediate — Certificate Verified,2
C0398,SK036,Scikit-learn,Intermediate,2,project|resume,0.78,Scikit-learn — Intermediate — Project Evidence,2
C0398,SK039,Pandas,Advanced,3,self_declared,0.4,Pandas — Advanced — Self-Declared,3
C0398,SK040,NumPy,Basic,1,verified_credential|resume,0.97,NumPy — Basic — Certificate Verified,1
C0398,SK037,TensorFlow,Intermediate,2,employment_record|resume,0.8,TensorFlow — Intermediate — Employment Record,2
C0398,SK035,NLP,Intermediate,2,project|resume,0.78,NLP — Intermediate — Project Evidence,2
C0398,SK027,SQL,Advanced,3,employment_record,0.78,SQL — Advanced — Employment Record,3
C0398,SK064,Communication,Advanced,3,resume,0.6,Communication — Advanced — Resume Only,3
C0399,SK056,Unit Testing,Advanced,3,project|employment_record|resume,0.82,Unit Testing — Advanced — Project Evidence,3
C0399,SK058,Selenium,Intermediate,2,project|employment_record|resume,0.82,Selenium — Intermediate — Project Evidence,2
C0399,SK001,Java,Intermediate,2,resume,0.6,Java — Intermediate — Resume Only,2
C0399,SK057,JUnit,Advanced,3,project|employment_record|resume,0.82,JUnit — Advanced — Project Evidence,3
C0399,SK053,CI/CD,Intermediate,2,project|resume,0.78,CI/CD — Intermediate — Project Evidence,2
C0399,SK066,Problem Solving,Advanced,3,resume,0.6,Problem Solving — Advanced — Resume Only,3
C0399,SK027,SQL,Intermediate,2,project|employment_record|resume,0.82,SQL — Intermediate — Project Evidence,2
C0400,SK027,SQL,Advanced,3,verified_credential|project|employment_record|resume,0.99,SQL — Advanced — Certificate Verified,3
C0400,SK045,Tableau,Intermediate,2,verified_credential|resume,0.97,Tableau — Intermediate — Certificate Verified,2
C0400,SK041,Statistics,Intermediate,2,employment_record|resume,0.8,Statistics — Intermediate — Employment Record,2
C0400,SK065,Teamwork,Advanced,3,resume,0.6,Teamwork — Advanced — Resume Only,2
C0401,SK056,Unit Testing,Intermediate,2,project|resume,0.78,Unit Testing — Intermediate — Project Evidence,2
C0401,SK001,Java,Basic,1,assessment|employment_record|resume,0.92,Java — Basic — Assessment Verified,1
C0401,SK027,SQL,Basic,1,assessment|resume,0.9,SQL — Basic — Assessment Verified,1
C0401,SK057,JUnit,Basic,1,project,0.76,JUnit — Basic — Project Evidence,1
C0401,SK002,Python,Basic,1,assessment|project|resume,0.92,Python — Basic — Assessment Verified,1
C0402,SK027,SQL,Advanced,3,assessment|project|employment_record|resume,0.94,SQL — Advanced — Assessment Verified,3
C0402,SK002,Python,Advanced,3,project|resume,0.78,Python — Advanced — Project Evidence,3
C0402,SK041,Statistics,Advanced,3,assessment|resume,0.9,Statistics — Advanced — Assessment Verified,3
C0402,SK039,Pandas,Advanced,3,assessment|employment_record|resume,0.92,Pandas — Advanced — Assessment Verified,3
C0402,SK042,Data Analysis,Advanced,3,assessment|project|resume,0.92,Data Analysis — Advanced — Assessment Verified,3
C0403,SK020,HTML,Basic,1,verified_credential,0.95,HTML — Basic — Certificate Verified,1
C0403,SK021,CSS,Basic,1,resume,0.6,CSS — Basic — Resume Only,1
C0403,SK047,Git,Basic,1,verified_credential|project|resume,0.99,Git — Basic — Certificate Verified,1
C0403,SK024,Angular,Basic,1,verified_credential|project|resume,0.99,Angular — Basic — Certificate Verified,1
C0403,SK064,Communication,Intermediate,2,resume,0.6,Communication — Intermediate — Resume Only,2
C0404,SK068,CNC Machining,Basic,1,verified_credential|assessment|project,0.99,CNC Machining — Basic — Certificate Verified,1
C0404,SK071,AutoCAD,Basic,1,verified_credential|assessment|employment_record|resume,0.99,AutoCAD — Basic — Certificate Verified,1
C0404,SK069,Welding,Intermediate,2,verified_credential|assessment|resume,0.99,Welding — Intermediate — Certificate Verified,1
C0404,SK066,Problem Solving,Basic,1,resume,0.6,Problem Solving — Basic — Resume Only,1
C0404,SK067,Project Management,Intermediate,2,resume,0.6,Project Management — Intermediate — Resume Only,2
C0405,SK068,CNC Machining,Basic,1,resume,0.6,CNC Machining — Basic — Resume Only,1
C0405,SK071,AutoCAD,Basic,1,resume,0.6,AutoCAD — Basic — Resume Only,1
C0405,SK069,Welding,Intermediate,2,project|resume,0.78,Welding — Intermediate — Project Evidence,2
C0405,SK065,Teamwork,Intermediate,2,resume,0.6,Teamwork — Intermediate — Resume Only,1
C0405,SK067,Project Management,Basic,1,resume,0.6,Project Management — Basic — Resume Only,1
C0406,SK033,Machine Learning,Basic,1,verified_credential|assessment|project|resume,0.99,Machine Learning — Basic — Certificate Verified,1
C0406,SK036,Scikit-learn,Basic,1,resume,0.6,Scikit-learn — Basic — Resume Only,1
C0406,SK038,PyTorch,Intermediate,2,project|resume,0.78,PyTorch — Intermediate — Project Evidence,2
C0406,SK035,NLP,Basic,1,verified_credential|assessment|project|resume,0.99,NLP — Basic — Certificate Verified,1
C0407,SK046,Excel,Basic,1,resume,0.6,Excel — Basic — Resume Only,1
C0407,SK002,Python,Basic,1,resume,0.6,Python — Basic — Resume Only,1
C0407,SK045,Tableau,Basic,1,assessment|resume,0.9,Tableau — Basic — Assessment Verified,1
C0407,SK039,Pandas,Basic,1,verified_credential|project|resume,0.99,Pandas — Basic — Certificate Verified,1
C0407,SK042,Data Analysis,Basic,1,verified_credential,0.95,Data Analysis — Basic — Certificate Verified,1
C0407,SK064,Communication,Basic,1,resume,0.6,Communication — Basic — Resume Only,1
C0407,SK067,Project Management,Advanced,3,resume,0.6,Project Management — Advanced — Resume Only,2
C0408,SK071,AutoCAD,Intermediate,2,verified_credential|assessment|resume,0.99,AutoCAD — Intermediate — Certificate Verified,2
C0408,SK070,Electrical Wiring,Intermediate,2,verified_credential|project|resume,0.99,Electrical Wiring — Intermediate — Certificate Verified,2
C0408,SK065,Teamwork,Basic,1,resume,0.6,Teamwork — Basic — Resume Only,1
C0409,SK056,Unit Testing,Intermediate,2,resume,0.6,Unit Testing — Intermediate — Resume Only,2
C0409,SK058,Selenium,Intermediate,2,employment_record,0.78,Selenium — Intermediate — Employment Record,2
C0409,SK001,Java,Advanced,3,employment_record|resume,0.8,Java — Advanced — Employment Record,3
C0409,SK027,SQL,Intermediate,2,resume,0.6,SQL — Intermediate — Resume Only,2
C0409,SK057,JUnit,Intermediate,2,resume,0.6,JUnit — Intermediate — Resume Only,2
C0409,SK002,Python,Intermediate,2,employment_record|resume,0.8,Python — Intermediate — Employment Record,2
C0409,SK047,Git,Intermediate,2,project|employment_record|resume,0.82,Git — Intermediate — Project Evidence,2
C0409,SK064,Communication,Advanced,3,resume,0.6,Communication — Advanced — Resume Only,3
C0409,SK066,Problem Solving,Intermediate,2,resume,0.6,Problem Solving — Intermediate — Resume Only,2
C0410,SK003,JavaScript,Intermediate,2,verified_credential|project|resume,0.99,JavaScript — Intermediate — Certificate Verified,2
C0410,SK022,React,Basic,1,employment_record|resume,0.8,React — Basic — Employment Record,1
C0410,SK004,TypeScript,Advanced,3,verified_credential|resume,0.97,TypeScript — Advanced — Certificate Verified,3
C0410,SK023,Next.js,Intermediate,2,verified_credential|resume,0.97,Next.js — Intermediate — Certificate Verified,2
C0410,SK064,Communication,Intermediate,2,resume,0.6,Communication — Intermediate — Resume Only,2
C0411,SK002,Python,Basic,1,project|resume,0.78,Python — Basic — Project Evidence,1
C0411,SK039,Pandas,Basic,1,resume,0.6,Pandas — Basic — Resume Only,1
C0411,SK037,TensorFlow,Basic,1,resume,0.6,TensorFlow — Basic — Resume Only,1
C0411,SK035,NLP,Basic,1,project|resume,0.78,NLP — Basic — Project Evidence,1
C0412,SK003,JavaScript,Advanced,3,project|resume,0.78,JavaScript — Advanced — Project Evidence,3
C0412,SK020,HTML,Intermediate,2,project|employment_record|resume,0.82,HTML — Intermediate — Project Evidence,2
C0412,SK004,TypeScript,Intermediate,2,project|resume,0.78,TypeScript — Intermediate — Project Evidence,2
C0412,SK024,Angular,Advanced,3,verified_credential|employment_record|resume,0.99,Angular — Advanced — Certificate Verified,3
C0412,SK025,Vue.js,Advanced,3,employment_record|resume,0.8,Vue.js — Advanced — Employment Record,3
C0412,SK047,Git,Advanced,3,verified_credential|assessment|project|resume,0.99,Git — Advanced — Certificate Verified,3
C0413,SK002,Python,Intermediate,2,project|employment_record|resume,0.82,Python — Intermediate — Project Evidence,2
C0413,SK036,Scikit-learn,Intermediate,2,assessment|project|employment_record,0.92,Scikit-learn — Intermediate — Assessment Verified,2
C0413,SK039,Pandas,Intermediate,2,verified_credential|resume,0.97,Pandas — Intermediate — Certificate Verified,2
C0413,SK040,NumPy,Basic,1,resume,0.6,NumPy — Basic — Resume Only,1
C0413,SK055,Linux,Intermediate,2,verified_credential|assessment|resume,0.99,Linux — Intermediate — Certificate Verified,2
C0414,SK071,AutoCAD,Advanced,3,verified_credential|project|resume,0.99,AutoCAD — Advanced — Certificate Verified,3
C0414,SK069,Welding,Intermediate,2,verified_credential|resume,0.97,Welding — Intermediate — Certificate Verified,2
C0414,SK070,Electrical Wiring,Advanced,3,verified_credential|employment_record|resume,0.99,Electrical Wiring — Advanced — Certificate Verified,3
C0414,SK067,Project Management,Intermediate,2,resume,0.6,Project Management — Intermediate — Resume Only,2
C0415,SK002,Python,Basic,1,verified_credential|employment_record|resume,0.99,Python — Basic — Certificate Verified,1
C0415,SK036,Scikit-learn,Intermediate,2,verified_credential|resume,0.97,Scikit-learn — Intermediate — Certificate Verified,2
C0415,SK039,Pandas,Basic,1,project|employment_record|resume,0.82,Pandas — Basic — Project Evidence,1
C0415,SK040,NumPy,Basic,1,project|employment_record|resume,0.82,NumPy — Basic — Project Evidence,1
C0415,SK041,Statistics,Intermediate,2,verified_credential|project|resume,0.99,Statistics — Intermediate — Certificate Verified,2
C0415,SK037,TensorFlow,Intermediate,2,project|resume,0.78,TensorFlow — Intermediate — Project Evidence,2
C0415,SK038,PyTorch,Basic,1,verified_credential|project|employment_record|resume,0.99,PyTorch — Basic — Certificate Verified,1
C0415,SK027,SQL,Intermediate,2,verified_credential|project|resume,0.99,SQL — Intermediate — Certificate Verified,2
C0415,SK067,Project Management,Advanced,3,resume,0.6,Project Management — Advanced — Resume Only,2
C0415,SK064,Communication,Basic,1,resume,0.6,Communication — Basic — Resume Only,1
C0416,SK056,Unit Testing,Basic,1,resume,0.6,Unit Testing — Basic — Resume Only,1
C0416,SK058,Selenium,Basic,1,project|resume,0.78,Selenium — Basic — Project Evidence,1
C0416,SK001,Java,Intermediate,2,resume,0.6,Java — Intermediate — Resume Only,1
C0416,SK002,Python,Intermediate,2,project|resume,0.78,Python — Intermediate — Project Evidence,2
C0416,SK053,CI/CD,Basic,1,project|resume,0.78,CI/CD — Basic — Project Evidence,1
C0417,SK001,Java,Intermediate,2,assessment|project|resume,0.92,Java — Intermediate — Assessment Verified,2
C0417,SK010,Spring Boot,Intermediate,2,project|resume,0.78,Spring Boot — Intermediate — Project Evidence,2
C0417,SK027,SQL,Intermediate,2,project|resume,0.78,SQL — Intermediate — Project Evidence,2
C0417,SK017,REST API,Intermediate,2,project|employment_record|resume,0.82,REST API — Intermediate — Project Evidence,2
C0417,SK028,MySQL,Basic,1,project|employment_record,0.8,MySQL — Basic — Project Evidence,1
C0417,SK047,Git,Basic,1,assessment|project|employment_record|resume,0.94,Git — Basic — Assessment Verified,1
C0417,SK011,Hibernate,Basic,1,project|resume,0.78,Hibernate — Basic — Project Evidence,1
C0417,SK066,Problem Solving,Advanced,3,resume,0.6,Problem Solving — Advanced — Resume Only,2
C0417,SK048,Docker,Intermediate,2,project|employment_record|resume,0.82,Docker — Intermediate — Project Evidence,2
C0418,SK012,Django,Basic,1,assessment|project|resume,0.92,Django — Basic — Assessment Verified,1
C0418,SK029,PostgreSQL,Basic,1,resume,0.6,PostgreSQL — Basic — Resume Only,1
C0418,SK048,Docker,Intermediate,2,verified_credential|employment_record,0.97,Docker — Intermediate — Certificate Verified,2
C0418,SK047,Git,Intermediate,2,verified_credential|employment_record|resume,0.99,Git — Intermediate — Certificate Verified,2
C0418,SK027,SQL,Intermediate,2,verified_credential|project|employment_record|resume,0.99,SQL — Intermediate — Certificate Verified,2
C0419,SK027,SQL,Advanced,3,assessment|project|resume,0.92,SQL — Advanced — Assessment Verified,2
C0419,SK046,Excel,Intermediate,2,verified_credential|employment_record|resume,0.99,Excel — Intermediate — Certificate Verified,2
C0419,SK002,Python,Intermediate,2,resume,0.6,Python — Intermediate — Resume Only,1
C0419,SK044,Power BI,Intermediate,2,employment_record|resume,0.8,Power BI — Intermediate — Employment Record,2
C0419,SK041,Statistics,Intermediate,2,project|resume,0.78,Statistics — Intermediate — Project Evidence,2
C0419,SK043,Data Visualization,Basic,1,resume,0.6,Data Visualization — Basic — Resume Only,1
C0419,SK042,Data Analysis,Advanced,3,verified_credential|assessment|project|employment_record|resume,0.99,Data Analysis — Advanced — Certificate Verified,3
C0419,SK048,Docker,Intermediate,2,employment_record,0.78,Docker — Intermediate — Employment Record,2
C0420,SK002,Python,Intermediate,2,verified_credential|project|employment_record|resume,0.99,Python — Intermediate — Certificate Verified,2
C0420,SK033,Machine Learning,Intermediate,2,assessment|employment_record|resume,0.92,Machine Learning — Intermediate — Assessment Verified,2
C0420,SK039,Pandas,Advanced,3,verified_credential|assessment|project|employment_record|resume,0.99,Pandas — Advanced — Certificate Verified,2
C0420,SK040,NumPy,Advanced,3,assessment|employment_record|resume,0.92,NumPy — Advanced — Assessment Verified,3
C0420,SK027,SQL,Advanced,3,resume,0.6,SQL — Advanced — Resume Only,3
C0420,SK065,Teamwork,Advanced,3,self_declared,0.4,Teamwork — Advanced — Self-Declared,3
C0421,SK003,JavaScript,Advanced,3,project|employment_record|resume,0.82,JavaScript — Advanced — Project Evidence,3
C0421,SK020,HTML,Advanced,3,resume,0.6,HTML — Advanced — Resume Only,3
C0421,SK004,TypeScript,Advanced,3,project|employment_record|resume,0.82,TypeScript — Advanced — Project Evidence,3
C0421,SK064,Communication,Intermediate,2,self_declared,0.4,Communication — Intermediate — Self-Declared,2
C0421,SK027,SQL,Advanced,3,project|employment_record|resume,0.82,SQL — Advanced — Project Evidence,3
C0422,SK056,Unit Testing,Advanced,3,resume,0.6,Unit Testing — Advanced — Resume Only,3
C0422,SK058,Selenium,Advanced,3,resume,0.6,Selenium — Advanced — Resume Only,2
C0422,SK027,SQL,Advanced,3,project|employment_record|resume,0.82,SQL — Advanced — Project Evidence,3
C0422,SK047,Git,Intermediate,2,self_declared,0.4,Git — Intermediate — Self-Declared,2
C0422,SK053,CI/CD,Intermediate,2,resume,0.6,CI/CD — Intermediate — Resume Only,2
C0422,SK067,Project Management,Intermediate,2,resume,0.6,Project Management — Intermediate — Resume Only,2
C0422,SK065,Teamwork,Advanced,3,resume,0.6,Teamwork — Advanced — Resume Only,3
C0422,SK046,Excel,Advanced,3,project|employment_record|resume,0.82,Excel — Advanced — Project Evidence,3
C0423,SK001,Java,Basic,1,verified_credential|assessment|employment_record|resume,0.99,Java — Basic — Certificate Verified,2
C0423,SK028,MySQL,Basic,1,assessment|employment_record|resume,0.92,MySQL — Basic — Assessment Verified,2
C0423,SK047,Git,Intermediate,2,verified_credential|project|resume,0.99,Git — Intermediate — Certificate Verified,2
C0423,SK057,JUnit,Advanced,3,verified_credential|project|resume,0.99,JUnit — Advanced — Certificate Verified,3
C0424,SK046,Excel,Basic,1,resume,0.6,Excel — Basic — Resume Only,1
C0424,SK002,Python,Intermediate,2,verified_credential|project|employment_record|resume,0.99,Python — Intermediate — Certificate Verified,2
C0424,SK045,Tableau,Intermediate,2,verified_credential|employment_record|resume,0.99,Tableau — Intermediate — Certificate Verified,2
C0424,SK039,Pandas,Advanced,3,project|employment_record|resume,0.82,Pandas — Advanced — Project Evidence,3
C0424,SK043,Data Visualization,Basic,1,project|resume,0.78,Data Visualization — Basic — Project Evidence,1
C0424,SK066,Problem Solving,Advanced,3,resume,0.6,Problem Solving — Advanced — Resume Only,3
C0425,SK027,SQL,Advanced,3,employment_record|resume,0.8,SQL — Advanced — Employment Record,3
C0425,SK017,REST API,Advanced,3,employment_record|resume,0.8,REST API — Advanced — Employment Record,3
C0425,SK028,MySQL,Intermediate,2,assessment|employment_record|resume,0.92,MySQL — Intermediate — Assessment Verified,2
C0425,SK057,JUnit,Intermediate,2,project|employment_record|resume,0.82,JUnit — Intermediate — Project Evidence,2
C0425,SK064,Communication,Intermediate,2,resume,0.6,Communication — Intermediate — Resume Only,2
C0425,SK067,Project Management,Basic,1,resume,0.6,Project Management — Basic — Resume Only,1
C0426,SK001,Java,Intermediate,2,verified_credential|employment_record|resume,0.99,Java — Intermediate — Certificate Verified,2
C0426,SK010,Spring Boot,Basic,1,verified_credential|resume,0.97,Spring Boot — Basic — Certificate Verified,1
C0426,SK028,MySQL,Intermediate,2,assessment|project|employment_record,0.92,MySQL — Intermediate — Assessment Verified,2
C0426,SK047,Git,Advanced,3,verified_credential|project|employment_record|resume,0.99,Git — Advanced — Certificate Verified,3
C0426,SK067,Project Management,Intermediate,2,resume,0.6,Project Management — Intermediate — Resume Only,1
C0426,SK048,Docker,Basic,1,employment_record|resume,0.8,Docker — Basic — Employment Record,1
C0427,SK061,Cybersecurity,Advanced,3,employment_record|resume,0.8,Cybersecurity — Advanced — Employment Record,3
C0427,SK062,Network Security,Advanced,3,resume,0.6,Network Security — Advanced — Resume Only,3
C0427,SK063,Networking,Intermediate,2,employment_record|resume,0.8,Networking — Intermediate — Employment Record,2
C0427,SK055,Linux,Intermediate,2,employment_record|resume,0.8,Linux — Intermediate — Employment Record,2
C0427,SK002,Python,Basic,1,project|employment_record|resume,0.82,Python — Basic — Project Evidence,1
C0427,SK067,Project Management,Advanced,3,resume,0.6,Project Management — Advanced — Resume Only,3
C0428,SK048,Docker,Basic,1,verified_credential|project|resume,0.99,Docker — Basic — Certificate Verified,1
C0428,SK050,AWS,Intermediate,2,project|resume,0.78,AWS — Intermediate — Project Evidence,2
C0428,SK053,CI/CD,Basic,1,verified_credential|resume,0.97,CI/CD — Basic — Certificate Verified,1
C0428,SK054,Jenkins,Basic,1,project|resume,0.78,Jenkins — Basic — Project Evidence,1
C0428,SK055,Linux,Basic,1,resume,0.6,Linux — Basic — Resume Only,1
C0429,SK002,Python,Intermediate,2,project|resume,0.78,Python — Intermediate — Project Evidence,2
C0429,SK033,Machine Learning,Basic,1,project|resume,0.78,Machine Learning — Basic — Project Evidence,1
C0429,SK036,Scikit-learn,Intermediate,2,project|resume,0.78,Scikit-learn — Intermediate — Project Evidence,2
C0429,SK040,NumPy,Basic,1,verified_credential|assessment|project|resume,0.99,NumPy — Basic — Certificate Verified,1
C0429,SK038,PyTorch,Intermediate,2,project|resume,0.78,PyTorch — Intermediate — Project Evidence,2
C0429,SK027,SQL,Intermediate,2,verified_credential|project|resume,0.99,SQL — Intermediate — Certificate Verified,2
C0430,SK027,SQL,Basic,1,self_declared,0.4,SQL — Basic — Self-Declared,1
C0430,SK046,Excel,Intermediate,2,verified_credential|project,0.97,Excel — Intermediate — Certificate Verified,2
C0430,SK002,Python,Basic,1,resume,0.6,Python — Basic — Resume Only,1
C0430,SK045,Tableau,Basic,1,verified_credential|resume,0.97,Tableau — Basic — Certificate Verified,1
C0430,SK043,Data Visualization,Basic,1,verified_credential|project|resume,0.99,Data Visualization — Basic — Certificate Verified,1
C0430,SK066,Problem Solving,Intermediate,2,resume,0.6,Problem Solving — Intermediate — Resume Only,2
C0430,SK067,Project Management,Basic,1,self_declared,0.4,Project Management — Basic — Self-Declared,1
C0431,SK027,SQL,Basic,1,resume,0.6,SQL — Basic — Resume Only,1
C0431,SK046,Excel,Intermediate,2,verified_credential|project|resume,0.99,Excel — Intermediate — Certificate Verified,2
C0431,SK002,Python,Basic,1,verified_credential|resume,0.97,Python — Basic — Certificate Verified,1
C0431,SK044,Power BI,Basic,1,verified_credential|resume,0.97,Power BI — Basic — Certificate Verified,1
C0431,SK042,Data Analysis,Basic,1,verified_credential|resume,0.97,Data Analysis — Basic — Certificate Verified,1
C0431,SK067,Project Management,Basic,1,resume,0.6,Project Management — Basic — Resume Only,1
C0431,SK066,Problem Solving,Intermediate,2,self_declared,0.4,Problem Solving — Intermediate — Self-Declared,2
C0431,SK047,Git,Intermediate,2,verified_credential|resume,0.97,Git — Intermediate — Certificate Verified,2
C0432,SK047,Git,Basic,1,resume,0.6,Git — Basic — Resume Only,1
C0432,SK019,Microservices,Basic,1,project|resume,0.78,Microservices — Basic — Project Evidence,1
C0432,SK048,Docker,Intermediate,2,project|resume,0.78,Docker — Intermediate — Project Evidence,2
C0433,SK056,Unit Testing,Advanced,3,employment_record|resume,0.8,Unit Testing — Advanced — Employment Record,3
C0433,SK058,Selenium,Advanced,3,employment_record|resume,0.8,Selenium — Advanced — Employment Record,3
C0433,SK001,Java,Advanced,3,verified_credential|assessment|project|employment_record,0.99,Java — Advanced — Certificate Verified,3
C0433,SK027,SQL,Advanced,3,verified_credential|employment_record|resume,0.99,SQL — Advanced — Certificate Verified,3
C0433,SK057,JUnit,Advanced,3,resume,0.6,JUnit — Advanced — Resume Only,3
C0433,SK002,Python,Intermediate,2,self_declared,0.4,Python — Intermediate — Self-Declared,2
C0433,SK047,Git,Advanced,3,assessment|project|employment_record|resume,0.94,Git — Advanced — Assessment Verified,3
C0433,SK053,CI/CD,Advanced,3,project|employment_record|resume,0.82,CI/CD — Advanced — Project Evidence,3
C0434,SK056,Unit Testing,Basic,1,resume,0.6,Unit Testing — Basic — Resume Only,1
C0434,SK001,Java,Intermediate,2,employment_record|resume,0.8,Java — Intermediate — Employment Record,2
C0434,SK027,SQL,Advanced,3,resume,0.6,SQL — Advanced — Resume Only,2
C0434,SK057,JUnit,Intermediate,2,assessment|project|resume,0.92,JUnit — Intermediate — Assessment Verified,2
C0434,SK002,Python,Intermediate,2,employment_record|resume,0.8,Python — Intermediate — Employment Record,2
C0434,SK053,CI/CD,Intermediate,2,employment_record,0.78,CI/CD — Intermediate — Employment Record,2
C0434,SK065,Teamwork,Basic,1,resume,0.6,Teamwork — Basic — Resume Only,1
C0434,SK067,Project Management,Intermediate,2,resume,0.6,Project Management — Intermediate — Resume Only,2
C0435,SK001,Java,Advanced,3,self_declared,0.4,Java — Advanced — Self-Declared,3
C0435,SK010,Spring Boot,Intermediate,2,verified_credential|employment_record|resume,0.99,Spring Boot — Intermediate — Certificate Verified,2
C0435,SK027,SQL,Intermediate,2,verified_credential|employment_record|resume,0.99,SQL — Intermediate — Certificate Verified,2
C0435,SK017,REST API,Intermediate,2,employment_record|resume,0.8,REST API — Intermediate — Employment Record,2
C0435,SK028,MySQL,Intermediate,2,resume,0.6,MySQL — Intermediate — Resume Only,2
C0435,SK011,Hibernate,Intermediate,2,verified_credential|project|resume,0.99,Hibernate — Intermediate — Certificate Verified,2
C0435,SK055,Linux,Intermediate,2,employment_record,0.78,Linux — Intermediate — Employment Record,2
C0436,SK003,JavaScript,Intermediate,2,assessment|resume,0.9,JavaScript — Intermediate — Assessment Verified,2
C0436,SK022,React,Basic,1,employment_record|resume,0.8,React — Basic — Employment Record,1
C0436,SK015,Node.js,Basic,1,project|employment_record|resume,0.82,Node.js — Basic — Project Evidence,1
C0436,SK016,Express.js,Basic,1,resume,0.6,Express.js — Basic — Resume Only,1
C0436,SK031,MongoDB,Advanced,3,employment_record|resume,0.8,MongoDB — Advanced — Employment Record,3
C0436,SK017,REST API,Intermediate,2,project|resume,0.78,REST API — Intermediate — Project Evidence,2
C0436,SK004,TypeScript,Advanced,3,project|resume,0.78,TypeScript — Advanced — Project Evidence,3
C0436,SK065,Teamwork,Advanced,3,resume,0.6,Teamwork — Advanced — Resume Only,2
C0436,SK002,Python,Basic,1,project|employment_record,0.8,Python — Basic — Project Evidence,1
C0437,SK033,Machine Learning,Intermediate,2,project,0.76,Machine Learning — Intermediate — Project Evidence,2
C0437,SK036,Scikit-learn,Advanced,3,resume,0.6,Scikit-learn — Advanced — Resume Only,3
C0437,SK039,Pandas,Advanced,3,project|resume,0.78,Pandas — Advanced — Project Evidence,3
C0437,SK040,NumPy,Advanced,3,assessment|resume,0.9,NumPy — Advanced — Assessment Verified,3
C0438,SK033,Machine Learning,Intermediate,2,self_declared,0.4,Machine Learning — Intermediate — Self-Declared,1
C0438,SK036,Scikit-learn,Intermediate,2,self_declared,0.4,Scikit-learn — Intermediate — Self-Declared,2
C0438,SK041,Statistics,Basic,1,project|resume,0.78,Statistics — Basic — Project Evidence,1
C0438,SK067,Project Management,Basic,1,resume,0.6,Project Management — Basic — Resume Only,1
C0439,SK003,JavaScript,Intermediate,2,project|resume,0.78,JavaScript — Intermediate — Project Evidence,2
C0439,SK022,React,Basic,1,verified_credential|resume,0.97,React — Basic — Certificate Verified,1
C0439,SK027,SQL,Basic,1,verified_credential,0.95,SQL — Basic — Certificate Verified,1
C0439,SK047,Git,Basic,1,project|resume,0.78,Git — Basic — Project Evidence,1
C0440,SK055,Linux,Advanced,3,verified_credential|resume,0.97,Linux — Advanced — Certificate Verified,3
C0440,SK048,Docker,Advanced,3,assessment|resume,0.9,Docker — Advanced — Assessment Verified,3
C0440,SK049,Kubernetes,Advanced,3,resume,0.6,Kubernetes — Advanced — Resume Only,2
C0440,SK050,AWS,Intermediate,2,project|employment_record|resume,0.82,AWS — Intermediate — Project Evidence,2
C0440,SK053,CI/CD,Intermediate,2,assessment|project|resume,0.92,CI/CD — Intermediate — Assessment Verified,2
C0440,SK054,Jenkins,Advanced,3,resume,0.6,Jenkins — Advanced — Resume Only,2
C0440,SK047,Git,Intermediate,2,verified_credential|project|employment_record|resume,0.99,Git — Intermediate — Certificate Verified,2
C0440,SK051,Azure,Intermediate,2,verified_credential|project|resume,0.99,Azure — Intermediate — Certificate Verified,2
C0440,SK027,SQL,Intermediate,2,project|resume,0.78,SQL — Intermediate — Project Evidence,2
C0441,SK027,SQL,Basic,1,project|resume,0.78,SQL — Basic — Project Evidence,1
C0441,SK045,Tableau,Basic,1,verified_credential|resume,0.97,Tableau — Basic — Certificate Verified,1
C0441,SK041,Statistics,Basic,1,assessment|project|resume,0.92,Statistics — Basic — Assessment Verified,1
C0441,SK043,Data Visualization,Basic,1,verified_credential|resume,0.97,Data Visualization — Basic — Certificate Verified,1
C0441,SK065,Teamwork,Basic,1,resume,0.6,Teamwork — Basic — Resume Only,1
C0442,SK071,AutoCAD,Basic,1,verified_credential|assessment|project|resume,0.99,AutoCAD — Basic — Certificate Verified,2
C0442,SK069,Welding,Basic,1,verified_credential|project|resume,0.99,Welding — Basic — Certificate Verified,1
C0442,SK070,Electrical Wiring,Basic,1,verified_credential|assessment|resume,0.99,Electrical Wiring — Basic — Certificate Verified,1
C0442,SK072,PLC Programming,Basic,1,verified_credential|resume,0.97,PLC Programming — Basic — Certificate Verified,1
C0442,SK065,Teamwork,Basic,1,resume,0.6,Teamwork — Basic — Resume Only,1
C0442,SK067,Project Management,Basic,1,resume,0.6,Project Management — Basic — Resume Only,1
C0443,SK056,Unit Testing,Basic,1,verified_credential|project|employment_record,0.99,Unit Testing — Basic — Certificate Verified,1
C0443,SK058,Selenium,Basic,1,project|employment_record|resume,0.82,Selenium — Basic — Project Evidence,1
C0443,SK001,Java,Basic,1,project|resume,0.78,Java — Basic — Project Evidence,1
C0443,SK027,SQL,Basic,1,verified_credential|project|resume,0.99,SQL — Basic — Certificate Verified,1
C0443,SK057,JUnit,Basic,1,verified_credential|assessment|employment_record|resume,0.99,JUnit — Basic — Certificate Verified,1
C0443,SK002,Python,Basic,1,verified_credential|employment_record|resume,0.99,Python — Basic — Certificate Verified,1
C0443,SK047,Git,Intermediate,2,verified_credential|resume,0.97,Git — Intermediate — Certificate Verified,2
C0443,SK053,CI/CD,Basic,1,self_declared,0.4,CI/CD — Basic — Self-Declared,1
C0443,SK066,Problem Solving,Intermediate,2,resume,0.6,Problem Solving — Intermediate — Resume Only,1
C0443,SK064,Communication,Basic,1,self_declared,0.4,Communication — Basic — Self-Declared,1
C0444,SK009,Kotlin,Basic,1,resume,0.6,Kotlin — Basic — Resume Only,1
C0444,SK001,Java,Basic,1,resume,0.6,Java — Basic — Resume Only,1
C0444,SK059,Android Development,Basic,1,resume,0.6,Android Development — Basic — Resume Only,1
C0444,SK064,Communication,Basic,1,resume,0.6,Communication — Basic — Resume Only,1
C0444,SK066,Problem Solving,Basic,1,resume,0.6,Problem Solving — Basic — Resume Only,1
C0445,SK009,Kotlin,Intermediate,2,verified_credential|assessment|employment_record|resume,0.99,Kotlin — Intermediate — Certificate Verified,2
C0445,SK017,REST API,Intermediate,2,verified_credential|assessment|project|employment_record|resume,0.99,REST API — Intermediate — Certificate Verified,2
C0445,SK047,Git,Advanced,3,assessment|project,0.9,Git — Advanced — Assessment Verified,3
C0445,SK064,Communication,Advanced,3,resume,0.6,Communication — Advanced — Resume Only,3
C0446,SK071,AutoCAD,Intermediate,2,verified_credential|assessment|employment_record|resume,0.99,AutoCAD — Intermediate — Certificate Verified,2
C0446,SK069,Welding,Basic,1,verified_credential|project|resume,0.99,Welding — Basic — Certificate Verified,1
C0446,SK070,Electrical Wiring,Basic,1,verified_credential|assessment|project|resume,0.99,Electrical Wiring — Basic — Certificate Verified,1
C0446,SK072,PLC Programming,Intermediate,2,verified_credential|assessment|resume,0.99,PLC Programming — Intermediate — Certificate Verified,2
C0446,SK064,Communication,Intermediate,2,resume,0.6,Communication — Intermediate — Resume Only,1
C0447,SK002,Python,Intermediate,2,employment_record|resume,0.8,Python — Intermediate — Employment Record,2
C0447,SK012,Django,Basic,1,employment_record|resume,0.8,Django — Basic — Employment Record,1
C0447,SK013,FastAPI,Basic,1,project|employment_record|resume,0.82,FastAPI — Basic — Project Evidence,1
C0447,SK014,Flask,Basic,1,employment_record,0.78,Flask — Basic — Employment Record,1
C0447,SK032,Redis,Basic,1,self_declared,0.4,Redis — Basic — Self-Declared,1
C0447,SK048,Docker,Intermediate,2,employment_record|resume,0.8,Docker — Intermediate — Employment Record,2
C0447,SK066,Problem Solving,Basic,1,resume,0.6,Problem Solving — Basic — Resume Only,1
C0447,SK065,Teamwork,Advanced,3,resume,0.6,Teamwork — Advanced — Resume Only,3
C0448,SK002,Python,Advanced,3,resume,0.6,Python — Advanced — Resume Only,2
C0448,SK033,Machine Learning,Basic,1,project|resume,0.78,Machine Learning — Basic — Project Evidence,1
C0448,SK036,Scikit-learn,Basic,1,project|resume,0.78,Scikit-learn — Basic — Project Evidence,1
C0448,SK039,Pandas,Basic,1,verified_credential|project|resume,0.99,Pandas — Basic — Certificate Verified,1
C0448,SK040,NumPy,Basic,1,verified_credential|resume,0.97,NumPy — Basic — Certificate Verified,1
C0448,SK041,Statistics,Basic,1,project|resume,0.78,Statistics — Basic — Project Evidence,1
C0448,SK034,Deep Learning,Basic,1,verified_credential|project|resume,0.99,Deep Learning — Basic — Certificate Verified,1
C0448,SK027,SQL,Basic,1,verified_credential|resume,0.97,SQL — Basic — Certificate Verified,1
C0448,SK065,Teamwork,Basic,1,resume,0.6,Teamwork — Basic — Resume Only,1
C0448,SK066,Problem Solving,Basic,1,resume,0.6,Problem Solving — Basic — Resume Only,1
C0449,SK068,CNC Machining,Advanced,3,verified_credential|assessment|project|employment_record|resume,0.99,CNC Machining — Advanced — Certificate Verified,3
C0449,SK071,AutoCAD,Intermediate,2,verified_credential|assessment|project|employment_record|resume,0.99,AutoCAD — Intermediate — Certificate Verified,2
C0449,SK072,PLC Programming,Intermediate,2,assessment|resume,0.9,PLC Programming — Intermediate — Assessment Verified,3
C0449,SK065,Teamwork,Intermediate,2,resume,0.6,Teamwork — Intermediate — Resume Only,2
C0450,SK002,Python,Basic,1,resume,0.6,Python — Basic — Resume Only,1
C0450,SK036,Scikit-learn,Basic,1,resume,0.6,Scikit-learn — Basic — Resume Only,1
C0450,SK038,PyTorch,Basic,1,project|resume,0.78,PyTorch — Basic — Project Evidence,1
C0450,SK035,NLP,Intermediate,2,resume,0.6,NLP — Intermediate — Resume Only,1
C0451,SK061,Cybersecurity,Advanced,3,assessment|project|resume,0.92,Cybersecurity — Advanced — Assessment Verified,3
C0451,SK062,Network Security,Advanced,3,assessment|employment_record|resume,0.92,Network Security — Advanced — Assessment Verified,3
C0451,SK063,Networking,Intermediate,2,assessment|resume,0.9,Networking — Intermediate — Assessment Verified,2
C0451,SK055,Linux,Advanced,3,verified_credential|resume,0.97,Linux — Advanced — Certificate Verified,3
C0451,SK002,Python,Advanced,3,employment_record|resume,0.8,Python — Advanced — Employment Record,3
C0451,SK064,Communication,Basic,1,self_declared,0.4,Communication — Basic — Self-Declared,1
C0451,SK065,Teamwork,Advanced,3,resume,0.6,Teamwork — Advanced — Resume Only,2
C0452,SK002,Python,Basic,1,project|resume,0.78,Python — Basic — Project Evidence,1
C0452,SK036,Scikit-learn,Intermediate,2,self_declared,0.4,Scikit-learn — Intermediate — Self-Declared,1
C0452,SK039,Pandas,Intermediate,2,resume,0.6,Pandas — Intermediate — Resume Only,2
C0453,SK001,Java,Intermediate,2,verified_credential|project|resume,0.99,Java — Intermediate — Certificate Verified,2
C0453,SK010,Spring Boot,Basic,1,employment_record|resume,0.8,Spring Boot — Basic — Employment Record,1
C0453,SK027,SQL,Advanced,3,employment_record|resume,0.8,SQL — Advanced — Employment Record,3
C0453,SK028,MySQL,Intermediate,2,verified_credential|project|employment_record|resume,0.99,MySQL — Intermediate — Certificate Verified,2
C0453,SK047,Git,Advanced,3,project|employment_record|resume,0.82,Git — Advanced — Project Evidence,3
C0453,SK064,Communication,Intermediate,2,resume,0.6,Communication — Intermediate — Resume Only,2
C0453,SK065,Teamwork,Intermediate,2,resume,0.6,Teamwork — Intermediate — Resume Only,2
C0454,SK002,Python,Basic,1,assessment|resume,0.9,Python — Basic — Assessment Verified,1
C0454,SK041,Statistics,Basic,1,project|resume,0.78,Statistics — Basic — Project Evidence,1
C0454,SK043,Data Visualization,Intermediate,2,self_declared,0.4,Data Visualization — Intermediate — Self-Declared,1
C0454,SK066,Problem Solving,Basic,1,resume,0.6,Problem Solving — Basic — Resume Only,1
C0455,SK002,Python,Basic,1,assessment|project|resume,0.92,Python — Basic — Assessment Verified,1
C0455,SK012,Django,Basic,1,resume,0.6,Django — Basic — Resume Only,1
C0455,SK013,FastAPI,Basic,1,project|resume,0.78,FastAPI — Basic — Project Evidence,1
C0455,SK014,Flask,Basic,1,resume,0.6,Flask — Basic — Resume Only,1
C0455,SK017,REST API,Basic,1,verified_credential|project|resume,0.99,REST API — Basic — Certificate Verified,1
C0455,SK032,Redis,Basic,1,project|resume,0.78,Redis — Basic — Project Evidence,1
C0455,SK047,Git,Basic,1,project|resume,0.78,Git — Basic — Project Evidence,1
C0455,SK067,Project Management,Basic,1,resume,0.6,Project Management — Basic — Resume Only,1
C0456,SK001,Java,Intermediate,2,project|resume,0.78,Java — Intermediate — Project Evidence,2
C0456,SK028,MySQL,Basic,1,project|resume,0.78,MySQL — Basic — Project Evidence,1
C0456,SK047,Git,Basic,1,project,0.76,Git — Basic — Project Evidence,1
C0456,SK011,Hibernate,Basic,1,verified_credential|resume,0.97,Hibernate — Basic — Certificate Verified,1
C0456,SK019,Microservices,Advanced,3,resume,0.6,Microservices — Advanced — Resume Only,2
C0456,SK048,Docker,Basic,1,resume,0.6,Docker — Basic — Resume Only,1
C0456,SK066,Problem Solving,Basic,1,resume,0.6,Problem Solving — Basic — Resume Only,1
C0456,SK064,Communication,Intermediate,2,resume,0.6,Communication — Intermediate — Resume Only,1
C0457,SK027,SQL,Basic,1,self_declared,0.4,SQL — Basic — Self-Declared,1
C0457,SK046,Excel,Basic,1,project|resume,0.78,Excel — Basic — Project Evidence,1
C0457,SK002,Python,Intermediate,2,verified_credential|resume,0.97,Python — Intermediate — Certificate Verified,2
C0457,SK041,Statistics,Basic,1,verified_credential|resume,0.97,Statistics — Basic — Certificate Verified,1
C0457,SK043,Data Visualization,Basic,1,assessment|project|resume,0.92,Data Visualization — Basic — Assessment Verified,1
C0457,SK042,Data Analysis,Basic,1,verified_credential|assessment|resume,0.99,Data Analysis — Basic — Certificate Verified,1
C0457,SK066,Problem Solving,Basic,1,resume,0.6,Problem Solving — Basic — Resume Only,1
C0457,SK065,Teamwork,Basic,1,resume,0.6,Teamwork — Basic — Resume Only,1
C0458,SK022,React,Intermediate,2,verified_credential|resume,0.97,React — Intermediate — Certificate Verified,2
C0458,SK004,TypeScript,Intermediate,2,verified_credential|assessment|project|resume,0.99,TypeScript — Intermediate — Certificate Verified,2
C0458,SK026,Tailwind CSS,Basic,1,project|resume,0.78,Tailwind CSS — Basic — Project Evidence,1
C0458,SK064,Communication,Basic,1,resume,0.6,Communication — Basic — Resume Only,1
C0458,SK065,Teamwork,Basic,1,resume,0.6,Teamwork — Basic — Resume Only,1
C0459,SK001,Java,Advanced,3,verified_credential|project|resume,0.99,Java — Advanced — Certificate Verified,3
C0459,SK028,MySQL,Advanced,3,verified_credential|resume,0.97,MySQL — Advanced — Certificate Verified,3
C0459,SK047,Git,Advanced,3,resume,0.6,Git — Advanced — Resume Only,3
C0459,SK011,Hibernate,Advanced,3,verified_credential|project|employment_record|resume,0.99,Hibernate — Advanced — Certificate Verified,3
C0459,SK048,Docker,Advanced,3,verified_credential|employment_record|resume,0.99,Docker — Advanced — Certificate Verified,3
C0459,SK065,Teamwork,Advanced,3,self_declared,0.4,Teamwork — Advanced — Self-Declared,2
C0459,SK066,Problem Solving,Advanced,3,resume,0.6,Problem Solving — Advanced — Resume Only,3
C0460,SK015,Node.js,Basic,1,project,0.76,Node.js — Basic — Project Evidence,1
C0460,SK016,Express.js,Intermediate,2,resume,0.6,Express.js — Intermediate — Resume Only,1
C0460,SK017,REST API,Basic,1,assessment|project|resume,0.92,REST API — Basic — Assessment Verified,2
C0460,SK047,Git,Basic,1,verified_credential|project|resume,0.99,Git — Basic — Certificate Verified,1
C0460,SK004,TypeScript,Basic,1,project|resume,0.78,TypeScript — Basic — Project Evidence,1
C0460,SK064,Communication,Basic,1,resume,0.6,Communication — Basic — Resume Only,1
C0460,SK066,Problem Solving,Intermediate,2,resume,0.6,Problem Solving — Intermediate — Resume Only,2
C0461,SK061,Cybersecurity,Intermediate,2,self_declared,0.4,Cybersecurity — Intermediate — Self-Declared,1
C0461,SK062,Network Security,Intermediate,2,self_declared,0.4,Network Security — Intermediate — Self-Declared,1
C0461,SK063,Networking,Basic,1,resume,0.6,Networking — Basic — Resume Only,1
C0461,SK055,Linux,Intermediate,2,resume,0.6,Linux — Intermediate — Resume Only,1
C0461,SK002,Python,Basic,1,project|resume,0.78,Python — Basic — Project Evidence,1
C0461,SK067,Project Management,Basic,1,resume,0.6,Project Management — Basic — Resume Only,1
C0461,SK046,Excel,Basic,1,resume,0.6,Excel — Basic — Resume Only,1
C0462,SK068,CNC Machining,Basic,1,verified_credential|resume,0.97,CNC Machining — Basic — Certificate Verified,1
C0462,SK071,AutoCAD,Basic,1,verified_credential|project|resume,0.99,AutoCAD — Basic — Certificate Verified,1
C0462,SK069,Welding,Basic,1,verified_credential|assessment|resume,0.99,Welding — Basic — Certificate Verified,1
C0462,SK072,PLC Programming,Basic,1,verified_credential|project,0.97,PLC Programming — Basic — Certificate Verified,1
C0463,SK009,Kotlin,Basic,1,verified_credential|project|resume,0.99,Kotlin — Basic — Certificate Verified,1
C0463,SK001,Java,Basic,1,resume,0.6,Java — Basic — Resume Only,1
C0463,SK059,Android Development,Basic,1,project|resume,0.78,Android Development — Basic — Project Evidence,1
C0463,SK017,REST API,Advanced,3,resume,0.6,REST API — Advanced — Resume Only,2
C0463,SK047,Git,Intermediate,2,resume,0.6,Git — Intermediate — Resume Only,2
C0463,SK060,Flutter,Intermediate,2,resume,0.6,Flutter — Intermediate — Resume Only,1
C0463,SK064,Communication,Basic,1,resume,0.6,Communication — Basic — Resume Only,1
C0463,SK048,Docker,Basic,1,project|resume,0.78,Docker — Basic — Project Evidence,1
C0464,SK003,JavaScript,Basic,1,verified_credential|assessment|project|resume,0.99,JavaScript — Basic — Certificate Verified,1
C0464,SK022,React,Basic,1,verified_credential|assessment|resume,0.99,React — Basic — Certificate Verified,1
C0464,SK004,TypeScript,Basic,1,verified_credential|assessment|project|resume,0.99,TypeScript — Basic — Certificate Verified,1
C0465,SK010,Spring Boot,Basic,1,assessment|resume,0.9,Spring Boot — Basic — Assessment Verified,1
C0465,SK027,SQL,Basic,1,assessment,0.88,SQL — Basic — Assessment Verified,1
C0465,SK017,REST API,Intermediate,2,resume,0.6,REST API — Intermediate — Resume Only,2
C0465,SK047,Git,Basic,1,assessment|project|resume,0.92,Git — Basic — Assessment Verified,1
C0465,SK019,Microservices,Basic,1,project|resume,0.78,Microservices — Basic — Project Evidence,1
C0465,SK057,JUnit,Basic,1,resume,0.6,JUnit — Basic — Resume Only,1
C0465,SK066,Problem Solving,Intermediate,2,resume,0.6,Problem Solving — Intermediate — Resume Only,1
C0466,SK003,JavaScript,Basic,1,self_declared,0.4,JavaScript — Basic — Self-Declared,1
C0466,SK022,React,Intermediate,2,project|resume,0.78,React — Intermediate — Project Evidence,2
C0466,SK016,Express.js,Basic,1,project,0.76,Express.js — Basic — Project Evidence,1
C0466,SK031,MongoDB,Basic,1,resume,0.6,MongoDB — Basic — Resume Only,1
C0466,SK027,SQL,Basic,1,resume,0.6,SQL — Basic — Resume Only,1
C0466,SK017,REST API,Basic,1,project|resume,0.78,REST API — Basic — Project Evidence,1
C0466,SK048,Docker,Basic,1,resume,0.6,Docker — Basic — Resume Only,1
C0466,SK066,Problem Solving,Basic,1,resume,0.6,Problem Solving — Basic — Resume Only,1
C0466,SK064,Communication,Intermediate,2,resume,0.6,Communication — Intermediate — Resume Only,1
C0467,SK009,Kotlin,Basic,1,resume,0.6,Kotlin — Basic — Resume Only,1
C0467,SK001,Java,Intermediate,2,project|resume,0.78,Java — Intermediate — Project Evidence,2
C0467,SK059,Android Development,Basic,1,assessment|project|resume,0.92,Android Development — Basic — Assessment Verified,1
C0467,SK060,Flutter,Basic,1,project|resume,0.78,Flutter — Basic — Project Evidence,1
C0467,SK067,Project Management,Basic,1,resume,0.6,Project Management — Basic — Resume Only,1
C0467,SK048,Docker,Basic,1,assessment|resume,0.9,Docker — Basic — Assessment Verified,1
C0468,SK001,Java,Basic,1,assessment|employment_record|resume,0.92,Java — Basic — Assessment Verified,1
C0468,SK010,Spring Boot,Basic,1,verified_credential|project|resume,0.99,Spring Boot — Basic — Certificate Verified,1
C0468,SK017,REST API,Basic,1,employment_record|resume,0.8,REST API — Basic — Employment Record,1
C0468,SK028,MySQL,Intermediate,2,assessment|employment_record|resume,0.92,MySQL — Intermediate — Assessment Verified,2
C0468,SK047,Git,Basic,1,employment_record|resume,0.8,Git — Basic — Employment Record,1
C0468,SK019,Microservices,Intermediate,2,project|employment_record|resume,0.82,Microservices — Intermediate — Project Evidence,2
C0468,SK057,JUnit,Basic,1,employment_record|resume,0.8,JUnit — Basic — Employment Record,1
C0469,SK001,Java,Intermediate,2,project|employment_record,0.8,Java — Intermediate — Project Evidence,2
C0469,SK010,Spring Boot,Intermediate,2,verified_credential|employment_record|resume,0.99,Spring Boot — Intermediate — Certificate Verified,2
C0469,SK027,SQL,Advanced,3,resume,0.6,SQL — Advanced — Resume Only,2
C0469,SK011,Hibernate,Intermediate,2,verified_credential|resume,0.97,Hibernate — Intermediate — Certificate Verified,2
C0469,SK057,JUnit,Basic,1,verified_credential|employment_record|resume,0.99,JUnit — Basic — Certificate Verified,1
C0469,SK064,Communication,Advanced,3,resume,0.6,Communication — Advanced — Resume Only,3
C0469,SK067,Project Management,Intermediate,2,resume,0.6,Project Management — Intermediate — Resume Only,2
C0469,SK048,Docker,Intermediate,2,verified_credential|project|employment_record|resume,0.99,Docker — Intermediate — Certificate Verified,2
C0470,SK027,SQL,Advanced,3,assessment|employment_record|resume,0.92,SQL — Advanced — Assessment Verified,3
C0470,SK046,Excel,Advanced,3,project,0.76,Excel — Advanced — Project Evidence,3
C0470,SK002,Python,Advanced,3,self_declared,0.4,Python — Advanced — Self-Declared,3
C0470,SK044,Power BI,Advanced,3,employment_record|resume,0.8,Power BI — Advanced — Employment Record,3
C0470,SK045,Tableau,Advanced,3,employment_record|resume,0.8,Tableau — Advanced — Employment Record,3
C0470,SK039,Pandas,Advanced,3,employment_record|resume,0.8,Pandas — Advanced — Employment Record,3
C0470,SK043,Data Visualization,Advanced,3,self_declared,0.4,Data Visualization — Advanced — Self-Declared,3
C0470,SK067,Project Management,Advanced,3,self_declared,0.4,Project Management — Advanced — Self-Declared,3
C0471,SK046,Excel,Basic,1,resume,0.6,Excel — Basic — Resume Only,1
C0471,SK045,Tableau,Intermediate,2,resume,0.6,Tableau — Intermediate — Resume Only,1
C0471,SK041,Statistics,Basic,1,resume,0.6,Statistics — Basic — Resume Only,1
C0471,SK039,Pandas,Basic,1,verified_credential,0.95,Pandas — Basic — Certificate Verified,1
C0471,SK042,Data Analysis,Intermediate,2,self_declared,0.4,Data Analysis — Intermediate — Self-Declared,2
C0471,SK065,Teamwork,Intermediate,2,resume,0.6,Teamwork — Intermediate — Resume Only,2
C0471,SK027,SQL,Basic,1,assessment|project|resume,0.92,SQL — Basic — Assessment Verified,1
C0472,SK002,Python,Basic,1,project|resume,0.78,Python — Basic — Project Evidence,1
C0472,SK012,Django,Intermediate,2,resume,0.6,Django — Intermediate — Resume Only,2
C0472,SK013,FastAPI,Intermediate,2,resume,0.6,FastAPI — Intermediate — Resume Only,1
C0472,SK014,Flask,Intermediate,2,resume,0.6,Flask — Intermediate — Resume Only,1
C0472,SK029,PostgreSQL,Basic,1,assessment|resume,0.9,PostgreSQL — Basic — Assessment Verified,1
C0472,SK017,REST API,Intermediate,2,resume,0.6,REST API — Intermediate — Resume Only,1
C0472,SK048,Docker,Basic,1,assessment|project|resume,0.92,Docker — Basic — Assessment Verified,1
C0472,SK047,Git,Basic,1,project|resume,0.78,Git — Basic — Project Evidence,1
C0472,SK064,Communication,Advanced,3,resume,0.6,Communication — Advanced — Resume Only,2
C0472,SK065,Teamwork,Basic,1,resume,0.6,Teamwork — Basic — Resume Only,1
C0473,SK061,Cybersecurity,Basic,1,verified_credential|resume,0.97,Cybersecurity — Basic — Certificate Verified,1
C0473,SK062,Network Security,Basic,1,project|resume,0.78,Network Security — Basic — Project Evidence,1
C0473,SK063,Networking,Basic,1,verified_credential|resume,0.97,Networking — Basic — Certificate Verified,1
C0473,SK002,Python,Intermediate,2,self_declared,0.4,Python — Intermediate — Self-Declared,2
C0473,SK066,Problem Solving,Intermediate,2,resume,0.6,Problem Solving — Intermediate — Resume Only,2
C0473,SK065,Teamwork,Basic,1,resume,0.6,Teamwork — Basic — Resume Only,1
C0474,SK048,Docker,Basic,1,verified_credential|resume,0.97,Docker — Basic — Certificate Verified,1
C0474,SK049,Kubernetes,Intermediate,2,resume,0.6,Kubernetes — Intermediate — Resume Only,1
C0474,SK050,AWS,Basic,1,verified_credential|project|resume,0.99,AWS — Basic — Certificate Verified,1
C0474,SK054,Jenkins,Basic,1,verified_credential|assessment|resume,0.99,Jenkins — Basic — Certificate Verified,1
C0474,SK002,Python,Basic,1,resume,0.6,Python — Basic — Resume Only,1
C0474,SK067,Project Management,Basic,1,resume,0.6,Project Management — Basic — Resume Only,1
C0474,SK064,Communication,Basic,1,resume,0.6,Communication — Basic — Resume Only,1
C0475,SK002,Python,Basic,1,self_declared,0.4,Python — Basic — Self-Declared,1
C0475,SK033,Machine Learning,Intermediate,2,resume,0.6,Machine Learning — Intermediate — Resume Only,1
C0475,SK036,Scikit-learn,Basic,1,verified_credential|resume,0.97,Scikit-learn — Basic — Certificate Verified,1
C0475,SK039,Pandas,Basic,1,project|resume,0.78,Pandas — Basic — Project Evidence,1
C0475,SK040,NumPy,Intermediate,2,verified_credential|assessment|project|resume,0.99,NumPy — Intermediate — Certificate Verified,1
C0475,SK034,Deep Learning,Intermediate,2,resume,0.6,Deep Learning — Intermediate — Resume Only,2
C0475,SK037,TensorFlow,Basic,1,project|resume,0.78,TensorFlow — Basic — Project Evidence,1
C0475,SK027,SQL,Basic,1,verified_credential|project|resume,0.99,SQL — Basic — Certificate Verified,1
C0475,SK065,Teamwork,Basic,1,resume,0.6,Teamwork — Basic — Resume Only,1
C0476,SK010,Spring Boot,Intermediate,2,employment_record|resume,0.8,Spring Boot — Intermediate — Employment Record,2
C0476,SK027,SQL,Advanced,3,employment_record|resume,0.8,SQL — Advanced — Employment Record,3
C0476,SK017,REST API,Intermediate,2,project|resume,0.78,REST API — Intermediate — Project Evidence,2
C0476,SK028,MySQL,Intermediate,2,project|resume,0.78,MySQL — Intermediate — Project Evidence,2
C0476,SK047,Git,Advanced,3,project|employment_record|resume,0.82,Git — Advanced — Project Evidence,3
C0476,SK019,Microservices,Advanced,3,assessment|project|employment_record|resume,0.94,Microservices — Advanced — Assessment Verified,3
C0476,SK065,Teamwork,Advanced,3,resume,0.6,Teamwork — Advanced — Resume Only,3
C0476,SK067,Project Management,Advanced,3,resume,0.6,Project Management — Advanced — Resume Only,3
C0477,SK003,JavaScript,Basic,1,project|resume,0.78,JavaScript — Basic — Project Evidence,1
C0477,SK015,Node.js,Basic,1,assessment|resume,0.9,Node.js — Basic — Assessment Verified,1
C0477,SK016,Express.js,Intermediate,2,resume,0.6,Express.js — Intermediate — Resume Only,1
C0477,SK031,MongoDB,Intermediate,2,project|resume,0.78,MongoDB — Intermediate — Project Evidence,2
C0477,SK027,SQL,Basic,1,project|resume,0.78,SQL — Basic — Project Evidence,1
C0477,SK017,REST API,Basic,1,assessment|project|resume,0.92,REST API — Basic — Assessment Verified,2
C0477,SK004,TypeScript,Basic,1,project|resume,0.78,TypeScript — Basic — Project Evidence,1
C0477,SK067,Project Management,Intermediate,2,resume,0.6,Project Management — Intermediate — Resume Only,1
C0477,SK046,Excel,Basic,1,project|resume,0.78,Excel — Basic — Project Evidence,1
C0478,SK009,Kotlin,Advanced,3,assessment|project|employment_record,0.92,Kotlin — Advanced — Assessment Verified,3
C0478,SK001,Java,Intermediate,2,project|resume,0.78,Java — Intermediate — Project Evidence,2
C0478,SK059,Android Development,Advanced,3,assessment|project|employment_record|resume,0.94,Android Development — Advanced — Assessment Verified,3
C0478,SK017,REST API,Advanced,3,self_declared,0.4,REST API — Advanced — Self-Declared,2
C0478,SK047,Git,Advanced,3,verified_credential|project|employment_record|resume,0.99,Git — Advanced — Certificate Verified,3
C0478,SK060,Flutter,Advanced,3,resume,0.6,Flutter — Advanced — Resume Only,3
C0479,SK002,Python,Advanced,3,assessment|project|resume,0.92,Python — Advanced — Assessment Verified,3
C0479,SK014,Flask,Advanced,3,resume,0.6,Flask — Advanced — Resume Only,2
C0479,SK029,PostgreSQL,Advanced,3,project|resume,0.78,PostgreSQL — Advanced — Project Evidence,3
C0479,SK017,REST API,Advanced,3,assessment|resume,0.9,REST API — Advanced — Assessment Verified,3
C0479,SK032,Redis,Advanced,3,employment_record|resume,0.8,Redis — Advanced — Employment Record,3
C0479,SK065,Teamwork,Advanced,3,self_declared,0.4,Teamwork — Advanced — Self-Declared,3
C0480,SK003,JavaScript,Basic,1,project,0.76,JavaScript — Basic — Project Evidence,1
C0480,SK022,React,Basic,1,verified_credential|employment_record|resume,0.99,React — Basic — Certificate Verified,1
C0480,SK015,Node.js,Intermediate,2,project|employment_record|resume,0.82,Node.js — Intermediate — Project Evidence,2
C0480,SK031,MongoDB,Advanced,3,assessment|employment_record|resume,0.92,MongoDB — Advanced — Assessment Verified,3
C0480,SK017,REST API,Basic,1,project|resume,0.78,REST API — Basic — Project Evidence,1
C0480,SK047,Git,Intermediate,2,verified_credential|project|resume,0.99,Git — Intermediate — Certificate Verified,2
C0480,SK004,TypeScript,Intermediate,2,assessment|project|employment_record,0.92,TypeScript — Intermediate — Assessment Verified,2
C0481,SK068,CNC Machining,Advanced,3,assessment|employment_record|resume,0.92,CNC Machining — Advanced — Assessment Verified,3
C0481,SK071,AutoCAD,Advanced,3,self_declared,0.4,AutoCAD — Advanced — Self-Declared,3
C0481,SK070,Electrical Wiring,Advanced,3,project|resume,0.78,Electrical Wiring — Advanced — Project Evidence,3
C0481,SK072,PLC Programming,Basic,1,project|employment_record|resume,0.82,PLC Programming — Basic — Project Evidence,1
C0481,SK067,Project Management,Basic,1,resume,0.6,Project Management — Basic — Resume Only,1
C0482,SK003,JavaScript,Basic,1,resume,0.6,JavaScript — Basic — Resume Only,1
C0482,SK022,React,Basic,1,project|resume,0.78,React — Basic — Project Evidence,1
C0482,SK015,Node.js,Intermediate,2,project|resume,0.78,Node.js — Intermediate — Project Evidence,2
C0482,SK016,Express.js,Basic,1,project|resume,0.78,Express.js — Basic — Project Evidence,1
C0482,SK027,SQL,Basic,1,self_declared,0.4,SQL — Basic — Self-Declared,1
C0482,SK017,REST API,Intermediate,2,project|resume,0.78,REST API — Intermediate — Project Evidence,2
C0482,SK048,Docker,Basic,1,resume,0.6,Docker — Basic — Resume Only,1
C0483,SK009,Kotlin,Advanced,3,verified_credential|assessment|project|employment_record|resume,0.99,Kotlin — Advanced — Certificate Verified,3
C0483,SK001,Java,Basic,1,verified_credential|employment_record|resume,0.99,Java — Basic — Certificate Verified,1
C0483,SK059,Android Development,Intermediate,2,employment_record|resume,0.8,Android Development — Intermediate — Employment Record,2
C0483,SK066,Problem Solving,Advanced,3,resume,0.6,Problem Solving — Advanced — Resume Only,3
C0484,SK001,Java,Intermediate,2,self_declared,0.4,Java — Intermediate — Self-Declared,2
C0484,SK010,Spring Boot,Intermediate,2,project|employment_record|resume,0.82,Spring Boot — Intermediate — Project Evidence,2
C0484,SK027,SQL,Intermediate,2,project|employment_record|resume,0.82,SQL — Intermediate — Project Evidence,2
C0484,SK017,REST API,Advanced,3,employment_record|resume,0.8,REST API — Advanced — Employment Record,3
C0485,SK068,CNC Machining,Basic,1,verified_credential|resume,0.97,CNC Machining — Basic — Certificate Verified,1
C0485,SK071,AutoCAD,Basic,1,verified_credential|assessment|resume,0.99,AutoCAD — Basic — Certificate Verified,1
C0485,SK070,Electrical Wiring,Intermediate,2,verified_credential|resume,0.97,Electrical Wiring — Intermediate — Certificate Verified,2
C0485,SK072,PLC Programming,Basic,1,verified_credential|assessment|project|resume,0.99,PLC Programming — Basic — Certificate Verified,1
C0485,SK065,Teamwork,Intermediate,2,resume,0.6,Teamwork — Intermediate — Resume Only,1
C0485,SK064,Communication,Basic,1,resume,0.6,Communication — Basic — Resume Only,1
C0486,SK003,JavaScript,Basic,1,resume,0.6,JavaScript — Basic — Resume Only,1
C0486,SK015,Node.js,Basic,1,employment_record|resume,0.8,Node.js — Basic — Employment Record,1
C0486,SK004,TypeScript,Basic,1,assessment|project|employment_record|resume,0.94,TypeScript — Basic — Assessment Verified,1
C0487,SK003,JavaScript,Intermediate,2,verified_credential|employment_record|resume,0.99,JavaScript — Intermediate — Certificate Verified,2
C0487,SK022,React,Intermediate,2,project|resume,0.78,React — Intermediate — Project Evidence,2
C0487,SK021,CSS,Basic,1,verified_credential|assessment|project|resume,0.99,CSS — Basic — Certificate Verified,1
C0487,SK004,TypeScript,Intermediate,2,verified_credential|assessment|employment_record|resume,0.99,TypeScript — Intermediate — Certificate Verified,2
C0487,SK026,Tailwind CSS,Basic,1,project|employment_record|resume,0.82,Tailwind CSS — Basic — Project Evidence,1
C0487,SK047,Git,Intermediate,2,verified_credential|resume,0.97,Git — Intermediate — Certificate Verified,2
C0487,SK025,Vue.js,Basic,1,assessment|project|resume,0.92,Vue.js — Basic — Assessment Verified,1
C0487,SK067,Project Management,Advanced,3,resume,0.6,Project Management — Advanced — Resume Only,3
C0488,SK001,Java,Basic,1,verified_credential|project|resume,0.99,Java — Basic — Certificate Verified,1
C0488,SK010,Spring Boot,Basic,1,assessment|project|resume,0.92,Spring Boot — Basic — Assessment Verified,1
C0488,SK027,SQL,Basic,1,project|resume,0.78,SQL — Basic — Project Evidence,1
C0488,SK028,MySQL,Intermediate,2,resume,0.6,MySQL — Intermediate — Resume Only,1
C0488,SK019,Microservices,Intermediate,2,resume,0.6,Microservices — Intermediate — Resume Only,2
C0488,SK048,Docker,Basic,1,project|resume,0.78,Docker — Basic — Project Evidence,1
C0488,SK057,JUnit,Basic,1,project|resume,0.78,JUnit — Basic — Project Evidence,1
C0489,SK003,JavaScript,Advanced,3,resume,0.6,JavaScript — Advanced — Resume Only,2
C0489,SK022,React,Basic,1,employment_record|resume,0.8,React — Basic — Employment Record,1
C0489,SK015,Node.js,Intermediate,2,resume,0.6,Node.js — Intermediate — Resume Only,1
C0489,SK031,MongoDB,Basic,1,resume,0.6,MongoDB — Basic — Resume Only,1
C0489,SK017,REST API,Intermediate,2,resume,0.6,REST API — Intermediate — Resume Only,1
C0489,SK047,Git,Basic,1,self_declared,0.4,Git — Basic — Self-Declared,1
C0489,SK066,Problem Solving,Intermediate,2,self_declared,0.4,Problem Solving — Intermediate — Self-Declared,1
C0490,SK061,Cybersecurity,Basic,1,project|resume,0.78,Cybersecurity — Basic — Project Evidence,1
C0490,SK062,Network Security,Basic,1,employment_record|resume,0.8,Network Security — Basic — Employment Record,1
C0490,SK063,Networking,Basic,1,assessment|resume,0.9,Networking — Basic — Assessment Verified,1
C0490,SK055,Linux,Basic,1,employment_record|resume,0.8,Linux — Basic — Employment Record,1
C0490,SK046,Excel,Basic,1,project|resume,0.78,Excel — Basic — Project Evidence,1
C0491,SK055,Linux,Basic,1,verified_credential|project|resume,0.99,Linux — Basic — Certificate Verified,1
C0491,SK049,Kubernetes,Basic,1,project|resume,0.78,Kubernetes — Basic — Project Evidence,1
C0491,SK050,AWS,Basic,1,resume,0.6,AWS — Basic — Resume Only,1
C0491,SK053,CI/CD,Basic,1,assessment|resume,0.9,CI/CD — Basic — Assessment Verified,1
C0491,SK047,Git,Basic,1,verified_credential|resume,0.97,Git — Basic — Certificate Verified,1
C0491,SK002,Python,Intermediate,2,project,0.76,Python — Intermediate — Project Evidence,2
C0491,SK066,Problem Solving,Intermediate,2,self_declared,0.4,Problem Solving — Intermediate — Self-Declared,1
C0491,SK067,Project Management,Basic,1,resume,0.6,Project Management — Basic — Resume Only,1
C0491,SK046,Excel,Advanced,3,resume,0.6,Excel — Advanced — Resume Only,2
C0492,SK003,JavaScript,Intermediate,2,self_declared,0.4,JavaScript — Intermediate — Self-Declared,1
C0492,SK022,React,Intermediate,2,project|resume,0.78,React — Intermediate — Project Evidence,2
C0492,SK021,CSS,Intermediate,2,employment_record|resume,0.8,CSS — Intermediate — Employment Record,2
C0492,SK023,Next.js,Basic,1,assessment|project|resume,0.92,Next.js — Basic — Assessment Verified,2
C0492,SK047,Git,Intermediate,2,employment_record|resume,0.8,Git — Intermediate — Employment Record,2
C0492,SK024,Angular,Intermediate,2,resume,0.6,Angular — Intermediate — Resume Only,1
C0492,SK025,Vue.js,Advanced,3,resume,0.6,Vue.js — Advanced — Resume Only,3
C0493,SK027,SQL,Intermediate,2,project|resume,0.78,SQL — Intermediate — Project Evidence,2
C0493,SK046,Excel,Basic,1,resume,0.6,Excel — Basic — Resume Only,1
C0493,SK002,Python,Basic,1,verified_credential|resume,0.97,Python — Basic — Certificate Verified,1
C0493,SK044,Power BI,Basic,1,verified_credential|resume,0.97,Power BI — Basic — Certificate Verified,1
C0493,SK041,Statistics,Basic,1,resume,0.6,Statistics — Basic — Resume Only,1
C0493,SK042,Data Analysis,Basic,1,resume,0.6,Data Analysis — Basic — Resume Only,1
C0493,SK065,Teamwork,Intermediate,2,resume,0.6,Teamwork — Intermediate — Resume Only,1
C0493,SK066,Problem Solving,Intermediate,2,self_declared,0.4,Problem Solving — Intermediate — Self-Declared,2
C0493,SK055,Linux,Advanced,3,resume,0.6,Linux — Advanced — Resume Only,2
C0494,SK003,JavaScript,Advanced,3,project|employment_record,0.8,JavaScript — Advanced — Project Evidence,3
C0494,SK022,React,Advanced,3,assessment|resume,0.9,React — Advanced — Assessment Verified,3
C0494,SK015,Node.js,Advanced,3,project|resume,0.78,Node.js — Advanced — Project Evidence,3
C0494,SK027,SQL,Advanced,3,assessment|employment_record|resume,0.92,SQL — Advanced — Assessment Verified,3
C0495,SK003,JavaScript,Basic,1,assessment|employment_record|resume,0.92,JavaScript — Basic — Assessment Verified,1
C0495,SK022,React,Advanced,3,assessment|employment_record|resume,0.92,React — Advanced — Assessment Verified,3
C0495,SK024,Angular,Intermediate,2,verified_credential|project|employment_record|resume,0.99,Angular — Intermediate — Certificate Verified,2
C0495,SK064,Communication,Advanced,3,resume,0.6,Communication — Advanced — Resume Only,2
C0495,SK067,Project Management,Intermediate,2,resume,0.6,Project Management — Intermediate — Resume Only,2
C0496,SK001,Java,Basic,1,employment_record|resume,0.8,Java — Basic — Employment Record,1
C0496,SK010,Spring Boot,Basic,1,verified_credential|assessment|employment_record|resume,0.99,Spring Boot — Basic — Certificate Verified,1
C0496,SK017,REST API,Intermediate,2,employment_record|resume,0.8,REST API — Intermediate — Employment Record,2
C0496,SK028,MySQL,Basic,1,resume,0.6,MySQL — Basic — Resume Only,1
C0496,SK047,Git,Intermediate,2,verified_credential|project|employment_record|resume,0.99,Git — Intermediate — Certificate Verified,2
C0496,SK048,Docker,Basic,1,employment_record|resume,0.8,Docker — Basic — Employment Record,1
C0496,SK057,JUnit,Intermediate,2,project|employment_record|resume,0.82,JUnit — Intermediate — Project Evidence,2
C0496,SK065,Teamwork,Intermediate,2,self_declared,0.4,Teamwork — Intermediate — Self-Declared,1
C0496,SK067,Project Management,Basic,1,self_declared,0.4,Project Management — Basic — Self-Declared,1
C0497,SK033,Machine Learning,Intermediate,2,verified_credential|project|resume,0.99,Machine Learning — Intermediate — Certificate Verified,2
C0497,SK036,Scikit-learn,Basic,1,resume,0.6,Scikit-learn — Basic — Resume Only,1
C0497,SK039,Pandas,Basic,1,verified_credential|project|resume,0.99,Pandas — Basic — Certificate Verified,1
C0497,SK034,Deep Learning,Intermediate,2,resume,0.6,Deep Learning — Intermediate — Resume Only,2
C0497,SK066,Problem Solving,Basic,1,self_declared,0.4,Problem Solving — Basic — Self-Declared,1
C0497,SK064,Communication,Basic,1,resume,0.6,Communication — Basic — Resume Only,1
C0498,SK001,Java,Advanced,3,resume,0.6,Java — Advanced — Resume Only,2
C0498,SK010,Spring Boot,Basic,1,project|resume,0.78,Spring Boot — Basic — Project Evidence,1
C0498,SK017,REST API,Basic,1,verified_credential|assessment|project|resume,0.99,REST API — Basic — Certificate Verified,1
C0498,SK047,Git,Basic,1,resume,0.6,Git — Basic — Resume Only,1
C0498,SK011,Hibernate,Intermediate,2,project,0.76,Hibernate — Intermediate — Project Evidence,2
C0498,SK019,Microservices,Basic,1,verified_credential|assessment|project|resume,0.99,Microservices — Basic — Certificate Verified,1
C0499,SK002,Python,Intermediate,2,assessment|project|resume,0.92,Python — Intermediate — Assessment Verified,2
C0499,SK012,Django,Advanced,3,verified_credential|resume,0.97,Django — Advanced — Certificate Verified,3
C0499,SK032,Redis,Intermediate,2,verified_credential|resume,0.97,Redis — Intermediate — Certificate Verified,2
C0499,SK047,Git,Intermediate,2,verified_credential|project|employment_record|resume,0.99,Git — Intermediate — Certificate Verified,2
C0499,SK066,Problem Solving,Basic,1,resume,0.6,Problem Solving — Basic — Resume Only,1
C0500,SK010,Spring Boot,Basic,1,verified_credential|project|resume,0.99,Spring Boot — Basic — Certificate Verified,1
C0500,SK027,SQL,Basic,1,project|resume,0.78,SQL — Basic — Project Evidence,1
C0500,SK017,REST API,Basic,1,verified_credential|resume,0.97,REST API — Basic — Certificate Verified,1
C0500,SK028,MySQL,Basic,1,verified_credential|resume,0.97,MySQL — Basic — Certificate Verified,1
C0500,SK011,Hibernate,Intermediate,2,assessment|project|resume,0.92,Hibernate — Intermediate — Assessment Verified,2
C0500,SK019,Microservices,Basic,1,project|resume,0.78,Microservices — Basic — Project Evidence,1
C0500,SK065,Teamwork,Intermediate,2,self_declared,0.4,Teamwork — Intermediate — Self-Declared,2
C0500,SK066,Problem Solving,Basic,1,resume,0.6,Problem Solving — Basic — Resume Only,1
C0501,SK009,Kotlin,Basic,1,verified_credential|resume,0.97,Kotlin — Basic — Certificate Verified,1
C0501,SK001,Java,Basic,1,verified_credential|project|resume,0.99,Java — Basic — Certificate Verified,1
C0501,SK059,Android Development,Basic,1,verified_credential|project|employment_record|resume,0.99,Android Development — Basic — Certificate Verified,1
C0501,SK017,REST API,Intermediate,2,verified_credential|project|employment_record|resume,0.99,REST API — Intermediate — Certificate Verified,2
C0501,SK047,Git,Basic,1,project|employment_record|resume,0.82,Git — Basic — Project Evidence,1
C0502,SK001,Java,Basic,1,project|resume,0.78,Java — Basic — Project Evidence,1
C0502,SK010,Spring Boot,Basic,1,project|resume,0.78,Spring Boot — Basic — Project Evidence,1
C0502,SK027,SQL,Basic,1,project|resume,0.78,SQL — Basic — Project Evidence,1
C0502,SK017,REST API,Intermediate,2,resume,0.6,REST API — Intermediate — Resume Only,1
C0502,SK028,MySQL,Basic,1,verified_credential|resume,0.97,MySQL — Basic — Certificate Verified,1
C0502,SK011,Hibernate,Basic,1,project|resume,0.78,Hibernate — Basic — Project Evidence,1
C0502,SK048,Docker,Basic,1,verified_credential|project|resume,0.99,Docker — Basic — Certificate Verified,1
C0502,SK057,JUnit,Intermediate,2,project|resume,0.78,JUnit — Intermediate — Project Evidence,2
C0502,SK002,Python,Intermediate,2,verified_credential|project|resume,0.99,Python — Intermediate — Certificate Verified,2
C0503,SK002,Python,Basic,1,resume,0.6,Python — Basic — Resume Only,1
C0503,SK036,Scikit-learn,Intermediate,2,project|resume,0.78,Scikit-learn — Intermediate — Project Evidence,2
C0503,SK039,Pandas,Basic,1,resume,0.6,Pandas — Basic — Resume Only,1
C0503,SK041,Statistics,Basic,1,resume,0.6,Statistics — Basic — Resume Only,1
C0503,SK038,PyTorch,Basic,1,resume,0.6,PyTorch — Basic — Resume Only,1
C0503,SK027,SQL,Basic,1,project|resume,0.78,SQL — Basic — Project Evidence,1
C0504,SK002,Python,Basic,1,project|resume,0.78,Python — Basic — Project Evidence,1
C0504,SK033,Machine Learning,Intermediate,2,verified_credential|project|resume,0.99,Machine Learning — Intermediate — Certificate Verified,2
C0504,SK039,Pandas,Basic,1,self_declared,0.4,Pandas — Basic — Self-Declared,1
C0504,SK040,NumPy,Basic,1,project|resume,0.78,NumPy — Basic — Project Evidence,1
C0504,SK034,Deep Learning,Basic,1,verified_credential|resume,0.97,Deep Learning — Basic — Certificate Verified,1
C0504,SK037,TensorFlow,Basic,1,project|resume,0.78,TensorFlow — Basic — Project Evidence,1
C0504,SK035,NLP,Basic,1,project|resume,0.78,NLP — Basic — Project Evidence,1
C0504,SK027,SQL,Basic,1,project|resume,0.78,SQL — Basic — Project Evidence,1
C0504,SK065,Teamwork,Intermediate,2,resume,0.6,Teamwork — Intermediate — Resume Only,1
C0504,SK047,Git,Intermediate,2,resume,0.6,Git — Intermediate — Resume Only,1
C0505,SK001,Java,Intermediate,2,project|resume,0.78,Java — Intermediate — Project Evidence,2
C0505,SK010,Spring Boot,Basic,1,assessment|project|resume,0.92,Spring Boot — Basic — Assessment Verified,1
C0505,SK017,REST API,Advanced,3,resume,0.6,REST API — Advanced — Resume Only,2
C0505,SK067,Project Management,Basic,1,self_declared,0.4,Project Management — Basic — Self-Declared,1
C0505,SK055,Linux,Intermediate,2,resume,0.6,Linux — Intermediate — Resume Only,1
C0506,SK059,Android Development,Advanced,3,assessment|employment_record|resume,0.92,Android Development — Advanced — Assessment Verified,3
C0506,SK047,Git,Advanced,3,assessment|project|employment_record|resume,0.94,Git — Advanced — Assessment Verified,3
C0506,SK060,Flutter,Intermediate,2,assessment|resume,0.9,Flutter — Intermediate — Assessment Verified,2
C0507,SK002,Python,Basic,1,self_declared,0.4,Python — Basic — Self-Declared,1
C0507,SK012,Django,Basic,1,assessment|resume,0.9,Django — Basic — Assessment Verified,1
C0507,SK013,FastAPI,Basic,1,project,0.76,FastAPI — Basic — Project Evidence,1
C0507,SK029,PostgreSQL,Intermediate,2,resume,0.6,PostgreSQL — Intermediate — Resume Only,1
C0507,SK017,REST API,Basic,1,self_declared,0.4,REST API — Basic — Self-Declared,1
C0507,SK032,Redis,Basic,1,assessment|project|resume,0.92,Redis — Basic — Assessment Verified,1
C0507,SK048,Docker,Basic,1,resume,0.6,Docker — Basic — Resume Only,1
C0507,SK047,Git,Basic,1,project|resume,0.78,Git — Basic — Project Evidence,1
C0507,SK064,Communication,Intermediate,2,resume,0.6,Communication — Intermediate — Resume Only,1
C0507,SK066,Problem Solving,Basic,1,resume,0.6,Problem Solving — Basic — Resume Only,1
C0508,SK002,Python,Basic,1,verified_credential|employment_record|resume,0.99,Python — Basic — Certificate Verified,1
C0508,SK012,Django,Basic,1,resume,0.6,Django — Basic — Resume Only,1
C0508,SK013,FastAPI,Intermediate,2,assessment|employment_record|resume,0.92,FastAPI — Intermediate — Assessment Verified,2
C0508,SK017,REST API,Advanced,3,project|employment_record|resume,0.82,REST API — Advanced — Project Evidence,3
C0508,SK032,Redis,Intermediate,2,verified_credential|project|resume,0.99,Redis — Intermediate — Certificate Verified,2
C0508,SK048,Docker,Intermediate,2,employment_record|resume,0.8,Docker — Intermediate — Employment Record,2
C0508,SK047,Git,Advanced,3,project|employment_record|resume,0.82,Git — Advanced — Project Evidence,3
C0508,SK066,Problem Solving,Basic,1,resume,0.6,Problem Solving — Basic — Resume Only,1
C0508,SK064,Communication,Intermediate,2,resume,0.6,Communication — Intermediate — Resume Only,2
C0509,SK062,Network Security,Basic,1,verified_credential,0.95,Network Security — Basic — Certificate Verified,1
C0509,SK063,Networking,Intermediate,2,resume,0.6,Networking — Intermediate — Resume Only,2
C0509,SK002,Python,Intermediate,2,assessment|employment_record|resume,0.92,Python — Intermediate — Assessment Verified,3
C0510,SK002,Python,Basic,1,resume,0.6,Python — Basic — Resume Only,1
C0510,SK013,FastAPI,Intermediate,2,project|resume,0.78,FastAPI — Intermediate — Project Evidence,2
C0510,SK029,PostgreSQL,Basic,1,project|employment_record|resume,0.82,PostgreSQL — Basic — Project Evidence,1
C0510,SK067,Project Management,Basic,1,resume,0.6,Project Management — Basic — Resume Only,1
C0510,SK065,Teamwork,Intermediate,2,self_declared,0.4,Teamwork — Intermediate — Self-Declared,1
C0511,SK003,JavaScript,Intermediate,2,assessment|employment_record|resume,0.92,JavaScript — Intermediate — Assessment Verified,2
C0511,SK022,React,Intermediate,2,resume,0.6,React — Intermediate — Resume Only,2
C0511,SK015,Node.js,Intermediate,2,resume,0.6,Node.js — Intermediate — Resume Only,2
C0511,SK016,Express.js,Basic,1,employment_record|resume,0.8,Express.js — Basic — Employment Record,1
C0511,SK031,MongoDB,Advanced,3,self_declared,0.4,MongoDB — Advanced — Self-Declared,3
C0511,SK017,REST API,Intermediate,2,verified_credential|employment_record|resume,0.99,REST API — Intermediate — Certificate Verified,2
C0511,SK047,Git,Intermediate,2,assessment,0.88,Git — Intermediate — Assessment Verified,2
C0511,SK004,TypeScript,Intermediate,2,verified_credential|employment_record|resume,0.99,TypeScript — Intermediate — Certificate Verified,2
C0512,SK056,Unit Testing,Basic,1,employment_record|resume,0.8,Unit Testing — Basic — Employment Record,1
C0512,SK058,Selenium,Basic,1,project|employment_record|resume,0.82,Selenium — Basic — Project Evidence,1
C0512,SK001,Java,Intermediate,2,resume,0.6,Java — Intermediate — Resume Only,1
C0512,SK057,JUnit,Basic,1,project|employment_record|resume,0.82,JUnit — Basic — Project Evidence,1
C0512,SK002,Python,Basic,1,employment_record|resume,0.8,Python — Basic — Employment Record,1
C0512,SK047,Git,Basic,1,project|employment_record|resume,0.82,Git — Basic — Project Evidence,1
C0512,SK053,CI/CD,Basic,1,employment_record|resume,0.8,CI/CD — Basic — Employment Record,1
C0512,SK065,Teamwork,Basic,1,resume,0.6,Teamwork — Basic — Resume Only,1
C0513,SK003,JavaScript,Basic,1,resume,0.6,JavaScript — Basic — Resume Only,1
C0513,SK022,React,Advanced,3,resume,0.6,React — Advanced — Resume Only,2
C0513,SK015,Node.js,Basic,1,resume,0.6,Node.js — Basic — Resume Only,1
C0513,SK016,Express.js,Advanced,3,resume,0.6,Express.js — Advanced — Resume Only,2
C0513,SK031,MongoDB,Basic,1,project|resume,0.78,MongoDB — Basic — Project Evidence,1
C0513,SK027,SQL,Basic,1,project|resume,0.78,SQL — Basic — Project Evidence,1
C0513,SK017,REST API,Intermediate,2,project|resume,0.78,REST API — Intermediate — Project Evidence,2
C0513,SK048,Docker,Intermediate,2,resume,0.6,Docker — Intermediate — Resume Only,2
C0513,SK067,Project Management,Basic,1,resume,0.6,Project Management — Basic — Resume Only,1
C0513,SK066,Problem Solving,Intermediate,2,self_declared,0.4,Problem Solving — Intermediate — Self-Declared,1
C0514,SK002,Python,Intermediate,2,resume,0.6,Python — Intermediate — Resume Only,1
C0514,SK014,Flask,Basic,1,resume,0.6,Flask — Basic — Resume Only,1
C0514,SK029,PostgreSQL,Intermediate,2,project|resume,0.78,PostgreSQL — Intermediate — Project Evidence,2
C0514,SK017,REST API,Basic,1,project|resume,0.78,REST API — Basic — Project Evidence,1
C0514,SK032,Redis,Basic,1,assessment|project|resume,0.92,Redis — Basic — Assessment Verified,1
C0514,SK048,Docker,Basic,1,project|resume,0.78,Docker — Basic — Project Evidence,1
C0514,SK027,SQL,Basic,1,verified_credential|project|resume,0.99,SQL — Basic — Certificate Verified,1
C0514,SK065,Teamwork,Basic,1,resume,0.6,Teamwork — Basic — Resume Only,1
C0515,SK003,JavaScript,Intermediate,2,verified_credential|assessment|employment_record|resume,0.99,JavaScript — Intermediate — Certificate Verified,2
C0515,SK021,CSS,Advanced,3,assessment|project|employment_record|resume,0.94,CSS — Advanced — Assessment Verified,3
C0515,SK004,TypeScript,Intermediate,2,verified_credential|assessment|project|resume,0.99,TypeScript — Intermediate — Certificate Verified,3
C0515,SK026,Tailwind CSS,Advanced,3,assessment|project|resume,0.92,Tailwind CSS — Advanced — Assessment Verified,3
C0515,SK024,Angular,Advanced,3,project|employment_record|resume,0.82,Angular — Advanced — Project Evidence,3
C0515,SK064,Communication,Advanced,3,resume,0.6,Communication — Advanced — Resume Only,3
C0516,SK056,Unit Testing,Intermediate,2,assessment|project|resume,0.92,Unit Testing — Intermediate — Assessment Verified,2
C0516,SK058,Selenium,Basic,1,project|resume,0.78,Selenium — Basic — Project Evidence,1
C0516,SK001,Java,Basic,1,verified_credential|project|resume,0.99,Java — Basic — Certificate Verified,1
C0516,SK027,SQL,Intermediate,2,resume,0.6,SQL — Intermediate — Resume Only,1
C0516,SK057,JUnit,Basic,1,resume,0.6,JUnit — Basic — Resume Only,1
C0516,SK002,Python,Basic,1,resume,0.6,Python — Basic — Resume Only,1
C0516,SK047,Git,Basic,1,project|resume,0.78,Git — Basic — Project Evidence,1
C0517,SK056,Unit Testing,Basic,1,verified_credential|project|resume,0.99,Unit Testing — Basic — Certificate Verified,1
C0517,SK058,Selenium,Intermediate,2,resume,0.6,Selenium — Intermediate — Resume Only,2
C0517,SK001,Java,Basic,1,project|resume,0.78,Java — Basic — Project Evidence,1
C0517,SK027,SQL,Basic,1,project|resume,0.78,SQL — Basic — Project Evidence,1
C0517,SK002,Python,Intermediate,2,project|resume,0.78,Python — Intermediate — Project Evidence,2
C0517,SK047,Git,Basic,1,project|resume,0.78,Git — Basic — Project Evidence,1
C0517,SK053,CI/CD,Basic,1,verified_credential|project|resume,0.99,CI/CD — Basic — Certificate Verified,1
C0517,SK067,Project Management,Basic,1,resume,0.6,Project Management — Basic — Resume Only,1
C0517,SK066,Problem Solving,Basic,1,resume,0.6,Problem Solving — Basic — Resume Only,1
C0518,SK002,Python,Basic,1,resume,0.6,Python — Basic — Resume Only,1
C0518,SK014,Flask,Basic,1,resume,0.6,Flask — Basic — Resume Only,1
C0518,SK048,Docker,Intermediate,2,verified_credential|resume,0.97,Docker — Intermediate — Certificate Verified,2
C0518,SK027,SQL,Basic,1,verified_credential|assessment|project|resume,0.99,SQL — Basic — Certificate Verified,1
C0519,SK020,HTML,Basic,1,verified_credential|resume,0.97,HTML — Basic — Certificate Verified,1
C0519,SK021,CSS,Intermediate,2,resume,0.6,CSS — Intermediate — Resume Only,2
C0519,SK026,Tailwind CSS,Basic,1,verified_credential|project|resume,0.99,Tailwind CSS — Basic — Certificate Verified,1
C0519,SK023,Next.js,Basic,1,project|resume,0.78,Next.js — Basic — Project Evidence,1
C0519,SK024,Angular,Basic,1,verified_credential|project|resume,0.99,Angular — Basic — Certificate Verified,1
C0519,SK025,Vue.js,Intermediate,2,assessment|project|resume,0.92,Vue.js — Intermediate — Assessment Verified,2
C0519,SK064,Communication,Basic,1,self_declared,0.4,Communication — Basic — Self-Declared,1
C0519,SK065,Teamwork,Basic,1,resume,0.6,Teamwork — Basic — Resume Only,1
C0520,SK003,JavaScript,Intermediate,2,resume,0.6,JavaScript — Intermediate — Resume Only,2
C0520,SK022,React,Intermediate,2,resume,0.6,React — Intermediate — Resume Only,2
C0520,SK015,Node.js,Advanced,3,resume,0.6,Node.js — Advanced — Resume Only,3
C0520,SK016,Express.js,Advanced,3,verified_credential|project|employment_record|resume,0.99,Express.js — Advanced — Certificate Verified,3
C0520,SK047,Git,Basic,1,project|employment_record|resume,0.82,Git — Basic — Project Evidence,1
C0520,SK004,TypeScript,Basic,1,project|employment_record|resume,0.82,TypeScript — Basic — Project Evidence,1
C0520,SK048,Docker,Basic,1,verified_credential|project|resume,0.99,Docker — Basic — Certificate Verified,1
C0521,SK003,JavaScript,Advanced,3,project|resume,0.78,JavaScript — Advanced — Project Evidence,3
C0521,SK022,React,Intermediate,2,self_declared,0.4,React — Intermediate — Self-Declared,2
C0521,SK021,CSS,Advanced,3,assessment|employment_record|resume,0.92,CSS — Advanced — Assessment Verified,3
C0521,SK047,Git,Advanced,3,project|resume,0.78,Git — Advanced — Project Evidence,3
C0521,SK024,Angular,Advanced,3,assessment|employment_record|resume,0.92,Angular — Advanced — Assessment Verified,3
C0521,SK055,Linux,Advanced,3,project|employment_record|resume,0.82,Linux — Advanced — Project Evidence,3
C0522,SK001,Java,Advanced,3,project|employment_record|resume,0.82,Java — Advanced — Project Evidence,3
C0522,SK010,Spring Boot,Intermediate,2,project,0.76,Spring Boot — Intermediate — Project Evidence,2
C0522,SK027,SQL,Intermediate,2,self_declared,0.4,SQL — Intermediate — Self-Declared,2
C0522,SK017,REST API,Advanced,3,employment_record|resume,0.8,REST API — Advanced — Employment Record,3
C0522,SK011,Hibernate,Advanced,3,assessment|project|employment_record|resume,0.94,Hibernate — Advanced — Assessment Verified,3
C0522,SK048,Docker,Intermediate,2,project|resume,0.78,Docker — Intermediate — Project Evidence,2
C0523,SK027,SQL,Advanced,3,project|employment_record|resume,0.82,SQL — Advanced — Project Evidence,3
C0523,SK046,Excel,Intermediate,2,resume,0.6,Excel — Intermediate — Resume Only,1
C0523,SK002,Python,Intermediate,2,verified_credential|resume,0.97,Python — Intermediate — Certificate Verified,2
C0523,SK045,Tableau,Advanced,3,assessment|employment_record|resume,0.92,Tableau — Advanced — Assessment Verified,2
C0523,SK041,Statistics,Advanced,3,assessment|project|employment_record|resume,0.94,Statistics — Advanced — Assessment Verified,3
C0524,SK027,SQL,Advanced,3,employment_record|resume,0.8,SQL — Advanced — Employment Record,3
C0524,SK002,Python,Advanced,3,verified_credential|project|employment_record|resume,0.99,Python — Advanced — Certificate Verified,3
C0524,SK044,Power BI,Advanced,3,project|resume,0.78,Power BI — Advanced — Project Evidence,3
C0524,SK045,Tableau,Advanced,3,verified_credential|employment_record|resume,0.99,Tableau — Advanced — Certificate Verified,3
C0524,SK041,Statistics,Advanced,3,resume,0.6,Statistics — Advanced — Resume Only,3
C0524,SK039,Pandas,Advanced,3,project|employment_record|resume,0.82,Pandas — Advanced — Project Evidence,3
C0524,SK043,Data Visualization,Advanced,3,project|employment_record|resume,0.82,Data Visualization — Advanced — Project Evidence,3
C0524,SK042,Data Analysis,Advanced,3,verified_credential|project|employment_record|resume,0.99,Data Analysis — Advanced — Certificate Verified,3
C0524,SK066,Problem Solving,Advanced,3,self_declared,0.4,Problem Solving — Advanced — Self-Declared,3
C0525,SK027,SQL,Basic,1,resume,0.6,SQL — Basic — Resume Only,1
C0525,SK046,Excel,Basic,1,resume,0.6,Excel — Basic — Resume Only,1
C0525,SK045,Tableau,Basic,1,project|resume,0.78,Tableau — Basic — Project Evidence,1
C0525,SK039,Pandas,Basic,1,resume,0.6,Pandas — Basic — Resume Only,1
C0525,SK043,Data Visualization,Intermediate,2,project|resume,0.78,Data Visualization — Intermediate — Project Evidence,2
C0525,SK042,Data Analysis,Basic,1,self_declared,0.4,Data Analysis — Basic — Self-Declared,1
C0526,SK001,Java,Basic,1,resume,0.6,Java — Basic — Resume Only,1
C0526,SK059,Android Development,Basic,1,project|resume,0.78,Android Development — Basic — Project Evidence,1
C0526,SK017,REST API,Basic,1,resume,0.6,REST API — Basic — Resume Only,1
C0527,SK058,Selenium,Advanced,3,resume,0.6,Selenium — Advanced — Resume Only,2
C0527,SK001,Java,Basic,1,project|resume,0.78,Java — Basic — Project Evidence,1
C0527,SK053,CI/CD,Basic,1,self_declared,0.4,CI/CD — Basic — Self-Declared,1
C0527,SK064,Communication,Basic,1,resume,0.6,Communication — Basic — Resume Only,1
C0528,SK001,Java,Basic,1,assessment|project|resume,0.92,Java — Basic — Assessment Verified,1
C0528,SK010,Spring Boot,Intermediate,2,verified_credential|project|resume,0.99,Spring Boot — Intermediate — Certificate Verified,2
C0528,SK028,MySQL,Basic,1,verified_credential|resume,0.97,MySQL — Basic — Certificate Verified,1
C0528,SK047,Git,Intermediate,2,project|resume,0.78,Git — Intermediate — Project Evidence,2
C0528,SK011,Hibernate,Basic,1,assessment|resume,0.9,Hibernate — Basic — Assessment Verified,1
C0528,SK066,Problem Solving,Basic,1,resume,0.6,Problem Solving — Basic — Resume Only,1
C0529,SK020,HTML,Advanced,3,resume,0.6,HTML — Advanced — Resume Only,3
C0529,SK021,CSS,Intermediate,2,assessment|employment_record|resume,0.92,CSS — Intermediate — Assessment Verified,2
C0529,SK026,Tailwind CSS,Basic,1,resume,0.6,Tailwind CSS — Basic — Resume Only,1
C0529,SK025,Vue.js,Intermediate,2,employment_record|resume,0.8,Vue.js — Intermediate — Employment Record,2
C0529,SK067,Project Management,Basic,1,resume,0.6,Project Management — Basic — Resume Only,1
C0529,SK065,Teamwork,Basic,1,resume,0.6,Teamwork — Basic — Resume Only,1
C0530,SK049,Kubernetes,Intermediate,2,verified_credential|resume,0.97,Kubernetes — Intermediate — Certificate Verified,2
C0530,SK053,CI/CD,Basic,1,verified_credential|assessment|project|resume,0.99,CI/CD — Basic — Certificate Verified,1
C0530,SK054,Jenkins,Intermediate,2,assessment|project|resume,0.92,Jenkins — Intermediate — Assessment Verified,2
C0530,SK064,Communication,Intermediate,2,resume,0.6,Communication — Intermediate — Resume Only,1
C0531,SK068,CNC Machining,Advanced,3,verified_credential|assessment|project|employment_record|resume,0.99,CNC Machining — Advanced — Certificate Verified,3
C0531,SK069,Welding,Intermediate,2,verified_credential|assessment|employment_record|resume,0.99,Welding — Intermediate — Certificate Verified,2
C0531,SK064,Communication,Advanced,3,resume,0.6,Communication — Advanced — Resume Only,3
C0532,SK022,React,Advanced,3,resume,0.6,React — Advanced — Resume Only,2
C0532,SK020,HTML,Advanced,3,employment_record|resume,0.8,HTML — Advanced — Employment Record,3
C0532,SK021,CSS,Advanced,3,project|resume,0.78,CSS — Advanced — Project Evidence,3
C0532,SK004,TypeScript,Advanced,3,verified_credential|assessment|project|employment_record|resume,0.99,TypeScript — Advanced — Certificate Verified,3
C0532,SK026,Tailwind CSS,Advanced,3,project|resume,0.78,Tailwind CSS — Advanced — Project Evidence,3
C0532,SK023,Next.js,Advanced,3,employment_record,0.78,Next.js — Advanced — Employment Record,3
C0532,SK047,Git,Advanced,3,employment_record|resume,0.8,Git — Advanced — Employment Record,3
C0532,SK024,Angular,Intermediate,2,employment_record|resume,0.8,Angular — Intermediate — Employment Record,2
C0532,SK065,Teamwork,Advanced,3,resume,0.6,Teamwork — Advanced — Resume Only,3
C0532,SK067,Project Management,Advanced,3,resume,0.6,Project Management — Advanced — Resume Only,3
C0533,SK044,Power BI,Advanced,3,verified_credential|project|resume,0.99,Power BI — Advanced — Certificate Verified,3
C0533,SK041,Statistics,Intermediate,2,verified_credential|project|resume,0.99,Statistics — Intermediate — Certificate Verified,2
C0533,SK039,Pandas,Intermediate,2,self_declared,0.4,Pandas — Intermediate — Self-Declared,1
C0533,SK064,Communication,Intermediate,2,resume,0.6,Communication — Intermediate — Resume Only,2
C0533,SK067,Project Management,Advanced,3,resume,0.6,Project Management — Advanced — Resume Only,2
C0534,SK003,JavaScript,Intermediate,2,employment_record|resume,0.8,JavaScript — Intermediate — Employment Record,2
C0534,SK022,React,Intermediate,2,employment_record|resume,0.8,React — Intermediate — Employment Record,2
C0534,SK021,CSS,Basic,1,project|employment_record|resume,0.82,CSS — Basic — Project Evidence,1
C0534,SK023,Next.js,Intermediate,2,project|resume,0.78,Next.js — Intermediate — Project Evidence,2
C0534,SK024,Angular,Intermediate,2,resume,0.6,Angular — Intermediate — Resume Only,2
C0534,SK067,Project Management,Intermediate,2,self_declared,0.4,Project Management — Intermediate — Self-Declared,2
C0535,SK002,Python,Advanced,3,project|employment_record|resume,0.82,Python — Advanced — Project Evidence,3
C0535,SK012,Django,Intermediate,2,project|resume,0.78,Django — Intermediate — Project Evidence,2
C0535,SK013,FastAPI,Basic,1,verified_credential|assessment|employment_record|resume,0.99,FastAPI — Basic — Certificate Verified,2
C0535,SK017,REST API,Intermediate,2,project|employment_record|resume,0.82,REST API — Intermediate — Project Evidence,2
C0535,SK027,SQL,Intermediate,2,employment_record|resume,0.8,SQL — Intermediate — Employment Record,2
C0535,SK065,Teamwork,Basic,1,resume,0.6,Teamwork — Basic — Resume Only,1
C0536,SK010,Spring Boot,Basic,1,employment_record|resume,0.8,Spring Boot — Basic — Employment Record,1
C0536,SK047,Git,Intermediate,2,resume,0.6,Git — Intermediate — Resume Only,2
C0536,SK019,Microservices,Intermediate,2,verified_credential|project|resume,0.99,Microservices — Intermediate — Certificate Verified,2
C0537,SK009,Kotlin,Advanced,3,verified_credential|resume,0.97,Kotlin — Advanced — Certificate Verified,3
C0537,SK001,Java,Advanced,3,project|employment_record|resume,0.82,Java — Advanced — Project Evidence,3
C0537,SK059,Android Development,Advanced,3,employment_record|resume,0.8,Android Development — Advanced — Employment Record,3
C0537,SK017,REST API,Advanced,3,verified_credential|resume,0.97,REST API — Advanced — Certificate Verified,3
C0537,SK047,Git,Advanced,3,project|employment_record|resume,0.82,Git — Advanced — Project Evidence,3
C0538,SK001,Java,Intermediate,2,verified_credential|assessment|employment_record|resume,0.99,Java — Intermediate — Certificate Verified,2
C0538,SK010,Spring Boot,Intermediate,2,project|employment_record|resume,0.82,Spring Boot — Intermediate — Project Evidence,2
C0538,SK027,SQL,Basic,1,verified_credential|assessment|resume,0.99,SQL — Basic — Certificate Verified,1
C0538,SK028,MySQL,Basic,1,verified_credential|assessment|resume,0.99,MySQL — Basic — Certificate Verified,1
C0538,SK047,Git,Intermediate,2,verified_credential|resume,0.97,Git — Intermediate — Certificate Verified,2
C0538,SK011,Hibernate,Intermediate,2,assessment|resume,0.9,Hibernate — Intermediate — Assessment Verified,2
C0539,SK033,Machine Learning,Basic,1,resume,0.6,Machine Learning — Basic — Resume Only,1
C0539,SK036,Scikit-learn,Intermediate,2,verified_credential|project|resume,0.99,Scikit-learn — Intermediate — Certificate Verified,2
C0539,SK040,NumPy,Basic,1,resume,0.6,NumPy — Basic — Resume Only,1
C0539,SK037,TensorFlow,Basic,1,verified_credential|resume,0.97,TensorFlow — Basic — Certificate Verified,1
C0539,SK035,NLP,Basic,1,resume,0.6,NLP — Basic — Resume Only,1
C0539,SK064,Communication,Basic,1,self_declared,0.4,Communication — Basic — Self-Declared,1
C0539,SK065,Teamwork,Basic,1,resume,0.6,Teamwork — Basic — Resume Only,1
C0540,SK061,Cybersecurity,Advanced,3,verified_credential|project|employment_record|resume,0.99,Cybersecurity — Advanced — Certificate Verified,3
C0540,SK062,Network Security,Advanced,3,verified_credential|employment_record|resume,0.99,Network Security — Advanced — Certificate Verified,3
C0540,SK055,Linux,Intermediate,2,assessment,0.88,Linux — Intermediate — Assessment Verified,3
C0540,SK064,Communication,Advanced,3,resume,0.6,Communication — Advanced — Resume Only,3
C0541,SK001,Java,Intermediate,2,verified_credential|resume,0.97,Java — Intermediate — Certificate Verified,2
C0541,SK059,Android Development,Advanced,3,resume,0.6,Android Development — Advanced — Resume Only,2
C0541,SK047,Git,Intermediate,2,verified_credential|project|employment_record|resume,0.99,Git — Intermediate — Certificate Verified,2
C0541,SK060,Flutter,Intermediate,2,project|employment_record|resume,0.82,Flutter — Intermediate — Project Evidence,2
C0541,SK067,Project Management,Advanced,3,resume,0.6,Project Management — Advanced — Resume Only,2
C0541,SK046,Excel,Intermediate,2,resume,0.6,Excel — Intermediate — Resume Only,2
C0542,SK027,SQL,Basic,1,verified_credential|project|resume,0.99,SQL — Basic — Certificate Verified,1
C0542,SK046,Excel,Intermediate,2,project,0.76,Excel — Intermediate — Project Evidence,2
C0542,SK002,Python,Basic,1,project|resume,0.78,Python — Basic — Project Evidence,1
C0542,SK045,Tableau,Basic,1,verified_credential|assessment,0.97,Tableau — Basic — Certificate Verified,1
C0542,SK039,Pandas,Basic,1,assessment|project|resume,0.92,Pandas — Basic — Assessment Verified,1
C0542,SK065,Teamwork,Intermediate,2,resume,0.6,Teamwork — Intermediate — Resume Only,2
C0543,SK022,React,Advanced,3,project|resume,0.78,React — Advanced — Project Evidence,3
C0543,SK015,Node.js,Advanced,3,verified_credential|resume,0.97,Node.js — Advanced — Certificate Verified,3
C0543,SK027,SQL,Advanced,3,resume,0.6,SQL — Advanced — Resume Only,2
C0543,SK017,REST API,Advanced,3,resume,0.6,REST API — Advanced — Resume Only,3
C0543,SK047,Git,Advanced,3,verified_credential|project|employment_record|resume,0.99,Git — Advanced — Certificate Verified,3
C0543,SK004,TypeScript,Advanced,3,verified_credential|project|employment_record|resume,0.99,TypeScript — Advanced — Certificate Verified,3
C0543,SK048,Docker,Intermediate,2,project|resume,0.78,Docker — Intermediate — Project Evidence,2
C0544,SK003,JavaScript,Intermediate,2,project|resume,0.78,JavaScript — Intermediate — Project Evidence,2
C0544,SK022,React,Basic,1,assessment|employment_record|resume,0.92,React — Basic — Assessment Verified,1
C0544,SK020,HTML,Intermediate,2,verified_credential|resume,0.97,HTML — Intermediate — Certificate Verified,2
C0544,SK021,CSS,Intermediate,2,project|resume,0.78,CSS — Intermediate — Project Evidence,2
C0544,SK004,TypeScript,Intermediate,2,resume,0.6,TypeScript — Intermediate — Resume Only,2
C0544,SK023,Next.js,Intermediate,2,self_declared,0.4,Next.js — Intermediate — Self-Declared,2
C0544,SK024,Angular,Intermediate,2,project|employment_record|resume,0.82,Angular — Intermediate — Project Evidence,2
C0544,SK025,Vue.js,Intermediate,2,verified_credential|resume,0.97,Vue.js — Intermediate — Certificate Verified,2
C0544,SK067,Project Management,Basic,1,resume,0.6,Project Management — Basic — Resume Only,1
C0545,SK003,JavaScript,Advanced,3,employment_record|resume,0.8,JavaScript — Advanced — Employment Record,3
C0545,SK021,CSS,Advanced,3,resume,0.6,CSS — Advanced — Resume Only,3
C0545,SK004,TypeScript,Advanced,3,employment_record|resume,0.8,TypeScript — Advanced — Employment Record,3
C0545,SK026,Tailwind CSS,Advanced,3,project|resume,0.78,Tailwind CSS — Advanced — Project Evidence,3
C0545,SK023,Next.js,Advanced,3,verified_credential|assessment|employment_record|resume,0.99,Next.js — Advanced — Certificate Verified,3
C0545,SK024,Angular,Advanced,3,verified_credential|assessment|project|employment_record|resume,0.99,Angular — Advanced — Certificate Verified,3
C0545,SK025,Vue.js,Advanced,3,assessment|project|employment_record|resume,0.94,Vue.js — Advanced — Assessment Verified,3
C0546,SK002,Python,Basic,1,project|resume,0.78,Python — Basic — Project Evidence,1
C0546,SK013,FastAPI,Intermediate,2,project|employment_record|resume,0.82,FastAPI — Intermediate — Project Evidence,2
C0546,SK014,Flask,Intermediate,2,employment_record|resume,0.8,Flask — Intermediate — Employment Record,2
C0546,SK029,PostgreSQL,Intermediate,2,project|employment_record|resume,0.82,PostgreSQL — Intermediate — Project Evidence,2
C0546,SK017,REST API,Intermediate,2,project|employment_record|resume,0.82,REST API — Intermediate — Project Evidence,2
C0546,SK032,Redis,Advanced,3,project|resume,0.78,Redis — Advanced — Project Evidence,3
C0546,SK047,Git,Advanced,3,employment_record|resume,0.8,Git — Advanced — Employment Record,3
C0546,SK064,Communication,Advanced,3,resume,0.6,Communication — Advanced — Resume Only,3
C0546,SK065,Teamwork,Advanced,3,resume,0.6,Teamwork — Advanced — Resume Only,3
C0547,SK002,Python,Intermediate,2,resume,0.6,Python — Intermediate — Resume Only,2
C0547,SK033,Machine Learning,Basic,1,assessment|project|resume,0.92,Machine Learning — Basic — Assessment Verified,1
C0547,SK036,Scikit-learn,Intermediate,2,assessment|project|resume,0.92,Scikit-learn — Intermediate — Assessment Verified,2
C0547,SK034,Deep Learning,Basic,1,project|resume,0.78,Deep Learning — Basic — Project Evidence,1
C0547,SK038,PyTorch,Basic,1,assessment|project|resume,0.92,PyTorch — Basic — Assessment Verified,1
C0547,SK064,Communication,Basic,1,resume,0.6,Communication — Basic — Resume Only,1
C0547,SK065,Teamwork,Basic,1,self_declared,0.4,Teamwork — Basic — Self-Declared,1
C0548,SK054,Jenkins,Intermediate,2,verified_credential|assessment|project|employment_record|resume,0.99,Jenkins — Intermediate — Certificate Verified,2
C0548,SK047,Git,Advanced,3,project|employment_record|resume,0.82,Git — Advanced — Project Evidence,3
C0548,SK002,Python,Intermediate,2,verified_credential|employment_record|resume,0.99,Python — Intermediate — Certificate Verified,2
C0549,SK002,Python,Intermediate,2,assessment,0.88,Python — Intermediate — Assessment Verified,3
C0549,SK036,Scikit-learn,Advanced,3,resume,0.6,Scikit-learn — Advanced — Resume Only,3
C0549,SK039,Pandas,Intermediate,2,resume,0.6,Pandas — Intermediate — Resume Only,2
C0549,SK040,NumPy,Advanced,3,assessment|employment_record|resume,0.92,NumPy — Advanced — Assessment Verified,3
C0549,SK041,Statistics,Advanced,3,employment_record|resume,0.8,Statistics — Advanced — Employment Record,3
C0549,SK038,PyTorch,Advanced,3,assessment|resume,0.9,PyTorch — Advanced — Assessment Verified,3
C0549,SK035,NLP,Advanced,3,project|resume,0.78,NLP — Advanced — Project Evidence,3
C0549,SK027,SQL,Advanced,3,assessment|project|resume,0.92,SQL — Advanced — Assessment Verified,3
C0549,SK066,Problem Solving,Advanced,3,resume,0.6,Problem Solving — Advanced — Resume Only,3
C0550,SK002,Python,Basic,1,employment_record|resume,0.8,Python — Basic — Employment Record,1
C0550,SK036,Scikit-learn,Intermediate,2,employment_record|resume,0.8,Scikit-learn — Intermediate — Employment Record,2
C0550,SK041,Statistics,Intermediate,2,resume,0.6,Statistics — Intermediate — Resume Only,2
C0550,SK034,Deep Learning,Advanced,3,project|employment_record|resume,0.82,Deep Learning — Advanced — Project Evidence,3
C0550,SK027,SQL,Advanced,3,resume,0.6,SQL — Advanced — Resume Only,2
C0550,SK067,Project Management,Intermediate,2,resume,0.6,Project Management — Intermediate — Resume Only,2
C0550,SK066,Problem Solving,Advanced,3,resume,0.6,Problem Solving — Advanced — Resume Only,3
C0551,SK056,Unit Testing,Advanced,3,project|employment_record|resume,0.82,Unit Testing — Advanced — Project Evidence,3
C0551,SK058,Selenium,Advanced,3,employment_record|resume,0.8,Selenium — Advanced — Employment Record,3
C0551,SK001,Java,Advanced,3,project|resume,0.78,Java — Advanced — Project Evidence,3
C0551,SK027,SQL,Advanced,3,employment_record|resume,0.8,SQL — Advanced — Employment Record,3
C0551,SK057,JUnit,Advanced,3,resume,0.6,JUnit — Advanced — Resume Only,3
C0551,SK002,Python,Advanced,3,employment_record|resume,0.8,Python — Advanced — Employment Record,3
C0551,SK047,Git,Advanced,3,employment_record|resume,0.8,Git — Advanced — Employment Record,3
C0551,SK053,CI/CD,Intermediate,2,verified_credential|resume,0.97,CI/CD — Intermediate — Certificate Verified,2
C0551,SK065,Teamwork,Advanced,3,resume,0.6,Teamwork — Advanced — Resume Only,3
C0552,SK061,Cybersecurity,Intermediate,2,project|resume,0.78,Cybersecurity — Intermediate — Project Evidence,2
C0552,SK062,Network Security,Basic,1,project,0.76,Network Security — Basic — Project Evidence,1
C0552,SK063,Networking,Basic,1,employment_record|resume,0.8,Networking — Basic — Employment Record,1
C0552,SK055,Linux,Intermediate,2,employment_record|resume,0.8,Linux — Intermediate — Employment Record,2
C0552,SK002,Python,Basic,1,resume,0.6,Python — Basic — Resume Only,1
C0553,SK056,Unit Testing,Basic,1,project|resume,0.78,Unit Testing — Basic — Project Evidence,1
C0553,SK058,Selenium,Basic,1,project|resume,0.78,Selenium — Basic — Project Evidence,1
C0553,SK001,Java,Basic,1,project|resume,0.78,Java — Basic — Project Evidence,1
C0553,SK027,SQL,Basic,1,project|resume,0.78,SQL — Basic — Project Evidence,1
C0553,SK002,Python,Advanced,3,resume,0.6,Python — Advanced — Resume Only,2
C0553,SK047,Git,Intermediate,2,resume,0.6,Git — Intermediate — Resume Only,1
C0553,SK053,CI/CD,Basic,1,project|resume,0.78,CI/CD — Basic — Project Evidence,1
C0553,SK065,Teamwork,Intermediate,2,self_declared,0.4,Teamwork — Intermediate — Self-Declared,1
C0554,SK027,SQL,Intermediate,2,verified_credential|project|employment_record|resume,0.99,SQL — Intermediate — Certificate Verified,2
C0554,SK046,Excel,Advanced,3,resume,0.6,Excel — Advanced — Resume Only,2
C0554,SK002,Python,Intermediate,2,employment_record|resume,0.8,Python — Intermediate — Employment Record,2
C0554,SK044,Power BI,Intermediate,2,project|employment_record,0.8,Power BI — Intermediate — Project Evidence,2
C0554,SK045,Tableau,Intermediate,2,project|resume,0.78,Tableau — Intermediate — Project Evidence,2
C0554,SK041,Statistics,Intermediate,2,resume,0.6,Statistics — Intermediate — Resume Only,2
C0554,SK067,Project Management,Intermediate,2,resume,0.6,Project Management — Intermediate — Resume Only,2
C0554,SK065,Teamwork,Advanced,3,self_declared,0.4,Teamwork — Advanced — Self-Declared,3
C0555,SK027,SQL,Advanced,3,verified_credential|project|employment_record|resume,0.99,SQL — Advanced — Certificate Verified,3
C0555,SK046,Excel,Intermediate,2,assessment|employment_record|resume,0.92,Excel — Intermediate — Assessment Verified,2
C0555,SK002,Python,Intermediate,2,verified_credential|employment_record|resume,0.99,Python — Intermediate — Certificate Verified,2
C0555,SK044,Power BI,Basic,1,resume,0.6,Power BI — Basic — Resume Only,1
C0555,SK045,Tableau,Intermediate,2,verified_credential|employment_record|resume,0.99,Tableau — Intermediate — Certificate Verified,2
C0555,SK041,Statistics,Intermediate,2,verified_credential|project|resume,0.99,Statistics — Intermediate — Certificate Verified,2
C0555,SK039,Pandas,Advanced,3,project|resume,0.78,Pandas — Advanced — Project Evidence,3
C0555,SK066,Problem Solving,Intermediate,2,self_declared,0.4,Problem Solving — Intermediate — Self-Declared,2
C0555,SK067,Project Management,Intermediate,2,resume,0.6,Project Management — Intermediate — Resume Only,2
C0556,SK002,Python,Intermediate,2,resume,0.6,Python — Intermediate — Resume Only,2
C0556,SK033,Machine Learning,Advanced,3,employment_record|resume,0.8,Machine Learning — Advanced — Employment Record,3
C0556,SK036,Scikit-learn,Intermediate,2,project|employment_record|resume,0.82,Scikit-learn — Intermediate — Project Evidence,2
C0556,SK039,Pandas,Intermediate,2,resume,0.6,Pandas — Intermediate — Resume Only,2
C0556,SK040,NumPy,Basic,1,employment_record|resume,0.8,NumPy — Basic — Employment Record,1
C0556,SK034,Deep Learning,Intermediate,2,project|employment_record|resume,0.82,Deep Learning — Intermediate — Project Evidence,2
C0556,SK035,NLP,Intermediate,2,project|resume,0.78,NLP — Intermediate — Project Evidence,2
C0556,SK027,SQL,Basic,1,resume,0.6,SQL — Basic — Resume Only,1
C0556,SK065,Teamwork,Intermediate,2,resume,0.6,Teamwork — Intermediate — Resume Only,2
C0557,SK027,SQL,Intermediate,2,employment_record|resume,0.8,SQL — Intermediate — Employment Record,2
C0557,SK019,Microservices,Intermediate,2,self_declared,0.4,Microservices — Intermediate — Self-Declared,2
C0557,SK057,JUnit,Basic,1,verified_credential|resume,0.97,JUnit — Basic — Certificate Verified,1
C0557,SK064,Communication,Advanced,3,resume,0.6,Communication — Advanced — Resume Only,3
C0558,SK055,Linux,Basic,1,verified_credential|resume,0.97,Linux — Basic — Certificate Verified,1
C0558,SK048,Docker,Basic,1,verified_credential|resume,0.97,Docker — Basic — Certificate Verified,1
C0558,SK049,Kubernetes,Basic,1,project|resume,0.78,Kubernetes — Basic — Project Evidence,1
C0558,SK053,CI/CD,Intermediate,2,self_declared,0.4,CI/CD — Intermediate — Self-Declared,1
C0558,SK065,Teamwork,Basic,1,resume,0.6,Teamwork — Basic — Resume Only,1
C0558,SK046,Excel,Intermediate,2,verified_credential|resume,0.97,Excel — Intermediate — Certificate Verified,2
C0559,SK027,SQL,Basic,1,resume,0.6,SQL — Basic — Resume Only,1
C0559,SK044,Power BI,Intermediate,2,resume,0.6,Power BI — Intermediate — Resume Only,1
C0559,SK045,Tableau,Basic,1,verified_credential|project|resume,0.99,Tableau — Basic — Certificate Verified,1
C0559,SK039,Pandas,Intermediate,2,verified_credential|assessment|resume,0.99,Pandas — Intermediate — Certificate Verified,2
C0559,SK043,Data Visualization,Basic,1,project|resume,0.78,Data Visualization — Basic — Project Evidence,1
C0559,SK042,Data Analysis,Basic,1,project|resume,0.78,Data Analysis — Basic — Project Evidence,1
C0559,SK066,Problem Solving,Intermediate,2,resume,0.6,Problem Solving — Intermediate — Resume Only,2
C0559,SK064,Communication,Basic,1,resume,0.6,Communication — Basic — Resume Only,1
C0559,SK002,Python,Basic,1,resume,0.6,Python — Basic — Resume Only,1
C0560,SK002,Python,Intermediate,2,project|resume,0.78,Python — Intermediate — Project Evidence,2
C0560,SK012,Django,Basic,1,project|resume,0.78,Django — Basic — Project Evidence,1
C0560,SK013,FastAPI,Advanced,3,resume,0.6,FastAPI — Advanced — Resume Only,2
C0560,SK029,PostgreSQL,Advanced,3,resume,0.6,PostgreSQL — Advanced — Resume Only,2
C0560,SK017,REST API,Basic,1,verified_credential|resume,0.97,REST API — Basic — Certificate Verified,1
C0560,SK032,Redis,Basic,1,self_declared,0.4,Redis — Basic — Self-Declared,1
C0560,SK047,Git,Basic,1,resume,0.6,Git — Basic — Resume Only,1
C0561,SK055,Linux,Advanced,3,self_declared,0.4,Linux — Advanced — Self-Declared,3
C0561,SK048,Docker,Advanced,3,project|employment_record|resume,0.82,Docker — Advanced — Project Evidence,3
C0561,SK049,Kubernetes,Intermediate,2,project|employment_record|resume,0.82,Kubernetes — Intermediate — Project Evidence,2
C0561,SK053,CI/CD,Advanced,3,employment_record|resume,0.8,CI/CD — Advanced — Employment Record,3
C0561,SK054,Jenkins,Advanced,3,verified_credential|employment_record|resume,0.99,Jenkins — Advanced — Certificate Verified,3
C0561,SK047,Git,Advanced,3,employment_record|resume,0.8,Git — Advanced — Employment Record,3
C0561,SK002,Python,Advanced,3,resume,0.6,Python — Advanced — Resume Only,3
C0561,SK051,Azure,Intermediate,2,resume,0.6,Azure — Intermediate — Resume Only,2
C0562,SK022,React,Basic,1,verified_credential|assessment|project|employment_record|resume,0.99,React — Basic — Certificate Verified,1
C0562,SK020,HTML,Intermediate,2,verified_credential|project|resume,0.99,HTML — Intermediate — Certificate Verified,2
C0562,SK004,TypeScript,Advanced,3,assessment|employment_record|resume,0.92,TypeScript — Advanced — Assessment Verified,2
C0562,SK066,Problem Solving,Intermediate,2,resume,0.6,Problem Solving — Intermediate — Resume Only,2
C0562,SK027,SQL,Intermediate,2,project|employment_record|resume,0.82,SQL — Intermediate — Project Evidence,2
C0563,SK003,JavaScript,Intermediate,2,project|resume,0.78,JavaScript — Intermediate — Project Evidence,2
C0563,SK022,React,Advanced,3,project|employment_record|resume,0.82,React — Advanced — Project Evidence,3
C0563,SK015,Node.js,Intermediate,2,project|resume,0.78,Node.js — Intermediate — Project Evidence,2
C0563,SK016,Express.js,Intermediate,2,project|employment_record|resume,0.82,Express.js — Intermediate — Project Evidence,2
C0563,SK027,SQL,Advanced,3,employment_record|resume,0.8,SQL — Advanced — Employment Record,3
C0563,SK047,Git,Intermediate,2,project|resume,0.78,Git — Intermediate — Project Evidence,2
C0563,SK048,Docker,Advanced,3,resume,0.6,Docker — Advanced — Resume Only,2
C0564,SK027,SQL,Intermediate,2,project|resume,0.78,SQL — Intermediate — Project Evidence,2
C0564,SK046,Excel,Basic,1,project|resume,0.78,Excel — Basic — Project Evidence,1
C0564,SK002,Python,Intermediate,2,project|resume,0.78,Python — Intermediate — Project Evidence,2
C0564,SK041,Statistics,Basic,1,assessment|project|resume,0.92,Statistics — Basic — Assessment Verified,1
C0564,SK039,Pandas,Basic,1,assessment,0.88,Pandas — Basic — Assessment Verified,1
C0564,SK043,Data Visualization,Basic,1,project|resume,0.78,Data Visualization — Basic — Project Evidence,1
C0564,SK065,Teamwork,Basic,1,resume,0.6,Teamwork — Basic — Resume Only,1
C0565,SK056,Unit Testing,Intermediate,2,employment_record,0.78,Unit Testing — Intermediate — Employment Record,2
C0565,SK058,Selenium,Intermediate,2,employment_record|resume,0.8,Selenium — Intermediate — Employment Record,2
C0565,SK001,Java,Basic,1,project|resume,0.78,Java — Basic — Project Evidence,1
C0565,SK027,SQL,Basic,1,verified_credential|project|employment_record|resume,0.99,SQL — Basic — Certificate Verified,1
C0565,SK057,JUnit,Advanced,3,verified_credential|employment_record|resume,0.99,JUnit — Advanced — Certificate Verified,3
C0565,SK002,Python,Basic,1,resume,0.6,Python — Basic — Resume Only,1
C0565,SK067,Project Management,Advanced,3,resume,0.6,Project Management — Advanced — Resume Only,2
C0565,SK066,Problem Solving,Advanced,3,self_declared,0.4,Problem Solving — Advanced — Self-Declared,2
C0566,SK027,SQL,Advanced,3,project|employment_record|resume,0.82,SQL — Advanced — Project Evidence,3
C0566,SK046,Excel,Intermediate,2,resume,0.6,Excel — Intermediate — Resume Only,2
C0566,SK002,Python,Advanced,3,assessment|project|resume,0.92,Python — Advanced — Assessment Verified,3
C0566,SK044,Power BI,Advanced,3,employment_record,0.78,Power BI — Advanced — Employment Record,3
C0566,SK045,Tableau,Intermediate,2,resume,0.6,Tableau — Intermediate — Resume Only,2
C0566,SK041,Statistics,Advanced,3,project|employment_record|resume,0.82,Statistics — Advanced — Project Evidence,3
C0566,SK043,Data Visualization,Intermediate,2,project|resume,0.78,Data Visualization — Intermediate — Project Evidence,2
C0566,SK042,Data Analysis,Advanced,3,assessment|project|resume,0.92,Data Analysis — Advanced — Assessment Verified,3
C0566,SK064,Communication,Advanced,3,resume,0.6,Communication — Advanced — Resume Only,3
C0567,SK049,Kubernetes,Advanced,3,project|employment_record|resume,0.82,Kubernetes — Advanced — Project Evidence,3
C0567,SK050,AWS,Advanced,3,assessment|project|resume,0.92,AWS — Advanced — Assessment Verified,3
C0567,SK051,Azure,Intermediate,2,project|resume,0.78,Azure — Intermediate — Project Evidence,2
C0567,SK066,Problem Solving,Advanced,3,resume,0.6,Problem Solving — Advanced — Resume Only,3
C0567,SK047,Git,Advanced,3,employment_record|resume,0.8,Git — Advanced — Employment Record,3
C0568,SK061,Cybersecurity,Intermediate,2,assessment|project|employment_record|resume,0.94,Cybersecurity — Intermediate — Assessment Verified,2
C0568,SK062,Network Security,Basic,1,assessment|resume,0.9,Network Security — Basic — Assessment Verified,2
C0568,SK002,Python,Intermediate,2,assessment|employment_record|resume,0.92,Python — Intermediate — Assessment Verified,2
C0569,SK027,SQL,Basic,1,verified_credential|assessment|resume,0.99,SQL — Basic — Certificate Verified,1
C0569,SK046,Excel,Basic,1,verified_credential|project|resume,0.99,Excel — Basic — Certificate Verified,1
C0569,SK039,Pandas,Basic,1,assessment|project,0.9,Pandas — Basic — Assessment Verified,1
C0569,SK064,Communication,Intermediate,2,resume,0.6,Communication — Intermediate — Resume Only,2
C0570,SK002,Python,Intermediate,2,assessment|project|employment_record|resume,0.94,Python — Intermediate — Assessment Verified,2
C0570,SK033,Machine Learning,Intermediate,2,verified_credential|project|resume,0.99,Machine Learning — Intermediate — Certificate Verified,2
C0570,SK036,Scikit-learn,Intermediate,2,project|resume,0.78,Scikit-learn — Intermediate — Project Evidence,2
C0570,SK039,Pandas,Advanced,3,employment_record|resume,0.8,Pandas — Advanced — Employment Record,3
C0570,SK040,NumPy,Advanced,3,assessment|project|employment_record|resume,0.94,NumPy — Advanced — Assessment Verified,2
C0570,SK041,Statistics,Intermediate,2,project|employment_record|resume,0.82,Statistics — Intermediate — Project Evidence,2
C0570,SK034,Deep Learning,Intermediate,2,project|resume,0.78,Deep Learning — Intermediate — Project Evidence,2
C0570,SK027,SQL,Advanced,3,verified_credential|project|employment_record|resume,0.99,SQL — Advanced — Certificate Verified,3
C0570,SK064,Communication,Intermediate,2,resume,0.6,Communication — Intermediate — Resume Only,2
C0571,SK027,SQL,Intermediate,2,resume,0.6,SQL — Intermediate — Resume Only,1
C0571,SK046,Excel,Basic,1,assessment|resume,0.9,Excel — Basic — Assessment Verified,1
C0571,SK044,Power BI,Intermediate,2,resume,0.6,Power BI — Intermediate — Resume Only,2
C0571,SK041,Statistics,Intermediate,2,self_declared,0.4,Statistics — Intermediate — Self-Declared,2
C0571,SK039,Pandas,Basic,1,employment_record|resume,0.8,Pandas — Basic — Employment Record,1
C0571,SK065,Teamwork,Basic,1,resume,0.6,Teamwork — Basic — Resume Only,1
C0571,SK067,Project Management,Basic,1,resume,0.6,Project Management — Basic — Resume Only,1
C0572,SK002,Python,Basic,1,project|resume,0.78,Python — Basic — Project Evidence,1
C0572,SK012,Django,Intermediate,2,resume,0.6,Django — Intermediate — Resume Only,2
C0572,SK029,PostgreSQL,Basic,1,project|resume,0.78,PostgreSQL — Basic — Project Evidence,1
C0572,SK017,REST API,Basic,1,project|resume,0.78,REST API — Basic — Project Evidence,1
C0572,SK048,Docker,Basic,1,verified_credential|project,0.97,Docker — Basic — Certificate Verified,1
C0572,SK047,Git,Basic,1,project|resume,0.78,Git — Basic — Project Evidence,1
C0572,SK027,SQL,Basic,1,project|resume,0.78,SQL — Basic — Project Evidence,1
C0572,SK064,Communication,Basic,1,resume,0.6,Communication — Basic — Resume Only,1
C0573,SK002,Python,Advanced,3,resume,0.6,Python — Advanced — Resume Only,2
C0573,SK033,Machine Learning,Basic,1,project,0.76,Machine Learning — Basic — Project Evidence,1
C0573,SK036,Scikit-learn,Intermediate,2,assessment|project|resume,0.92,Scikit-learn — Intermediate — Assessment Verified,2
C0573,SK040,NumPy,Basic,1,employment_record,0.78,NumPy — Basic — Employment Record,1
C0573,SK041,Statistics,Intermediate,2,assessment|resume,0.9,Statistics — Intermediate — Assessment Verified,2
C0573,SK035,NLP,Intermediate,2,employment_record|resume,0.8,NLP — Intermediate — Employment Record,2
C0573,SK027,SQL,Intermediate,2,project|employment_record|resume,0.82,SQL — Intermediate — Project Evidence,2
C0573,SK066,Problem Solving,Basic,1,resume,0.6,Problem Solving — Basic — Resume Only,1
C0573,SK055,Linux,Intermediate,2,assessment|project|employment_record|resume,0.94,Linux — Intermediate — Assessment Verified,1
C0574,SK061,Cybersecurity,Intermediate,2,resume,0.6,Cybersecurity — Intermediate — Resume Only,2
C0574,SK062,Network Security,Intermediate,2,verified_credential|project|resume,0.99,Network Security — Intermediate — Certificate Verified,2
C0574,SK002,Python,Intermediate,2,verified_credential|resume,0.97,Python — Intermediate — Certificate Verified,2
C0575,SK022,React,Intermediate,2,verified_credential|assessment|project|resume,0.99,React — Intermediate — Certificate Verified,2
C0575,SK026,Tailwind CSS,Advanced,3,project|employment_record|resume,0.82,Tailwind CSS — Advanced — Project Evidence,3
C0575,SK023,Next.js,Advanced,3,verified_credential|project|employment_record|resume,0.99,Next.js — Advanced — Certificate Verified,3
C0575,SK064,Communication,Advanced,3,resume,0.6,Communication — Advanced — Resume Only,3
C0576,SK003,JavaScript,Intermediate,2,verified_credential|project|employment_record|resume,0.99,JavaScript — Intermediate — Certificate Verified,2
C0576,SK022,React,Intermediate,2,verified_credential|assessment|project|resume,0.99,React — Intermediate — Certificate Verified,2
C0576,SK020,HTML,Intermediate,2,verified_credential|assessment|project|employment_record|resume,0.99,HTML — Intermediate — Certificate Verified,2
C0576,SK021,CSS,Basic,1,verified_credential|resume,0.97,CSS — Basic — Certificate Verified,1
C0576,SK026,Tailwind CSS,Basic,1,employment_record|resume,0.8,Tailwind CSS — Basic — Employment Record,1
C0576,SK047,Git,Intermediate,2,verified_credential|assessment|project|resume,0.99,Git — Intermediate — Certificate Verified,2
C0576,SK025,Vue.js,Advanced,3,resume,0.6,Vue.js — Advanced — Resume Only,3
C0576,SK055,Linux,Advanced,3,assessment|resume,0.9,Linux — Advanced — Assessment Verified,3
C0577,SK002,Python,Advanced,3,verified_credential|project|resume,0.99,Python — Advanced — Certificate Verified,3
C0577,SK033,Machine Learning,Basic,1,assessment|employment_record|resume,0.92,Machine Learning — Basic — Assessment Verified,1
C0577,SK039,Pandas,Basic,1,verified_credential|assessment|employment_record|resume,0.99,Pandas — Basic — Certificate Verified,2
C0577,SK037,TensorFlow,Intermediate,2,assessment|project|resume,0.92,TensorFlow — Intermediate — Assessment Verified,2
C0577,SK066,Problem Solving,Intermediate,2,resume,0.6,Problem Solving — Intermediate — Resume Only,2
C0578,SK001,Java,Basic,1,assessment|resume,0.9,Java — Basic — Assessment Verified,1
C0578,SK010,Spring Boot,Basic,1,assessment|project|resume,0.92,Spring Boot — Basic — Assessment Verified,1
C0578,SK017,REST API,Basic,1,self_declared,0.4,REST API — Basic — Self-Declared,1
C0578,SK011,Hibernate,Basic,1,assessment|project|resume,0.92,Hibernate — Basic — Assessment Verified,1
C0578,SK019,Microservices,Intermediate,2,assessment|resume,0.9,Microservices — Intermediate — Assessment Verified,2
C0578,SK048,Docker,Basic,1,project|resume,0.78,Docker — Basic — Project Evidence,1
C0579,SK001,Java,Intermediate,2,project|employment_record|resume,0.82,Java — Intermediate — Project Evidence,2
C0579,SK010,Spring Boot,Advanced,3,self_declared,0.4,Spring Boot — Advanced — Self-Declared,3
C0579,SK027,SQL,Intermediate,2,assessment|project|resume,0.92,SQL — Intermediate — Assessment Verified,2
C0579,SK028,MySQL,Basic,1,employment_record|resume,0.8,MySQL — Basic — Employment Record,1
C0579,SK011,Hibernate,Basic,1,project|resume,0.78,Hibernate — Basic — Project Evidence,1
C0579,SK057,JUnit,Intermediate,2,employment_record|resume,0.8,JUnit — Intermediate — Employment Record,2
C0579,SK047,Git,Intermediate,2,resume,0.6,Git — Intermediate — Resume Only,2
C0580,SK027,SQL,Intermediate,2,resume,0.6,SQL — Intermediate — Resume Only,2
C0580,SK046,Excel,Advanced,3,verified_credential|resume,0.97,Excel — Advanced — Certificate Verified,3
C0580,SK044,Power BI,Intermediate,2,self_declared,0.4,Power BI — Intermediate — Self-Declared,2
C0580,SK045,Tableau,Intermediate,2,project,0.76,Tableau — Intermediate — Project Evidence,2
C0580,SK041,Statistics,Intermediate,2,project|resume,0.78,Statistics — Intermediate — Project Evidence,2
C0580,SK039,Pandas,Advanced,3,employment_record,0.78,Pandas — Advanced — Employment Record,3
C0580,SK043,Data Visualization,Intermediate,2,assessment|project|employment_record|resume,0.94,Data Visualization — Intermediate — Assessment Verified,2
C0580,SK042,Data Analysis,Intermediate,2,verified_credential|project|employment_record|resume,0.99,Data Analysis — Intermediate — Certificate Verified,2
C0580,SK064,Communication,Intermediate,2,self_declared,0.4,Communication — Intermediate — Self-Declared,2
C0581,SK061,Cybersecurity,Basic,1,verified_credential|project|resume,0.99,Cybersecurity — Basic — Certificate Verified,1
C0581,SK062,Network Security,Basic,1,assessment|resume,0.9,Network Security — Basic — Assessment Verified,1
C0581,SK063,Networking,Basic,1,project|employment_record|resume,0.82,Networking — Basic — Project Evidence,1
C0581,SK055,Linux,Basic,1,verified_credential|project|employment_record|resume,0.99,Linux — Basic — Certificate Verified,1
C0581,SK002,Python,Basic,1,employment_record|resume,0.8,Python — Basic — Employment Record,1
C0582,SK046,Excel,Basic,1,project|employment_record|resume,0.82,Excel — Basic — Project Evidence,1
C0582,SK002,Python,Intermediate,2,resume,0.6,Python — Intermediate — Resume Only,2
C0582,SK044,Power BI,Intermediate,2,assessment|project|employment_record|resume,0.94,Power BI — Intermediate — Assessment Verified,2
C0582,SK045,Tableau,Advanced,3,project|resume,0.78,Tableau — Advanced — Project Evidence,3
C0582,SK041,Statistics,Intermediate,2,assessment|employment_record|resume,0.92,Statistics — Intermediate — Assessment Verified,2
C0582,SK042,Data Analysis,Advanced,3,verified_credential|project,0.97,Data Analysis — Advanced — Certificate Verified,3
C0582,SK066,Problem Solving,Intermediate,2,self_declared,0.4,Problem Solving — Intermediate — Self-Declared,1
C0582,SK067,Project Management,Intermediate,2,resume,0.6,Project Management — Intermediate — Resume Only,2
C0583,SK002,Python,Basic,1,verified_credential|resume,0.97,Python — Basic — Certificate Verified,1
C0583,SK012,Django,Basic,1,resume,0.6,Django — Basic — Resume Only,1
C0583,SK013,FastAPI,Basic,1,resume,0.6,FastAPI — Basic — Resume Only,1
C0583,SK029,PostgreSQL,Basic,1,project|resume,0.78,PostgreSQL — Basic — Project Evidence,1
C0583,SK032,Redis,Basic,1,resume,0.6,Redis — Basic — Resume Only,1
C0583,SK048,Docker,Basic,1,resume,0.6,Docker — Basic — Resume Only,1
C0583,SK047,Git,Basic,1,resume,0.6,Git — Basic — Resume Only,1
C0583,SK067,Project Management,Basic,1,self_declared,0.4,Project Management — Basic — Self-Declared,1
C0583,SK064,Communication,Intermediate,2,resume,0.6,Communication — Intermediate — Resume Only,1
C0584,SK001,Java,Basic,1,verified_credential|employment_record|resume,0.99,Java — Basic — Certificate Verified,1
C0584,SK010,Spring Boot,Basic,1,verified_credential|resume,0.97,Spring Boot — Basic — Certificate Verified,1
C0584,SK028,MySQL,Intermediate,2,project|employment_record|resume,0.82,MySQL — Intermediate — Project Evidence,2
C0584,SK047,Git,Basic,1,verified_credential|project|employment_record|resume,0.99,Git — Basic — Certificate Verified,1
C0584,SK065,Teamwork,Intermediate,2,resume,0.6,Teamwork — Intermediate — Resume Only,1
C0584,SK048,Docker,Basic,1,employment_record|resume,0.8,Docker — Basic — Employment Record,1
C0585,SK056,Unit Testing,Intermediate,2,employment_record|resume,0.8,Unit Testing — Intermediate — Employment Record,2
C0585,SK058,Selenium,Advanced,3,verified_credential|project|resume,0.99,Selenium — Advanced — Certificate Verified,3
C0585,SK057,JUnit,Advanced,3,project|resume,0.78,JUnit — Advanced — Project Evidence,3
C0585,SK053,CI/CD,Intermediate,2,project|employment_record|resume,0.82,CI/CD — Intermediate — Project Evidence,2
C0585,SK064,Communication,Intermediate,2,resume,0.6,Communication — Intermediate — Resume Only,2
C0586,SK001,Java,Intermediate,2,assessment|resume,0.9,Java — Intermediate — Assessment Verified,2
C0586,SK010,Spring Boot,Advanced,3,assessment|project|resume,0.92,Spring Boot — Advanced — Assessment Verified,3
C0586,SK017,REST API,Basic,1,assessment|project|employment_record|resume,0.94,REST API — Basic — Assessment Verified,1
C0586,SK047,Git,Intermediate,2,project|resume,0.78,Git — Intermediate — Project Evidence,2
C0586,SK048,Docker,Basic,1,assessment|employment_record|resume,0.92,Docker — Basic — Assessment Verified,2
C0586,SK065,Teamwork,Advanced,3,resume,0.6,Teamwork — Advanced — Resume Only,3
C0586,SK064,Communication,Advanced,3,resume,0.6,Communication — Advanced — Resume Only,3
C0587,SK027,SQL,Intermediate,2,resume,0.6,SQL — Intermediate — Resume Only,2
C0587,SK046,Excel,Intermediate,2,verified_credential|project|resume,0.99,Excel — Intermediate — Certificate Verified,2
C0587,SK002,Python,Intermediate,2,employment_record|resume,0.8,Python — Intermediate — Employment Record,2
C0587,SK044,Power BI,Advanced,3,verified_credential|assessment|project|resume,0.99,Power BI — Advanced — Certificate Verified,3
C0587,SK045,Tableau,Advanced,3,employment_record,0.78,Tableau — Advanced — Employment Record,3
C0587,SK041,Statistics,Intermediate,2,project|employment_record|resume,0.82,Statistics — Intermediate — Project Evidence,2
C0587,SK039,Pandas,Intermediate,2,assessment|project|employment_record|resume,0.94,Pandas — Intermediate — Assessment Verified,2
C0587,SK042,Data Analysis,Advanced,3,assessment|project|resume,0.92,Data Analysis — Advanced — Assessment Verified,3
C0587,SK066,Problem Solving,Intermediate,2,resume,0.6,Problem Solving — Intermediate — Resume Only,2
C0587,SK048,Docker,Intermediate,2,assessment,0.88,Docker — Intermediate — Assessment Verified,2
C0588,SK027,SQL,Intermediate,2,resume,0.6,SQL — Intermediate — Resume Only,2
C0588,SK046,Excel,Basic,1,resume,0.6,Excel — Basic — Resume Only,1
C0588,SK002,Python,Basic,1,resume,0.6,Python — Basic — Resume Only,1
C0588,SK044,Power BI,Intermediate,2,verified_credential|project|resume,0.99,Power BI — Intermediate — Certificate Verified,2
C0588,SK045,Tableau,Basic,1,verified_credential|resume,0.97,Tableau — Basic — Certificate Verified,1
C0588,SK041,Statistics,Basic,1,project|resume,0.78,Statistics — Basic — Project Evidence,1
C0588,SK042,Data Analysis,Basic,1,resume,0.6,Data Analysis — Basic — Resume Only,1
C0589,SK048,Docker,Intermediate,2,assessment|project|employment_record|resume,0.94,Docker — Intermediate — Assessment Verified,2
C0589,SK050,AWS,Advanced,3,verified_credential|project|employment_record,0.99,AWS — Advanced — Certificate Verified,3
C0589,SK047,Git,Intermediate,2,verified_credential|assessment|resume,0.99,Git — Intermediate — Certificate Verified,2
C0589,SK002,Python,Intermediate,2,assessment|project,0.9,Python — Intermediate — Assessment Verified,2
C0589,SK051,Azure,Advanced,3,project|resume,0.78,Azure — Advanced — Project Evidence,3
C0590,SK001,Java,Advanced,3,verified_credential|assessment|project|resume,0.99,Java — Advanced — Certificate Verified,3
C0590,SK027,SQL,Advanced,3,verified_credential|assessment|employment_record|resume,0.99,SQL — Advanced — Certificate Verified,3
C0590,SK011,Hibernate,Advanced,3,verified_credential|project|resume,0.99,Hibernate — Advanced — Certificate Verified,3
C0590,SK048,Docker,Advanced,3,project|resume,0.78,Docker — Advanced — Project Evidence,3
C0591,SK002,Python,Basic,1,verified_credential|resume,0.97,Python — Basic — Certificate Verified,1
C0591,SK012,Django,Basic,1,project|resume,0.78,Django — Basic — Project Evidence,1
C0591,SK013,FastAPI,Basic,1,resume,0.6,FastAPI — Basic — Resume Only,1
C0591,SK014,Flask,Basic,1,assessment|resume,0.9,Flask — Basic — Assessment Verified,1
C0591,SK029,PostgreSQL,Basic,1,project|resume,0.78,PostgreSQL — Basic — Project Evidence,1
C0591,SK017,REST API,Basic,1,project|resume,0.78,REST API — Basic — Project Evidence,1
C0591,SK047,Git,Basic,1,assessment|resume,0.9,Git — Basic — Assessment Verified,1
C0591,SK027,SQL,Basic,1,resume,0.6,SQL — Basic — Resume Only,1
C0591,SK067,Project Management,Intermediate,2,resume,0.6,Project Management — Intermediate — Resume Only,1
C0591,SK064,Communication,Basic,1,resume,0.6,Communication — Basic — Resume Only,1
C0592,SK002,Python,Intermediate,2,resume,0.6,Python — Intermediate — Resume Only,1
C0592,SK012,Django,Basic,1,resume,0.6,Django — Basic — Resume Only,1
C0592,SK014,Flask,Basic,1,verified_credential|resume,0.97,Flask — Basic — Certificate Verified,1
C0592,SK029,PostgreSQL,Basic,1,verified_credential|resume,0.97,PostgreSQL — Basic — Certificate Verified,1
C0592,SK017,REST API,Basic,1,project|employment_record|resume,0.82,REST API — Basic — Project Evidence,1
C0592,SK032,Redis,Intermediate,2,resume,0.6,Redis — Intermediate — Resume Only,2
C0592,SK047,Git,Basic,1,project|resume,0.78,Git — Basic — Project Evidence,1
C0593,SK003,JavaScript,Basic,1,project|resume,0.78,JavaScript — Basic — Project Evidence,1
C0593,SK020,HTML,Basic,1,assessment|resume,0.9,HTML — Basic — Assessment Verified,1
C0593,SK047,Git,Intermediate,2,assessment,0.88,Git — Intermediate — Assessment Verified,1
C0593,SK025,Vue.js,Basic,1,assessment|project|resume,0.92,Vue.js — Basic — Assessment Verified,1
C0593,SK067,Project Management,Basic,1,resume,0.6,Project Management — Basic — Resume Only,1
C0593,SK065,Teamwork,Basic,1,resume,0.6,Teamwork — Basic — Resume Only,1
C0594,SK003,JavaScript,Basic,1,verified_credential|project|employment_record|resume,0.99,JavaScript — Basic — Certificate Verified,1
C0594,SK020,HTML,Intermediate,2,project|resume,0.78,HTML — Intermediate — Project Evidence,2
C0594,SK021,CSS,Basic,1,verified_credential|resume,0.97,CSS — Basic — Certificate Verified,1
C0594,SK026,Tailwind CSS,Basic,1,verified_credential|project|resume,0.99,Tailwind CSS — Basic — Certificate Verified,1
C0594,SK023,Next.js,Basic,1,employment_record|resume,0.8,Next.js — Basic — Employment Record,1
C0594,SK024,Angular,Intermediate,2,self_declared,0.4,Angular — Intermediate — Self-Declared,2
C0594,SK065,Teamwork,Basic,1,self_declared,0.4,Teamwork — Basic — Self-Declared,1
C0594,SK064,Communication,Intermediate,2,resume,0.6,Communication — Intermediate — Resume Only,2
C0595,SK009,Kotlin,Basic,1,self_declared,0.4,Kotlin — Basic — Self-Declared,1
C0595,SK059,Android Development,Intermediate,2,resume,0.6,Android Development — Intermediate — Resume Only,1
C0595,SK017,REST API,Basic,1,resume,0.6,REST API — Basic — Resume Only,1
C0595,SK047,Git,Basic,1,verified_credential|project|resume,0.99,Git — Basic — Certificate Verified,1
C0595,SK060,Flutter,Basic,1,verified_credential|resume,0.97,Flutter — Basic — Certificate Verified,1
C0596,SK056,Unit Testing,Advanced,3,resume,0.6,Unit Testing — Advanced — Resume Only,3
C0596,SK058,Selenium,Basic,1,verified_credential|resume,0.97,Selenium — Basic — Certificate Verified,1
C0596,SK001,Java,Basic,1,verified_credential|assessment|project,0.99,Java — Basic — Certificate Verified,2
C0596,SK027,SQL,Intermediate,2,resume,0.6,SQL — Intermediate — Resume Only,2
C0596,SK002,Python,Basic,1,assessment|resume,0.9,Python — Basic — Assessment Verified,1
C0596,SK053,CI/CD,Advanced,3,resume,0.6,CI/CD — Advanced — Resume Only,3
C0596,SK065,Teamwork,Advanced,3,self_declared,0.4,Teamwork — Advanced — Self-Declared,3
C0597,SK001,Java,Intermediate,2,resume,0.6,Java — Intermediate — Resume Only,1
C0597,SK010,Spring Boot,Basic,1,project|resume,0.78,Spring Boot — Basic — Project Evidence,1
C0597,SK027,SQL,Basic,1,assessment|resume,0.9,SQL — Basic — Assessment Verified,1
C0597,SK028,MySQL,Basic,1,self_declared,0.4,MySQL — Basic — Self-Declared,1
C0597,SK019,Microservices,Basic,1,project|resume,0.78,Microservices — Basic — Project Evidence,1
C0598,SK056,Unit Testing,Intermediate,2,employment_record|resume,0.8,Unit Testing — Intermediate — Employment Record,2
C0598,SK001,Java,Basic,1,verified_credential|project|employment_record|resume,0.99,Java — Basic — Certificate Verified,1
C0598,SK057,JUnit,Intermediate,2,assessment|resume,0.9,JUnit — Intermediate — Assessment Verified,2
C0598,SK002,Python,Basic,1,resume,0.6,Python — Basic — Resume Only,1
C0599,SK009,Kotlin,Intermediate,2,project|resume,0.78,Kotlin — Intermediate — Project Evidence,2
C0599,SK001,Java,Basic,1,resume,0.6,Java — Basic — Resume Only,1
C0599,SK059,Android Development,Intermediate,2,assessment|project|resume,0.92,Android Development — Intermediate — Assessment Verified,1
C0599,SK047,Git,Intermediate,2,resume,0.6,Git — Intermediate — Resume Only,2
C0599,SK060,Flutter,Basic,1,resume,0.6,Flutter — Basic — Resume Only,1
C0599,SK065,Teamwork,Basic,1,resume,0.6,Teamwork — Basic — Resume Only,1
C0599,SK046,Excel,Basic,1,assessment|resume,0.9,Excel — Basic — Assessment Verified,1
C0600,SK003,JavaScript,Intermediate,2,verified_credential|project|employment_record|resume,0.99,JavaScript — Intermediate — Certificate Verified,2
C0600,SK015,Node.js,Intermediate,2,project|resume,0.78,Node.js — Intermediate — Project Evidence,2
C0600,SK031,MongoDB,Intermediate,2,verified_credential|project|employment_record|resume,0.99,MongoDB — Intermediate — Certificate Verified,2
C0600,SK027,SQL,Intermediate,2,project|employment_record|resume,0.82,SQL — Intermediate — Project Evidence,2
C0600,SK017,REST API,Intermediate,2,project|resume,0.78,REST API — Intermediate — Project Evidence,2
C0600,SK047,Git,Intermediate,2,resume,0.6,Git — Intermediate — Resume Only,2
C0600,SK067,Project Management,Intermediate,2,self_declared,0.4,Project Management — Intermediate — Self-Declared,2
C0600,SK064,Communication,Intermediate,2,resume,0.6,Communication — Intermediate — Resume Only,2
