credential_id,candidate_id,issuer_id,credential_type,title,skills_covered,issue_date,expiry_date,has_qr,has_digital_signature,name_on_credential,name_match_score,id_checksum_valid,duplicate_id_flag,issuer_template_similarity,fraud_indicators,verification_method,status
ARA-20221450511,C0001,IS007,Degree/Certificate,B.Tech,,2022-06-08,,True,True,Aditya Menon,0.97,True,False,0.89,,QR / digital signature,Verified
BRI-20244034573,C0001,IS017,Skill Certificate,Professional Certificate: Azure & Jenkins,Azure|Jenkins,2024-10-03,2027-10-03,True,False,Aditya Menon,0.96,True,False,1.0,,Issuer API,Verified
NOR-20242400628,C0002,IS001,Degree/Certificate,B.Sc (CS),,2024-11-02,,True,True,Sneha Kapoor,0.93,True,False,0.88,,QR / digital signature,Verified
DAT-20222246439,C0002,IS014,Skill Certificate,Certificate in Tableau,Tableau,2022-11-16,,True,False,Sneha Kapoor,0.97,True,False,0.97,,Issuer API,Verified
ARA-20263317370,C0003,IS007,Degree/Certificate,B.Tech,,2026-05-13,,True,True,Tanvi Shaikh,1.0,True,False,0.9,,QR / digital signature,Verified
NEX-20229741465,C0003,IS022,Skill Certificate,Certificate in Python,Python,2022-08-11,2025-08-11,True,True,Tanvi Shaikh,0.98,True,False,0.89,,Issuer API,Verified
LEA-20202860902,C0003,IS017,Skill Certificate,Certificate in FastAPI,FastAPI,2019-09-07,2022-09-07,False,False,Tanvi Shaikh,0.95,False,True,0.99,duplicate_id|bad_checksum,Cross-check failed,Suspicious
CLO-20268567953,C0003,IS013,Skill Certificate,Certificate in Flask,Flask,2026-01-22,,True,False,Tanvi Shaikh,0.97,True,False,0.99,,Issuer API,Verified
OPE-20262954421,C0003,IS019,Skill Certificate,Certificate in Python,Python,2026-03-09,,False,False,Tanvi Shaikh,0.97,True,False,0.68,,None available,Unverified
LOT-20254572397,C0004,IS008,Degree/Certificate,B.Tech,,2025-01-23,,True,True,Harpreet Shaikh,0.93,True,False,0.99,,Issuer API,Verified
STA-20210733729,C0004,IS023,Skill Certificate,Professional Certificate: SQL & JUnit,SQL|JUnit,2021-06-14,,False,False,Harpreet Shaikh,1.0,True,False,0.99,,Manual issuer confirmation,Pending Verification
STA-20264282318,C0004,IS023,Skill Certificate,Certificate in SQL,SQL,2026-05-22,2028-05-22,False,False,Harpreet Shaikh,0.95,True,False,0.66,,None available,Unverified
KAV-20262849134,C0005,IS002,Degree/Certificate,B.Sc (CS),,2026-05-08,,True,True,Tanvi Khan,0.95,True,False,0.99,,Issuer API,Verified
STA-20247407347,C0005,IS023,Skill Certificate,Professional Certificate: REST API & SQL,REST API|SQL,2024-12-05,,True,True,Tanvi Khan,0.94,True,False,0.93,,Issuer API,Verified
EDU-20246124513,C0005,IS021,Skill Certificate,Professional Certificate: Java & SQL,Java|SQL,2024-07-25,,True,True,Tanvi Khan,1.0,True,False,0.88,,Issuer API,Verified
PIX-20224089308,C0005,IS018,Skill Certificate,Certificate in REST API,REST API,2022-05-25,2025-05-25,True,True,Tanvi Khan,0.99,True,False,0.99,,Issuer API,Verified
BRI-20212861932,C0005,IS017,Skill Certificate,Professional Certificate: REST API & Java,REST API|Java,2021-08-08,,True,False,Tanvi Khan,0.96,True,False,0.88,,Issuer API,Verified
MER-20226353249,C0006,IS004,Degree/Certificate,B.E.,,2022-06-06,,True,False,Aditya Rao,0.97,True,False,0.97,,Issuer API,Verified
LEA-20199740087,C0006,IS020,Skill Certificate,Certificate in Android Development,Android Development,2019-10-01,2022-10-01,True,False,Aditya Fernandes,0.62,False,False,0.96,bad_checksum|name_mismatch,Cross-check failed,Suspicious
ARA-20253604555,C0007,IS007,Degree/Certificate,B.Tech,,2025-09-17,,True,False,Sneha Iyer,0.96,True,False,0.97,,QR / digital signature,Verified
LEA-20227563218,C0007,IS020,Skill Certificate,Professional Certificate: HTML & Next.js,HTML|Next.js,2022-04-04,2025-04-04,True,True,Sneha Iyer,0.94,True,False,0.89,,Issuer API,Verified
NOR-20222515163,C0008,IS001,Degree/Certificate,B.E.,,2022-02-06,,True,True,Yash Das,0.94,True,False,0.89,,QR / digital signature,Verified
SKI-20252427206,C0008,IS016,Skill Certificate,Professional Certificate: Excel & FastAPI,Excel|FastAPI,2025-05-02,,True,True,Yash Das,0.95,True,False,0.91,,Issuer API,Verified
OPE-20215710151,C0008,IS019,Skill Certificate,Professional Certificate: Redis & Excel,Redis|Excel,2021-07-04,,True,True,Yash Das,0.95,True,False,0.9,,Issuer API,Verified
OPE-20224914653,C0008,IS019,Skill Certificate,Certificate in FastAPI,FastAPI,2022-08-04,,False,False,Yash Das,0.98,True,False,0.96,,Manual issuer confirmation,Pending Verification
ARA-20230541185,C0009,IS007,Degree/Certificate,Diploma in Engineering,,2023-08-25,,True,False,Ramesh Das,0.94,True,False,0.95,,Manual issuer confirmation,Verified
LEA-20196384489,C0009,IS020,Skill Certificate,Certificate in Next.js,Next.js,2019-01-21,,True,True,Ramesh Das,0.99,True,False,0.97,,Issuer API,Verified
SAH-20255672964,C0010,IS003,Degree/Certificate,B.Sc (CS),,2025-08-28,,True,False,Ritika Menon,0.93,True,False,0.89,,Issuer API,Verified
MER-20249643600,C0010,IS021,Skill Certificate,Certificate in Spring Boot,Spring Boot,2019-07-04,,False,False,Ritika Verma,0.5,True,True,0.47,duplicate_id|name_mismatch|template_mismatch,Cross-check failed,Suspicious
LEA-20200828042,C0010,IS020,Skill Certificate,Professional Certificate: REST API & Git,REST API|Git,2020-03-06,,True,True,Ritika Menon,0.97,True,False,0.93,,Issuer API,Verified
INF-20212663148,C0010,IS024,Skill Certificate,Professional Certificate: Git & REST API,Git|REST API,2021-08-21,,True,True,Ritika Menon,0.96,True,False,0.96,,Issuer API,Verified
MER-20235261698,C0011,IS004,Degree/Certificate,B.Sc (CS),,2023-06-17,,True,False,Divya Fernandes,0.99,True,False,0.98,,Manual issuer confirmation,Pending Verification
NEX-20230789578,C0011,IS022,Skill Certificate,Certificate in JavaScript,JavaScript,2023-02-15,2026-02-15,False,False,Divya Fernandes,0.94,True,False,1.0,,Manual issuer confirmation,Pending Verification
CLO-20184497939,C0011,IS014,Skill Certificate,Professional Certificate: TypeScript & JavaScript,TypeScript|JavaScript,2012-11-08,2015-11-08,False,False,Divya Fernandes,0.96,True,True,0.73,duplicate_id|template_mismatch|date_before_issuer_founded,Cross-check failed,Suspicious
MER-20238212730,C0012,IS004,Degree/Certificate,B.Sc (CS),,2023-01-24,,False,False,Ritika Kulkarni,0.8,True,False,0.96,name_mismatch,Cross-check failed,Suspicious
LEA-20253377582,C0012,IS020,Skill Certificate,Professional Certificate: FastAPI & PostgreSQL,FastAPI|PostgreSQL,2025-02-03,2028-02-03,True,True,Ritika Menon,0.97,True,False,0.89,,Issuer API,Verified
BHA-20248884320,C0013,IS009,Degree/Certificate,ITI (NCVT) Certificate,CNC Machining|Welding|Electrical Wiring,2024-08-08,,True,False,Tanvi Pillai,0.94,True,False,0.98,,QR / digital signature,Verified
LEA-20248581827,C0013,IS020,Skill Certificate,Certificate in Electrical Wiring,Electrical Wiring,2024-09-25,2027-09-25,True,True,Tanvi Pillai,0.97,True,False,0.96,,Issuer API,Verified
ARA-20240196517,C0014,IS007,Degree/Certificate,BCA,,2024-01-14,,False,False,Kavya Rao,0.96,True,False,0.73,,None available,Unverified
COD-20220218695,C0014,IS015,Skill Certificate,Certificate in Statistics,Statistics,2022-02-13,,False,True,Kavya Rao,1.0,True,False,0.9,,Issuer API,Verified
COA-20266343944,C0015,IS006,Degree/Certificate,Diploma in Engineering,,2026-07-03,,False,False,Neha Naidu,0.96,True,False,0.9,,Manual issuer confirmation,Pending Verification
NEX-20191809415,C0015,IS022,Skill Certificate,Certificate in SQL,SQL,2019-09-21,,False,True,Neha Naidu,0.93,True,False,0.96,,Issuer API,Verified
EDU-20234062352,C0015,IS021,Skill Certificate,Certificate in SQL,SQL,2023-06-10,2026-06-10,True,True,Neha Naidu,0.96,True,False,0.92,,Issuer API,Verified
PIX-20205850660,C0015,IS018,Skill Certificate,Professional Certificate: PyTorch & NumPy,PyTorch|NumPy,2020-06-04,2023-06-04,True,True,Neha Naidu,0.98,True,False,0.91,,Issuer API,Verified
KAV-20266340353,C0016,IS002,Degree/Certificate,B.Tech,,1993-05-03,,False,False,Jasleen Banerjee,0.67,True,False,0.91,date_before_issuer_founded|name_mismatch,Cross-check failed,Suspicious
EDU-20264587237,C0016,IS021,Skill Certificate,Professional Certificate: PyTorch & Deep Learning,PyTorch|Deep Learning,2026-03-27,2028-03-27,True,True,Jasleen Joshi,0.94,True,False,0.99,,Issuer API,Verified
VIN-20245694086,C0017,IS005,Degree/Certificate,B.Tech,,2024-07-27,,True,False,Farhan Reddy,0.96,True,False,0.88,,QR / digital signature,Verified
EDU-20182864882,C0017,IS021,Skill Certificate,Certificate in Vue.js,Vue.js,2018-11-11,2021-11-11,False,False,Farhan Reddy,0.94,True,False,0.84,,None available,Unverified
COD-20205216912,C0017,IS015,Skill Certificate,Professional Certificate: React & TypeScript,React|TypeScript,2020-08-23,,True,True,Farhan Reddy,0.96,True,False,0.98,,Issuer API,Verified
BRI-20241892221,C0017,IS017,Skill Certificate,Certificate in React,React,2024-10-27,,True,False,Farhan Reddy,0.97,True,False,0.92,,Issuer API,Verified
UDY-20237150543,C0018,IS011,Degree/Certificate,ITI (NCVT) Certificate,CNC Machining|PLC Programming,2023-02-26,,False,False,Vivaan Bose,1.0,True,False,1.0,,Manual issuer confirmation,Pending Verification
EDU-20227440318,C0018,IS021,Skill Certificate,Professional Certificate: CNC Machining & PLC Programming,CNC Machining|PLC Programming,2022-03-23,,True,True,Vivaan Bose,0.99,True,False,0.96,,Issuer API,Verified
DAT-20218287660,C0018,IS014,Skill Certificate,Professional Certificate: CNC Machining & PLC Programming,CNC Machining|PLC Programming,2021-03-08,2024-03-08,True,False,Vivaan Bose,0.96,True,False,0.92,,Issuer API,Verified
CLO-20194175004,C0018,IS013,Skill Certificate,Certificate in PLC Programming,PLC Programming,2019-02-10,2022-02-10,True,False,Vivaan Bose,1.0,True,False,0.97,,Issuer API,Verified
COA-20265720795,C0019,IS006,Degree/Certificate,Diploma in Engineering,,2026-08-21,,True,False,Tanvi Singh,0.95,True,False,0.99,,Issuer API,Verified
CLO-20227220637,C0019,IS013,Skill Certificate,Professional Certificate: Django & Docker,Django|Docker,2022-08-03,2025-08-03,True,True,Tanvi Singh,0.93,True,False,0.93,,Issuer API,Verified
CLO-20233621471,C0019,IS013,Skill Certificate,Professional Certificate: FastAPI & Flask,FastAPI|Flask,2023-12-28,,True,False,Tanvi Singh,1.0,True,False,0.9,,Issuer API,Verified
LOT-20248654012,C0020,IS008,Degree/Certificate,MCA,,2024-09-09,,True,True,Harpreet Joshi,1.0,True,False,0.96,,Issuer API,Verified
KAV-20266411816,C0021,IS002,Degree/Certificate,B.Sc (CS),,2026-09-25,,True,True,Divya Bose,0.99,True,False,0.98,,Issuer API,Verified
PIX-20215881325,C0021,IS018,Skill Certificate,Certificate in Java,Java,2021-09-07,,True,True,Divya Bose,0.95,True,False,0.96,,Issuer API,Verified
BRI-20263714964,C0021,IS017,Skill Certificate,Professional Certificate: Python & Java,Python|Java,2026-06-18,,True,False,Divya Bose,0.98,True,False,0.98,,Issuer API,Verified
LOT-20269575906,C0022,IS008,Degree/Certificate,B.Tech,,2026-09-14,,True,True,Divya Verma,0.99,True,False,0.93,,Issuer API,Verified
EDU-20185194477,C0022,IS021,Skill Certificate,Certificate in Git,Git,2014-06-10,2017-06-10,False,False,Divya Thakur,0.48,True,False,0.97,name_mismatch|date_before_issuer_founded,Cross-check failed,Suspicious
LEA-20202860902,C0022,IS020,Skill Certificate,Professional Certificate: Git & React,Git|React,2020-09-15,,True,True,Divya Verma,0.94,True,False,0.89,,Issuer API,Verified
EDU-20203534878,C0022,IS021,Skill Certificate,Professional Certificate: Git & Vue.js,Git|Vue.js,2020-01-24,,True,True,Divya Verma,0.99,True,False,0.95,,Issuer API,Verified
EDU-20243438569,C0022,IS021,Skill Certificate,Certificate in Vue.js,Vue.js,2024-07-17,,False,False,Divya Verma,0.94,True,False,0.64,,None available,Unverified
SAH-20241218864,C0023,IS003,Degree/Certificate,M.Sc (Data Science),,2024-09-15,,True,False,Ayesha Yadav,0.98,True,False,0.97,,Issuer API,Verified
COD-20185381793,C0023,IS015,Skill Certificate,Certificate in Python,Python,2018-08-05,2021-08-05,True,True,Ayesha Yadav,0.96,True,False,0.95,,Issuer API,Verified
EDU-20188561136,C0023,IS021,Skill Certificate,Certificate in Python,Python,2018-07-09,,True,True,Ayesha Yadav,0.93,True,False,0.91,,Issuer API,Verified
LOT-20243947478,C0024,IS008,Degree/Certificate,B.Sc (CS),,2024-03-10,,True,True,Yash Menon,0.94,True,False,0.94,,Issuer API,Verified
EDU-20205897042,C0024,IS021,Skill Certificate,Certificate in TensorFlow,TensorFlow,2020-08-02,,True,True,Yash Menon,0.96,True,False,0.93,,Issuer API,Verified
INF-20239670241,C0024,IS024,Skill Certificate,Professional Certificate: Python & Pandas,Python|Pandas,2023-11-03,2026-11-03,True,True,Yash Menon,0.96,True,False,0.92,,Issuer API,Verified
PIX-20236322093,C0024,IS018,Skill Certificate,Professional Certificate: NLP & Statistics,NLP|Statistics,2023-11-20,,True,True,Yash Menon,0.93,True,False,0.89,,Issuer API,Verified
COA-20246913097,C0025,IS006,Degree/Certificate,BCA,,2024-10-16,,True,True,Arjun Rao,0.96,True,False,0.88,,Issuer API,Verified
LEA-20220179756,C0025,IS020,Skill Certificate,Professional Certificate: REST API & Flask,REST API|Flask,2022-09-10,2025-09-10,True,True,Arjun Rao,0.97,True,False,0.96,,Issuer API,Verified
COA-20257756799,C0026,IS006,Degree/Certificate,B.Sc (CS),,2025-07-25,,True,False,Anjali Verma,0.94,True,False,1.0,,Issuer API,Verified
LEA-20258714060,C0026,IS023,Skill Certificate,Professional Certificate: SQL & Data Analysis,SQL|Data Analysis,2018-02-14,2021-02-14,False,False,Anjali Mishra,0.64,True,True,0.55,template_mismatch|duplicate_id|name_mismatch,Cross-check failed,Suspicious
OPE-20246486656,C0026,IS019,Skill Certificate,Professional Certificate: SQL & Data Analysis,SQL|Data Analysis,2024-02-25,,True,False,Anjali Verma,0.95,True,False,0.91,,Issuer API,Verified
PIX-20213320615,C0026,IS018,Skill Certificate,Professional Certificate: SQL & Excel,SQL|Excel,2021-12-13,,False,False,Anjali Verma,0.96,True,False,0.89,,Manual issuer confirmation,Pending Verification
EDU-20191964947,C0026,IS021,Skill Certificate,Certificate in Data Analysis,Data Analysis,2019-03-03,,True,False,Anjali Verma,0.96,True,False,0.95,,Manual issuer confirmation,Pending Verification
COA-20245148588,C0027,IS006,Degree/Certificate,B.Tech,,2024-12-21,,True,False,Shreya Kulkarni,1.0,True,False,0.97,,Issuer API,Verified
INF-20232095057,C0027,IS024,Skill Certificate,Certificate in Docker,Docker,2023-02-19,2026-02-19,False,False,Shreya Kulkarni,0.97,True,False,0.95,,Manual issuer confirmation,Pending Verification
SAH-20263344002,C0028,IS003,Degree/Certificate,B.Tech,,2026-05-31,,True,True,Harpreet Mishra,0.93,True,False,0.89,,Issuer API,Verified
SKI-20191723376,C0028,IS016,Skill Certificate,Certificate in CI/CD,CI/CD,2019-11-26,,True,False,Harpreet Mishra,1.0,True,False,0.97,,Issuer API,Verified
KAV-20247179565,C0029,IS002,Degree/Certificate,B.Tech,,2024-08-14,,True,True,Priya Pillai,0.96,True,False,0.97,,Issuer API,Verified
STA-20180342832,C0029,IS023,Skill Certificate,Certificate in Data Visualization,Data Visualization,2018-04-10,,True,True,Priya Pillai,0.95,True,False,0.94,,Issuer API,Verified
COA-20257862241,C0030,IS006,Degree/Certificate,B.Tech,,2025-07-17,,True,False,Yash Singh,0.95,True,False,0.99,,Manual issuer confirmation,Pending Verification
OPE-20196656787,C0030,IS019,Skill Certificate,Professional Certificate: Flask & Django,Flask|Django,2019-12-15,,True,False,Yash Singh,0.98,True,False,0.92,,Issuer API,Verified
SKI-20213385485,C0030,IS016,Skill Certificate,Professional Certificate: Docker & Flask,Docker|Flask,2021-08-09,,True,False,Yash Singh,0.99,True,False,0.92,,Issuer API,Verified
LEA-20186565964,C0030,IS020,Skill Certificate,Certificate in Docker,Docker,2018-01-04,2021-01-04,True,True,Yash Singh,0.98,True,False,0.94,,Issuer API,Verified
SAH-20237562119,C0031,IS003,Degree/Certificate,M.Sc (Data Science),,2023-10-20,,True,False,Kavya Fernandes,0.97,True,False,0.97,,Issuer API,Verified
EDU-20226364089,C0031,IS021,Skill Certificate,Professional Certificate: TypeScript & Node.js,TypeScript|Node.js,2022-04-17,,True,True,Kavya Fernandes,0.97,True,False,0.97,,Issuer API,Verified
OPE-20211182207,C0031,IS019,Skill Certificate,Certificate in MongoDB,MongoDB,2021-08-13,,False,False,Kavya Fernandes,0.95,True,False,0.6,,None available,Unverified
KAV-20152757223,C0032,IS002,Degree/Certificate,B.Tech,,2015-09-03,,True,True,Shreya Thakur,0.98,True,False,0.95,,Issuer API,Verified
CLO-20239011040,C0032,IS013,Skill Certificate,Professional Certificate: Java & Docker,Java|Docker,2023-01-16,,True,True,Shreya Thakur,0.97,True,False,0.92,,Issuer API,Verified
PIX-20210026934,C0032,IS018,Skill Certificate,Professional Certificate: Unit Testing & Docker,Unit Testing|Docker,2021-12-17,,True,False,Shreya Thakur,0.93,True,False,0.98,,Manual issuer confirmation,Pending Verification
LOT-20245450075,C0033,IS008,Degree/Certificate,B.Sc (CS),,2024-04-28,,True,True,Nikhil Rao,0.96,True,False,0.99,,Issuer API,Verified
STA-20196681694,C0033,IS023,Skill Certificate,Certificate in Angular,Angular,2019-09-05,2022-09-05,True,False,Nikhil Rao,0.99,True,False,0.89,,Manual issuer confirmation,Pending Verification
LEA-20224120400,C0033,IS020,Skill Certificate,Professional Certificate: JavaScript & HTML,JavaScript|HTML,2022-06-26,,True,True,Nikhil Rao,0.98,True,False,0.97,,Issuer API,Verified
EDU-20218075578,C0033,IS021,Skill Certificate,Certificate in Angular,Angular,2021-03-25,,True,True,Nikhil Rao,0.97,True,False,0.9,,Issuer API,Verified
EDU-20262177221,C0033,IS021,Skill Certificate,Certificate in HTML,HTML,2026-06-25,,True,True,Nikhil Rao,0.96,True,False,0.94,,Issuer API,Verified
SAH-20269276257,C0034,IS003,Degree/Certificate,BCA,,2026-04-21,,False,False,Joseph Patel,0.99,True,False,0.91,,Issuer API,Verified
OPE-20245029853,C0034,IS019,Skill Certificate,Certificate in HTML,HTML,2024-12-12,,False,False,Joseph Patel,0.97,True,False,0.94,,Issuer API,Verified
CLO-20230307264,C0034,IS013,Skill Certificate,Professional Certificate: JavaScript & Vue.js,JavaScript|Vue.js,2023-10-08,,True,False,Joseph Patel,0.99,True,False,0.97,,Issuer API,Verified
VIN-20226703187,C0035,IS005,Degree/Certificate,B.Tech,,2022-07-26,,True,False,Vivaan Reddy,1.0,True,False,0.96,,QR / digital signature,Verified
ARA-20243783568,C0036,IS007,Degree/Certificate,B.E.,,2024-03-02,,False,False,Karthik Menon,0.93,True,False,0.75,,None available,Unverified
PIX-20213059866,C0036,IS018,Skill Certificate,Professional Certificate: TypeScript & HTML,TypeScript|HTML,2021-03-21,2024-03-21,True,True,Karthik Menon,1.0,True,False,0.94,,Issuer API,Verified
OPE-20225705571,C0036,IS019,Skill Certificate,Certificate in Next.js,Next.js,2022-02-21,,True,True,Karthik Menon,0.96,True,False,0.92,,Issuer API,Verified
KAV-20244212336,C0037,IS002,Degree/Certificate,B.E.,,2024-11-23,,True,True,Aarav Kapoor,0.93,True,False,0.99,,Issuer API,Verified
PIX-20259406054,C0037,IS018,Skill Certificate,Professional Certificate: SQL & Java,SQL|Java,2025-08-09,,True,True,Aarav Kapoor,0.96,True,False,0.92,,Issuer API,Verified
EDU-20193150768,C0037,IS021,Skill Certificate,Professional Certificate: Python & CI/CD,Python|CI/CD,2019-04-05,,False,False,Aarav Kapoor,1.0,True,False,0.69,,None available,Unverified
DAT-20219578034,C0037,IS014,Skill Certificate,Certificate in Java,Java,2021-08-07,2024-08-07,True,False,Aarav Kapoor,0.99,True,False,0.97,,Issuer API,Verified
SAH-20240375723,C0038,IS005,Degree/Certificate,B.E.,,2026-07-15,,False,False,Pooja Menon,0.53,False,True,0.99,bad_checksum|name_mismatch|duplicate_id,Cross-check failed,Suspicious
SKI-20224242527,C0038,IS016,Skill Certificate,Certificate in Git,Git,2022-05-14,,True,False,Pooja Gupta,0.96,True,False,0.88,,Issuer API,Verified
VIN-20266443280,C0039,IS005,Degree/Certificate,Diploma in Engineering,,2026-02-05,,True,False,Priya Rao,0.96,True,False,0.93,,QR / digital signature,Verified
EDU-20263912253,C0039,IS021,Skill Certificate,Certificate in Java,Java,2026-04-24,,True,True,Priya Rao,1.0,True,False,0.99,,Issuer API,Verified
SAH-20226853156,C0040,IS003,Degree/Certificate,Diploma in Engineering,,1990-08-23,,True,False,Kavya Bose,0.99,True,False,0.89,date_before_issuer_founded,Cross-check failed,Suspicious
ARA-20268763032,C0041,IS007,Degree/Certificate,M.Sc (Data Science),,2026-08-09,,True,False,Aditya Sharma,0.96,True,False,0.98,,QR / digital signature,Verified
SAH-20240375723,C0042,IS003,Degree/Certificate,B.E.,,2024-07-14,,True,False,Ananya Iyer,0.97,True,False,0.88,,Issuer API,Verified
COD-20222168997,C0042,IS015,Skill Certificate,Certificate in TensorFlow,TensorFlow,2022-09-18,2025-09-18,True,True,Ananya Iyer,0.98,True,False,0.93,,Issuer API,Verified
DAT-20258046943,C0042,IS014,Skill Certificate,Professional Certificate: Python & TensorFlow,Python|TensorFlow,2025-06-18,2028-06-18,True,False,Ananya Iyer,0.97,True,False,0.94,,Manual issuer confirmation,Pending Verification
LEA-20236644413,C0042,IS020,Skill Certificate,Certificate in TensorFlow,TensorFlow,2023-06-27,2026-06-27,True,True,Ananya Iyer,1.0,True,False,0.92,,Issuer API,Verified
LOT-20259659397,C0043,IS008,Degree/Certificate,B.Tech,,2025-11-12,,False,False,Meera Singh,0.98,True,False,1.0,,Manual issuer confirmation,Pending Verification
SKI-20237977309,C0043,IS016,Skill Certificate,Professional Certificate: Network Security & Cybersecurity,Network Security|Cybersecurity,2023-12-04,,True,False,Meera Singh,0.95,True,False,0.94,,Issuer API,Verified
LOT-20262770751,C0044,IS008,Degree/Certificate,Diploma in Engineering,,2026-05-18,,True,True,Divya Fernandes,0.94,True,False,0.95,,Issuer API,Verified
SAH-20208111599,C0045,IS003,Degree/Certificate,Diploma in Engineering,,2020-11-21,,True,True,Deepa Banerjee,0.94,True,False,0.96,,Issuer API,Verified
SAH-20266496098,C0046,IS003,Degree/Certificate,B.E.,,2026-02-10,,True,False,Deepa Reddy,0.93,True,False,0.9,,Issuer API,Verified
SKI-20203821994,C0046,IS016,Skill Certificate,Professional Certificate: SQL & Machine Learning,SQL|Machine Learning,2020-10-19,2023-10-19,True,False,Deepa Reddy,0.99,True,False,1.0,,Issuer API,Verified
SKI-20243769484,C0046,IS016,Skill Certificate,Certificate in Deep Learning,Deep Learning,2024-05-27,,True,False,Deepa Reddy,0.94,True,False,0.97,,Manual issuer confirmation,Pending Verification
PIX-20210859557,C0046,IS018,Skill Certificate,Professional Certificate: Deep Learning & SQL,Deep Learning|SQL,2021-11-20,,True,True,Deepa Reddy,0.99,True,False,0.98,,Issuer API,Verified
VIN-20254924895,C0047,IS005,Degree/Certificate,M.Tech,,2025-06-13,,True,False,Shreya Shaikh,0.99,True,False,0.99,,QR / digital signature,Verified
PIX-20242867800,C0047,IS018,Skill Certificate,Professional Certificate: Tableau & Power BI,Tableau|Power BI,2024-11-27,,True,True,Shreya Shaikh,0.99,True,False,0.91,,Issuer API,Verified
COA-20248677195,C0048,IS006,Degree/Certificate,B.Tech,,2024-10-18,,True,False,Pooja Patel,0.93,True,False,0.99,,Issuer API,Verified
CLO-20184497939,C0048,IS013,Skill Certificate,Certificate in Excel,Excel,2018-12-17,,True,False,Pooja Patel,0.95,True,False,0.98,,Issuer API,Verified
CLO-20192668810,C0048,IS013,Skill Certificate,Certificate in Excel,Excel,2019-07-05,,False,False,Pooja Patel,0.96,True,False,0.91,,Manual issuer confirmation,Pending Verification
MER-20262998998,C0049,IS004,Degree/Certificate,B.Tech,,2026-05-14,,True,False,Joseph Iyer,0.94,True,False,0.97,,Issuer API,Verified
INF-20186868376,C0049,IS024,Skill Certificate,Professional Certificate: SQL & Python,SQL|Python,2018-06-08,2021-06-08,False,True,Joseph Iyer,0.93,True,False,0.9,,Issuer API,Verified
EDU-20242100400,C0049,IS021,Skill Certificate,Certificate in SQL,SQL,2024-07-19,,True,True,Joseph Iyer,0.97,True,False,0.97,,Issuer API,Verified
KAV-20244183099,C0050,IS002,Degree/Certificate,B.Tech,,2024-05-03,,True,True,Meera Rao,0.98,True,False,0.98,,Issuer API,Verified
MER-20227921891,C0050,IS023,Skill Certificate,Certificate in Power BI,Power BI,2025-06-12,,True,False,Meera Rao,0.99,False,True,0.44,bad_checksum|template_mismatch|duplicate_id,Cross-check failed,Suspicious
OPE-20211635733,C0050,IS019,Skill Certificate,Professional Certificate: Tableau & Excel,Tableau|Excel,2021-10-12,,True,False,Meera Rao,0.98,True,False,0.89,,Issuer API,Verified
MER-20237744170,C0051,IS004,Degree/Certificate,B.Tech,,2023-03-26,,True,False,Meera Singh,0.94,True,False,0.98,,Issuer API,Verified
OPE-20263310647,C0051,IS019,Skill Certificate,Certificate in SQL,SQL,2026-09-24,,False,False,Meera Singh,0.38,False,False,0.92,name_mismatch|bad_checksum,Cross-check failed,Suspicious
PIX-20225875697,C0051,IS018,Skill Certificate,Certificate in Tableau,Tableau,2022-06-12,,True,False,Meera Singh,0.97,True,False,0.98,,Manual issuer confirmation,Pending Verification
MER-20259965638,C0052,IS007,Degree/Certificate,B.Tech,,2003-04-26,,True,False,Ananya Sharma,0.97,False,True,0.96,date_before_issuer_founded|duplicate_id|bad_checksum,Cross-check failed,Suspicious
MER-20228298681,C0053,IS004,Degree/Certificate,B.E.,,2022-08-23,,False,False,Isha Patel,0.59,True,False,0.43,template_mismatch|name_mismatch,Cross-check failed,Suspicious
LEA-20187493984,C0053,IS020,Skill Certificate,Professional Certificate: PostgreSQL & Django,PostgreSQL|Django,2018-02-25,,False,False,Isha Nair,0.95,True,False,0.97,,Manual issuer confirmation,Pending Verification
DAT-20192185724,C0053,IS014,Skill Certificate,Certificate in Flask,Flask,2019-09-22,2022-09-22,True,False,Isha Nair,0.96,True,False,0.96,,Issuer API,Verified
PIX-20242656179,C0053,IS018,Skill Certificate,Certificate in Git,Git,2024-09-04,,True,True,Isha Nair,0.96,True,False,0.92,,Issuer API,Verified
OPE-20194552517,C0053,IS019,Skill Certificate,Professional Certificate: PostgreSQL & Docker,PostgreSQL|Docker,2019-04-21,2022-04-21,True,True,Isha Nair,0.95,True,False,0.9,,Issuer API,Verified
LOT-20201009329,C0054,IS008,Degree/Certificate,B.Tech,,2020-06-04,,True,True,Pooja Pillai,0.97,True,False,0.89,,Issuer API,Verified
LEA-20185089479,C0054,IS020,Skill Certificate,Certificate in Tableau,Tableau,2018-04-04,,True,True,Pooja Pillai,0.94,True,False,0.88,,Issuer API,Verified
LEA-20222314443,C0054,IS020,Skill Certificate,Professional Certificate: Excel & Pandas,Excel|Pandas,2022-01-12,,False,True,Pooja Pillai,0.97,True,False,0.89,,Issuer API,Verified
BRI-20196699522,C0054,IS017,Skill Certificate,Certificate in Data Analysis,Data Analysis,2019-08-26,,False,False,Pooja Pillai,0.93,True,False,0.95,,Issuer API,Verified
MER-20263302011,C0055,IS004,Degree/Certificate,M.Tech,,2003-05-12,,False,False,Maria Joshi,0.37,False,False,0.98,date_before_issuer_founded|bad_checksum|name_mismatch,Cross-check failed,Suspicious
LOT-20245747793,C0056,IS008,Degree/Certificate,B.Tech,,2024-12-02,,True,True,Divya Reddy,0.96,True,False,0.89,,Issuer API,Verified
CLO-20205864646,C0056,IS013,Skill Certificate,Professional Certificate: NumPy & Deep Learning,NumPy|Deep Learning,2020-03-16,,False,False,Divya Reddy,0.94,True,False,0.93,,Manual issuer confirmation,Pending Verification
UDY-20229062656,C0057,IS011,Degree/Certificate,Diploma in Engineering,CNC Machining|Welding|Electrical Wiring|PLC Programming,2022-11-12,,True,False,Kavya Gupta,0.94,True,False,0.92,,QR / digital signature,Verified
SKI-20265082055,C0057,IS016,Skill Certificate,Certificate in Electrical Wiring,Electrical Wiring,2010-06-16,,False,False,Kavya Banerjee,0.37,True,False,0.94,date_before_issuer_founded|name_mismatch,Cross-check failed,Suspicious
EDU-20233170123,C0057,IS021,Skill Certificate,Professional Certificate: Welding & Electrical Wiring,Welding|Electrical Wiring,2023-06-21,2026-06-21,True,True,Kavya Gupta,0.95,True,False,1.0,,Issuer API,Verified
LEA-20249952209,C0057,IS020,Skill Certificate,Certificate in PLC Programming,PLC Programming,2024-01-18,2027-01-18,True,True,Kavya Gupta,0.95,True,False,0.9,,Issuer API,Verified
SKI-20246421984,C0057,IS016,Skill Certificate,Certificate in CNC Machining,CNC Machining,2024-09-22,,True,False,Kavya Gupta,0.99,True,False,0.96,,Issuer API,Verified
MER-20229963549,C0058,IS004,Degree/Certificate,B.E.,,2022-01-09,,False,False,Shreya Thakur,0.96,True,False,0.97,,Issuer API,Verified
LEA-20257212769,C0058,IS020,Skill Certificate,Professional Certificate: React & Express.js,React|Express.js,2025-10-16,,True,True,Shreya Thakur,0.95,True,False,0.93,,Issuer API,Verified
BRI-20244132963,C0058,IS017,Skill Certificate,Certificate in React,React,2024-12-11,2027-12-11,True,False,Shreya Thakur,0.97,True,False,0.97,,Issuer API,Verified
LOT-20255218008,C0059,IS008,Degree/Certificate,Diploma in Engineering,,2025-01-15,,False,False,Manish Patel,0.99,True,False,0.95,,Manual issuer confirmation,Pending Verification
COD-20254633397,C0059,IS015,Skill Certificate,Professional Certificate: Jenkins & Python,Jenkins|Python,2025-08-14,,True,True,Manish Patel,0.94,True,False,0.95,,Issuer API,Verified
DAT-20261938185,C0059,IS014,Skill Certificate,Certificate in AWS,AWS,2026-04-02,2028-04-02,True,False,Manish Patel,0.94,True,False,0.96,,Issuer API,Verified
COA-20227235353,C0060,IS006,Degree/Certificate,BCA,,2022-11-07,,True,False,Isha Gupta,0.95,True,False,0.97,,Issuer API,Verified
STA-20183494721,C0060,IS023,Skill Certificate,Professional Certificate: REST API & Docker,REST API|Docker,2018-02-22,,True,True,Isha Gupta,0.95,True,False,0.97,,Issuer API,Verified
COA-20218378386,C0061,IS006,Degree/Certificate,B.E.,,2021-09-01,,True,False,Gurpreet Patel,0.96,True,False,0.94,,Issuer API,Verified
BRI-20263432385,C0061,IS017,Skill Certificate,Professional Certificate: Tableau & Python,Tableau|Python,2026-05-25,,False,False,Gurpreet Patel,0.94,True,False,0.98,,Manual issuer confirmation,Pending Verification
SKI-20259068193,C0061,IS016,Skill Certificate,Professional Certificate: Excel & SQL,Excel|SQL,2025-07-23,,False,False,Gurpreet Patel,0.97,True,False,0.88,,Manual issuer confirmation,Pending Verification
CLO-20255458653,C0061,IS013,Skill Certificate,Certificate in Data Analysis,Data Analysis,2025-01-04,2028-01-04,True,False,Gurpreet Patel,0.98,True,False,0.97,,Issuer API,Verified
MER-20269026058,C0062,IS004,Degree/Certificate,MCA,,2026-06-26,,False,False,Vikram Iyer,0.99,True,False,0.71,,None available,Unverified
MER-20249030832,C0063,IS004,Degree/Certificate,B.Tech,,2024-06-04,,False,False,Kavya Shaikh,0.95,True,False,0.8,,None available,Unverified
DAT-20245715980,C0063,IS014,Skill Certificate,Professional Certificate: Network Security & Python,Network Security|Python,2024-07-14,,False,False,Kavya Shaikh,0.94,True,False,0.9,,Manual issuer confirmation,Pending Verification
EDU-20221408006,C0063,IS021,Skill Certificate,Certificate in Cybersecurity,Cybersecurity,2022-11-05,2025-11-05,True,True,Kavya Shaikh,0.93,True,False,0.96,,Issuer API,Verified
SAH-20213007485,C0064,IS003,Degree/Certificate,BCA,,2021-10-01,,True,False,Aarav Chatterjee,0.96,True,False,0.9,,Manual issuer confirmation,Pending Verification
OPE-20227774443,C0064,IS019,Skill Certificate,Professional Certificate: Kotlin & REST API,Kotlin|REST API,2022-05-01,,True,True,Aarav Chatterjee,0.94,True,False,0.9,,Issuer API,Verified
NEX-20225084738,C0064,IS022,Skill Certificate,Certificate in Flutter,Flutter,2022-12-08,2025-12-08,False,False,Aarav Chatterjee,0.94,True,False,0.94,,Manual issuer confirmation,Pending Verification
MER-20209373925,C0065,IS004,Degree/Certificate,B.Tech,,2020-10-22,,True,False,Imran Pillai,0.99,True,False,0.99,,Issuer API,Verified
EDU-20208009629,C0065,IS021,Skill Certificate,Certificate in Java,Java,2020-07-22,2023-07-22,False,True,Imran Pillai,0.99,True,False,0.95,,Issuer API,Verified
MER-20193133889,C0066,IS004,Degree/Certificate,MCA,,2019-11-07,,True,False,Rohit Pillai,0.98,True,False,0.64,template_mismatch,Cross-check failed,Suspicious
PIX-20255129973,C0066,IS018,Skill Certificate,Professional Certificate: NumPy & Statistics,NumPy|Statistics,2025-10-08,,True,True,Rohit Pillai,0.96,True,False,0.98,,Issuer API,Verified
COD-20253557661,C0066,IS015,Skill Certificate,Certificate in Machine Learning,Machine Learning,2025-01-02,2028-01-02,False,False,Rohit Pillai,0.93,False,False,0.97,bad_checksum,Cross-check failed,Suspicious
LEA-20202443030,C0066,IS020,Skill Certificate,Professional Certificate: Machine Learning & Scikit-learn,Machine Learning|Scikit-learn,2020-12-19,,False,False,Rohit Pillai,0.99,True,False,0.81,,None available,Unverified
OPE-20186803019,C0066,IS019,Skill Certificate,Professional Certificate: Scikit-learn & Machine Learning,Scikit-learn|Machine Learning,2018-04-23,,False,False,Rohit Pillai,0.94,True,False,0.85,,None available,Unverified
ARA-20262508755,C0067,IS007,Degree/Certificate,B.Tech,,2026-08-14,,True,True,Vikram Nair,1.0,True,False,0.95,,QR / digital signature,Verified
LOT-20223760099,C0068,IS008,Degree/Certificate,B.Tech,,2022-04-21,,True,True,Sneha Kulkarni,1.0,True,False,0.9,,Issuer API,Verified
COD-20181165067,C0068,IS015,Skill Certificate,Professional Certificate: Node.js & MongoDB,Node.js|MongoDB,2018-05-05,,True,True,Sneha Kulkarni,0.99,True,False,0.94,,Issuer API,Verified
KAV-20269912422,C0069,IS002,Degree/Certificate,B.E.,,2026-05-15,,False,False,Ananya Kapoor,0.99,True,False,0.72,,None available,Unverified
BRI-20181837814,C0069,IS017,Skill Certificate,Professional Certificate: Git & Java,Git|Java,2018-06-12,,True,False,Ananya Kapoor,0.98,True,False,0.96,,Issuer API,Verified
OPE-20265017366,C0069,IS019,Skill Certificate,Professional Certificate: Docker & Git,Docker|Git,2026-02-21,2028-02-21,True,False,Ananya Kapoor,0.98,True,False,0.97,,Issuer API,Verified
CLO-20235280276,C0069,IS013,Skill Certificate,Certificate in Docker,Docker,2023-06-09,,True,False,Ananya Kapoor,0.98,True,False,0.91,,Manual issuer confirmation,Pending Verification
MER-20209690229,C0070,IS004,Degree/Certificate,B.Tech,,2020-03-20,,True,True,Imran Chatterjee,0.94,True,False,0.94,,Issuer API,Verified
MER-20249167717,C0071,IS004,Degree/Certificate,B.Sc (CS),,2024-05-15,,True,False,Harpreet Gupta,0.97,True,False,0.91,,Issuer API,Verified
LOT-20242032298,C0072,IS008,Degree/Certificate,B.Tech,,2024-02-17,,True,True,Pooja Fernandes,0.98,True,False,0.9,,Issuer API,Verified
SKI-20263315705,C0072,IS016,Skill Certificate,Certificate in Deep Learning,Deep Learning,2026-06-28,,False,False,Pooja Fernandes,0.99,True,False,0.96,,Manual issuer confirmation,Pending Verification
OPE-20205433418,C0072,IS019,Skill Certificate,Professional Certificate: Deep Learning & Pandas,Deep Learning|Pandas,2020-01-05,,True,False,Pooja Fernandes,0.95,True,False,0.97,,Issuer API,Verified
COD-20261975690,C0072,IS015,Skill Certificate,Professional Certificate: Python & Scikit-learn,Python|Scikit-learn,2026-04-27,2028-04-27,True,True,Pooja Fernandes,0.99,True,False,0.95,,Issuer API,Verified
COA-20248752907,C0073,IS006,Degree/Certificate,M.Sc (Data Science),,2024-02-06,,True,True,Aarav Banerjee,0.95,True,False,0.93,,Issuer API,Verified
VIN-20209881810,C0074,IS005,Degree/Certificate,B.Tech,,2020-04-21,,True,True,Neha Rao,0.94,True,False,0.89,,QR / digital signature,Verified
KAV-20233318896,C0075,IS002,Degree/Certificate,B.Sc (CS),,2023-10-01,,True,True,Meera Fernandes,0.96,True,False,0.93,,Issuer API,Verified
BRI-20192159109,C0075,IS017,Skill Certificate,Professional Certificate: JUnit & SQL,JUnit|SQL,2019-12-22,,False,False,Meera Fernandes,0.95,True,False,0.94,,Manual issuer confirmation,Pending Verification
MER-20265089605,C0076,IS004,Degree/Certificate,BCA,,2026-05-15,,True,False,Rohit Fernandes,0.97,True,False,0.93,,Manual issuer confirmation,Pending Verification
DAT-20225774577,C0076,IS014,Skill Certificate,Certificate in SQL,SQL,2022-05-22,,False,False,Rohit Fernandes,0.94,True,False,0.98,,Issuer API,Verified
LOT-20242206066,C0077,IS008,Degree/Certificate,B.Tech,,2024-04-10,,False,False,Mohit Verma,0.99,True,False,0.7,,None available,Unverified
COD-20249085331,C0077,IS015,Skill Certificate,Professional Certificate: Tableau & Python,Tableau|Python,2024-01-09,2027-01-09,False,False,Mohit Verma,0.94,True,False,0.97,,Manual issuer confirmation,Pending Verification
SAH-20247063314,C0078,IS003,Degree/Certificate,B.Tech,,2024-08-27,,True,False,Yash Khan,0.96,True,False,0.91,,Issuer API,Verified
EDU-20225181724,C0078,IS021,Skill Certificate,Certificate in PostgreSQL,PostgreSQL,2022-05-24,2025-05-24,True,False,Yash Khan,0.96,True,False,0.93,,Manual issuer confirmation,Pending Verification
DAT-20214283689,C0078,IS014,Skill Certificate,Certificate in Flask,Flask,2021-07-06,,False,False,Yash Khan,0.99,True,False,0.88,,Manual issuer confirmation,Pending Verification
PIX-20244804199,C0078,IS018,Skill Certificate,Professional Certificate: Git & PostgreSQL,Git|PostgreSQL,2024-11-21,2027-11-21,True,True,Yash Khan,0.94,True,False,0.94,,Issuer API,Verified
PIX-20217428661,C0078,IS018,Skill Certificate,Professional Certificate: Flask & Git,Flask|Git,2021-12-13,,True,True,Yash Khan,0.96,True,False,0.95,,Issuer API,Verified
PRE-20263781088,C0079,IS012,Degree/Certificate,ITI (NCVT) Certificate,CNC Machining|AutoCAD,2026-05-24,,True,False,Farhan Mishra,0.99,True,False,0.91,,Issuer API,Verified
COD-20224569432,C0079,IS015,Skill Certificate,Professional Certificate: CNC Machining & AutoCAD,CNC Machining|AutoCAD,2022-09-11,2025-09-11,False,False,Farhan Mishra,0.99,True,False,0.92,,Manual issuer confirmation,Pending Verification
COA-20248055723,C0080,IS006,Degree/Certificate,B.Tech,,2024-02-08,,True,False,Manish Nair,0.96,True,False,0.89,,Issuer API,Verified
OPE-20196190142,C0080,IS019,Skill Certificate,Certificate in Git,Git,2013-10-22,2016-10-22,True,False,Manish Nair,1.0,True,False,0.6,template_mismatch|date_before_issuer_founded,Cross-check failed,Suspicious
MER-20208523082,C0081,IS004,Degree/Certificate,B.Tech,,2020-12-19,,True,False,Thomas Shaikh,0.95,True,False,0.91,,Issuer API,Verified
NEX-20251910590,C0081,IS022,Skill Certificate,Professional Certificate: Pandas & Tableau,Pandas|Tableau,2025-03-26,2028-03-26,True,True,Thomas Shaikh,0.99,True,False,0.89,,Issuer API,Verified
PIX-20257028181,C0081,IS018,Skill Certificate,Professional Certificate: Statistics & Pandas,Statistics|Pandas,2025-08-25,2028-08-25,True,True,Thomas Shaikh,0.96,True,False,0.98,,Issuer API,Verified
STA-20217833175,C0081,IS023,Skill Certificate,Certificate in Tableau,Tableau,2021-03-03,,True,False,Thomas Shaikh,1.0,True,False,0.91,,Manual issuer confirmation,Pending Verification
BRI-20185002969,C0081,IS017,Skill Certificate,Certificate in Data Visualization,Data Visualization,2018-03-21,2021-03-21,True,False,Thomas Shaikh,0.96,True,False,0.93,,Issuer API,Verified
NOR-20225188232,C0082,IS001,Degree/Certificate,BCA,,2022-08-04,,True,True,Tanvi Das,0.97,True,False,0.96,,QR / digital signature,Verified
EDU-20202015374,C0082,IS021,Skill Certificate,Certificate in Statistics,Statistics,2020-05-24,,True,True,Tanvi Das,0.96,True,False,0.93,,Issuer API,Verified
STA-20257581155,C0082,IS023,Skill Certificate,Certificate in Statistics,Statistics,2025-03-10,2028-03-10,True,True,Tanvi Das,0.98,True,False,1.0,,Issuer API,Verified
NOR-20255295543,C0083,IS001,Degree/Certificate,B.Tech,,2025-06-10,,True,False,Shreya Thakur,0.94,True,False,0.91,,Manual issuer confirmation,Pending Verification
EDU-20217901097,C0083,IS021,Skill Certificate,Professional Certificate: Kotlin & Docker,Kotlin|Docker,2021-03-25,,True,True,Shreya Thakur,0.97,True,False,0.97,,Issuer API,Verified
INF-20257153377,C0083,IS024,Skill Certificate,Professional Certificate: Java & Kotlin,Java|Kotlin,2025-09-26,2028-09-26,False,False,Shreya Thakur,0.96,True,False,0.6,,None available,Unverified
MER-20237744170,C0083,IS017,Skill Certificate,Professional Certificate: Docker & Kotlin,Docker|Kotlin,2019-06-11,,False,False,Shreya Shaikh,0.79,False,True,0.9,bad_checksum|name_mismatch|duplicate_id,Cross-check failed,Suspicious
LOT-20219316690,C0084,IS008,Degree/Certificate,B.Tech,,2021-01-14,,True,True,Ritika Naidu,0.94,True,False,0.91,,Issuer API,Verified
INF-20245441538,C0084,IS024,Skill Certificate,Certificate in Redis,Redis,2024-10-18,2027-10-18,True,True,Ritika Naidu,0.98,True,False,0.98,,Issuer API,Verified
NOR-20264350925,C0085,IS001,Degree/Certificate,BCA,,2026-07-06,,True,True,Nikhil Patel,0.93,True,False,0.94,,QR / digital signature,Verified
INF-20192992129,C0085,IS024,Skill Certificate,Certificate in Docker,Docker,2019-09-06,,True,True,Nikhil Patel,0.94,True,False,0.91,,Issuer API,Verified
KAV-20264145077,C0086,IS002,Degree/Certificate,B.Sc (CS),,2026-05-03,,True,True,Manish Joshi,0.98,True,False,0.98,,Issuer API,Verified
LOT-20202290492,C0086,IS018,Skill Certificate,Professional Certificate: Hibernate & Spring Boot,Hibernate|Spring Boot,2023-04-20,,False,False,Manish Joshi,1.0,True,True,0.46,duplicate_id|template_mismatch,Cross-check failed,Suspicious
DAT-20231402213,C0086,IS014,Skill Certificate,Professional Certificate: SQL & Git,SQL|Git,2023-01-23,2026-01-23,True,False,Manish Joshi,0.98,True,False,0.88,,Issuer API,Verified
CLO-20250850904,C0086,IS013,Skill Certificate,Professional Certificate: SQL & Hibernate,SQL|Hibernate,2025-07-18,2028-07-18,True,True,Manish Joshi,0.99,True,False,0.96,,Issuer API,Verified
LEA-20193946595,C0086,IS020,Skill Certificate,Professional Certificate: Java & Spring Boot,Java|Spring Boot,2019-06-27,2022-06-27,True,True,Manish Joshi,0.99,True,False,0.92,,Issuer API,Verified
KAV-20265582724,C0087,IS002,Degree/Certificate,BCA,,2026-05-14,,True,True,Nikhil Thakur,0.96,True,False,0.88,,Issuer API,Verified
STA-20187230444,C0087,IS023,Skill Certificate,Professional Certificate: Microservices & Java,Microservices|Java,2018-12-08,,True,True,Nikhil Thakur,0.96,True,False,0.89,,Issuer API,Verified
SAH-20248277632,C0088,IS003,Degree/Certificate,B.Tech,,2024-02-19,,True,False,Rahul Thakur,0.99,True,False,0.99,,Issuer API,Verified
EDU-20254662222,C0088,IS021,Skill Certificate,Certificate in Statistics,Statistics,2025-12-20,,True,True,Rahul Thakur,0.94,True,False,0.9,,Issuer API,Verified
OPE-20263263046,C0088,IS019,Skill Certificate,Certificate in Deep Learning,Deep Learning,2026-06-24,2028-06-24,True,False,Rahul Thakur,0.97,True,False,0.94,,Issuer API,Verified
SKI-20186896245,C0088,IS016,Skill Certificate,Certificate in Python,Python,2018-09-19,2021-09-19,True,False,Rahul Thakur,0.98,True,False,0.89,,Issuer API,Verified
LOT-20248256636,C0089,IS008,Degree/Certificate,B.Tech,,2024-07-21,,True,True,Priya Khan,0.99,True,False,0.92,,Issuer API,Verified
VIN-20232862811,C0090,IS005,Degree/Certificate,B.Sc (CS),,2023-08-11,,True,False,Kavya Khan,0.96,True,False,0.9,,QR / digital signature,Verified
COD-20195261381,C0090,IS015,Skill Certificate,Professional Certificate: Angular & Vue.js,Angular|Vue.js,2019-05-27,2022-05-27,True,True,Kavya Khan,0.97,True,False,0.96,,Issuer API,Verified
COD-20195725492,C0090,IS015,Skill Certificate,Certificate in Angular,Angular,2019-06-02,,True,True,Kavya Khan,0.94,True,False,0.9,,Issuer API,Verified
COD-20226333753,C0090,IS015,Skill Certificate,Professional Certificate: Next.js & Angular,Next.js|Angular,2022-04-23,2025-04-23,False,False,Kavya Khan,1.0,True,False,1.0,,Manual issuer confirmation,Pending Verification
EDU-20223634708,C0090,IS021,Skill Certificate,Professional Certificate: Vue.js & Next.js,Vue.js|Next.js,2022-05-27,,True,True,Kavya Khan,0.98,True,False,0.93,,Issuer API,Verified
COA-20250602446,C0091,IS006,Degree/Certificate,Diploma in Engineering,,2025-02-15,,True,False,Harpreet Kulkarni,0.96,True,False,0.88,,Issuer API,Verified
BRI-20194387385,C0091,IS017,Skill Certificate,Professional Certificate: Unit Testing & CI/CD,Unit Testing|CI/CD,2019-03-18,,False,False,Harpreet Kulkarni,0.96,True,False,0.89,,Issuer API,Verified
STA-20244978423,C0091,IS023,Skill Certificate,Certificate in Unit Testing,Unit Testing,2024-12-22,,True,True,Harpreet Kulkarni,0.94,True,False,0.95,,Issuer API,Verified
PIX-20230078048,C0091,IS018,Skill Certificate,Professional Certificate: Unit Testing & CI/CD,Unit Testing|CI/CD,2023-05-07,,False,False,Harpreet Kulkarni,1.0,True,False,0.93,,Manual issuer confirmation,Pending Verification
BRI-20256041185,C0091,IS017,Skill Certificate,Professional Certificate: Python & Unit Testing,Python|Unit Testing,2025-08-15,,True,False,Harpreet Kulkarni,0.93,True,False,0.89,,Issuer API,Verified
LOT-20241609526,C0092,IS008,Degree/Certificate,B.Tech,,2024-11-09,,False,False,Maria Reddy,0.96,True,False,0.9,,Manual issuer confirmation,Pending Verification
LOT-20240139376,C0093,IS008,Degree/Certificate,MCA,,2024-10-23,,True,True,Rahul Kapoor,0.95,True,False,0.95,,Issuer API,Verified
LEA-20240832467,C0093,IS020,Skill Certificate,Professional Certificate: REST API & MySQL,REST API|MySQL,2024-04-20,,True,True,Rahul Kapoor,0.93,True,False,0.92,,Issuer API,Verified
NOR-20265298370,C0094,IS001,Degree/Certificate,B.Tech,,2026-08-14,,True,True,Joseph Bose,0.97,True,False,0.93,,QR / digital signature,Verified
INF-20253999475,C0094,IS024,Skill Certificate,Certificate in NumPy,NumPy,2010-03-09,,False,False,Joseph Bose,0.96,False,False,0.89,date_before_issuer_founded|bad_checksum,Cross-check failed,Suspicious
PIX-20240754349,C0094,IS018,Skill Certificate,Professional Certificate: Python & NumPy,Python|NumPy,2024-10-16,2027-10-16,True,True,Joseph Bose,0.95,True,False,0.97,,Issuer API,Verified
ARA-20263229393,C0095,IS007,Degree/Certificate,B.Tech,,2005-03-09,,False,False,Manish Singh,0.98,True,False,0.97,date_before_issuer_founded,Cross-check failed,Suspicious
SAH-20224353530,C0095,IS013,Skill Certificate,Certificate in JUnit,JUnit,2013-03-06,2016-03-06,False,False,Manish Singh,1.0,True,True,0.47,template_mismatch|date_before_issuer_founded|duplicate_id,Cross-check failed,Suspicious
SKI-20204725525,C0095,IS016,Skill Certificate,Professional Certificate: MySQL & Hibernate,MySQL|Hibernate,2020-09-04,2023-09-04,True,False,Manish Singh,0.97,True,False,0.91,,Issuer API,Verified
COA-20236645631,C0096,IS006,Degree/Certificate,B.Tech,,2023-06-01,,False,False,Harpreet Bose,0.96,False,False,0.65,bad_checksum|template_mismatch,Cross-check failed,Suspicious
BRI-20257334787,C0096,IS017,Skill Certificate,Professional Certificate: Git & CSS,Git|CSS,2025-11-28,,True,True,Harpreet Bose,0.99,True,False,0.97,,Issuer API,Verified
LOT-20237807886,C0097,IS008,Degree/Certificate,B.E.,,2023-10-07,,True,True,Mohit Iyer,1.0,True,False,0.95,,Issuer API,Verified
MER-20267302030,C0098,IS004,Degree/Certificate,Diploma in Engineering,,2026-07-13,,True,True,Divya Kapoor,0.99,True,False,0.96,,Issuer API,Verified
PIX-20268910906,C0098,IS018,Skill Certificate,Professional Certificate: Tailwind CSS & Git,Tailwind CSS|Git,2026-09-10,,True,True,Divya Kapoor,1.0,True,False,0.92,,Issuer API,Verified
ARA-20245991805,C0099,IS007,Degree/Certificate,B.Sc (CS),,2024-07-10,,True,False,Sanjay Nair,0.94,True,False,0.92,,QR / digital signature,Verified
LEA-20244129258,C0099,IS020,Skill Certificate,Professional Certificate: Pandas & Machine Learning,Pandas|Machine Learning,2024-12-01,,True,True,Sanjay Nair,0.97,True,False,0.94,,Issuer API,Verified
OPE-20261301178,C0099,IS019,Skill Certificate,Certificate in Pandas,Pandas,2026-04-10,2028-04-10,True,True,Sanjay Nair,0.98,True,False,0.9,,Issuer API,Verified
ARA-20266447646,C0100,IS005,Degree/Certificate,M.Sc (Data Science),,2024-03-18,,False,False,Kavya Reddy,0.93,True,True,0.97,duplicate_id,Cross-check failed,Suspicious
EDU-20268614763,C0100,IS021,Skill Certificate,Certificate in HTML,HTML,2026-06-08,,True,True,Kavya Reddy,0.94,True,False,1.0,,Issuer API,Verified
LOT-20215219864,C0101,IS008,Degree/Certificate,B.Tech,,1990-12-18,,False,False,Divya Bose,0.63,True,False,0.35,name_mismatch|template_mismatch|date_before_issuer_founded,Cross-check failed,Suspicious
LEA-20266368776,C0101,IS020,Skill Certificate,Certificate in Statistics,Statistics,2026-09-13,2028-09-13,False,True,Divya Das,0.96,True,False,0.9,,Issuer API,Verified
OPE-20208801843,C0101,IS019,Skill Certificate,Professional Certificate: Python & Pandas,Python|Pandas,2020-02-12,2023-02-12,False,False,Divya Das,0.94,True,False,0.65,,None available,Unverified
CLO-20192668810,C0102,IS002,Degree/Certificate,B.Tech,,1990-12-27,,False,False,Maria Patel,0.96,False,True,0.95,bad_checksum|duplicate_id|date_before_issuer_founded,Cross-check failed,Suspicious
OPE-20191630977,C0102,IS019,Skill Certificate,Professional Certificate: Java & REST API,Java|REST API,2019-01-05,2022-01-05,True,True,Maria Patel,0.95,True,False,0.88,,Issuer API,Verified
CLO-20231833201,C0103,IS004,Degree/Certificate,Diploma in Engineering,,2025-06-11,,False,False,Neha Joshi,0.94,True,True,0.96,duplicate_id,Cross-check failed,Suspicious
SKI-20266818341,C0103,IS016,Skill Certificate,Certificate in PyTorch,PyTorch,2026-07-25,2028-07-25,False,False,Neha Joshi,0.95,True,False,0.95,,Manual issuer confirmation,Pending Verification
UDY-20242348074,C0104,IS011,Degree/Certificate,ITI (NCVT) Certificate,CNC Machining|AutoCAD|Welding|Electrical Wiring,2024-02-06,,True,True,Gurpreet Kulkarni,0.93,True,False,0.91,,QR / digital signature,Verified
OPE-20208290260,C0104,IS019,Skill Certificate,Certificate in Electrical Wiring,Electrical Wiring,2020-05-28,2023-05-28,False,False,Gurpreet Kulkarni,0.93,True,False,0.64,,None available,Unverified
COD-20239924010,C0104,IS015,Skill Certificate,Professional Certificate: Welding & CNC Machining,Welding|CNC Machining,2023-06-03,,True,True,Gurpreet Kulkarni,0.98,True,False,0.95,,Issuer API,Verified
SAH-20261045742,C0105,IS003,Degree/Certificate,Diploma in Engineering,,2026-01-20,,False,False,Mohit Gupta,0.96,True,False,0.88,,Manual issuer confirmation,Pending Verification
KAV-20244034334,C0106,IS002,Degree/Certificate,B.Tech,,2024-04-22,,False,True,Aditya Nair,0.98,True,False,0.97,,Issuer API,Verified
COA-20258919131,C0107,IS006,Degree/Certificate,B.E.,,2025-01-07,,False,False,Mohit Fernandes,0.93,True,False,0.95,,Issuer API,Verified
CLO-20238905861,C0107,IS013,Skill Certificate,Professional Certificate: TypeScript & React,TypeScript|React,2023-06-28,2026-06-28,True,True,Mohit Fernandes,0.99,True,False,0.98,,Issuer API,Verified
SAH-20236218804,C0107,IS021,Skill Certificate,Professional Certificate: TypeScript & React,TypeScript|React,2024-04-07,,False,False,Mohit Fernandes,0.95,False,True,0.63,bad_checksum|template_mismatch|duplicate_id,Cross-check failed,Suspicious
SAH-20267260618,C0108,IS003,Degree/Certificate,B.Tech,,2026-02-27,,True,False,Joseph Shaikh,0.96,True,False,0.92,,Issuer API,Verified
COD-20232041895,C0108,IS015,Skill Certificate,Professional Certificate: PyTorch & Python,PyTorch|Python,2023-11-14,2026-11-14,True,True,Joseph Shaikh,0.95,True,False,0.89,,Issuer API,Verified
STA-20215678754,C0108,IS023,Skill Certificate,Certificate in SQL,SQL,2021-05-06,2024-05-06,True,True,Joseph Shaikh,0.94,True,False,0.91,,Issuer API,Verified
NOR-20262189648,C0109,IS001,Degree/Certificate,M.Tech,,2026-07-08,,False,False,Kavya Shaikh,1.0,True,False,0.95,,Manual issuer confirmation,Pending Verification
NEX-20250156674,C0109,IS022,Skill Certificate,Professional Certificate: Data Visualization & SQL,Data Visualization|SQL,2025-02-26,2028-02-26,True,True,Kavya Shaikh,0.94,True,False,0.98,,Issuer API,Verified
LOT-20257772937,C0110,IS008,Degree/Certificate,B.E.,,2025-04-23,,True,True,Thomas Nair,0.96,True,False,0.91,,Issuer API,Verified
SKI-20252238397,C0110,IS016,Skill Certificate,Certificate in Express.js,Express.js,2025-03-21,2028-03-21,True,False,Thomas Nair,0.95,True,False,0.88,,Issuer API,Verified
LOT-20263317776,C0111,IS008,Degree/Certificate,B.E.,,1990-01-07,,False,False,Ananya Fernandes,0.64,True,False,0.74,name_mismatch|template_mismatch|date_before_issuer_founded,Cross-check failed,Suspicious
INF-20263958967,C0111,IS024,Skill Certificate,Professional Certificate: Unit Testing & Selenium,Unit Testing|Selenium,2026-03-20,2028-03-20,True,True,Ananya Kapoor,0.95,True,False,0.91,,Issuer API,Verified
ARA-20258563798,C0112,IS007,Degree/Certificate,M.Sc (Data Science),,2025-06-27,,True,True,Aarav Joshi,0.97,True,False,0.97,,QR / digital signature,Verified
NOR-20250811401,C0113,IS001,Degree/Certificate,B.Tech,,2025-03-03,,True,True,Priya Khan,0.96,True,False,0.92,,QR / digital signature,Verified
OPE-20250771498,C0113,IS019,Skill Certificate,Certificate in Machine Learning,Machine Learning,2025-01-14,2028-01-14,True,False,Priya Khan,0.96,True,False,0.96,,Issuer API,Verified
PIX-20233132677,C0113,IS018,Skill Certificate,Certificate in Machine Learning,Machine Learning,2023-03-06,2026-03-06,True,True,Priya Khan,0.93,True,False,0.9,,Issuer API,Verified
COA-20246153777,C0114,IS006,Degree/Certificate,MCA,,2024-09-09,,True,False,Joseph Thakur,0.96,True,False,0.95,,Issuer API,Verified
SAH-20254124330,C0115,IS003,Degree/Certificate,Diploma in Engineering,,2025-10-02,,True,False,Farhan Fernandes,0.95,True,False,1.0,,Issuer API,Verified
EDU-20230307108,C0115,IS021,Skill Certificate,Professional Certificate: Java & Kotlin,Java|Kotlin,2023-10-04,2026-10-04,False,False,Farhan Fernandes,0.95,True,False,0.92,,None available,Unverified
ARA-20239585290,C0116,IS007,Degree/Certificate,B.Tech,,2023-09-04,,True,False,Meera Shaikh,0.94,True,False,0.99,,QR / digital signature,Verified
EDU-20210719736,C0116,IS021,Skill Certificate,Professional Certificate: Statistics & Pandas,Statistics|Pandas,2021-07-07,2024-07-07,True,True,Meera Shaikh,0.95,True,False,0.9,,Issuer API,Verified
SAH-20268759378,C0117,IS003,Degree/Certificate,BCA,,2026-07-11,,True,False,Thomas Reddy,0.95,True,False,0.94,,Manual issuer confirmation,Pending Verification
OPE-20237705098,C0117,IS019,Skill Certificate,Professional Certificate: Pandas & Excel,Pandas|Excel,2023-08-16,2026-08-16,True,False,Thomas Reddy,0.95,True,False,0.95,,Manual issuer confirmation,Pending Verification
CLO-20236961882,C0117,IS013,Skill Certificate,Certificate in Power BI,Power BI,2023-09-25,2026-09-25,True,True,Thomas Reddy,0.99,True,False,0.99,,Issuer API,Verified
SAH-20236218804,C0118,IS003,Degree/Certificate,B.Sc (CS),,2023-05-27,,True,False,Thomas Shaikh,0.94,True,False,0.94,,Issuer API,Verified
SAH-20243496823,C0119,IS003,Degree/Certificate,BCA,,2024-11-04,,True,False,Shreya Pillai,0.97,True,False,0.98,,Issuer API,Verified
NOR-20243657796,C0120,IS001,Degree/Certificate,B.Tech,,2024-09-07,,True,True,Sanjay Naidu,0.99,True,False,0.94,,QR / digital signature,Verified
STA-20207541457,C0120,IS023,Skill Certificate,Professional Certificate: Python & SQL,Python|SQL,2020-06-21,,True,True,Sanjay Naidu,0.97,True,False,0.94,,Issuer API,Verified
VIN-20240754604,C0121,IS005,Degree/Certificate,B.Sc (CS),,2024-09-28,,True,False,Sneha Singh,0.95,True,False,0.96,,Manual issuer confirmation,Verified
SKI-20218677761,C0121,IS016,Skill Certificate,Certificate in Kotlin,Kotlin,2021-04-19,,True,False,Sneha Singh,0.96,True,False,0.92,,Issuer API,Verified
NOR-20262361866,C0122,IS001,Degree/Certificate,B.Tech,,2026-08-17,,True,True,Arjun Khan,0.98,True,False,0.93,,QR / digital signature,Verified
OPE-20210276331,C0122,IS019,Skill Certificate,Certificate in PyTorch,PyTorch,2021-01-02,2024-01-02,False,False,Arjun Khan,0.98,True,False,0.82,,None available,Unverified
LEA-20183955523,C0122,IS020,Skill Certificate,Certificate in Statistics,Statistics,2018-07-25,,True,True,Arjun Khan,0.98,True,False,0.93,,Issuer API,Verified
SAH-20243197512,C0123,IS003,Degree/Certificate,BCA,,2024-09-08,,False,False,Divya Mishra,0.98,True,False,0.65,,None available,Unverified
INF-20253352460,C0123,IS016,Skill Certificate,Professional Certificate: SQL & FastAPI,SQL|FastAPI,2025-11-25,,True,False,Divya Thakur,0.38,True,True,0.5,template_mismatch|duplicate_id|name_mismatch,Cross-check failed,Suspicious
NOR-20211885387,C0124,IS001,Degree/Certificate,B.Sc (CS),,2021-02-15,,True,True,Priya Mishra,0.95,True,False,0.97,,QR / digital signature,Verified
STA-20211540370,C0124,IS023,Skill Certificate,Certificate in Scikit-learn,Scikit-learn,2021-11-06,2024-11-06,True,True,Priya Mishra,0.99,True,False,0.96,,Issuer API,Verified
NEX-20200659363,C0125,IS004,Degree/Certificate,B.Tech,,2026-02-03,,False,False,Ayesha Thakur,0.71,True,True,0.54,template_mismatch|name_mismatch|duplicate_id,Cross-check failed,Suspicious
STA-20226031860,C0125,IS023,Skill Certificate,Professional Certificate: HTML & Git,HTML|Git,2022-04-27,2025-04-27,True,True,Ayesha Verma,0.95,True,False,0.91,,Issuer API,Verified
COD-20251210231,C0125,IS015,Skill Certificate,Certificate in HTML,HTML,2025-06-24,,False,True,Ayesha Verma,0.98,True,False,0.93,,Issuer API,Verified
KAV-20253076432,C0126,IS002,Degree/Certificate,BCA,,2025-04-23,,True,True,Aarav Patel,0.94,True,False,0.99,,Issuer API,Verified
DAT-20190773356,C0126,IS014,Skill Certificate,Certificate in Docker,Docker,2019-12-02,,True,False,Aarav Patel,0.98,True,False,0.92,,Issuer API,Verified
EDU-20221411448,C0126,IS021,Skill Certificate,Certificate in MySQL,MySQL,2022-08-23,,False,False,Aarav Patel,0.98,True,False,0.86,,None available,Unverified
DAT-20183878402,C0126,IS014,Skill Certificate,Professional Certificate: Git & Docker,Git|Docker,2018-10-19,2021-10-19,True,True,Aarav Patel,0.98,True,False,0.93,,Issuer API,Verified
LOT-20258623477,C0127,IS008,Degree/Certificate,B.Tech,,2025-08-27,,False,True,Pooja Thakur,0.93,True,False,0.9,,Issuer API,Verified
LEA-20258714060,C0127,IS020,Skill Certificate,Certificate in Python,Python,2025-09-05,2028-09-05,True,True,Pooja Thakur,0.96,True,False,0.99,,Issuer API,Verified
LEA-20240910834,C0127,IS020,Skill Certificate,Certificate in SQL,SQL,2024-08-09,,True,True,Pooja Thakur,0.99,True,False,1.0,,Issuer API,Verified
LOT-20266888526,C0128,IS008,Degree/Certificate,B.E.,,2026-08-17,,True,True,Isha Reddy,1.0,True,False,0.99,,Issuer API,Verified
SKI-20256606318,C0128,IS016,Skill Certificate,Certificate in Python,Python,2025-08-26,2028-08-26,False,False,Isha Reddy,0.96,True,False,0.64,,None available,Unverified
OPE-20223412030,C0128,IS019,Skill Certificate,Professional Certificate: Docker & Flask,Docker|Flask,2022-07-15,,False,False,Isha Reddy,0.95,True,False,0.93,,Manual issuer confirmation,Pending Verification
MER-20242260881,C0129,IS004,Degree/Certificate,B.Tech,,2024-06-14,,False,False,Farhan Joshi,0.97,True,False,0.84,,None available,Unverified
INF-20265084549,C0129,IS024,Skill Certificate,Certificate in Power BI,Power BI,2026-07-26,2028-07-26,True,True,Farhan Joshi,0.93,True,False,0.91,,Issuer API,Verified
UDY-20247581547,C0130,IS011,Degree/Certificate,ITI (NCVT) Certificate,CNC Machining|AutoCAD|Welding|Electrical Wiring,2024-08-17,,True,False,Yash Nair,0.99,True,False,0.97,,QR / digital signature,Verified
COD-20233370574,C0130,IS015,Skill Certificate,Professional Certificate: AutoCAD & CNC Machining,AutoCAD|CNC Machining,2023-03-02,,True,True,Yash Nair,0.98,True,False,0.95,,Issuer API,Verified
SAH-20244365258,C0131,IS003,Degree/Certificate,BCA,,2024-01-11,,False,False,Neha Banerjee,0.94,True,False,0.82,,None available,Unverified
INF-20193471156,C0131,IS024,Skill Certificate,Professional Certificate: Git & Java,Git|Java,2019-09-15,,True,True,Neha Banerjee,0.94,True,False,0.95,,Issuer API,Verified
OPE-20210148159,C0131,IS019,Skill Certificate,Certificate in Java,Java,2021-06-21,,True,False,Neha Banerjee,0.99,True,False,0.91,,Issuer API,Verified
COA-20253650939,C0132,IS006,Degree/Certificate,Diploma in Engineering,,2025-07-21,,True,False,Meera Pillai,0.94,True,False,0.98,,Issuer API,Verified
STA-20245869860,C0132,IS023,Skill Certificate,Certificate in Microservices,Microservices,2024-04-20,,True,True,Meera Pillai,0.99,True,False,0.99,,Issuer API,Verified
LEA-20249740224,C0132,IS019,Skill Certificate,Certificate in Git,Git,2018-04-15,2021-04-15,False,False,Meera Verma,0.62,True,True,0.88,duplicate_id|name_mismatch,Cross-check failed,Suspicious
EDU-20220600066,C0132,IS021,Skill Certificate,Professional Certificate: Microservices & REST API,Microservices|REST API,2022-05-21,2025-05-21,True,True,Meera Pillai,1.0,True,False,0.98,,Issuer API,Verified
COA-20261973893,C0133,IS006,Degree/Certificate,B.E.,,2026-04-27,,False,False,Imran Naidu,0.95,True,False,0.9,,Issuer API,Verified
SKI-20196068066,C0133,IS016,Skill Certificate,Certificate in MySQL,MySQL,2019-08-12,2022-08-12,True,False,Imran Naidu,0.96,True,False,0.97,,Issuer API,Verified
COD-20245963374,C0133,IS015,Skill Certificate,Professional Certificate: SQL & Microservices,SQL|Microservices,2024-03-18,2027-03-18,True,True,Imran Naidu,0.94,True,False,0.96,,Issuer API,Verified
KAV-20249886464,C0134,IS002,Degree/Certificate,B.Tech,,2024-10-23,,True,True,Divya Rao,0.97,True,False,0.99,,Issuer API,Verified
SAH-20225040003,C0135,IS003,Degree/Certificate,B.Tech,,2022-11-27,,True,True,Ritika Sharma,0.93,True,False,1.0,,Issuer API,Verified
EDU-20190866549,C0135,IS021,Skill Certificate,Certificate in SQL,SQL,2019-08-26,,True,True,Ritika Sharma,0.95,True,False,0.97,,Issuer API,Verified
SKI-20206025973,C0135,IS016,Skill Certificate,Certificate in SQL,SQL,2020-06-05,,False,False,Ritika Sharma,0.97,True,False,0.96,,Manual issuer confirmation,Pending Verification
PIX-20236649206,C0135,IS018,Skill Certificate,Certificate in Microservices,Microservices,2023-05-24,,False,True,Ritika Sharma,0.94,True,False,0.98,,Issuer API,Verified
BRI-20231170968,C0135,IS017,Skill Certificate,Certificate in JUnit,JUnit,2023-09-12,,False,False,Ritika Sharma,0.98,True,False,1.0,,Manual issuer confirmation,Pending Verification
KAV-20256846109,C0136,IS002,Degree/Certificate,B.Tech,,2025-05-24,,False,False,Anjali Naidu,0.98,False,False,0.89,bad_checksum,Cross-check failed,Suspicious
BRI-20268377643,C0136,IS017,Skill Certificate,Professional Certificate: CI/CD & SQL,CI/CD|SQL,2026-04-23,,True,False,Anjali Naidu,0.93,True,False,0.95,,Issuer API,Verified
VIN-20243968110,C0137,IS005,Degree/Certificate,B.Sc (CS),,2024-09-05,,True,True,Zoya Iyer,0.97,True,False,0.98,,QR / digital signature,Verified
NEX-20269452429,C0137,IS020,Skill Certificate,Professional Certificate: Redis & Django,Redis|Django,2022-03-28,2025-03-28,False,False,Zoya Thakur,0.54,True,True,0.46,template_mismatch|duplicate_id|name_mismatch,Cross-check failed,Suspicious
STA-20235583752,C0137,IS023,Skill Certificate,Professional Certificate: SQL & Redis,SQL|Redis,2023-09-18,,True,True,Zoya Iyer,0.96,True,False,0.98,,Issuer API,Verified
SAH-20207494848,C0138,IS003,Degree/Certificate,B.Tech,,2020-11-18,,True,False,Rohit Sharma,0.93,True,False,0.94,,Manual issuer confirmation,Pending Verification
LOT-20268276142,C0139,IS008,Degree/Certificate,B.Tech,,2026-03-21,,True,True,Anjali Kulkarni,0.94,True,False,0.9,,Issuer API,Verified
STA-20188586752,C0139,IS023,Skill Certificate,Professional Certificate: React & Express.js,React|Express.js,2018-12-28,,True,True,Anjali Kulkarni,0.98,True,False,0.94,,Issuer API,Verified
INF-20249982735,C0139,IS024,Skill Certificate,Certificate in Git,Git,2024-11-04,,True,True,Anjali Kulkarni,0.95,True,False,0.89,,Issuer API,Verified
COD-20195942303,C0139,IS015,Skill Certificate,Professional Certificate: React & Node.js,React|Node.js,2019-01-15,2022-01-15,True,False,Anjali Kulkarni,0.97,True,False,0.91,,Manual issuer confirmation,Pending Verification
PRE-20249702422,C0140,IS012,Degree/Certificate,ITI (NCVT) Certificate,CNC Machining|Electrical Wiring,2024-05-04,,True,False,Priya Chatterjee,0.99,True,False,0.92,,Issuer API,Verified
SAH-20201467279,C0141,IS003,Degree/Certificate,B.E.,,2020-11-26,,True,False,Lakshmi Joshi,1.0,True,False,0.97,,Issuer API,Verified
CLO-20223916170,C0141,IS013,Skill Certificate,Professional Certificate: Python & Machine Learning,Python|Machine Learning,2022-05-27,2025-05-27,True,False,Lakshmi Joshi,0.93,True,False,0.93,,Issuer API,Verified
LOT-20249573310,C0142,IS008,Degree/Certificate,B.Tech,,2024-09-02,,False,False,Ayesha Rao,1.0,True,False,0.92,,Manual issuer confirmation,Pending Verification
PIX-20212021735,C0142,IS018,Skill Certificate,Certificate in Django,Django,2017-09-28,,False,False,Ayesha Pillai,0.7,True,True,0.95,name_mismatch|date_before_issuer_founded|duplicate_id,Cross-check failed,Suspicious
STA-20217171766,C0142,IS023,Skill Certificate,Professional Certificate: Redis & SQL,Redis|SQL,2021-02-25,2024-02-25,True,True,Ayesha Rao,0.96,True,False,0.91,,Issuer API,Verified
LOT-20261276156,C0143,IS008,Degree/Certificate,M.Sc (Data Science),,2026-05-14,,False,True,Kavya Kulkarni,0.94,True,False,0.91,,Issuer API,Verified
SAH-20250298617,C0144,IS003,Degree/Certificate,BCA,,2025-10-11,,False,False,Isha Joshi,0.98,True,False,0.88,,None available,Unverified
PIX-20207995414,C0144,IS018,Skill Certificate,Professional Certificate: Flask & Git,Flask|Git,2020-09-13,2023-09-13,False,False,Isha Joshi,0.97,True,False,0.6,,None available,Unverified
SAH-20217811478,C0145,IS003,Degree/Certificate,BCA,,2021-08-04,,False,False,Aditya Bose,0.95,True,False,0.97,,Issuer API,Verified
EDU-20229143274,C0145,IS021,Skill Certificate,Professional Certificate: AWS & Kubernetes,AWS|Kubernetes,2022-06-26,,False,False,Aditya Bose,0.96,True,False,0.81,,None available,Unverified
OPE-20196734923,C0145,IS019,Skill Certificate,Professional Certificate: CI/CD & Kubernetes,CI/CD|Kubernetes,2019-06-14,2022-06-14,True,False,Aditya Bose,0.93,True,False,0.95,,Issuer API,Verified
SHR-20269359996,C0146,IS010,Degree/Certificate,Diploma in Engineering,CNC Machining|PLC Programming,2026-05-05,,True,False,Lakshmi Sharma,0.96,True,False,0.97,,QR / digital signature,Verified
CLO-20207975309,C0146,IS013,Skill Certificate,Certificate in PLC Programming,PLC Programming,2020-11-09,2023-11-09,True,False,Lakshmi Sharma,0.95,True,False,0.96,,Issuer API,Verified
BRI-20213133372,C0146,IS017,Skill Certificate,Professional Certificate: CNC Machining & PLC Programming,CNC Machining|PLC Programming,2021-11-15,2024-11-15,True,True,Lakshmi Sharma,0.99,True,False,0.94,,Issuer API,Verified
DAT-20234000337,C0146,IS014,Skill Certificate,Certificate in PLC Programming,PLC Programming,2023-05-02,2026-05-02,True,False,Lakshmi Sharma,0.99,True,False,0.91,,Manual issuer confirmation,Pending Verification
INF-20255482364,C0146,IS024,Skill Certificate,Certificate in CNC Machining,CNC Machining,2025-05-08,,False,False,Lakshmi Sharma,0.94,True,False,0.79,,None available,Unverified
INF-20251906663,C0147,IS008,Degree/Certificate,B.E.,,2026-01-24,,False,False,Rahul Nair,0.99,False,True,0.91,duplicate_id|bad_checksum,Cross-check failed,Suspicious
INF-20252759574,C0147,IS024,Skill Certificate,Certificate in REST API,REST API,2025-12-21,2028-12-21,True,True,Rahul Nair,0.98,True,False,0.9,,Issuer API,Verified
OPE-20248550814,C0147,IS019,Skill Certificate,Professional Certificate: JavaScript & REST API,JavaScript|REST API,2024-06-25,,True,False,Rahul Nair,0.94,True,False,0.94,,Issuer API,Verified
BRI-20213206913,C0147,IS017,Skill Certificate,Certificate in SQL,SQL,2021-06-27,,True,False,Rahul Nair,0.94,True,False,0.97,,Manual issuer confirmation,Pending Verification
LOT-20252572696,C0148,IS008,Degree/Certificate,M.Tech,,2025-12-08,,True,True,Isha Thakur,0.99,True,False,0.93,,Issuer API,Verified
LOT-20217482767,C0149,IS008,Degree/Certificate,B.Tech,,2021-12-01,,False,False,Divya Bose,0.97,True,False,0.44,template_mismatch,Cross-check failed,Suspicious
EDU-20225975380,C0149,IS021,Skill Certificate,Certificate in Django,Django,2022-06-08,2025-06-08,True,True,Divya Bose,0.99,True,False,0.94,,Issuer API,Verified
EDU-20230555441,C0149,IS021,Skill Certificate,Certificate in Flask,Flask,2014-09-14,2017-09-14,False,False,Divya Bose,0.98,True,False,0.92,date_before_issuer_founded,Cross-check failed,Suspicious
LEA-20206809525,C0149,IS020,Skill Certificate,Certificate in Django,Django,2020-03-01,,True,True,Divya Bose,1.0,True,False,0.97,,Issuer API,Verified
EDU-20247302449,C0149,IS021,Skill Certificate,Certificate in Flask,Flask,2024-07-13,,True,True,Divya Bose,0.96,True,False,0.98,,Issuer API,Verified
ARA-20269646897,C0150,IS007,Degree/Certificate,Diploma in Engineering,,2026-04-20,,True,False,Priya Banerjee,0.95,True,False,0.93,,QR / digital signature,Verified
STA-20190686434,C0150,IS023,Skill Certificate,Certificate in Excel,Excel,2019-11-18,,False,False,Priya Banerjee,0.95,True,False,0.92,,Manual issuer confirmation,Pending Verification
UDY-20190474310,C0151,IS011,Degree/Certificate,ITI (NCVT) Certificate,CNC Machining|AutoCAD,2019-10-01,,True,False,Lakshmi Kulkarni,0.99,True,False,0.9,,QR / digital signature,Verified
COD-20219597034,C0151,IS015,Skill Certificate,Professional Certificate: CNC Machining & AutoCAD,CNC Machining|AutoCAD,2021-11-27,2024-11-27,False,True,Lakshmi Kulkarni,0.99,True,False,1.0,,Issuer API,Verified
LEA-20241485513,C0151,IS020,Skill Certificate,Certificate in CNC Machining,CNC Machining,2024-01-05,2027-01-05,True,True,Lakshmi Kulkarni,0.97,True,False,0.95,,Issuer API,Verified
LEA-20227724166,C0151,IS020,Skill Certificate,Certificate in CNC Machining,CNC Machining,2022-04-21,2025-04-21,True,True,Lakshmi Kulkarni,0.99,True,False,0.93,,Issuer API,Verified
ARA-20242206538,C0152,IS007,Degree/Certificate,B.Sc (CS),,2024-04-25,,False,False,Aditya Chatterjee,0.98,True,False,0.89,,Manual issuer confirmation,Pending Verification
PIX-20212103962,C0152,IS018,Skill Certificate,Professional Certificate: Flutter & Java,Flutter|Java,2021-06-15,2024-06-15,True,True,Aditya Chatterjee,0.99,True,False,0.89,,Issuer API,Verified
NEX-20212037798,C0152,IS022,Skill Certificate,Certificate in Flutter,Flutter,2021-03-21,,True,True,Aditya Chatterjee,0.95,True,False,0.97,,Issuer API,Verified
ARA-20244415970,C0153,IS007,Degree/Certificate,M.Tech,,2024-04-13,,True,False,Ananya Joshi,0.99,True,False,0.94,,QR / digital signature,Verified
SAH-20224353530,C0154,IS003,Degree/Certificate,B.Sc (CS),,2022-03-06,,True,False,Aarav Verma,0.94,True,False,0.99,,Issuer API,Verified
LEA-20229475478,C0154,IS020,Skill Certificate,Professional Certificate: SQL & PostgreSQL,SQL|PostgreSQL,2022-12-28,2025-12-28,False,True,Aarav Verma,0.95,True,False,0.89,,Issuer API,Verified
LEA-20184957809,C0154,IS020,Skill Certificate,Professional Certificate: REST API & PostgreSQL,REST API|PostgreSQL,2018-03-13,2021-03-13,True,True,Aarav Verma,0.96,True,False,0.9,,Issuer API,Verified
INF-20251906663,C0154,IS024,Skill Certificate,Professional Certificate: PostgreSQL & Python,PostgreSQL|Python,2025-10-19,,False,False,Aarav Verma,0.96,True,False,0.88,,Manual issuer confirmation,Pending Verification
COA-20247290628,C0155,IS006,Degree/Certificate,B.E.,,2024-07-02,,True,False,Thomas Shaikh,0.98,True,False,0.96,,Issuer API,Verified
SAH-20261300345,C0156,IS003,Degree/Certificate,B.E.,,2026-04-23,,True,False,Anjali Gupta,0.98,True,False,0.89,,Issuer API,Verified
KAV-20222964098,C0156,IS014,Skill Certificate,Certificate in Hibernate,Hibernate,2007-04-17,2010-04-17,True,False,Anjali Gupta,0.97,True,True,0.95,duplicate_id|date_before_issuer_founded,Cross-check failed,Suspicious
CLO-20220646127,C0156,IS013,Skill Certificate,Certificate in Java,Java,2022-03-03,2025-03-03,True,False,Anjali Gupta,0.93,True,False,0.92,,Issuer API,Verified
SKI-20257072650,C0156,IS016,Skill Certificate,Certificate in MySQL,MySQL,2025-01-24,2028-01-24,False,False,Anjali Gupta,0.94,True,False,0.95,,Issuer API,Verified
COA-20243550272,C0157,IS006,Degree/Certificate,B.Tech,,1990-06-24,,False,False,Ramesh Kulkarni,0.97,True,False,0.96,date_before_issuer_founded,Cross-check failed,Suspicious
NEX-20204965246,C0157,IS022,Skill Certificate,Certificate in Python,Python,2020-06-19,,True,True,Ramesh Kulkarni,0.93,True,False,0.93,,Issuer API,Verified
EDU-20219602206,C0157,IS021,Skill Certificate,Certificate in Python,Python,2021-06-21,,True,True,Ramesh Kulkarni,0.99,True,False,0.94,,Issuer API,Verified
EDU-20218195616,C0157,IS021,Skill Certificate,Professional Certificate: JUnit & Excel,JUnit|Excel,2021-03-11,,False,False,Ramesh Kulkarni,0.97,True,False,1.0,,Manual issuer confirmation,Pending Verification
EDU-20259338166,C0157,IS021,Skill Certificate,Professional Certificate: JUnit & CI/CD,JUnit|CI/CD,2025-10-16,2028-10-16,False,False,Ramesh Kulkarni,0.93,True,False,0.94,,Manual issuer confirmation,Pending Verification
LOT-20251299341,C0158,IS008,Degree/Certificate,B.Sc (CS),,2025-06-01,,True,True,Ayesha Mishra,0.93,True,False,0.92,,Issuer API,Verified
BRI-20246594392,C0158,IS017,Skill Certificate,Certificate in Python,Python,2024-09-01,2027-09-01,True,False,Ayesha Mishra,0.96,True,False,0.92,,Issuer API,Verified
ARA-20245338817,C0159,IS007,Degree/Certificate,Diploma in Engineering,,2024-10-12,,False,False,Isha Chatterjee,0.99,True,False,0.9,,Manual issuer confirmation,Pending Verification
KAV-20224437218,C0160,IS002,Degree/Certificate,BCA,,2022-11-07,,True,True,Tanvi Thakur,0.98,True,False,0.92,,Issuer API,Verified
DAT-20223167220,C0160,IS014,Skill Certificate,Professional Certificate: SQL & Flask,SQL|Flask,2022-01-04,2025-01-04,False,False,Tanvi Thakur,0.94,True,False,0.93,,Issuer API,Verified
COA-20253066557,C0161,IS006,Degree/Certificate,B.E.,,2025-06-25,,True,False,Arjun Das,0.94,True,False,0.96,,Issuer API,Verified
SKI-20242654992,C0161,IS016,Skill Certificate,Professional Certificate: SQL & Flask,SQL|Flask,2024-02-20,2027-02-20,True,False,Arjun Das,0.99,True,False,0.92,,Issuer API,Verified
OPE-20205309493,C0161,IS019,Skill Certificate,Professional Certificate: Git & Flask,Git|Flask,2020-01-11,2023-01-11,False,False,Arjun Das,0.99,True,False,0.8,,None available,Unverified
LOT-20266446671,C0162,IS008,Degree/Certificate,B.Tech,,2026-08-21,,False,True,Sanjay Gupta,0.97,True,False,0.96,,Issuer API,Verified
BRI-20237346653,C0162,IS017,Skill Certificate,Certificate in Tailwind CSS,Tailwind CSS,2023-01-09,,True,False,Sanjay Gupta,0.96,True,False,0.98,,Issuer API,Verified
KAV-20257162121,C0163,IS002,Degree/Certificate,Diploma in Engineering,,2025-06-28,,True,True,Aditya Das,0.97,True,False,0.94,,Issuer API,Verified
ARA-20266447646,C0164,IS007,Degree/Certificate,B.Tech,,2026-05-24,,False,False,Deepa Reddy,1.0,True,False,0.8,,None available,Unverified
SKI-20268106539,C0164,IS016,Skill Certificate,Professional Certificate: SQL & Power BI,SQL|Power BI,2026-05-16,2028-05-16,True,False,Deepa Reddy,0.94,True,False,0.95,,Issuer API,Verified
DAT-20184123709,C0164,IS014,Skill Certificate,Professional Certificate: Power BI & SQL,Power BI|SQL,2018-06-09,2021-06-09,False,False,Deepa Reddy,0.95,True,False,0.96,,Manual issuer confirmation,Pending Verification
LEA-20225114824,C0164,IS020,Skill Certificate,Professional Certificate: Power BI & Pandas,Power BI|Pandas,2022-08-17,2025-08-17,True,True,Deepa Reddy,0.96,True,False,0.98,,Issuer API,Verified
ARA-20260034259,C0165,IS007,Degree/Certificate,BCA,,2026-09-13,,True,False,Farhan Patel,0.93,True,False,0.98,,QR / digital signature,Verified
KAV-20243377254,C0166,IS002,Degree/Certificate,B.Tech,,2024-09-11,,True,False,Maria Gupta,0.93,True,False,0.94,,Manual issuer confirmation,Pending Verification
OPE-20206301457,C0166,IS019,Skill Certificate,Professional Certificate: SQL & Django,SQL|Django,2020-12-03,,True,False,Maria Gupta,0.99,True,False,0.96,,Issuer API,Verified
OPE-20223047984,C0166,IS019,Skill Certificate,Professional Certificate: REST API & Redis,REST API|Redis,2022-04-23,2025-04-23,True,False,Maria Gupta,0.99,True,False,0.93,,Issuer API,Verified
COA-20213022443,C0167,IS006,Degree/Certificate,B.E.,,2021-12-06,,True,True,Tanvi Verma,0.97,True,False,0.99,,Issuer API,Verified
SKI-20210807903,C0167,IS016,Skill Certificate,Professional Certificate: Scikit-learn & PyTorch,Scikit-learn|PyTorch,2021-10-23,,True,False,Tanvi Verma,0.93,True,False,0.89,,Manual issuer confirmation,Pending Verification
SKI-20209774304,C0167,IS016,Skill Certificate,Certificate in PyTorch,PyTorch,2020-03-18,2023-03-18,True,False,Tanvi Verma,0.94,True,False,0.97,,Manual issuer confirmation,Pending Verification
SKI-20181751130,C0167,IS016,Skill Certificate,Certificate in PyTorch,PyTorch,2018-07-05,2021-07-05,True,False,Tanvi Verma,0.93,True,False,0.9,,Issuer API,Verified
LOT-20249144765,C0168,IS008,Degree/Certificate,Diploma in Engineering,,2024-07-21,,True,True,Joseph Rao,0.96,True,False,0.95,,Issuer API,Verified
LEA-20258883261,C0168,IS020,Skill Certificate,Professional Certificate: JUnit & MySQL,JUnit|MySQL,2025-01-28,2028-01-28,True,True,Joseph Rao,0.96,True,False,0.92,,Issuer API,Verified
LEA-20197456476,C0168,IS020,Skill Certificate,Professional Certificate: Hibernate & SQL,Hibernate|SQL,2019-03-24,2022-03-24,True,True,Joseph Rao,0.97,True,False,0.89,,Issuer API,Verified
NEX-20258372992,C0168,IS022,Skill Certificate,Professional Certificate: Java & SQL,Java|SQL,2025-07-11,,True,True,Joseph Rao,0.97,True,False,0.92,,Issuer API,Verified
COD-20195111982,C0168,IS015,Skill Certificate,Certificate in Git,Git,2019-08-25,2022-08-25,False,False,Joseph Rao,0.96,True,False,0.94,,Manual issuer confirmation,Pending Verification
LOT-20214192732,C0169,IS008,Degree/Certificate,B.E.,,2021-07-24,,True,True,Ritika Banerjee,0.96,True,False,0.92,,Issuer API,Verified
SKI-20258126109,C0169,IS016,Skill Certificate,Professional Certificate: Cybersecurity & Python,Cybersecurity|Python,2025-11-03,,True,False,Ritika Banerjee,0.95,True,False,0.99,,Issuer API,Verified
EDU-20181239698,C0169,IS021,Skill Certificate,Professional Certificate: Cybersecurity & Network Security,Cybersecurity|Network Security,2018-06-12,2021-06-12,False,True,Ritika Banerjee,0.95,True,False,0.94,,Issuer API,Verified
OPE-20218907127,C0169,IS019,Skill Certificate,Certificate in Network Security,Network Security,2021-07-14,,True,False,Ritika Banerjee,0.95,True,False,0.91,,Issuer API,Verified
LEA-20190863082,C0169,IS020,Skill Certificate,Certificate in Cybersecurity,Cybersecurity,2019-02-03,,True,True,Ritika Banerjee,0.99,True,False,0.88,,Issuer API,Verified
KAV-20257578786,C0170,IS002,Degree/Certificate,B.Tech,,1990-11-22,,False,False,Harpreet Menon,0.94,False,False,0.4,bad_checksum|template_mismatch|date_before_issuer_founded,Cross-check failed,Suspicious
SKI-20210354799,C0170,IS016,Skill Certificate,Professional Certificate: Python & Selenium,Python|Selenium,2021-08-21,2024-08-21,True,True,Harpreet Menon,0.96,True,False,0.93,,Issuer API,Verified
PIX-20235217898,C0170,IS018,Skill Certificate,Certificate in Java,Java,2023-03-27,,False,False,Harpreet Menon,0.96,True,False,1.0,,Manual issuer confirmation,Pending Verification
CLO-20249599646,C0170,IS013,Skill Certificate,Certificate in Selenium,Selenium,2024-11-11,,True,False,Harpreet Menon,0.98,True,False,0.98,,Manual issuer confirmation,Pending Verification
LOT-20260023591,C0171,IS008,Degree/Certificate,B.Sc (CS),,2026-04-13,,False,False,Jasleen Mishra,0.96,True,False,0.69,,None available,Unverified
COD-20265261246,C0171,IS015,Skill Certificate,Certificate in SQL,SQL,2026-07-01,2028-07-01,False,False,Jasleen Mishra,0.99,True,False,0.97,,Manual issuer confirmation,Pending Verification
MER-20238082836,C0172,IS004,Degree/Certificate,BCA,,2023-08-18,,True,False,Pooja Bose,0.96,True,False,0.92,,Issuer API,Verified
STA-20213726860,C0172,IS023,Skill Certificate,Professional Certificate: SQL & Excel,SQL|Excel,2021-01-19,,True,True,Pooja Bose,0.93,True,False,0.96,,Issuer API,Verified
SKI-20184859955,C0172,IS016,Skill Certificate,Professional Certificate: SQL & Excel,SQL|Excel,2018-06-28,,True,False,Pooja Bose,0.94,True,False,0.98,,Manual issuer confirmation,Pending Verification
EDU-20261255705,C0172,IS021,Skill Certificate,Certificate in Power BI,Power BI,2026-06-28,,True,True,Pooja Bose,0.97,True,False,0.88,,Issuer API,Verified
DAT-20249003672,C0172,IS014,Skill Certificate,Certificate in Power BI,Power BI,2024-05-02,2027-05-02,True,False,Pooja Bose,0.94,True,False,0.99,,Issuer API,Verified
COA-20266614823,C0173,IS006,Degree/Certificate,B.Tech,,2026-08-28,,True,True,Harpreet Pillai,0.99,True,False,0.94,,Issuer API,Verified
LOT-20254310970,C0174,IS008,Degree/Certificate,MCA,,2025-06-11,,False,False,Harpreet Reddy,0.96,True,False,0.94,,Manual issuer confirmation,Pending Verification
EDU-20203703341,C0174,IS021,Skill Certificate,Professional Certificate: Tableau & Power BI,Tableau|Power BI,2020-04-13,,False,False,Harpreet Reddy,0.94,True,False,0.68,,None available,Unverified
LOT-20245807779,C0175,IS008,Degree/Certificate,B.Tech,,2024-12-25,,True,True,Gurpreet Khan,0.96,True,False,0.92,,Issuer API,Verified
INF-20224454866,C0175,IS024,Skill Certificate,Certificate in TypeScript,TypeScript,2022-12-25,2025-12-25,True,True,Gurpreet Khan,0.95,True,False,0.98,,Issuer API,Verified
STA-20234947750,C0175,IS023,Skill Certificate,Professional Certificate: TypeScript & Angular,TypeScript|Angular,2023-02-13,2026-02-13,True,True,Gurpreet Khan,0.97,True,False,0.99,,Issuer API,Verified
NEX-20215171057,C0175,IS022,Skill Certificate,Certificate in SQL,SQL,2021-09-11,,True,True,Gurpreet Khan,0.95,True,False,0.99,,Issuer API,Verified
INF-20209086451,C0175,IS024,Skill Certificate,Certificate in CSS,CSS,2020-04-14,2023-04-14,True,True,Gurpreet Khan,0.93,True,False,0.94,,Issuer API,Verified
VIN-20242365854,C0176,IS005,Degree/Certificate,B.Tech,,2024-11-15,,True,False,Sneha Patel,0.97,True,False,0.88,,QR / digital signature,Verified
KAV-20261325680,C0177,IS002,Degree/Certificate,B.Tech,,2026-04-26,,True,True,Vivaan Gupta,0.95,True,False,0.89,,Issuer API,Verified
LEA-20195791049,C0177,IS020,Skill Certificate,Certificate in TensorFlow,TensorFlow,2019-04-18,,True,True,Vivaan Gupta,0.94,True,False,0.94,,Issuer API,Verified
EDU-20205143355,C0177,IS021,Skill Certificate,Certificate in Python,Python,2020-01-14,,True,True,Vivaan Gupta,0.99,True,False,0.9,,Issuer API,Verified
SAH-20263962522,C0178,IS003,Degree/Certificate,B.Tech,,2026-05-08,,True,False,Suresh Das,0.95,True,False,0.92,,Issuer API,Verified
OPE-20241289147,C0178,IS019,Skill Certificate,Certificate in Unit Testing,Unit Testing,2024-07-19,,True,True,Suresh Das,0.95,True,False,0.9,,Issuer API,Verified
LOT-20254844057,C0179,IS008,Degree/Certificate,B.Sc (CS),,1990-03-13,,False,False,Isha Bose,0.99,False,False,0.65,template_mismatch|bad_checksum|date_before_issuer_founded,Cross-check failed,Suspicious
NOR-20258782836,C0180,IS001,Degree/Certificate,B.Sc (CS),,2025-09-05,,True,True,Ritika Iyer,0.97,True,False,0.99,,QR / digital signature,Verified
STA-20255215111,C0180,IS023,Skill Certificate,Certificate in CI/CD,CI/CD,2025-11-23,,False,True,Ritika Iyer,0.95,True,False,0.91,,Issuer API,Verified
PIX-20237131584,C0180,IS018,Skill Certificate,Professional Certificate: Excel & Unit Testing,Excel|Unit Testing,2023-01-20,,True,False,Ritika Iyer,0.94,True,False,0.92,,Manual issuer confirmation,Pending Verification
NEX-20195515109,C0180,IS022,Skill Certificate,Certificate in SQL,SQL,2019-02-28,,True,True,Ritika Iyer,0.97,True,False,0.95,,Issuer API,Verified
BRI-20268787759,C0180,IS017,Skill Certificate,Certificate in Selenium,Selenium,2026-08-11,2028-08-11,False,True,Ritika Iyer,0.93,True,False,0.9,,Issuer API,Verified
NOR-20242034963,C0181,IS001,Degree/Certificate,MCA,,2024-08-25,,True,True,Tanvi Fernandes,0.95,True,False,0.91,,QR / digital signature,Verified
NOR-20252391915,C0182,IS001,Degree/Certificate,MCA,,2025-09-24,,True,True,Jasleen Thakur,0.97,True,False,0.91,,QR / digital signature,Verified
KAV-20226797767,C0183,IS002,Degree/Certificate,BCA,,2022-01-20,,True,True,Divya Sharma,0.95,True,False,0.92,,Issuer API,Verified
OPE-20234275996,C0183,IS019,Skill Certificate,Certificate in React,React,2023-01-15,2026-01-15,False,False,Divya Sharma,0.98,True,False,0.9,,None available,Unverified
STA-20182312221,C0183,IS023,Skill Certificate,Professional Certificate: React & MongoDB,React|MongoDB,2018-12-12,,True,True,Divya Sharma,0.97,True,False,0.91,,Issuer API,Verified
KAV-20253942443,C0184,IS002,Degree/Certificate,B.Tech,,2025-10-12,,True,True,Ananya Shaikh,0.94,True,False,0.91,,Issuer API,Verified
SKI-20226213385,C0184,IS016,Skill Certificate,Professional Certificate: Linux & Docker,Linux|Docker,2022-05-09,,True,False,Ananya Shaikh,0.93,True,False,1.0,,Issuer API,Verified
VIN-20244495139,C0185,IS005,Degree/Certificate,B.E.,,2024-12-21,,True,False,Nikhil Menon,0.96,True,False,0.99,,QR / digital signature,Verified
LEA-20255434530,C0185,IS020,Skill Certificate,Professional Certificate: Java & JUnit,Java|JUnit,2025-04-13,,True,True,Nikhil Menon,0.98,True,False,0.9,,Issuer API,Verified
COA-20229792690,C0186,IS006,Degree/Certificate,BCA,,2022-03-01,,False,False,Mohit Menon,0.97,True,False,0.55,template_mismatch,Cross-check failed,Suspicious
LEA-20209597804,C0186,IS020,Skill Certificate,Professional Certificate: Angular & TypeScript,Angular|TypeScript,2020-10-19,2023-10-19,True,True,Mohit Menon,0.96,True,False,0.94,,Issuer API,Verified
SHR-20245134166,C0187,IS010,Degree/Certificate,Diploma in Engineering,CNC Machining|Welding|PLC Programming,2024-01-21,,True,False,Farhan Bose,0.97,True,False,0.99,,Manual issuer confirmation,Verified
INF-20237131394,C0187,IS024,Skill Certificate,Certificate in Welding,Welding,2023-08-25,,True,True,Farhan Bose,0.95,True,False,0.91,,Issuer API,Verified
PIX-20256049915,C0187,IS018,Skill Certificate,Certificate in PLC Programming,PLC Programming,2025-09-27,,False,True,Farhan Bose,0.94,True,False,0.98,,Issuer API,Verified
STA-20217389160,C0187,IS023,Skill Certificate,Professional Certificate: CNC Machining & PLC Programming,CNC Machining|PLC Programming,2021-09-27,,True,True,Farhan Bose,0.95,True,False,0.91,,Issuer API,Verified
OPE-20243410451,C0187,IS019,Skill Certificate,Certificate in PLC Programming,PLC Programming,2024-05-03,,True,True,Farhan Bose,0.95,True,False,0.89,,Issuer API,Verified
SAH-20258484003,C0188,IS003,Degree/Certificate,M.Tech,,2025-06-18,,True,False,Mohit Bose,0.99,True,False,0.97,,Issuer API,Verified
LOT-20202290492,C0189,IS008,Degree/Certificate,BCA,,2020-02-17,,False,False,Gurpreet Kulkarni,0.99,False,False,0.9,bad_checksum,Cross-check failed,Suspicious
COD-20206573642,C0189,IS015,Skill Certificate,Certificate in Python,Python,2020-11-01,,True,True,Gurpreet Kulkarni,0.95,True,False,0.89,,Issuer API,Verified
NOR-20251280900,C0190,IS001,Degree/Certificate,BCA,,1990-04-01,,False,False,Priya Sharma,0.96,False,False,0.96,bad_checksum|date_before_issuer_founded,Cross-check failed,Suspicious
EDU-20229993744,C0190,IS021,Skill Certificate,Professional Certificate: NumPy & Python,NumPy|Python,2022-10-26,,True,True,Priya Sharma,0.98,True,False,0.95,,Issuer API,Verified
OPE-20255987826,C0190,IS019,Skill Certificate,Certificate in TensorFlow,TensorFlow,2025-01-06,2028-01-06,True,True,Priya Sharma,0.94,True,False,0.89,,Issuer API,Verified
BRI-20261179780,C0190,IS017,Skill Certificate,Certificate in Machine Learning,Machine Learning,2026-08-24,2028-08-24,True,True,Priya Sharma,0.94,True,False,0.96,,Issuer API,Verified
BRI-20261564890,C0190,IS017,Skill Certificate,Professional Certificate: Machine Learning & TensorFlow,Machine Learning|TensorFlow,2026-04-05,2028-04-05,True,False,Priya Patel,0.6,True,False,0.37,template_mismatch|name_mismatch,Cross-check failed,Suspicious
VIN-20264357714,C0191,IS005,Degree/Certificate,B.Sc (CS),,2026-01-19,,False,False,Yash Iyer,1.0,True,False,0.79,,None available,Unverified
SKI-20241582632,C0191,IS016,Skill Certificate,Certificate in SQL,SQL,2024-01-21,2027-01-21,True,False,Yash Iyer,0.98,True,False,0.89,,Issuer API,Verified
COD-20246922510,C0191,IS015,Skill Certificate,Professional Certificate: Microservices & Java,Microservices|Java,2013-01-04,,False,False,Yash Nair,0.52,True,False,0.4,name_mismatch|date_before_issuer_founded|template_mismatch,Cross-check failed,Suspicious
COA-20228880108,C0192,IS006,Degree/Certificate,B.Sc (CS),,2022-04-23,,False,False,Tanvi Shaikh,0.96,True,False,0.62,,None available,Unverified
NOR-20258494382,C0193,IS001,Degree/Certificate,MCA,,2025-03-27,,False,False,Ayesha Kulkarni,0.95,True,False,0.78,,None available,Unverified
COD-20262172859,C0193,IS015,Skill Certificate,Certificate in Java,Java,2026-02-02,,False,False,Ayesha Kulkarni,0.93,True,False,0.99,,Manual issuer confirmation,Pending Verification
KAV-20266179405,C0194,IS002,Degree/Certificate,BCA,,2026-06-21,,True,True,Maria Singh,0.93,True,False,0.89,,Issuer API,Verified
DAT-20251303622,C0194,IS014,Skill Certificate,Professional Certificate: SQL & Data Analysis,SQL|Data Analysis,2025-11-15,,True,False,Maria Singh,0.99,True,False,0.88,,Issuer API,Verified
DAT-20267496295,C0194,IS014,Skill Certificate,Professional Certificate: Statistics & Data Analysis,Statistics|Data Analysis,2026-02-27,,False,False,Maria Singh,0.97,True,False,0.96,,Manual issuer confirmation,Pending Verification
UDY-20266243995,C0195,IS011,Degree/Certificate,ITI (NCVT) Certificate,CNC Machining|Electrical Wiring,2026-05-15,,True,False,Vikram Sharma,0.97,True,False,1.0,,QR / digital signature,Verified
BRI-20197664632,C0195,IS017,Skill Certificate,Certificate in CNC Machining,CNC Machining,2019-08-01,,False,False,Vikram Sharma,0.99,True,False,0.81,,None available,Unverified
EDU-20199375989,C0195,IS021,Skill Certificate,Certificate in CNC Machining,CNC Machining,2019-09-13,2022-09-13,False,False,Vikram Sharma,0.95,True,False,0.64,,None available,Unverified
CLO-20269721377,C0195,IS013,Skill Certificate,Professional Certificate: CNC Machining & Electrical Wiring,CNC Machining|Electrical Wiring,2026-09-24,,False,False,Vikram Sharma,0.95,True,False,0.9,,None available,Unverified
COA-20221856287,C0196,IS006,Degree/Certificate,B.E.,,2022-11-08,,False,False,Harpreet Naidu,0.96,True,False,0.67,,None available,Unverified
LOT-20239542143,C0197,IS008,Degree/Certificate,B.Tech,,2023-12-01,,True,True,Ananya Gupta,0.94,True,False,0.99,,Issuer API,Verified
MER-20262583659,C0198,IS004,Degree/Certificate,B.E.,,2026-08-12,,True,False,Karthik Menon,0.98,True,False,0.93,,Issuer API,Verified
COA-20234458030,C0199,IS006,Degree/Certificate,M.Sc (Data Science),,2023-10-01,,True,False,Ananya Sharma,0.94,True,False,0.98,,Issuer API,Verified
COD-20208078483,C0199,IS015,Skill Certificate,Professional Certificate: Express.js & React,Express.js|React,2020-11-06,,False,False,Ananya Sharma,0.96,True,False,0.73,,None available,Unverified
UDY-20249084847,C0200,IS011,Degree/Certificate,ITI (NCVT) Certificate,AutoCAD|Electrical Wiring,2024-12-13,,True,False,Sanjay Patel,0.98,True,False,0.89,,QR / digital signature,Verified
CLO-20231833201,C0200,IS013,Skill Certificate,Professional Certificate: Electrical Wiring & AutoCAD,Electrical Wiring|AutoCAD,2023-05-17,,True,False,Sanjay Patel,0.95,True,False,0.89,,Issuer API,Verified
DAT-20198491951,C0201,IS002,Degree/Certificate,B.Sc (CS),,2023-04-11,,False,False,Gurpreet Shaikh,0.97,True,True,0.98,duplicate_id,Cross-check failed,Suspicious
NEX-20189655622,C0201,IS022,Skill Certificate,Certificate in REST API,REST API,2018-01-28,2021-01-28,False,False,Gurpreet Shaikh,0.99,True,False,0.76,,None available,Unverified
SKI-20255391656,C0201,IS016,Skill Certificate,Certificate in Express.js,Express.js,2025-09-10,,True,True,Gurpreet Shaikh,0.99,True,False,0.98,,Issuer API,Verified
DAT-20234482634,C0201,IS014,Skill Certificate,Certificate in JavaScript,JavaScript,2023-05-09,,False,False,Gurpreet Shaikh,0.93,True,False,0.82,,None available,Unverified
LOT-20257462612,C0202,IS008,Degree/Certificate,Diploma in Engineering,,2025-09-02,,True,True,Ananya Banerjee,0.97,True,False,0.99,,Issuer API,Verified
PIX-20261941064,C0202,IS018,Skill Certificate,Professional Certificate: Statistics & Data Visualization,Statistics|Data Visualization,2026-02-01,2028-02-01,True,True,Ananya Banerjee,0.95,True,False,0.99,,Issuer API,Verified
LOT-20252817232,C0203,IS008,Degree/Certificate,BCA,,2025-07-14,,False,False,Rahul Verma,0.94,True,False,0.89,,None available,Unverified
STA-20197382813,C0203,IS023,Skill Certificate,Certificate in Selenium,Selenium,2019-12-03,,True,True,Rahul Verma,0.99,True,False,1.0,,Issuer API,Verified
SKI-20264181965,C0203,IS016,Skill Certificate,Professional Certificate: Selenium & JUnit,Selenium|JUnit,2026-06-04,,True,False,Rahul Verma,0.97,True,False,0.99,,Manual issuer confirmation,Pending Verification
COD-20264400779,C0203,IS015,Skill Certificate,Certificate in Selenium,Selenium,2026-04-14,,True,True,Rahul Verma,0.97,True,False,0.92,,Issuer API,Verified
SKI-20246364150,C0203,IS016,Skill Certificate,Certificate in Selenium,Selenium,2024-03-13,,True,False,Rahul Verma,0.96,True,False,0.88,,Issuer API,Verified
NOR-20223505049,C0204,IS001,Degree/Certificate,B.E.,,2022-10-16,,True,True,Isha Kapoor,0.97,True,False,0.89,,QR / digital signature,Verified
BRI-20223842418,C0204,IS017,Skill Certificate,Professional Certificate: REST API & Python,REST API|Python,2022-12-24,,True,False,Isha Kapoor,0.95,True,False,0.9,,Manual issuer confirmation,Pending Verification
VIN-20260344229,C0205,IS005,Degree/Certificate,B.E.,,2026-04-02,,True,False,Rahul Shaikh,0.96,True,False,0.98,,QR / digital signature,Verified
SAH-20267178570,C0206,IS003,Degree/Certificate,B.E.,,2026-07-08,,True,False,Lakshmi Pillai,0.94,True,False,0.94,,Issuer API,Verified
OPE-20235494729,C0206,IS019,Skill Certificate,Certificate in Power BI,Power BI,2023-08-09,,True,False,Lakshmi Pillai,0.98,True,False,0.98,,Manual issuer confirmation,Pending Verification
ARA-20221763608,C0207,IS007,Degree/Certificate,B.Tech,,2022-12-06,,True,False,Lakshmi Bose,0.97,True,False,0.93,,QR / digital signature,Verified
DAT-20227157458,C0207,IS014,Skill Certificate,Certificate in JavaScript,JavaScript,2022-12-03,,True,True,Lakshmi Bose,0.94,True,False,0.88,,Issuer API,Verified
OPE-20231655794,C0207,IS019,Skill Certificate,Professional Certificate: Git & Express.js,Git|Express.js,2023-01-01,,True,True,Lakshmi Bose,0.99,True,False,0.97,,Issuer API,Verified
NOR-20259352324,C0208,IS001,Degree/Certificate,M.Tech,,2025-10-20,,True,True,Ritika Nair,0.94,True,False,0.95,,QR / digital signature,Verified
OPE-20233570066,C0208,IS019,Skill Certificate,Professional Certificate: Python & Git,Python|Git,2023-11-19,,False,False,Ritika Nair,0.94,True,False,0.92,,Manual issuer confirmation,Pending Verification
INF-20184492864,C0208,IS024,Skill Certificate,Certificate in Machine Learning,Machine Learning,2018-07-19,,True,True,Ritika Nair,1.0,True,False,0.99,,Issuer API,Verified
MER-20244026801,C0209,IS004,Degree/Certificate,B.Tech,,2024-02-03,,True,False,Divya Das,0.96,True,False,0.91,,Issuer API,Verified
CLO-20237908742,C0209,IS013,Skill Certificate,Professional Certificate: Microservices & Git,Microservices|Git,2023-08-11,,True,False,Divya Das,0.99,True,False,0.95,,Issuer API,Verified
MER-20267242847,C0210,IS004,Degree/Certificate,B.E.,,2026-03-23,,False,False,Sanjay Banerjee,0.94,False,False,0.66,bad_checksum|template_mismatch,Cross-check failed,Suspicious
PIX-20206382226,C0210,IS018,Skill Certificate,Professional Certificate: REST API & SQL,REST API|SQL,2020-09-13,2023-09-13,False,False,Sanjay Banerjee,1.0,True,False,0.89,,None available,Unverified
LEA-20221006362,C0210,IS020,Skill Certificate,Professional Certificate: REST API & Redis,REST API|Redis,2022-01-22,,True,True,Sanjay Banerjee,1.0,True,False,0.9,,Issuer API,Verified
MER-20247499914,C0211,IS004,Degree/Certificate,B.Tech,,2024-01-12,,True,False,Meera Khan,0.62,True,False,0.4,template_mismatch|name_mismatch,Cross-check failed,Suspicious
KAV-20244549141,C0212,IS002,Degree/Certificate,B.Sc (CS),,2024-07-05,,False,False,Mohit Rao,0.99,True,False,0.65,,None available,Unverified
LOT-20217631165,C0213,IS008,Degree/Certificate,BCA,,2021-08-25,,True,True,Arjun Joshi,0.96,True,False,0.96,,Issuer API,Verified
STA-20257466977,C0213,IS023,Skill Certificate,Certificate in Node.js,Node.js,2025-07-19,2028-07-19,True,True,Arjun Joshi,0.99,True,False,0.98,,Issuer API,Verified
KAV-20242800314,C0214,IS002,Degree/Certificate,M.Sc (Data Science),,2024-08-09,,True,True,Jasleen Khan,0.99,True,False,0.96,,Issuer API,Verified
EDU-20251715478,C0214,IS021,Skill Certificate,Certificate in Docker,Docker,2025-04-21,2028-04-21,True,True,Jasleen Khan,0.99,True,False,0.99,,Issuer API,Verified
CLO-20231547579,C0214,IS013,Skill Certificate,Professional Certificate: Django & REST API,Django|REST API,2023-12-27,,True,False,Jasleen Khan,0.95,True,False,0.93,,Issuer API,Verified
BRI-20210035703,C0214,IS017,Skill Certificate,Certificate in Flask,Flask,2021-04-15,2024-04-15,True,True,Jasleen Khan,0.94,True,False,0.99,,Issuer API,Verified
NEX-20200659363,C0214,IS022,Skill Certificate,Professional Certificate: FastAPI & Flask,FastAPI|Flask,2020-08-18,2023-08-18,False,False,Jasleen Khan,0.93,True,False,0.99,,Manual issuer confirmation,Pending Verification
SAH-20259514758,C0215,IS003,Degree/Certificate,M.Sc (Data Science),,2025-07-03,,True,True,Mohit Thakur,0.93,True,False,1.0,,Issuer API,Verified
SKI-20191660891,C0215,IS016,Skill Certificate,Certificate in Excel,Excel,2019-09-26,,True,True,Mohit Thakur,0.99,True,False,0.9,,Issuer API,Verified
VIN-20264160951,C0216,IS005,Degree/Certificate,B.Sc (CS),,2026-01-09,,True,True,Zoya Kulkarni,0.98,True,False,0.94,,QR / digital signature,Verified
INF-20235860390,C0216,IS024,Skill Certificate,Professional Certificate: Excel & Python,Excel|Python,2023-04-28,,True,True,Zoya Kulkarni,1.0,True,False,0.97,,Issuer API,Verified
NEX-20194040869,C0216,IS022,Skill Certificate,Certificate in Excel,Excel,2019-04-25,,True,True,Zoya Kulkarni,0.94,True,False,0.96,,Issuer API,Verified
VIN-20247884214,C0217,IS005,Degree/Certificate,BCA,,1996-03-14,,False,False,Arjun Banerjee,0.6,True,False,0.54,template_mismatch|date_before_issuer_founded|name_mismatch,Cross-check failed,Suspicious
EDU-20191943792,C0217,IS021,Skill Certificate,Professional Certificate: Excel & Linux,Excel|Linux,2019-10-25,,True,True,Arjun Chatterjee,0.94,True,False,0.96,,Issuer API,Verified
KAV-20212259608,C0217,IS015,Skill Certificate,Certificate in Python,Python,2026-09-20,,False,False,Arjun Iyer,0.4,False,True,0.93,bad_checksum|duplicate_id|name_mismatch,Cross-check failed,Suspicious
ARA-20260083439,C0218,IS007,Degree/Certificate,B.Tech,,2026-08-24,,True,True,Shreya Patel,0.94,True,False,0.92,,QR / digital signature,Verified
ARA-20194955751,C0219,IS007,Degree/Certificate,B.Tech,,2019-06-11,,True,False,Jasleen Reddy,0.99,True,False,0.9,,Manual issuer confirmation,Pending Verification
LEA-20249740224,C0219,IS020,Skill Certificate,Professional Certificate: React & JavaScript,React|JavaScript,2024-05-13,,True,True,Jasleen Reddy,0.93,True,False,0.97,,Issuer API,Verified
OPE-20238166159,C0219,IS019,Skill Certificate,Certificate in Vue.js,Vue.js,2023-02-05,2026-02-05,True,False,Jasleen Reddy,0.94,True,False,0.97,,Issuer API,Verified
CLO-20246106387,C0219,IS013,Skill Certificate,Certificate in CSS,CSS,2024-04-11,2027-04-11,True,True,Jasleen Reddy,0.95,True,False,0.96,,Issuer API,Verified
UDY-20221315433,C0219,IS020,Skill Certificate,Professional Certificate: React & HTML,React|HTML,2019-10-20,,False,False,Jasleen Reddy,1.0,False,True,0.91,bad_checksum|duplicate_id,Cross-check failed,Suspicious
MER-20201130430,C0220,IS004,Degree/Certificate,MCA,,2020-07-19,,True,True,Lakshmi Gupta,0.95,True,False,0.99,,Issuer API,Verified
DAT-20257697217,C0220,IS014,Skill Certificate,Professional Certificate: Git & MySQL,Git|MySQL,2025-08-03,2028-08-03,True,False,Lakshmi Gupta,0.98,True,False,0.96,,Issuer API,Verified
COD-20245016264,C0220,IS015,Skill Certificate,Professional Certificate: Python & REST API,Python|REST API,2024-03-25,,True,True,Lakshmi Gupta,0.97,True,False,0.92,,Issuer API,Verified
INF-20203881774,C0220,IS024,Skill Certificate,Certificate in Docker,Docker,2020-05-21,2023-05-21,False,False,Lakshmi Gupta,0.94,True,False,0.89,,Manual issuer confirmation,Pending Verification
DAT-20265113231,C0220,IS014,Skill Certificate,Certificate in Spring Boot,Spring Boot,2026-05-27,,False,False,Lakshmi Gupta,0.94,True,False,0.88,,Manual issuer confirmation,Pending Verification
COA-20226605986,C0221,IS003,Degree/Certificate,MCA,,2024-03-04,,False,False,Ritika Kapoor,0.51,False,True,1.0,name_mismatch|bad_checksum|duplicate_id,Cross-check failed,Suspicious
OPE-20184764882,C0221,IS019,Skill Certificate,Certificate in REST API,REST API,2018-11-03,2021-11-03,False,False,Ritika Kapoor,0.99,True,False,0.86,,None available,Unverified
LOT-20268263017,C0222,IS008,Degree/Certificate,M.Sc (Data Science),,2026-06-07,,False,False,Thomas Sharma,0.98,True,False,0.94,,Manual issuer confirmation,Pending Verification
LOT-20262718008,C0223,IS008,Degree/Certificate,Diploma in Engineering,,2026-06-22,,True,True,Harpreet Khan,0.97,True,False,0.88,,Issuer API,Verified
MER-20259600409,C0224,IS004,Degree/Certificate,B.Tech,,2025-10-17,,True,True,Aarav Nair,1.0,True,False,0.93,,Issuer API,Verified
PIX-20226687877,C0224,IS018,Skill Certificate,Professional Certificate: Network Security & Cybersecurity,Network Security|Cybersecurity,2022-12-13,,True,True,Aarav Nair,0.96,True,False,0.99,,Issuer API,Verified
VIN-20252027857,C0225,IS005,Degree/Certificate,BCA,,2025-09-11,,True,False,Tanvi Sharma,0.97,True,False,0.9,,Manual issuer confirmation,Pending Verification
SKI-20229428212,C0225,IS016,Skill Certificate,Certificate in JUnit,JUnit,2022-04-17,,False,False,Tanvi Sharma,0.95,True,False,0.97,,Manual issuer confirmation,Pending Verification
STA-20205919796,C0225,IS023,Skill Certificate,Certificate in SQL,SQL,2020-11-25,,True,True,Tanvi Sharma,0.98,True,False,0.89,,Issuer API,Verified
NOR-20266822483,C0226,IS001,Degree/Certificate,Diploma in Engineering,,2026-07-04,,True,True,Divya Kapoor,0.93,True,False,0.97,,QR / digital signature,Verified
NEX-20209425162,C0226,IS022,Skill Certificate,Professional Certificate: Pandas & Data Visualization,Pandas|Data Visualization,2020-01-21,,False,False,Divya Kapoor,1.0,True,False,0.86,,None available,Unverified
NEX-20204661910,C0226,IS022,Skill Certificate,Certificate in Tableau,Tableau,2020-08-20,2023-08-20,False,True,Divya Kapoor,1.0,True,False,0.89,,Issuer API,Verified
KAV-20252162779,C0227,IS002,Degree/Certificate,B.Tech,,2025-11-11,,True,True,Maria Naidu,0.96,True,False,0.95,,Issuer API,Verified
COD-20246126617,C0227,IS015,Skill Certificate,Professional Certificate: Data Visualization & Power BI,Data Visualization|Power BI,2024-05-25,2027-05-25,True,True,Maria Naidu,0.97,True,False,0.91,,Issuer API,Verified
DAT-20263425355,C0227,IS014,Skill Certificate,Certificate in Statistics,Statistics,2026-07-01,,True,True,Maria Naidu,1.0,True,False,0.89,,Issuer API,Verified
COA-20226084877,C0227,IS023,Skill Certificate,Professional Certificate: Tableau & Power BI,Tableau|Power BI,2018-07-13,,True,False,Maria Naidu,0.97,False,True,0.49,bad_checksum|duplicate_id|template_mismatch,Cross-check failed,Suspicious
COA-20253154999,C0228,IS006,Degree/Certificate,B.Tech,,2025-06-06,,True,True,Ayesha Kapoor,1.0,True,False,0.93,,Issuer API,Verified
OPE-20234573762,C0228,IS019,Skill Certificate,Certificate in SQL,SQL,2023-10-20,,False,False,Ayesha Kapoor,0.99,True,False,0.9,,Issuer API,Verified
NEX-20193479027,C0228,IS022,Skill Certificate,Professional Certificate: SQL & CI/CD,SQL|CI/CD,2019-10-01,2022-10-01,False,False,Ayesha Kapoor,0.95,True,False,0.69,,None available,Unverified
MER-20269009542,C0229,IS004,Degree/Certificate,B.Tech,,2026-03-23,,False,False,Karthik Iyer,0.95,True,False,0.72,,None available,Unverified
SKI-20199607449,C0229,IS016,Skill Certificate,Professional Certificate: Next.js & Tailwind CSS,Next.js|Tailwind CSS,2019-01-11,,True,False,Karthik Iyer,0.93,True,False,0.98,,Issuer API,Verified
SKI-20222415091,C0229,IS016,Skill Certificate,Certificate in Tailwind CSS,Tailwind CSS,2022-05-16,,True,True,Karthik Iyer,0.98,True,False,0.96,,Issuer API,Verified
NOR-20256162064,C0230,IS001,Degree/Certificate,B.E.,,2025-07-05,,True,True,Rahul Banerjee,0.97,True,False,0.91,,QR / digital signature,Verified
NEX-20226392023,C0230,IS022,Skill Certificate,Professional Certificate: Statistics & Pandas,Statistics|Pandas,2022-06-02,,True,False,Rahul Banerjee,0.97,True,False,0.95,,Manual issuer confirmation,Pending Verification
INF-20236054894,C0230,IS024,Skill Certificate,Professional Certificate: NumPy & Python,NumPy|Python,2023-08-08,2026-08-08,True,True,Rahul Banerjee,0.93,True,False,0.99,,Issuer API,Verified
KAV-20235538194,C0231,IS002,Degree/Certificate,B.Tech,,2023-01-07,,True,True,Mohit Mishra,0.97,True,False,0.97,,Issuer API,Verified
LEA-20196393746,C0231,IS020,Skill Certificate,Certificate in Java,Java,2019-10-08,,True,True,Mohit Mishra,1.0,True,False,0.94,,Issuer API,Verified
EDU-20188335416,C0231,IS021,Skill Certificate,Certificate in Java,Java,2018-01-24,2021-01-24,False,False,Mohit Mishra,0.97,True,False,0.83,,None available,Unverified
STA-20196051252,C0231,IS023,Skill Certificate,Certificate in Android Development,Android Development,2019-08-15,,True,True,Mohit Mishra,0.93,True,False,0.92,,Issuer API,Verified
CLO-20218276606,C0231,IS013,Skill Certificate,Certificate in Kotlin,Kotlin,2021-04-27,,True,False,Mohit Mishra,0.96,True,False,0.96,,Issuer API,Verified
KAV-20263500819,C0232,IS002,Degree/Certificate,B.Tech,,2026-04-16,,False,True,Sanjay Verma,0.97,True,False,1.0,,Issuer API,Verified
OPE-20246636110,C0232,IS019,Skill Certificate,Professional Certificate: SQL & MySQL,SQL|MySQL,2024-02-12,2027-02-12,False,False,Sanjay Verma,1.0,True,False,0.88,,None available,Unverified
PIX-20233744133,C0232,IS018,Skill Certificate,Certificate in MySQL,MySQL,2023-10-06,,True,True,Sanjay Verma,0.95,True,False,0.99,,Issuer API,Verified
EDU-20188790412,C0232,IS021,Skill Certificate,Professional Certificate: Microservices & MySQL,Microservices|MySQL,2018-11-05,,True,True,Sanjay Verma,0.97,True,False,0.91,,Issuer API,Verified
BRI-20263965822,C0232,IS017,Skill Certificate,Certificate in REST API,REST API,2026-04-10,2028-04-10,False,False,Sanjay Verma,0.96,True,False,0.63,,None available,Unverified
NOR-20245338791,C0233,IS001,Degree/Certificate,B.E.,,2024-05-20,,True,True,Ritika Menon,0.96,True,False,0.91,,QR / digital signature,Verified
DAT-20198715326,C0233,IS014,Skill Certificate,Certificate in REST API,REST API,2019-12-08,2022-12-08,False,False,Ritika Gupta,0.47,True,False,0.36,name_mismatch|template_mismatch,Cross-check failed,Suspicious
COA-20255061697,C0234,IS006,Degree/Certificate,B.E.,,2025-01-20,,False,False,Aarav Singh,0.98,True,False,0.92,,Issuer API,Verified
STA-20220295297,C0234,IS023,Skill Certificate,Professional Certificate: Linux & Network Security,Linux|Network Security,2022-09-15,2025-09-15,True,True,Aarav Singh,0.97,True,False,0.97,,Issuer API,Verified
VIN-20268636352,C0235,IS005,Degree/Certificate,B.Tech,,2026-01-26,,True,False,Karthik Gupta,0.95,True,False,0.98,,QR / digital signature,Verified
OPE-20195971427,C0235,IS019,Skill Certificate,Certificate in Git,Git,2019-08-04,,False,False,Karthik Gupta,0.94,True,False,0.98,,Issuer API,Verified
NOR-20246029027,C0236,IS001,Degree/Certificate,BCA,,2024-02-04,,False,True,Lakshmi Bose,0.98,True,False,0.92,,QR / digital signature,Verified
MER-20223340355,C0237,IS004,Degree/Certificate,B.Tech,,2022-09-14,,True,True,Sneha Menon,0.95,True,False,0.9,,Issuer API,Verified
KAV-20265697191,C0238,IS002,Degree/Certificate,BCA,,2026-06-10,,False,False,Karthik Kulkarni,1.0,True,False,0.99,,Manual issuer confirmation,Pending Verification
ARA-20265872166,C0239,IS007,Degree/Certificate,B.Tech,,2026-02-25,,True,False,Divya Banerjee,1.0,True,False,0.95,,QR / digital signature,Verified
LEA-20198244970,C0239,IS020,Skill Certificate,Professional Certificate: CSS & TypeScript,CSS|TypeScript,2019-11-06,,True,True,Divya Banerjee,0.97,True,False,0.92,,Issuer API,Verified
CLO-20240637874,C0239,IS013,Skill Certificate,Certificate in Next.js,Next.js,2024-02-02,,False,False,Divya Banerjee,0.96,True,False,0.61,,None available,Unverified
NEX-20260908759,C0239,IS022,Skill Certificate,Certificate in TypeScript,TypeScript,2026-03-15,,True,True,Divya Banerjee,0.93,True,False,0.97,,Issuer API,Verified
INF-20199971688,C0239,IS017,Skill Certificate,Certificate in HTML,HTML,2012-08-24,2015-08-24,False,False,Divya Banerjee,0.97,True,True,0.89,date_before_issuer_founded|duplicate_id,Cross-check failed,Suspicious
ARA-20206062661,C0240,IS007,Degree/Certificate,B.Tech,,2020-11-06,,False,False,Jasleen Kapoor,0.93,True,False,0.9,,None available,Unverified
EDU-20225068525,C0240,IS021,Skill Certificate,Professional Certificate: Redis & FastAPI,Redis|FastAPI,2022-09-19,,True,False,Jasleen Kapoor,1.0,True,False,1.0,,Manual issuer confirmation,Pending Verification
SAH-20216884021,C0241,IS003,Degree/Certificate,B.E.,,2021-05-07,,False,False,Harpreet Kulkarni,0.98,True,False,0.61,,None available,Unverified
KAV-20224955029,C0242,IS002,Degree/Certificate,B.E.,,2022-02-01,,True,True,Arjun Bose,0.99,True,False,0.95,,Issuer API,Verified
SKI-20261442857,C0242,IS016,Skill Certificate,Professional Certificate: SQL & Spring Boot,SQL|Spring Boot,2026-05-26,,False,False,Arjun Bose,0.98,True,False,0.64,,None available,Unverified
LOT-20268897533,C0243,IS008,Degree/Certificate,B.Tech,,2026-03-10,,True,True,Zoya Iyer,0.94,True,False,0.97,,Issuer API,Verified
LEA-20213025750,C0243,IS020,Skill Certificate,Professional Certificate: JavaScript & Docker,JavaScript|Docker,2021-10-05,,True,True,Zoya Iyer,0.97,True,False,0.92,,Issuer API,Verified
DAT-20196298655,C0243,IS014,Skill Certificate,Certificate in React,React,2019-12-14,,True,False,Zoya Iyer,0.99,True,False,0.89,,Issuer API,Verified
LEA-20197546557,C0243,IS020,Skill Certificate,Certificate in Docker,Docker,2019-07-16,,True,True,Zoya Iyer,0.96,True,False,0.98,,Issuer API,Verified
COA-20264830710,C0244,IS006,Degree/Certificate,B.Tech,,2026-02-01,,True,False,Aditya Rao,0.94,True,False,0.98,,Issuer API,Verified
VIN-20254721028,C0245,IS005,Degree/Certificate,B.Sc (CS),,2025-06-14,,True,False,Divya Patel,0.93,True,False,0.94,,QR / digital signature,Verified
CLO-20234575296,C0245,IS013,Skill Certificate,Certificate in Scikit-learn,Scikit-learn,2023-05-06,,False,False,Divya Patel,0.99,True,False,0.95,,Manual issuer confirmation,Pending Verification
INF-20254219908,C0245,IS024,Skill Certificate,Professional Certificate: Statistics & Python,Statistics|Python,2025-04-28,2028-04-28,False,False,Divya Patel,0.98,True,False,0.66,,None available,Unverified
DAT-20201115860,C0245,IS014,Skill Certificate,Professional Certificate: Statistics & Scikit-learn,Statistics|Scikit-learn,2020-08-04,,True,False,Divya Patel,0.98,True,False,0.98,,Issuer API,Verified
CLO-20251723662,C0245,IS013,Skill Certificate,Professional Certificate: Python & Scikit-learn,Python|Scikit-learn,2025-02-14,,True,False,Divya Patel,0.93,True,False,0.92,,Issuer API,Verified
NOR-20248942375,C0246,IS001,Degree/Certificate,B.Tech,,2024-10-08,,True,True,Karthik Kulkarni,0.94,True,False,0.98,,QR / digital signature,Verified
PIX-20239603697,C0246,IS018,Skill Certificate,Professional Certificate: Data Analysis & Python,Data Analysis|Python,2023-07-08,,False,True,Karthik Kulkarni,0.97,True,False,0.94,,Issuer API,Verified
COA-20238653685,C0247,IS006,Degree/Certificate,BCA,,2023-06-25,,True,False,Shreya Bose,1.0,True,False,0.99,,Manual issuer confirmation,Pending Verification
COD-20181817733,C0247,IS015,Skill Certificate,Certificate in Kubernetes,Kubernetes,2018-10-08,,True,True,Shreya Bose,0.99,True,False,0.92,,Issuer API,Verified
OPE-20200705018,C0247,IS019,Skill Certificate,Certificate in Docker,Docker,2020-04-12,,False,False,Shreya Bose,0.93,True,False,0.98,,Issuer API,Verified
SKI-20192372329,C0247,IS016,Skill Certificate,Certificate in Linux,Linux,2019-10-24,2022-10-24,False,False,Shreya Bose,1.0,False,False,0.91,bad_checksum,Cross-check failed,Suspicious
COA-20243710207,C0248,IS006,Degree/Certificate,B.Tech,,2024-02-03,,True,False,Divya Sharma,0.98,True,False,0.98,,Issuer API,Verified
BHA-20233039153,C0249,IS009,Degree/Certificate,ITI (NCVT) Certificate,CNC Machining|PLC Programming,2023-09-22,,True,False,Meera Rao,1.0,True,False,0.91,,QR / digital signature,Verified
MER-20240140978,C0250,IS004,Degree/Certificate,B.Sc (CS),,2024-01-26,,True,False,Priya Pillai,0.97,True,False,0.96,,Issuer API,Verified
LEA-20200002580,C0250,IS020,Skill Certificate,Professional Certificate: FastAPI & PostgreSQL,FastAPI|PostgreSQL,2020-07-13,2023-07-13,True,True,Priya Pillai,0.95,True,False,0.98,,Issuer API,Verified
NOR-20269003628,C0251,IS001,Degree/Certificate,B.Tech,,2026-01-14,,True,True,Aarav Fernandes,0.98,True,False,0.97,,QR / digital signature,Verified
COD-20188481426,C0251,IS015,Skill Certificate,Professional Certificate: JavaScript & REST API,JavaScript|REST API,2018-05-14,,True,True,Aarav Fernandes,0.93,True,False,0.92,,Issuer API,Verified
OPE-20196453946,C0251,IS019,Skill Certificate,Certificate in MongoDB,MongoDB,2019-08-20,,True,True,Aarav Fernandes,0.97,True,False,0.9,,Issuer API,Verified
OPE-20258089711,C0251,IS019,Skill Certificate,Professional Certificate: SQL & Express.js,SQL|Express.js,2025-05-09,,True,False,Aarav Fernandes,0.95,True,False,0.97,,Issuer API,Verified
NOR-20245685712,C0252,IS001,Degree/Certificate,B.Sc (CS),,2024-07-03,,False,True,Vivaan Verma,0.98,True,False,0.98,,QR / digital signature,Verified
EDU-20248903245,C0252,IS021,Skill Certificate,Professional Certificate: Machine Learning & NumPy,Machine Learning|NumPy,2024-05-14,,True,True,Vivaan Verma,0.96,True,False,0.96,,Issuer API,Verified
LEA-20193113584,C0252,IS020,Skill Certificate,Professional Certificate: Pandas & Machine Learning,Pandas|Machine Learning,2019-06-22,,True,True,Vivaan Verma,0.99,True,False,0.89,,Issuer API,Verified
VIN-20201457502,C0253,IS005,Degree/Certificate,M.Sc (Data Science),,2020-10-05,,True,False,Deepa Rao,0.99,True,False,0.96,,QR / digital signature,Verified
OPE-20194209746,C0253,IS019,Skill Certificate,Professional Certificate: REST API & JavaScript,REST API|JavaScript,2019-09-28,2022-09-28,True,True,Deepa Rao,0.98,True,False,0.93,,Issuer API,Verified
INF-20249761535,C0253,IS024,Skill Certificate,Professional Certificate: Node.js & JavaScript,Node.js|JavaScript,2024-03-19,2027-03-19,True,False,Deepa Rao,1.0,True,False,0.99,,Manual issuer confirmation,Pending Verification
KAV-20262325674,C0254,IS002,Degree/Certificate,B.Tech,,1990-09-03,,False,False,Mohit Singh,0.64,False,False,0.92,name_mismatch|date_before_issuer_founded|bad_checksum,Cross-check failed,Suspicious
EDU-20254990730,C0254,IS021,Skill Certificate,Certificate in REST API,REST API,2025-01-04,2028-01-04,True,True,Mohit Banerjee,0.93,True,False,0.95,,Issuer API,Verified
OPE-20185381058,C0254,IS019,Skill Certificate,Certificate in REST API,REST API,2018-04-01,2021-04-01,True,False,Mohit Banerjee,0.97,True,False,0.88,,Issuer API,Verified
EDU-20241736485,C0254,IS021,Skill Certificate,Certificate in REST API,REST API,2024-03-17,2027-03-17,True,True,Mohit Banerjee,0.97,True,False,0.93,,Issuer API,Verified
SAH-20246256547,C0255,IS003,Degree/Certificate,B.Tech,,2024-04-14,,False,False,Priya Yadav,0.93,True,False,0.75,,None available,Unverified
PIX-20215975580,C0255,IS018,Skill Certificate,Professional Certificate: SQL & Power BI,SQL|Power BI,2021-09-09,,False,True,Priya Yadav,0.96,True,False,0.98,,Issuer API,Verified
SKI-20259628970,C0255,IS016,Skill Certificate,Professional Certificate: Excel & Power BI,Excel|Power BI,2025-01-05,2028-01-05,True,False,Priya Yadav,0.98,True,False,0.91,,Issuer API,Verified
SAH-20231983311,C0256,IS003,Degree/Certificate,B.E.,,2023-07-06,,False,False,Lakshmi Naidu,0.99,True,False,0.93,,Issuer API,Verified
NEX-20218424529,C0256,IS016,Skill Certificate,Certificate in Linux,Linux,2007-08-15,,False,False,Lakshmi Naidu,0.99,True,True,0.56,template_mismatch|date_before_issuer_founded|duplicate_id,Cross-check failed,Suspicious
NEX-20182590602,C0256,IS022,Skill Certificate,Professional Certificate: Linux & CI/CD,Linux|CI/CD,2018-05-04,,False,False,Lakshmi Naidu,0.95,True,False,0.9,,Manual issuer confirmation,Pending Verification
NOR-20207945013,C0257,IS001,Degree/Certificate,B.Tech,,2020-08-05,,True,True,Harpreet Reddy,0.98,True,False,0.99,,QR / digital signature,Verified
EDU-20188340408,C0257,IS021,Skill Certificate,Certificate in REST API,REST API,2018-05-08,,True,False,Harpreet Reddy,1.0,True,False,0.94,,Manual issuer confirmation,Pending Verification
BRI-20216487254,C0257,IS017,Skill Certificate,Professional Certificate: Java & MySQL,Java|MySQL,2021-08-22,,True,False,Harpreet Reddy,0.95,True,False,0.93,,Issuer API,Verified
MER-20250530357,C0258,IS004,Degree/Certificate,BCA,,2025-08-01,,True,False,Rahul Menon,0.95,True,False,0.95,,Issuer API,Verified
MER-20231955285,C0259,IS004,Degree/Certificate,B.E.,,2023-07-08,,True,True,Sanjay Thakur,0.98,True,False,0.89,,Issuer API,Verified
MER-20251400659,C0259,IS014,Skill Certificate,Professional Certificate: Redis & PostgreSQL,Redis|PostgreSQL,2010-08-24,2013-08-24,False,False,Sanjay Thakur,0.95,True,True,0.99,duplicate_id|date_before_issuer_founded,Cross-check failed,Suspicious
MER-20229935496,C0260,IS004,Degree/Certificate,B.E.,,2000-05-23,,True,False,Priya Bose,0.49,False,False,0.92,date_before_issuer_founded|bad_checksum|name_mismatch,Cross-check failed,Suspicious
KAV-20235284484,C0261,IS002,Degree/Certificate,B.Tech,,2023-02-12,,False,False,Nikhil Yadav,0.96,True,False,0.89,,Manual issuer confirmation,Pending Verification
COA-20244534952,C0262,IS006,Degree/Certificate,BCA,,2024-10-12,,True,True,Pooja Fernandes,0.96,True,False,0.91,,Issuer API,Verified
OPE-20257157709,C0262,IS019,Skill Certificate,Certificate in React,React,2025-04-26,2028-04-26,True,False,Pooja Fernandes,0.94,True,False,0.95,,Manual issuer confirmation,Pending Verification
KAV-20258295136,C0263,IS002,Degree/Certificate,B.Tech,,2025-11-16,,False,False,Suresh Sharma,0.98,True,False,0.76,,None available,Unverified
COD-20247954611,C0263,IS015,Skill Certificate,Professional Certificate: Spring Boot & SQL,Spring Boot|SQL,2024-08-26,,True,True,Suresh Sharma,0.96,True,False,0.9,,Issuer API,Verified
LOT-20257380806,C0264,IS008,Degree/Certificate,B.Sc (CS),,2025-09-19,,True,True,Isha Gupta,1.0,True,False,0.94,,Issuer API,Verified
VIN-20262021635,C0265,IS005,Degree/Certificate,BCA,,2026-06-16,,True,False,Gurpreet Kapoor,0.99,True,False,0.94,,Manual issuer confirmation,Verified
OPE-20254141573,C0265,IS019,Skill Certificate,Professional Certificate: SQL & JavaScript,SQL|JavaScript,2025-03-07,,False,False,Gurpreet Kapoor,0.99,True,False,0.65,,None available,Unverified
OPE-20183383247,C0265,IS019,Skill Certificate,Professional Certificate: Docker & SQL,Docker|SQL,2018-02-14,2021-02-14,True,False,Gurpreet Kapoor,0.95,True,False,0.92,,Issuer API,Verified
NOR-20219608179,C0266,IS001,Degree/Certificate,B.Tech,,2021-05-05,,True,True,Sneha Gupta,0.94,True,False,0.96,,QR / digital signature,Verified
ARA-20261010506,C0267,IS007,Degree/Certificate,BCA,,2026-01-08,,True,False,Aditya Khan,0.97,True,False,0.93,,QR / digital signature,Verified
NOR-20225671567,C0268,IS001,Degree/Certificate,Diploma in Engineering,,2022-02-15,,True,False,Jasleen Chatterjee,0.97,True,False,0.92,,Manual issuer confirmation,Pending Verification
COD-20234344453,C0268,IS015,Skill Certificate,Certificate in FastAPI,FastAPI,2023-10-10,,True,True,Jasleen Chatterjee,0.97,True,False,0.95,,Issuer API,Verified
COA-20265365849,C0269,IS006,Degree/Certificate,BCA,,2026-05-18,,True,True,Thomas Banerjee,0.96,True,False,0.9,,Issuer API,Verified
INF-20251582696,C0269,IS024,Skill Certificate,Professional Certificate: Statistics & Pandas,Statistics|Pandas,2025-07-03,,True,True,Thomas Banerjee,0.95,True,False,0.93,,Issuer API,Verified
ARA-20263385906,C0270,IS007,Degree/Certificate,B.E.,,2026-04-04,,True,False,Thomas Verma,0.95,True,False,0.96,,QR / digital signature,Verified
COD-20186749766,C0270,IS015,Skill Certificate,Certificate in SQL,SQL,2018-06-05,2021-06-05,True,True,Thomas Verma,0.94,True,False,0.94,,Issuer API,Verified
SKI-20222937656,C0270,IS016,Skill Certificate,Professional Certificate: Spring Boot & SQL,Spring Boot|SQL,2022-12-27,,False,False,Thomas Verma,0.95,True,False,0.92,,Issuer API,Verified
INF-20199971688,C0270,IS024,Skill Certificate,Certificate in SQL,SQL,2019-05-16,,True,True,Thomas Verma,0.93,True,False,0.99,,Issuer API,Verified
UDY-20244750111,C0271,IS011,Degree/Certificate,ITI (NCVT) Certificate,CNC Machining|AutoCAD|Welding,2024-08-12,,True,False,Vivaan Iyer,0.98,True,False,0.9,,Manual issuer confirmation,Verified
INF-20214126177,C0271,IS024,Skill Certificate,Professional Certificate: Welding & CNC Machining,Welding|CNC Machining,2021-02-17,,True,True,Vivaan Iyer,1.0,True,False,0.97,,Issuer API,Verified
MER-20255028050,C0272,IS004,Degree/Certificate,B.Tech,,2025-05-22,,True,False,Zoya Bose,0.96,True,False,0.99,,Issuer API,Verified
LEA-20250270855,C0272,IS020,Skill Certificate,Certificate in Spring Boot,Spring Boot,2025-08-10,2028-08-10,True,True,Zoya Bose,0.98,True,False,0.9,,Issuer API,Verified
LEA-20222530881,C0272,IS020,Skill Certificate,Certificate in Microservices,Microservices,2022-11-21,,True,True,Zoya Bose,1.0,True,False,0.97,,Issuer API,Verified
INF-20236030753,C0272,IS024,Skill Certificate,Certificate in Git,Git,2023-12-01,,False,False,Zoya Gupta,0.6,True,False,0.95,name_mismatch,Cross-check failed,Suspicious
LEA-20244566624,C0272,IS020,Skill Certificate,Certificate in MySQL,MySQL,2024-07-14,2027-07-14,False,True,Zoya Bose,1.0,True,False,0.88,,Issuer API,Verified
NOR-20256004803,C0273,IS001,Degree/Certificate,B.Tech,,2025-09-08,,True,True,Tanvi Menon,0.93,True,False,0.94,,QR / digital signature,Verified
LEA-20223963305,C0273,IS020,Skill Certificate,Certificate in TensorFlow,TensorFlow,2022-06-09,,True,True,Tanvi Menon,0.98,True,False,0.96,,Issuer API,Verified
OPE-20210973028,C0273,IS019,Skill Certificate,Professional Certificate: NLP & TensorFlow,NLP|TensorFlow,2021-03-12,,True,False,Tanvi Menon,0.94,True,False,0.96,,Issuer API,Verified
MER-20265265973,C0274,IS004,Degree/Certificate,BCA,,2026-01-06,,True,False,Arjun Yadav,0.96,True,False,0.92,,Issuer API,Verified
SAH-20257217958,C0275,IS003,Degree/Certificate,B.Sc (CS),,2025-02-11,,False,False,Joseph Gupta,0.94,True,False,0.93,,Issuer API,Verified
EDU-20198011445,C0275,IS021,Skill Certificate,Professional Certificate: FastAPI & Flask,FastAPI|Flask,2019-05-16,,True,True,Joseph Gupta,0.99,True,False,1.0,,Issuer API,Verified
INF-20184367207,C0275,IS024,Skill Certificate,Professional Certificate: FastAPI & Redis,FastAPI|Redis,2018-10-14,,True,True,Joseph Gupta,0.95,True,False,0.91,,Issuer API,Verified
NOR-20235402987,C0276,IS001,Degree/Certificate,Diploma in Engineering,,2023-07-26,,True,True,Jasleen Gupta,0.98,True,False,0.96,,QR / digital signature,Verified
OPE-20251371520,C0276,IS019,Skill Certificate,Professional Certificate: Kubernetes & Azure,Kubernetes|Azure,2025-04-16,,True,False,Jasleen Gupta,0.96,True,False,0.94,,Issuer API,Verified
BRI-20265807964,C0276,IS017,Skill Certificate,Certificate in Docker,Docker,2026-05-23,,True,False,Jasleen Gupta,0.99,True,False,0.88,,Issuer API,Verified
NEX-20204175762,C0276,IS022,Skill Certificate,Professional Certificate: AWS & Git,AWS|Git,2020-02-10,2023-02-10,True,True,Jasleen Gupta,0.98,True,False,0.95,,Issuer API,Verified
COA-20246862435,C0277,IS006,Degree/Certificate,B.Tech,,2024-05-19,,True,True,Isha Verma,0.98,True,False,0.96,,Issuer API,Verified
NOR-20210798334,C0278,IS001,Degree/Certificate,B.Tech,,2021-05-02,,True,True,Isha Yadav,0.98,True,False,0.89,,QR / digital signature,Verified
NEX-20244543920,C0278,IS022,Skill Certificate,Professional Certificate: JavaScript & SQL,JavaScript|SQL,2024-10-22,,True,True,Isha Yadav,1.0,True,False,0.9,,Issuer API,Verified
EDU-20231840255,C0278,IS021,Skill Certificate,Certificate in Node.js,Node.js,2023-03-11,,True,False,Isha Yadav,0.98,True,False,0.94,,Manual issuer confirmation,Pending Verification
COA-20261421612,C0279,IS006,Degree/Certificate,B.Tech,,2026-02-16,,True,True,Gurpreet Banerjee,0.97,True,False,0.88,,Issuer API,Verified
NOR-20259504189,C0280,IS001,Degree/Certificate,BCA,,2025-09-25,,True,True,Vikram Pillai,0.94,True,False,0.96,,QR / digital signature,Verified
INF-20259267167,C0280,IS024,Skill Certificate,Certificate in Linux,Linux,2025-05-24,2028-05-24,True,True,Vikram Pillai,0.97,True,False,0.95,,Issuer API,Verified
LOT-20249370915,C0281,IS008,Degree/Certificate,B.Tech,,2024-06-15,,True,False,Arjun Kapoor,0.93,True,False,0.93,,Manual issuer confirmation,Pending Verification
MER-20209690229,C0281,IS014,Skill Certificate,Professional Certificate: SQL & Selenium,SQL|Selenium,2008-10-06,2011-10-06,False,False,Arjun Kulkarni,0.57,True,True,0.99,name_mismatch|duplicate_id|date_before_issuer_founded,Cross-check failed,Suspicious
UDY-20254056672,C0282,IS011,Degree/Certificate,Diploma in Engineering,CNC Machining|Electrical Wiring,2025-03-17,,False,True,Maria Verma,0.95,True,False,0.91,,QR / digital signature,Verified
BRI-20206292441,C0282,IS017,Skill Certificate,Professional Certificate: Electrical Wiring & CNC Machining,Electrical Wiring|CNC Machining,2020-12-20,2023-12-20,True,False,Maria Verma,0.94,True,False,0.9,,Issuer API,Verified
SKI-20184270542,C0282,IS016,Skill Certificate,Certificate in CNC Machining,CNC Machining,2018-05-03,,False,False,Maria Verma,0.96,True,False,0.82,,None available,Unverified
MER-20267340170,C0283,IS004,Degree/Certificate,B.Tech,,2026-07-14,,True,False,Mohit Verma,0.96,True,False,0.94,,Issuer API,Verified
STA-20258513348,C0283,IS023,Skill Certificate,Professional Certificate: Spring Boot & JUnit,Spring Boot|JUnit,2025-10-20,2028-10-20,True,True,Mohit Verma,0.99,True,False,0.91,,Issuer API,Verified
VIN-20251194088,C0284,IS005,Degree/Certificate,B.Tech,,2025-02-22,,True,False,Yash Patel,0.96,True,False,0.96,,QR / digital signature,Verified
SAH-20203702517,C0285,IS003,Degree/Certificate,B.Tech,,2020-07-26,,True,False,Nikhil Kapoor,0.94,True,False,0.93,,Issuer API,Verified
PIX-20218446092,C0285,IS018,Skill Certificate,Professional Certificate: Spring Boot & JUnit,Spring Boot|JUnit,2021-06-03,,False,False,Nikhil Kapoor,0.94,True,False,0.9,,None available,Unverified
EDU-20213831827,C0285,IS021,Skill Certificate,Certificate in SQL,SQL,2021-08-27,2024-08-27,False,False,Nikhil Kapoor,0.98,True,False,0.92,,Manual issuer confirmation,Pending Verification
COA-20263008094,C0286,IS006,Degree/Certificate,B.Tech,,2026-09-22,,True,False,Shreya Mishra,0.99,True,False,1.0,,Issuer API,Verified
DAT-20235449996,C0286,IS014,Skill Certificate,Professional Certificate: JavaScript & React,JavaScript|React,2023-02-28,,False,False,Shreya Mishra,0.95,True,False,0.81,,None available,Unverified
INF-20258817228,C0286,IS024,Skill Certificate,Certificate in Express.js,Express.js,2025-09-22,,True,True,Shreya Mishra,1.0,True,False,1.0,,Issuer API,Verified
INF-20209714680,C0286,IS024,Skill Certificate,Professional Certificate: SQL & REST API,SQL|REST API,2020-12-02,2023-12-02,True,True,Shreya Mishra,0.97,True,False,0.96,,Issuer API,Verified
NOR-20258006905,C0287,IS001,Degree/Certificate,Diploma in Engineering,,2025-10-12,,False,True,Nikhil Thakur,0.99,True,False,0.99,,QR / digital signature,Verified
OPE-20189425885,C0287,IS019,Skill Certificate,Certificate in Python,Python,2018-02-04,,True,False,Nikhil Thakur,0.95,True,False,0.93,,Issuer API,Verified
LEA-20182272656,C0287,IS020,Skill Certificate,Professional Certificate: Flask & FastAPI,Flask|FastAPI,2018-09-02,2021-09-02,True,True,Nikhil Thakur,1.0,True,False,0.97,,Issuer API,Verified
INF-20220714479,C0287,IS024,Skill Certificate,Certificate in Python,Python,2022-05-21,,True,False,Nikhil Thakur,0.93,True,False,0.89,,Manual issuer confirmation,Pending Verification
NOR-20253931362,C0288,IS001,Degree/Certificate,B.Sc (CS),,2025-09-07,,True,True,Joseph Banerjee,0.94,True,False,0.92,,QR / digital signature,Verified
PIX-20237398639,C0288,IS018,Skill Certificate,Certificate in MongoDB,MongoDB,2023-06-15,,True,True,Joseph Banerjee,0.94,True,False,0.92,,Issuer API,Verified
CLO-20261669566,C0288,IS013,Skill Certificate,Certificate in Git,Git,2026-03-10,2028-03-10,True,False,Joseph Banerjee,0.96,True,False,0.96,,Issuer API,Verified
UDY-20254640848,C0289,IS011,Degree/Certificate,ITI (NCVT) Certificate,CNC Machining|Welding|Electrical Wiring|PLC Programming,2025-01-01,,False,False,Sanjay Nair,0.99,True,False,0.9,,Manual issuer confirmation,Pending Verification
SAH-20266540671,C0290,IS003,Degree/Certificate,B.Sc (CS),,2026-05-08,,True,False,Ayesha Reddy,0.98,True,False,0.94,,Issuer API,Verified
INF-20241195567,C0290,IS024,Skill Certificate,Certificate in HTML,HTML,2024-01-25,,True,True,Ayesha Reddy,0.95,True,False,0.97,,Issuer API,Verified
SHR-20212185985,C0291,IS010,Degree/Certificate,Diploma in Engineering,CNC Machining|Electrical Wiring|PLC Programming,2021-06-09,,True,False,Nikhil Menon,0.99,True,False,0.94,,QR / digital signature,Verified
LEA-20187607328,C0291,IS020,Skill Certificate,Certificate in CNC Machining,CNC Machining,2018-11-23,2021-11-23,True,True,Nikhil Menon,0.94,True,False,0.91,,Issuer API,Verified
PIX-20237996721,C0291,IS018,Skill Certificate,Certificate in CNC Machining,CNC Machining,2023-10-23,,False,False,Nikhil Menon,0.99,True,False,0.89,,None available,Unverified
CLO-20186241004,C0291,IS013,Skill Certificate,Professional Certificate: CNC Machining & Electrical Wiring,CNC Machining|Electrical Wiring,2018-09-27,,True,True,Nikhil Menon,0.97,True,False,0.89,,Issuer API,Verified
BHA-20251467286,C0292,IS009,Degree/Certificate,Diploma in Engineering,CNC Machining|AutoCAD|Welding,1990-08-23,,False,False,Aarav Chatterjee,0.53,True,False,0.95,name_mismatch|date_before_issuer_founded,Cross-check failed,Suspicious
LEA-20259415600,C0292,IS020,Skill Certificate,Certificate in CNC Machining,CNC Machining,2025-07-28,,True,True,Aarav Thakur,0.94,True,False,0.94,,Issuer API,Verified
NOR-20243696018,C0293,IS001,Degree/Certificate,BCA,,2024-10-28,,False,False,Tanvi Joshi,0.99,True,False,0.77,,None available,Unverified
SAH-20249853936,C0294,IS003,Degree/Certificate,Diploma in Engineering,,2024-05-09,,True,False,Yash Mishra,0.96,True,False,0.91,,Issuer API,Verified
INF-20268626858,C0294,IS024,Skill Certificate,Professional Certificate: Microservices & Docker,Microservices|Docker,2026-09-22,2028-09-22,True,True,Yash Mishra,0.96,True,False,0.99,,Issuer API,Verified
BRI-20263110841,C0294,IS017,Skill Certificate,Professional Certificate: Docker & JUnit,Docker|JUnit,2026-04-26,2028-04-26,False,False,Yash Mishra,0.97,True,False,0.81,,None available,Unverified
EDU-20244552673,C0294,IS021,Skill Certificate,Professional Certificate: JUnit & Docker,JUnit|Docker,2024-08-07,,True,True,Yash Mishra,1.0,True,False,0.98,,Issuer API,Verified
ARA-20253715609,C0295,IS007,Degree/Certificate,B.Tech,,2025-06-04,,True,True,Mohit Rao,0.93,True,False,0.9,,QR / digital signature,Verified
LOT-20245565021,C0295,IS019,Skill Certificate,Professional Certificate: Unit Testing & CI/CD,Unit Testing|CI/CD,2010-11-22,2013-11-22,False,False,Mohit Rao,0.94,True,True,0.91,date_before_issuer_founded|duplicate_id,Cross-check failed,Suspicious
COD-20238362253,C0295,IS015,Skill Certificate,Certificate in Unit Testing,Unit Testing,2023-04-03,,True,False,Mohit Rao,0.98,True,False,0.99,,Manual issuer confirmation,Pending Verification
MER-20261242851,C0296,IS004,Degree/Certificate,B.E.,,2026-05-17,,True,True,Maria Singh,0.97,True,False,0.97,,Issuer API,Verified
DAT-20182454106,C0296,IS014,Skill Certificate,Certificate in Pandas,Pandas,2018-07-19,,True,False,Maria Singh,0.94,True,False,0.98,,Issuer API,Verified
EDU-20237809072,C0296,IS021,Skill Certificate,Certificate in Machine Learning,Machine Learning,2023-02-14,2026-02-14,True,True,Maria Singh,0.96,True,False,0.89,,Issuer API,Verified
COA-20251326523,C0297,IS006,Degree/Certificate,BCA,,1990-07-05,,False,False,Meera Yadav,0.96,False,False,0.97,bad_checksum|date_before_issuer_founded,Cross-check failed,Suspicious
LEA-20185129333,C0297,IS020,Skill Certificate,Professional Certificate: AWS & Python,AWS|Python,2018-12-17,,True,True,Meera Yadav,0.95,True,False,0.95,,Issuer API,Verified
KAV-20220791857,C0298,IS002,Degree/Certificate,Diploma in Engineering,,2022-02-02,,True,True,Meera Fernandes,0.99,True,False,0.98,,Issuer API,Verified
OPE-20197867912,C0298,IS019,Skill Certificate,Professional Certificate: Redis & Python,Redis|Python,2019-01-28,,True,True,Meera Fernandes,0.95,True,False,0.91,,Issuer API,Verified
LEA-20185614250,C0298,IS020,Skill Certificate,Certificate in Python,Python,2018-02-08,,True,True,Meera Fernandes,0.98,True,False,0.9,,Issuer API,Verified
KAV-20244485668,C0299,IS002,Degree/Certificate,B.Tech,,2024-03-15,,True,True,Priya Gupta,0.96,True,False,0.91,,Issuer API,Verified
STA-20197085531,C0299,IS023,Skill Certificate,Professional Certificate: Express.js & Docker,Express.js|Docker,2019-12-25,,True,True,Priya Gupta,0.97,True,False,0.93,,Issuer API,Verified
CLO-20247782376,C0299,IS013,Skill Certificate,Professional Certificate: TypeScript & REST API,TypeScript|REST API,2024-02-05,,False,False,Priya Gupta,0.96,True,False,0.98,,Issuer API,Verified
DAT-20234810511,C0299,IS014,Skill Certificate,Professional Certificate: Express.js & Docker,Express.js|Docker,2023-08-07,,True,False,Priya Gupta,0.94,True,False,0.95,,Issuer API,Verified
KAV-20269519425,C0300,IS002,Degree/Certificate,B.Tech,,2026-02-02,,False,True,Divya Kapoor,0.95,True,False,0.93,,Issuer API,Verified
DAT-20194736029,C0300,IS014,Skill Certificate,Certificate in Python,Python,2019-02-18,,True,True,Divya Kapoor,0.94,True,False,0.94,,Issuer API,Verified
MER-20256253475,C0301,IS004,Degree/Certificate,B.Tech,,2025-02-06,,True,False,Jasleen Joshi,0.96,True,False,0.99,,Issuer API,Verified
LOT-20261932063,C0302,IS008,Degree/Certificate,B.E.,,2026-03-18,,True,True,Isha Joshi,0.95,True,False,0.99,,Issuer API,Verified
EDU-20224414209,C0302,IS021,Skill Certificate,Certificate in Next.js,Next.js,2022-08-28,,False,False,Isha Joshi,0.99,True,False,0.99,,Manual issuer confirmation,Pending Verification
LEA-20185683289,C0302,IS020,Skill Certificate,Certificate in TypeScript,TypeScript,2018-02-23,,True,True,Isha Joshi,0.96,True,False,0.95,,Issuer API,Verified
INF-20262451097,C0302,IS024,Skill Certificate,Professional Certificate: JavaScript & Tailwind CSS,JavaScript|Tailwind CSS,2026-05-11,,False,False,Isha Joshi,0.94,True,False,0.79,,None available,Unverified
DAT-20191379823,C0303,IS004,Degree/Certificate,B.E.,,2026-01-06,,False,False,Arjun Yadav,0.95,False,True,0.63,duplicate_id|template_mismatch|bad_checksum,Cross-check failed,Suspicious
CLO-20260682891,C0303,IS013,Skill Certificate,Professional Certificate: Linux & Deep Learning,Linux|Deep Learning,2026-07-22,,True,False,Arjun Yadav,1.0,True,False,0.93,,Issuer API,Verified
COA-20242113635,C0304,IS006,Degree/Certificate,Diploma in Engineering,,2024-07-07,,True,True,Pooja Iyer,0.99,True,False,0.96,,Issuer API,Verified
PIX-20211075070,C0304,IS018,Skill Certificate,Certificate in Python,Python,2021-08-12,2024-08-12,True,True,Pooja Iyer,1.0,True,False,0.97,,Issuer API,Verified
LEA-20188137432,C0304,IS020,Skill Certificate,Professional Certificate: Tableau & SQL,Tableau|SQL,2018-09-14,,True,True,Pooja Iyer,0.99,True,False,0.98,,Issuer API,Verified
KAV-20248966754,C0305,IS002,Degree/Certificate,B.Tech,,2024-12-28,,True,True,Ritika Menon,0.97,True,False,0.98,,Issuer API,Verified
SKI-20182735330,C0305,IS016,Skill Certificate,Professional Certificate: Flutter & Git,Flutter|Git,2018-02-28,,True,False,Ritika Menon,0.97,True,False,0.99,,Issuer API,Verified
PIX-20263530782,C0305,IS018,Skill Certificate,Professional Certificate: Git & Kotlin,Git|Kotlin,2026-08-28,2028-08-28,True,True,Ritika Menon,0.96,True,False,0.98,,Issuer API,Verified
KAV-20242524109,C0306,IS002,Degree/Certificate,Diploma in Engineering,,2024-11-28,,False,False,Divya Chatterjee,0.97,False,False,0.56,bad_checksum|template_mismatch,Cross-check failed,Suspicious
BRI-20213014887,C0306,IS017,Skill Certificate,Professional Certificate: REST API & Kotlin,REST API|Kotlin,2021-09-21,,True,False,Divya Chatterjee,0.97,True,False,0.97,,Issuer API,Verified
CLO-20232314573,C0306,IS013,Skill Certificate,Certificate in Java,Java,2023-09-12,2026-09-12,True,True,Divya Chatterjee,0.93,True,False,0.98,,Issuer API,Verified
PRE-20265643252,C0307,IS012,Degree/Certificate,ITI (NCVT) Certificate,AutoCAD|Welding,2026-07-15,,True,False,Maria Khan,0.95,True,False,0.88,,Issuer API,Verified
INF-20258216181,C0307,IS024,Skill Certificate,Professional Certificate: AutoCAD & Welding,AutoCAD|Welding,2025-08-09,,False,False,Maria Khan,0.96,True,False,0.69,,None available,Unverified
ARA-20257524866,C0308,IS007,Degree/Certificate,B.Tech,,2025-01-21,,True,False,Sneha Das,0.93,True,False,0.98,,QR / digital signature,Verified
SAH-20254704727,C0309,IS003,Degree/Certificate,B.E.,,2025-05-16,,True,False,Ritika Rao,0.96,True,False,0.89,,Issuer API,Verified
LEA-20184839783,C0309,IS020,Skill Certificate,Professional Certificate: Python & REST API,Python|REST API,2018-05-24,2021-05-24,True,True,Ritika Rao,0.98,True,False,0.93,,Issuer API,Verified
DAT-20266439411,C0309,IS014,Skill Certificate,Professional Certificate: MySQL & Microservices,MySQL|Microservices,2026-03-23,,False,False,Ritika Rao,0.93,True,False,0.91,,None available,Unverified
NOR-20202805311,C0310,IS001,Degree/Certificate,B.Tech,,2020-06-07,,True,True,Suresh Das,0.99,True,False,1.0,,QR / digital signature,Verified
PRE-20238881351,C0311,IS012,Degree/Certificate,ITI (NCVT) Certificate,CNC Machining|Welding|Electrical Wiring|PLC Programming,2023-04-25,,False,False,Nikhil Rao,0.93,True,False,0.95,,Manual issuer confirmation,Pending Verification
NEX-20203095318,C0311,IS022,Skill Certificate,Certificate in Electrical Wiring,Electrical Wiring,2020-08-07,,True,True,Nikhil Rao,0.94,True,False,0.89,,Issuer API,Verified
BRI-20233800497,C0311,IS017,Skill Certificate,Certificate in Electrical Wiring,Electrical Wiring,2023-11-12,,True,True,Nikhil Rao,0.94,True,False,0.89,,Issuer API,Verified
INF-20224623700,C0311,IS024,Skill Certificate,Certificate in Electrical Wiring,Electrical Wiring,2022-01-15,2025-01-15,True,False,Nikhil Rao,0.97,True,False,0.96,,Manual issuer confirmation,Pending Verification
EDU-20233178019,C0311,IS021,Skill Certificate,Certificate in Electrical Wiring,Electrical Wiring,2023-10-18,2026-10-18,False,False,Nikhil Rao,0.98,True,False,0.92,,Manual issuer confirmation,Pending Verification
KAV-20266819760,C0312,IS002,Degree/Certificate,B.E.,,2026-08-11,,True,True,Anjali Fernandes,0.98,True,False,0.98,,Issuer API,Verified
SKI-20202029540,C0312,IS016,Skill Certificate,Professional Certificate: Python & Cybersecurity,Python|Cybersecurity,2020-01-17,2023-01-17,True,False,Anjali Fernandes,0.97,True,False,0.94,,Issuer API,Verified
NEX-20218384962,C0312,IS022,Skill Certificate,Certificate in Python,Python,2021-03-22,,False,True,Anjali Fernandes,0.97,True,False,0.99,,Issuer API,Verified
LOT-20264185271,C0313,IS008,Degree/Certificate,BCA,,2026-08-26,,True,True,Aditya Menon,0.98,True,False,0.95,,Issuer API,Verified
CLO-20180874842,C0313,IS013,Skill Certificate,Professional Certificate: Redis & Docker,Redis|Docker,2018-05-28,2021-05-28,True,False,Aditya Menon,0.97,True,False,1.0,,Manual issuer confirmation,Pending Verification
MER-20211322191,C0314,IS004,Degree/Certificate,Diploma in Engineering,,2021-12-08,,True,False,Lakshmi Iyer,0.98,True,False,0.93,,Issuer API,Verified
SKI-20266572369,C0314,IS016,Skill Certificate,Certificate in Redis,Redis,2026-07-27,,False,False,Lakshmi Iyer,0.97,True,False,0.82,,None available,Unverified
PIX-20225607744,C0314,IS018,Skill Certificate,Certificate in Redis,Redis,2022-11-22,2025-11-22,False,False,Lakshmi Iyer,0.98,True,False,0.89,,None available,Unverified
NOR-20227962097,C0315,IS001,Degree/Certificate,B.Tech,,2022-09-09,,True,True,Arjun Naidu,0.97,True,False,0.97,,QR / digital signature,Verified
NEX-20204301368,C0315,IS022,Skill Certificate,Certificate in Docker,Docker,2020-08-13,,True,True,Arjun Naidu,0.97,True,False,0.95,,Issuer API,Verified
MER-20242281119,C0316,IS004,Degree/Certificate,B.Sc (CS),,2024-07-09,,True,False,Maria Bose,1.0,True,False,0.92,,Issuer API,Verified
NEX-20245884380,C0316,IS022,Skill Certificate,Professional Certificate: Kubernetes & Linux,Kubernetes|Linux,2024-01-15,2027-01-15,True,True,Maria Bose,0.97,True,False,0.98,,Issuer API,Verified
NOR-20242520698,C0317,IS001,Degree/Certificate,M.Sc (Data Science),,2024-10-09,,False,False,Arjun Chatterjee,0.98,True,False,0.98,,Manual issuer confirmation,Pending Verification
STA-20204910465,C0317,IS023,Skill Certificate,Certificate in Java,Java,2020-06-12,,True,True,Arjun Chatterjee,1.0,True,False,0.92,,Issuer API,Verified
NEX-20254126228,C0317,IS022,Skill Certificate,Professional Certificate: REST API & JUnit,REST API|JUnit,2025-05-04,,True,True,Arjun Chatterjee,0.97,True,False,0.99,,Issuer API,Verified
SAH-20230350686,C0318,IS003,Degree/Certificate,B.E.,,2023-05-19,,True,False,Isha Joshi,0.96,True,False,0.93,,Manual issuer confirmation,Pending Verification
SKI-20241151776,C0318,IS016,Skill Certificate,Certificate in Excel,Excel,2024-12-05,,True,True,Isha Joshi,0.98,True,False,0.92,,Issuer API,Verified
EDU-20247097346,C0318,IS021,Skill Certificate,Certificate in Pandas,Pandas,2024-08-13,,True,False,Isha Joshi,0.95,True,False,1.0,,Manual issuer confirmation,Pending Verification
KAV-20233958816,C0319,IS002,Degree/Certificate,B.Tech,,2023-11-09,,True,True,Sneha Patel,0.99,True,False,0.96,,Issuer API,Verified
NEX-20239694449,C0319,IS022,Skill Certificate,Certificate in Docker,Docker,2023-05-10,2026-05-10,True,True,Sneha Patel,0.94,True,False,0.94,,Issuer API,Verified
OPE-20234006045,C0319,IS019,Skill Certificate,Professional Certificate: Docker & Python,Docker|Python,2023-02-07,,False,False,Sneha Patel,0.99,True,False,0.9,,Issuer API,Verified
NOR-20245412174,C0320,IS001,Degree/Certificate,B.Tech,,2024-09-28,,True,True,Rahul Pillai,0.96,True,False,0.89,,QR / digital signature,Verified
DAT-20219290887,C0320,IS014,Skill Certificate,Certificate in Python,Python,2021-01-08,2024-01-08,True,False,Rahul Pillai,0.99,True,False,0.9,,Issuer API,Verified
BRI-20241144920,C0320,IS017,Skill Certificate,Certificate in Python,Python,2024-08-10,2027-08-10,True,False,Rahul Pillai,0.97,True,False,0.89,,Issuer API,Verified
VIN-20268799606,C0321,IS005,Degree/Certificate,B.Tech,,2026-04-22,,False,False,Farhan Patel,0.97,True,False,0.88,,None available,Unverified
STA-20193544945,C0321,IS023,Skill Certificate,Certificate in HTML,HTML,2019-08-10,2022-08-10,True,True,Farhan Patel,0.99,True,False,0.93,,Issuer API,Verified
EDU-20180854455,C0321,IS021,Skill Certificate,Certificate in HTML,HTML,2018-03-24,,True,True,Farhan Patel,0.95,True,False,0.99,,Issuer API,Verified
OPE-20213464694,C0321,IS019,Skill Certificate,Professional Certificate: Next.js & HTML,Next.js|HTML,2021-02-19,,True,False,Farhan Patel,0.96,True,False,0.99,,Issuer API,Verified
MER-20245071426,C0322,IS004,Degree/Certificate,B.Tech,,2024-05-06,,False,False,Pooja Menon,0.93,True,False,0.72,,None available,Unverified
STA-20228723688,C0322,IS023,Skill Certificate,Professional Certificate: Flask & Python,Flask|Python,2022-08-14,2025-08-14,True,True,Pooja Menon,0.94,True,False,0.89,,Issuer API,Verified
DAT-20223040138,C0322,IS014,Skill Certificate,Certificate in FastAPI,FastAPI,2022-08-12,,True,True,Pooja Menon,0.98,True,False,0.92,,Issuer API,Verified
MER-20232499416,C0323,IS004,Degree/Certificate,Diploma in Engineering,,2023-08-25,,True,False,Suresh Verma,1.0,True,False,0.89,,Issuer API,Verified
SKI-20189447731,C0323,IS016,Skill Certificate,Professional Certificate: Machine Learning & Pandas,Machine Learning|Pandas,2018-07-18,2021-07-18,True,True,Suresh Verma,0.98,True,False,0.9,,Issuer API,Verified
INF-20186467435,C0323,IS024,Skill Certificate,Professional Certificate: NumPy & Machine Learning,NumPy|Machine Learning,2018-03-07,,True,False,Suresh Verma,0.97,True,False,0.91,,Manual issuer confirmation,Pending Verification
EDU-20182711513,C0323,IS021,Skill Certificate,Professional Certificate: Python & Deep Learning,Python|Deep Learning,2018-07-19,2021-07-19,False,False,Suresh Verma,0.98,True,False,0.96,,Manual issuer confirmation,Pending Verification
MER-20249643600,C0324,IS004,Degree/Certificate,Diploma in Engineering,,2024-08-06,,True,False,Anjali Fernandes,0.99,True,False,0.94,,Issuer API,Verified
OPE-20203798911,C0324,IS019,Skill Certificate,Certificate in JavaScript,JavaScript,2020-05-19,2023-05-19,True,False,Anjali Fernandes,0.99,True,False,0.9,,Issuer API,Verified
INF-20220087470,C0324,IS024,Skill Certificate,Professional Certificate: MongoDB & Express.js,MongoDB|Express.js,2022-02-14,,True,True,Anjali Fernandes,0.95,True,False,0.97,,Issuer API,Verified
EDU-20187356637,C0324,IS021,Skill Certificate,Certificate in MongoDB,MongoDB,2018-06-03,2021-06-03,True,True,Anjali Fernandes,0.93,True,False,0.94,,Issuer API,Verified
STA-20181669449,C0324,IS023,Skill Certificate,Certificate in MongoDB,MongoDB,2018-03-22,2021-03-22,True,True,Anjali Fernandes,0.98,True,False,0.96,,Issuer API,Verified
VIN-20227392790,C0325,IS005,Degree/Certificate,B.Tech,,2022-04-08,,True,False,Nikhil Menon,0.94,True,False,0.95,,QR / digital signature,Verified
COD-20213570045,C0325,IS015,Skill Certificate,Professional Certificate: Data Visualization & Python,Data Visualization|Python,2021-08-19,,True,True,Nikhil Menon,0.97,True,False,0.95,,Issuer API,Verified
COD-20231309598,C0325,IS015,Skill Certificate,Certificate in Power BI,Power BI,2023-06-26,,False,False,Nikhil Sharma,0.62,False,False,0.48,template_mismatch|name_mismatch|bad_checksum,Cross-check failed,Suspicious
PIX-20263135525,C0325,IS018,Skill Certificate,Certificate in SQL,SQL,2026-05-06,,False,False,Nikhil Menon,0.97,True,False,0.73,,None available,Unverified
OPE-20192492823,C0325,IS019,Skill Certificate,Certificate in Pandas,Pandas,2019-09-18,2022-09-18,True,False,Nikhil Menon,0.98,True,False,0.9,,Issuer API,Verified
KAV-20250689708,C0326,IS002,Degree/Certificate,BCA,,2025-01-21,,True,True,Farhan Reddy,0.97,True,False,0.9,,Issuer API,Verified
INF-20237727605,C0326,IS024,Skill Certificate,Professional Certificate: SQL & JUnit,SQL|JUnit,2023-10-17,,True,True,Farhan Reddy,0.95,True,False,0.98,,Issuer API,Verified
SAH-20241674868,C0327,IS002,Degree/Certificate,BCA,,1992-09-16,,False,False,Sanjay Kulkarni,0.97,False,True,0.91,date_before_issuer_founded|bad_checksum|duplicate_id,Cross-check failed,Suspicious
COA-20268525050,C0328,IS006,Degree/Certificate,Diploma in Engineering,,2026-03-12,,True,False,Arjun Singh,0.96,True,False,0.89,,Issuer API,Verified
LOT-20268479571,C0329,IS008,Degree/Certificate,B.E.,,2026-07-17,,True,True,Meera Menon,0.96,True,False,0.96,,Issuer API,Verified
BRI-20197191537,C0329,IS017,Skill Certificate,Professional Certificate: SQL & Spring Boot,SQL|Spring Boot,2019-05-07,,True,False,Meera Menon,0.95,True,False,1.0,,Issuer API,Verified
NOR-20250301767,C0330,IS001,Degree/Certificate,B.Tech,,2025-12-25,,False,False,Suresh Reddy,1.0,True,False,0.91,,Manual issuer confirmation,Pending Verification
EDU-20265973664,C0330,IS021,Skill Certificate,Certificate in JUnit,JUnit,2011-02-09,,False,False,Suresh Reddy,0.96,False,False,0.96,date_before_issuer_founded|bad_checksum,Cross-check failed,Suspicious
VIN-20246185068,C0331,IS005,Degree/Certificate,B.Sc (CS),,2024-06-10,,True,True,Pooja Shaikh,1.0,True,False,0.94,,QR / digital signature,Verified
LOT-20240391696,C0332,IS008,Degree/Certificate,BCA,,2024-03-08,,True,True,Yash Naidu,0.94,True,False,0.99,,Issuer API,Verified
SKI-20258891991,C0332,IS016,Skill Certificate,Professional Certificate: CSS & React,CSS|React,2025-08-28,,True,False,Yash Naidu,1.0,True,False,0.89,,Issuer API,Verified
CLO-20228921712,C0332,IS013,Skill Certificate,Professional Certificate: Git & Vue.js,Git|Vue.js,2022-02-17,,True,False,Yash Naidu,0.97,True,False,0.97,,Manual issuer confirmation,Pending Verification
NOR-20240823045,C0333,IS001,Degree/Certificate,B.Tech,,2024-04-09,,False,False,Karthik Pillai,0.77,True,False,0.9,name_mismatch,Cross-check failed,Suspicious
INF-20237380629,C0333,IS024,Skill Certificate,Professional Certificate: Docker & React,Docker|React,2023-02-23,2026-02-23,True,True,Karthik Sharma,0.95,True,False,0.92,,Issuer API,Verified
DAT-20220404253,C0333,IS014,Skill Certificate,Professional Certificate: Git & React,Git|React,2022-05-15,,True,False,Karthik Sharma,0.97,True,False,0.93,,Issuer API,Verified
MER-20250223532,C0334,IS004,Degree/Certificate,B.Sc (CS),,2025-07-10,,False,False,Karthik Shaikh,0.93,True,False,0.93,,Issuer API,Verified
BRI-20266664513,C0334,IS017,Skill Certificate,Certificate in MySQL,MySQL,2026-07-25,,True,False,Karthik Shaikh,0.97,True,False,0.98,,Issuer API,Verified
VIN-20262455114,C0335,IS005,Degree/Certificate,M.Sc (Data Science),,2026-04-24,,True,False,Zoya Menon,0.96,True,False,0.99,,QR / digital signature,Verified
LEA-20204238537,C0335,IS020,Skill Certificate,Certificate in CI/CD,CI/CD,2020-07-21,,True,True,Zoya Menon,1.0,True,False,0.91,,Issuer API,Verified
NOR-20251582464,C0336,IS001,Degree/Certificate,M.Sc (Data Science),,2025-12-19,,True,True,Sneha Joshi,0.96,True,False,0.9,,QR / digital signature,Verified
SKI-20239687963,C0336,IS016,Skill Certificate,Professional Certificate: Git & Microservices,Git|Microservices,2023-01-20,2026-01-20,True,False,Sneha Joshi,0.94,True,False,1.0,,Issuer API,Verified
EDU-20197862707,C0336,IS021,Skill Certificate,Certificate in Docker,Docker,2019-11-25,2022-11-25,True,False,Sneha Joshi,0.93,True,False,0.98,,Manual issuer confirmation,Pending Verification
OPE-20262646381,C0336,IS019,Skill Certificate,Professional Certificate: SQL & Microservices,SQL|Microservices,2026-05-26,2028-05-26,True,True,Sneha Joshi,1.0,True,False,0.97,,Issuer API,Verified
STA-20187758063,C0336,IS023,Skill Certificate,Certificate in Docker,Docker,2018-01-22,,False,False,Sneha Joshi,0.97,True,False,0.77,,None available,Unverified
KAV-20269665715,C0337,IS002,Degree/Certificate,BCA,,2026-04-26,,True,True,Nikhil Reddy,0.98,True,False,0.93,,Issuer API,Verified
SKI-20269267249,C0337,IS016,Skill Certificate,Certificate in FastAPI,FastAPI,2026-02-28,,False,True,Nikhil Reddy,0.94,True,False,0.92,,Issuer API,Verified
BRI-20265892248,C0337,IS017,Skill Certificate,Professional Certificate: PostgreSQL & FastAPI,PostgreSQL|FastAPI,2026-01-11,,True,False,Nikhil Reddy,0.96,True,False,0.89,,Issuer API,Verified
SAH-20247792128,C0338,IS003,Degree/Certificate,B.Tech,,2024-04-02,,True,True,Aarav Gupta,1.0,True,False,0.96,,Issuer API,Verified
OPE-20264889906,C0338,IS019,Skill Certificate,Certificate in Java,Java,2026-03-17,,True,False,Aarav Gupta,0.95,True,False,0.99,,Issuer API,Verified
SAH-20254156506,C0339,IS003,Degree/Certificate,B.Tech,,2025-07-23,,True,False,Sneha Shaikh,0.95,True,False,0.93,,Issuer API,Verified
VIN-20243403928,C0340,IS005,Degree/Certificate,B.Sc (CS),,2024-03-27,,True,False,Meera Joshi,0.95,True,False,0.96,,QR / digital signature,Verified
PIX-20244213862,C0340,IS018,Skill Certificate,Certificate in Linux,Linux,2024-09-06,,False,False,Meera Joshi,0.93,True,False,0.89,,Manual issuer confirmation,Pending Verification
NOR-20237138274,C0341,IS001,Degree/Certificate,B.Tech,,2023-08-14,,True,True,Manish Mishra,0.98,True,False,0.9,,QR / digital signature,Verified
NEX-20262383217,C0341,IS022,Skill Certificate,Certificate in Kotlin,Kotlin,2026-03-23,,True,True,Manish Mishra,0.93,True,False,1.0,,Issuer API,Verified
COD-20197660085,C0341,IS015,Skill Certificate,Certificate in Android Development,Android Development,2019-12-08,,True,True,Manish Mishra,0.99,True,False,0.95,,Issuer API,Verified
BRI-20206641696,C0341,IS017,Skill Certificate,Certificate in Android Development,Android Development,2020-08-04,2023-08-04,False,False,Manish Mishra,0.99,True,False,0.85,,None available,Unverified
NEX-20259247680,C0341,IS022,Skill Certificate,Professional Certificate: Kotlin & Excel,Kotlin|Excel,2025-12-18,,True,True,Manish Mishra,0.97,True,False,0.92,,Issuer API,Verified
VIN-20227271077,C0342,IS005,Degree/Certificate,B.Tech,,2022-08-27,,True,True,Arjun Mishra,0.94,True,False,1.0,,QR / digital signature,Verified
INF-20250984810,C0342,IS024,Skill Certificate,Professional Certificate: CI/CD & Selenium,CI/CD|Selenium,2025-08-13,,True,True,Arjun Mishra,0.99,True,False,0.96,,Issuer API,Verified
VIN-20221678954,C0343,IS005,Degree/Certificate,B.E.,,2022-02-25,,False,False,Manish Verma,0.94,True,False,0.95,,Manual issuer confirmation,Pending Verification
EDU-20207679976,C0343,IS021,Skill Certificate,Professional Certificate: TypeScript & Git,TypeScript|Git,2020-08-22,,True,False,Manish Verma,0.98,True,False,0.64,template_mismatch,Cross-check failed,Suspicious
KAV-20229622640,C0344,IS002,Degree/Certificate,B.Tech,,2022-08-01,,True,True,Priya Reddy,0.98,True,False,0.99,,Issuer API,Verified
ARA-20220270449,C0345,IS007,Degree/Certificate,M.Tech,,2022-12-24,,False,False,Thomas Rao,1.0,True,False,0.78,,None available,Unverified
STA-20224394435,C0345,IS023,Skill Certificate,Certificate in Hibernate,Hibernate,2022-07-23,,False,False,Thomas Rao,0.96,True,False,0.88,,None available,Unverified
DAT-20240203974,C0345,IS014,Skill Certificate,Certificate in Spring Boot,Spring Boot,2024-12-27,2027-12-27,False,False,Thomas Rao,0.98,True,False,0.99,,Issuer API,Verified
OPE-20234834271,C0345,IS019,Skill Certificate,Certificate in Hibernate,Hibernate,2023-03-12,,True,False,Thomas Rao,0.95,True,False,0.95,,Issuer API,Verified
NOR-20265836831,C0346,IS001,Degree/Certificate,B.Tech,,2026-05-05,,False,False,Harpreet Pillai,0.98,True,False,0.91,,Manual issuer confirmation,Pending Verification
OPE-20246048191,C0346,IS019,Skill Certificate,Certificate in REST API,REST API,2024-01-03,,True,False,Harpreet Pillai,0.97,True,False,1.0,,Issuer API,Verified
NEX-20197257601,C0346,IS022,Skill Certificate,Certificate in Python,Python,2019-08-01,2022-08-01,True,True,Harpreet Pillai,0.97,True,False,0.97,,Issuer API,Verified
NOR-20269091862,C0347,IS001,Degree/Certificate,B.Sc (CS),,2026-06-20,,True,True,Suresh Patel,0.98,True,False,0.93,,QR / digital signature,Verified
SKI-20204022105,C0347,IS016,Skill Certificate,Professional Certificate: Python & CI/CD,Python|CI/CD,2020-06-05,,False,False,Suresh Patel,0.98,True,False,0.81,,None available,Unverified
COA-20245808090,C0348,IS006,Degree/Certificate,B.E.,,2024-09-20,,True,False,Vivaan Naidu,0.98,True,False,0.97,,Issuer API,Verified
LEA-20231235050,C0348,IS020,Skill Certificate,Certificate in Microservices,Microservices,2023-10-14,,True,True,Vivaan Naidu,0.97,True,False,0.91,,Issuer API,Verified
BRI-20225577095,C0348,IS017,Skill Certificate,Certificate in Hibernate,Hibernate,2022-12-28,2025-12-28,True,True,Vivaan Naidu,0.93,True,False,0.97,,Issuer API,Verified
VIN-20176313128,C0349,IS005,Degree/Certificate,B.Tech,,2017-12-11,,False,False,Deepa Banerjee,0.96,True,False,0.92,,None available,Unverified
CLO-20225409943,C0349,IS013,Skill Certificate,Certificate in CSS,CSS,2022-07-08,,True,False,Deepa Banerjee,0.97,True,False,0.89,,Issuer API,Verified
OPE-20254424284,C0349,IS019,Skill Certificate,Certificate in HTML,HTML,2025-10-08,,True,False,Deepa Banerjee,0.98,True,False,0.96,,Manual issuer confirmation,Pending Verification
INF-20241387404,C0349,IS024,Skill Certificate,Certificate in Git,Git,2024-03-23,2027-03-23,True,True,Deepa Banerjee,0.98,True,False,0.91,,Issuer API,Verified
ARA-20214536045,C0350,IS007,Degree/Certificate,B.Tech,,2021-04-28,,False,False,Lakshmi Patel,1.0,True,False,0.74,,None available,Unverified
LEA-20251427991,C0350,IS020,Skill Certificate,Certificate in PyTorch,PyTorch,2025-09-13,,False,False,Lakshmi Patel,0.96,True,False,0.71,,None available,Unverified
LEA-20242550141,C0350,IS020,Skill Certificate,Professional Certificate: Python & Deep Learning,Python|Deep Learning,2024-01-24,,False,True,Lakshmi Patel,0.94,True,False,0.94,,Issuer API,Verified
OPE-20227794904,C0350,IS019,Skill Certificate,Certificate in Machine Learning,Machine Learning,2022-08-03,,True,False,Lakshmi Patel,0.93,True,False,0.9,,Issuer API,Verified
ARA-20225708062,C0351,IS007,Degree/Certificate,B.Sc (CS),,2022-03-10,,False,False,Farhan Yadav,0.65,True,False,0.92,name_mismatch,Cross-check failed,Suspicious
INF-20228811236,C0351,IS024,Skill Certificate,Certificate in Android Development,Android Development,2022-06-19,,False,True,Farhan Kulkarni,0.97,True,False,0.98,,Issuer API,Verified
ARA-20255977322,C0352,IS007,Degree/Certificate,B.E.,,2025-06-20,,True,False,Thomas Singh,0.96,True,False,0.92,,QR / digital signature,Verified
INF-20247445669,C0352,IS024,Skill Certificate,Certificate in Pandas,Pandas,2024-03-19,,True,True,Thomas Singh,0.97,True,False,0.93,,Issuer API,Verified
LEA-20222351494,C0352,IS020,Skill Certificate,Professional Certificate: NLP & Pandas,NLP|Pandas,2022-02-18,2025-02-18,False,False,Thomas Singh,0.97,True,False,0.64,,None available,Unverified
INF-20209376571,C0352,IS024,Skill Certificate,Professional Certificate: Pandas & Machine Learning,Pandas|Machine Learning,2020-01-15,2023-01-15,False,False,Thomas Singh,0.98,True,False,0.65,,None available,Unverified
KAV-20269574529,C0353,IS002,Degree/Certificate,Diploma in Engineering,,2026-08-20,,False,True,Karthik Pillai,0.95,True,False,0.9,,Issuer API,Verified
KAV-20265715118,C0354,IS002,Degree/Certificate,B.Tech,,2026-05-04,,True,True,Karthik Kapoor,0.98,True,False,0.97,,Issuer API,Verified
SAH-20255216275,C0355,IS003,Degree/Certificate,B.E.,,2025-04-22,,True,False,Anjali Chatterjee,1.0,True,False,0.94,,Issuer API,Verified
BRI-20189319872,C0355,IS017,Skill Certificate,Professional Certificate: CI/CD & Java,CI/CD|Java,2018-06-25,2021-06-25,False,False,Anjali Chatterjee,0.98,True,False,0.66,,None available,Unverified
SAH-20256657477,C0356,IS003,Degree/Certificate,B.E.,,2025-10-27,,True,True,Manish Banerjee,0.94,True,False,0.99,,Issuer API,Verified
STA-20243817788,C0356,IS023,Skill Certificate,Professional Certificate: SQL & Python,SQL|Python,2024-05-15,,True,True,Manish Banerjee,0.97,True,False,0.93,,Issuer API,Verified
COD-20251030381,C0356,IS015,Skill Certificate,Certificate in Python,Python,2025-12-09,,True,True,Manish Banerjee,0.96,True,False,0.94,,Issuer API,Verified
OPE-20259335063,C0356,IS019,Skill Certificate,Certificate in Statistics,Statistics,2025-06-12,,True,True,Manish Banerjee,0.94,True,False,0.93,,Issuer API,Verified
NOR-20233946910,C0357,IS001,Degree/Certificate,B.Tech,,2023-04-17,,True,False,Divya Chatterjee,0.99,True,False,0.94,,Manual issuer confirmation,Pending Verification
LEA-20258419249,C0357,IS020,Skill Certificate,Professional Certificate: Docker & SQL,Docker|SQL,2025-12-28,,True,True,Divya Chatterjee,0.94,True,False,0.98,,Issuer API,Verified
PIX-20208784254,C0357,IS018,Skill Certificate,Certificate in React,React,2020-10-11,,False,False,Divya Chatterjee,0.98,True,False,0.93,,Manual issuer confirmation,Pending Verification
PIX-20260891641,C0357,IS018,Skill Certificate,Certificate in React,React,2026-04-30,,True,True,Divya Chatterjee,0.96,True,False,0.99,,Issuer API,Verified
CLO-20242722336,C0357,IS013,Skill Certificate,Professional Certificate: Docker & Express.js,Docker|Express.js,2024-12-26,2027-12-26,False,True,Divya Chatterjee,0.99,True,False,0.97,,Issuer API,Verified
UDY-20221315433,C0358,IS011,Degree/Certificate,Diploma in Engineering,AutoCAD|PLC Programming,2022-09-04,,True,False,Imran Naidu,0.98,True,False,0.95,,QR / digital signature,Verified
NEX-20192510376,C0358,IS022,Skill Certificate,Certificate in AutoCAD,AutoCAD,2019-12-24,2022-12-24,False,True,Imran Naidu,0.93,True,False,0.91,,Issuer API,Verified
OPE-20267327987,C0358,IS019,Skill Certificate,Professional Certificate: PLC Programming & AutoCAD,PLC Programming|AutoCAD,2026-05-03,2028-05-03,True,False,Imran Naidu,0.99,True,False,0.91,,Issuer API,Verified
CLO-20238114597,C0358,IS013,Skill Certificate,Certificate in AutoCAD,AutoCAD,2023-12-12,,False,False,Imran Naidu,0.94,True,False,1.0,,Manual issuer confirmation,Pending Verification
KAV-20241644424,C0359,IS002,Degree/Certificate,B.Tech,,2024-06-04,,True,True,Rahul Naidu,0.94,True,False,0.96,,Issuer API,Verified
COD-20261740607,C0359,IS015,Skill Certificate,Professional Certificate: Pandas & Excel,Pandas|Excel,2026-03-25,2028-03-25,False,False,Rahul Naidu,0.96,True,False,0.8,,None available,Unverified
LEA-20184512836,C0359,IS020,Skill Certificate,Professional Certificate: Python & Statistics,Python|Statistics,2018-03-18,2021-03-18,True,True,Rahul Naidu,0.96,True,False,0.97,,Issuer API,Verified
BRI-20234297768,C0359,IS017,Skill Certificate,Professional Certificate: Power BI & SQL,Power BI|SQL,2023-08-03,2026-08-03,False,False,Rahul Naidu,0.95,True,False,0.63,,None available,Unverified
CLO-20214953331,C0359,IS013,Skill Certificate,Certificate in Pandas,Pandas,2021-11-24,2024-11-24,False,False,Rahul Naidu,0.93,True,False,0.74,,None available,Unverified
LOT-20262770751,C0360,IS005,Degree/Certificate,B.E.,,2025-08-08,,False,False,Lakshmi Khan,0.68,True,True,0.99,duplicate_id|name_mismatch,Cross-check failed,Suspicious
COD-20231556984,C0360,IS015,Skill Certificate,Professional Certificate: Redis & Excel,Redis|Excel,2023-03-21,,True,True,Lakshmi Menon,0.95,True,False,0.93,,Issuer API,Verified
SHR-20254944406,C0361,IS010,Degree/Certificate,ITI (NCVT) Certificate,CNC Machining|AutoCAD|Electrical Wiring|PLC Programming,2025-04-23,,True,True,Divya Chatterjee,0.99,True,False,0.97,,QR / digital signature,Verified
SAH-20213389099,C0362,IS003,Degree/Certificate,BCA,,2021-05-01,,True,True,Jasleen Naidu,0.94,True,False,0.9,,Issuer API,Verified
OPE-20243802762,C0362,IS019,Skill Certificate,Certificate in NLP,NLP,2024-09-17,,False,False,Jasleen Thakur,0.62,False,False,0.72,bad_checksum|name_mismatch|template_mismatch,Cross-check failed,Suspicious
NOR-20242277513,C0363,IS001,Degree/Certificate,B.Tech,,2024-09-16,,True,True,Mohit Das,0.93,True,False,0.9,,QR / digital signature,Verified
SKI-20209908076,C0363,IS016,Skill Certificate,Professional Certificate: Angular & CSS,Angular|CSS,2020-12-26,2023-12-26,True,True,Mohit Das,0.96,True,False,0.9,,Issuer API,Verified
LOT-20252851074,C0364,IS008,Degree/Certificate,B.Tech,,2025-04-23,,True,False,Tanvi Naidu,0.96,True,False,1.0,,Manual issuer confirmation,Pending Verification
PIX-20215657717,C0364,IS018,Skill Certificate,Professional Certificate: Spring Boot & REST API,Spring Boot|REST API,2021-12-08,2024-12-08,True,True,Tanvi Naidu,0.96,True,False,0.95,,Issuer API,Verified
SKI-20239892100,C0364,IS016,Skill Certificate,Professional Certificate: Spring Boot & Java,Spring Boot|Java,2023-03-17,,False,False,Tanvi Naidu,0.97,True,False,0.92,,None available,Unverified
NOR-20265464485,C0365,IS001,Degree/Certificate,B.E.,,2026-02-11,,False,False,Sanjay Shaikh,0.97,True,False,0.87,,None available,Unverified
LEA-20248545087,C0365,IS020,Skill Certificate,Professional Certificate: Hibernate & Git,Hibernate|Git,2024-01-04,2027-01-04,True,True,Sanjay Shaikh,0.95,True,False,0.92,,Issuer API,Verified
SKI-20238281842,C0365,IS016,Skill Certificate,Certificate in Java,Java,2023-08-07,,True,True,Sanjay Shaikh,0.97,True,False,0.89,,Issuer API,Verified
MER-20201711205,C0366,IS004,Degree/Certificate,BCA,,2020-10-12,,True,False,Mohit Yadav,1.0,True,False,0.89,,Issuer API,Verified
COA-20264513852,C0367,IS006,Degree/Certificate,B.Tech,,2026-04-23,,True,False,Shreya Thakur,0.97,True,False,0.96,,Issuer API,Verified
BRI-20184056974,C0367,IS017,Skill Certificate,Certificate in Unit Testing,Unit Testing,2018-10-23,,False,False,Shreya Thakur,0.97,True,False,0.95,,Manual issuer confirmation,Pending Verification
PIX-20207911866,C0367,IS018,Skill Certificate,Certificate in Selenium,Selenium,2020-02-05,,True,True,Shreya Thakur,0.93,True,False,0.91,,Issuer API,Verified
BHA-20268455944,C0368,IS009,Degree/Certificate,ITI (NCVT) Certificate,CNC Machining|AutoCAD|Welding|PLC Programming,2026-04-23,,True,False,Zoya Naidu,0.95,True,False,0.89,,Manual issuer confirmation,Pending Verification
DAT-20243077490,C0368,IS014,Skill Certificate,Certificate in Welding,Welding,2024-02-16,,True,False,Zoya Naidu,0.98,True,False,0.93,,Issuer API,Verified
LEA-20248458215,C0368,IS020,Skill Certificate,Certificate in Welding,Welding,2024-03-20,,True,False,Zoya Naidu,0.96,False,False,0.51,template_mismatch|bad_checksum,Cross-check failed,Suspicious
BRI-20209869500,C0368,IS017,Skill Certificate,Professional Certificate: PLC Programming & AutoCAD,PLC Programming|AutoCAD,2020-05-26,2023-05-26,False,False,Zoya Naidu,0.96,True,False,0.95,,Issuer API,Verified
EDU-20183875309,C0368,IS021,Skill Certificate,Certificate in Welding,Welding,2018-02-13,2021-02-13,True,True,Zoya Naidu,0.96,True,False,0.98,,Issuer API,Verified
SAH-20250174677,C0369,IS003,Degree/Certificate,B.E.,,2025-06-14,,True,False,Rohit Mishra,0.95,True,False,1.0,,Issuer API,Verified
BRI-20207526979,C0369,IS017,Skill Certificate,Certificate in Next.js,Next.js,2020-03-24,2023-03-24,True,True,Rohit Mishra,0.98,True,False,0.88,,Issuer API,Verified
LEA-20227607817,C0369,IS020,Skill Certificate,Certificate in TypeScript,TypeScript,2022-12-08,2025-12-08,False,True,Rohit Mishra,0.94,True,False,0.98,,Issuer API,Verified
SAH-20263486472,C0370,IS003,Degree/Certificate,Diploma in Engineering,,2026-04-22,,False,False,Anjali Iyer,0.96,True,False,0.94,,Issuer API,Verified
EDU-20208045144,C0370,IS021,Skill Certificate,Professional Certificate: Microservices & JUnit,Microservices|JUnit,2020-07-07,2023-07-07,False,False,Anjali Iyer,0.98,True,False,0.65,,None available,Unverified
NOR-20263696518,C0371,IS001,Degree/Certificate,B.Tech,,2026-07-10,,False,False,Pooja Singh,0.98,True,False,0.67,,None available,Unverified
OPE-20251284319,C0371,IS019,Skill Certificate,Professional Certificate: SQL & Unit Testing,SQL|Unit Testing,2025-02-26,,True,True,Pooja Singh,0.98,True,False,0.92,,Issuer API,Verified
MER-20252768641,C0372,IS004,Degree/Certificate,B.E.,,2025-10-11,,True,False,Divya Banerjee,0.97,True,False,0.99,,Issuer API,Verified
STA-20197085531,C0373,IS005,Degree/Certificate,B.Tech,,2024-02-06,,False,False,Vikram Shaikh,0.78,True,True,0.47,duplicate_id|name_mismatch|template_mismatch,Cross-check failed,Suspicious
LEA-20191901238,C0373,IS020,Skill Certificate,Professional Certificate: Unit Testing & Java,Unit Testing|Java,2019-03-09,,True,True,Vikram Yadav,0.94,True,False,0.98,,Issuer API,Verified
ARA-20256906692,C0374,IS007,Degree/Certificate,BCA,,2025-11-26,,True,False,Rohit Iyer,0.97,True,False,0.99,,QR / digital signature,Verified
COD-20186428783,C0374,IS015,Skill Certificate,Professional Certificate: Android Development & Kotlin,Android Development|Kotlin,2018-07-15,,True,True,Rohit Iyer,1.0,True,False,0.93,,Issuer API,Verified
SKI-20184135620,C0374,IS016,Skill Certificate,Certificate in Kotlin,Kotlin,2018-10-22,,True,False,Rohit Iyer,0.94,True,False,0.98,,Issuer API,Verified
LEA-20205336389,C0374,IS020,Skill Certificate,Professional Certificate: Kotlin & Android Development,Kotlin|Android Development,2020-01-12,,True,True,Rohit Iyer,0.99,True,False,0.95,,Issuer API,Verified
OPE-20231085885,C0374,IS019,Skill Certificate,Professional Certificate: Git & REST API,Git|REST API,2023-10-16,,True,False,Rohit Iyer,0.98,True,False,0.97,,Issuer API,Verified
KAV-20250821103,C0375,IS002,Degree/Certificate,BCA,,2025-08-24,,True,True,Ritika Das,0.95,True,False,0.98,,Issuer API,Verified
INF-20253352460,C0375,IS024,Skill Certificate,Professional Certificate: CI/CD & Python,CI/CD|Python,2025-05-28,,True,True,Ritika Das,0.98,True,False,0.97,,Issuer API,Verified
OPE-20256296862,C0375,IS019,Skill Certificate,Professional Certificate: CI/CD & Python,CI/CD|Python,2025-08-06,,True,False,Ritika Das,0.98,True,False,0.95,,Issuer API,Verified
STA-20212712648,C0375,IS023,Skill Certificate,Professional Certificate: Python & CI/CD,Python|CI/CD,2021-11-20,2024-11-20,True,True,Ritika Das,0.95,True,False,0.88,,Issuer API,Verified
NOR-20222773028,C0376,IS001,Degree/Certificate,B.E.,,2022-10-16,,False,False,Anjali Khan,0.94,True,False,0.95,,Manual issuer confirmation,Pending Verification
COD-20229197338,C0376,IS015,Skill Certificate,Certificate in REST API,REST API,2022-02-02,2025-02-02,True,False,Anjali Khan,0.94,True,False,0.9,,Manual issuer confirmation,Pending Verification
LOT-20263507137,C0377,IS008,Degree/Certificate,B.Tech,,1990-11-12,,True,False,Yash Fernandes,0.69,True,False,0.94,date_before_issuer_founded|name_mismatch,Cross-check failed,Suspicious
LEA-20245200496,C0377,IS020,Skill Certificate,Professional Certificate: Python & Deep Learning,Python|Deep Learning,2024-05-02,,True,True,Yash Nair,0.93,True,False,0.93,,Issuer API,Verified
LEA-20252819667,C0377,IS020,Skill Certificate,Certificate in Scikit-learn,Scikit-learn,2025-09-24,,True,True,Yash Nair,0.97,True,False,0.9,,Issuer API,Verified
LOT-20236262537,C0378,IS008,Degree/Certificate,B.Sc (CS),,2023-01-15,,True,False,Shreya Thakur,0.97,False,False,0.89,bad_checksum,Cross-check failed,Suspicious
COD-20196584591,C0378,IS015,Skill Certificate,Professional Certificate: Android Development & Java,Android Development|Java,2019-03-28,2022-03-28,True,True,Shreya Thakur,0.97,True,False,0.91,,Issuer API,Verified
SKI-20220821936,C0378,IS016,Skill Certificate,Certificate in Java,Java,2022-03-07,2025-03-07,True,False,Shreya Thakur,0.98,True,False,0.94,,Issuer API,Verified
NEX-20269527006,C0378,IS022,Skill Certificate,Professional Certificate: Android Development & Git,Android Development|Git,2026-03-26,2028-03-26,True,True,Shreya Thakur,0.93,True,False,0.94,,Issuer API,Verified
ARA-20257632909,C0379,IS007,Degree/Certificate,BCA,,2025-10-14,,True,False,Zoya Nair,0.98,True,False,0.98,,QR / digital signature,Verified
INF-20257080059,C0379,IS024,Skill Certificate,Certificate in REST API,REST API,2025-07-04,,True,False,Zoya Nair,0.99,True,False,0.88,,Manual issuer confirmation,Pending Verification
DAT-20193411434,C0379,IS014,Skill Certificate,Certificate in Android Development,Android Development,2019-12-28,,True,False,Zoya Nair,0.98,True,False,0.94,,Issuer API,Verified
MER-20266910023,C0380,IS004,Degree/Certificate,B.Tech,,2026-06-08,,True,False,Ritika Khan,0.99,True,False,0.89,,Issuer API,Verified
NEX-20184722815,C0380,IS022,Skill Certificate,Professional Certificate: CSS & HTML,CSS|HTML,2018-03-25,,True,True,Ritika Khan,0.96,True,False,0.91,,Issuer API,Verified
SKI-20201546916,C0380,IS016,Skill Certificate,Certificate in CSS,CSS,2020-03-16,,True,True,Ritika Khan,0.98,True,False,0.93,,Issuer API,Verified
SAH-20267130001,C0381,IS003,Degree/Certificate,B.Sc (CS),,2026-02-22,,False,False,Tanvi Menon,0.96,True,False,0.94,,Issuer API,Verified
EDU-20267122100,C0381,IS021,Skill Certificate,Professional Certificate: Java & Docker,Java|Docker,2026-06-21,,False,False,Tanvi Gupta,0.4,False,False,0.37,bad_checksum|name_mismatch|template_mismatch,Cross-check failed,Suspicious
MER-20249775493,C0382,IS004,Degree/Certificate,B.Tech,,2024-02-10,,True,False,Vivaan Singh,1.0,True,False,0.93,,Issuer API,Verified
COD-20238497380,C0382,IS015,Skill Certificate,Professional Certificate: Deep Learning & NumPy,Deep Learning|NumPy,2023-04-03,2026-04-03,True,True,Vivaan Singh,0.95,True,False,0.98,,Issuer API,Verified
DAT-20226570438,C0382,IS014,Skill Certificate,Certificate in NumPy,NumPy,2022-01-05,2025-01-05,True,False,Vivaan Singh,0.96,True,False,0.98,,Issuer API,Verified
COA-20255348805,C0383,IS006,Degree/Certificate,B.E.,,2025-02-22,,True,False,Mohit Singh,0.96,True,False,0.91,,Issuer API,Verified
CLO-20216622512,C0383,IS013,Skill Certificate,Professional Certificate: Git & Kotlin,Git|Kotlin,2021-06-03,2024-06-03,True,False,Mohit Singh,0.97,True,False,0.95,,Issuer API,Verified
COA-20193319058,C0384,IS006,Degree/Certificate,B.Tech,,2019-05-07,,True,False,Mohit Sharma,0.99,True,False,0.94,,Issuer API,Verified
MER-20248906529,C0385,IS004,Degree/Certificate,B.Tech,,2024-09-03,,True,False,Sanjay Sharma,0.96,True,False,0.98,,Issuer API,Verified
MER-20246722159,C0385,IS024,Skill Certificate,Certificate in JavaScript,JavaScript,2011-12-11,2014-12-11,False,False,Sanjay Sharma,0.95,True,True,0.46,duplicate_id|date_before_issuer_founded|template_mismatch,Cross-check failed,Suspicious
KAV-20250644743,C0386,IS002,Degree/Certificate,B.Tech,,1993-08-21,,False,False,Aarav Fernandes,0.76,False,False,0.9,bad_checksum|date_before_issuer_founded|name_mismatch,Cross-check failed,Suspicious
STA-20244760672,C0386,IS023,Skill Certificate,Professional Certificate: React & CSS,React|CSS,2024-09-04,2027-09-04,True,True,Aarav Menon,0.96,True,False,0.93,,Issuer API,Verified
EDU-20215901438,C0386,IS021,Skill Certificate,Certificate in Angular,Angular,2021-12-25,,True,True,Aarav Menon,0.95,True,False,0.97,,Issuer API,Verified
BRI-20238120719,C0386,IS017,Skill Certificate,Certificate in CSS,CSS,2023-10-03,,True,False,Aarav Menon,0.96,True,False,0.97,,Issuer API,Verified
COA-20212058406,C0387,IS006,Degree/Certificate,B.E.,,2021-01-28,,True,True,Vivaan Bose,1.0,True,False,0.94,,Issuer API,Verified
COD-20268632724,C0387,IS015,Skill Certificate,Certificate in Docker,Docker,2026-08-15,,True,True,Vivaan Bose,0.96,True,False,0.94,,Issuer API,Verified
CLO-20205311259,C0387,IS013,Skill Certificate,Certificate in Docker,Docker,2020-12-13,2023-12-13,True,False,Vivaan Bose,0.94,True,False,1.0,,Issuer API,Verified
LOT-20220841520,C0388,IS008,Degree/Certificate,B.Sc (CS),,2022-01-27,,True,True,Sanjay Chatterjee,0.97,True,False,0.89,,Issuer API,Verified
DAT-20198491951,C0388,IS014,Skill Certificate,Professional Certificate: CSS & TypeScript,CSS|TypeScript,2019-03-13,,True,False,Sanjay Chatterjee,0.96,True,False,0.95,,Issuer API,Verified
PIX-20212232282,C0388,IS018,Skill Certificate,Professional Certificate: Vue.js & Angular,Vue.js|Angular,2021-11-02,,True,True,Sanjay Chatterjee,0.97,True,False,0.91,,Issuer API,Verified
KAV-20266161544,C0389,IS002,Degree/Certificate,B.E.,,2026-01-28,,True,True,Ramesh Bose,0.94,True,False,1.0,,Issuer API,Verified
OPE-20268254578,C0389,IS019,Skill Certificate,Certificate in JavaScript,JavaScript,2026-01-24,,True,False,Ramesh Bose,0.94,True,False,0.95,,Issuer API,Verified
MER-20229963549,C0390,IS007,Degree/Certificate,B.Tech,,2004-03-01,,False,False,Deepa Fernandes,1.0,True,True,0.96,duplicate_id|date_before_issuer_founded,Cross-check failed,Suspicious
CLO-20212628364,C0390,IS013,Skill Certificate,Professional Certificate: Machine Learning & SQL,Machine Learning|SQL,2014-01-16,,False,False,Deepa Fernandes,0.99,True,False,0.95,date_before_issuer_founded,Cross-check failed,Suspicious
SAH-20250298617,C0391,IS007,Degree/Certificate,B.Tech,,2024-10-26,,False,False,Mohit Shaikh,0.63,True,True,0.5,name_mismatch|template_mismatch|duplicate_id,Cross-check failed,Suspicious
LEA-20181863109,C0391,IS020,Skill Certificate,Certificate in Docker,Docker,2018-12-11,,True,True,Mohit Menon,0.98,True,False,0.92,,Issuer API,Verified
SAH-20261791238,C0392,IS003,Degree/Certificate,B.Tech,,2026-09-25,,True,False,Mohit Nair,0.99,True,False,0.91,,Issuer API,Verified
DAT-20181547181,C0392,IS014,Skill Certificate,Certificate in SQL,SQL,2018-12-05,2021-12-05,False,False,Mohit Nair,0.99,True,False,0.99,,Manual issuer confirmation,Pending Verification
SKI-20198182659,C0392,IS016,Skill Certificate,Professional Certificate: Excel & Data Analysis,Excel|Data Analysis,2019-11-08,2022-11-08,True,False,Mohit Nair,0.94,True,False,1.0,,Issuer API,Verified
SAH-20240829141,C0393,IS003,Degree/Certificate,MCA,,2024-11-08,,True,True,Divya Naidu,0.97,True,False,0.95,,Issuer API,Verified
SKI-20246219842,C0393,IS016,Skill Certificate,Professional Certificate: Vue.js & Next.js,Vue.js|Next.js,2024-11-19,2027-11-19,True,True,Divya Naidu,0.94,True,False,0.89,,Issuer API,Verified
SKI-20234920781,C0393,IS016,Skill Certificate,Certificate in Next.js,Next.js,2023-01-27,,True,False,Divya Naidu,1.0,True,False,1.0,,Manual issuer confirmation,Pending Verification
NEX-20226906152,C0393,IS022,Skill Certificate,Certificate in Git,Git,2022-10-10,,False,False,Divya Naidu,0.97,True,False,0.66,,None available,Unverified
MER-20246523060,C0394,IS004,Degree/Certificate,B.Tech,,2024-09-27,,True,False,Aditya Kapoor,0.98,True,False,0.95,,Manual issuer confirmation,Pending Verification
MER-20261968265,C0395,IS004,Degree/Certificate,B.Tech,,2026-01-09,,True,False,Vivaan Pillai,0.98,True,False,0.96,,Issuer API,Verified
LEA-20204313405,C0395,IS020,Skill Certificate,Certificate in Power BI,Power BI,2020-02-02,,True,True,Vivaan Pillai,0.96,True,False,0.98,,Issuer API,Verified
CLO-20193064944,C0395,IS013,Skill Certificate,Professional Certificate: SQL & Excel,SQL|Excel,2019-01-21,2022-01-21,True,False,Vivaan Pillai,0.94,True,False,0.89,,Issuer API,Verified
MER-20240321081,C0396,IS004,Degree/Certificate,B.Tech,,2024-09-22,,True,False,Divya Thakur,0.96,True,False,1.0,,Issuer API,Verified
EDU-20186644637,C0396,IS021,Skill Certificate,Professional Certificate: SQL & JavaScript,SQL|JavaScript,2018-04-21,,True,False,Divya Thakur,0.99,True,False,0.92,,Manual issuer confirmation,Pending Verification
BRI-20193410907,C0396,IS017,Skill Certificate,Professional Certificate: Excel & Git,Excel|Git,2019-09-21,,True,False,Divya Thakur,0.95,True,False,0.93,,Issuer API,Verified
KAV-20194651418,C0397,IS002,Degree/Certificate,Diploma in Engineering,,2019-02-23,,True,True,Aditya Bose,0.96,True,False,0.94,,Issuer API,Verified
LEA-20229988363,C0397,IS020,Skill Certificate,Certificate in SQL,SQL,2022-02-01,,False,False,Aditya Bose,0.98,True,False,0.75,,None available,Unverified
COA-20235365119,C0398,IS006,Degree/Certificate,B.Tech,,2023-01-03,,True,True,Shreya Chatterjee,0.96,True,False,1.0,,Issuer API,Verified
CLO-20238552085,C0398,IS013,Skill Certificate,Certificate in NumPy,NumPy,2023-12-13,2026-12-13,False,False,Shreya Chatterjee,0.96,True,False,0.94,,Manual issuer confirmation,Pending Verification
EDU-20182537892,C0398,IS021,Skill Certificate,Certificate in NumPy,NumPy,2018-04-09,2021-04-09,True,True,Shreya Chatterjee,0.99,True,False,0.94,,Issuer API,Verified
INF-20243103973,C0398,IS024,Skill Certificate,Professional Certificate: Machine Learning & Python,Machine Learning|Python,2024-11-16,2027-11-16,False,True,Shreya Chatterjee,0.93,True,False,0.98,,Issuer API,Verified
ARA-20228567150,C0399,IS007,Degree/Certificate,B.Sc (CS),,2022-10-19,,True,False,Karthik Pillai,0.99,True,False,0.92,,QR / digital signature,Verified
MER-20259470860,C0400,IS004,Degree/Certificate,B.Tech,,2025-09-12,,True,True,Arjun Yadav,0.98,True,False,0.91,,Issuer API,Verified
OPE-20192665097,C0400,IS019,Skill Certificate,Professional Certificate: SQL & Tableau,SQL|Tableau,2019-01-28,,True,False,Arjun Yadav,0.93,True,False,0.9,,Issuer API,Verified
SAH-20245975923,C0401,IS003,Degree/Certificate,B.Tech,,2024-10-09,,False,False,Anjali Singh,0.96,True,False,0.82,,None available,Unverified
COA-20199548890,C0402,IS006,Degree/Certificate,Diploma in Engineering,,2019-05-07,,False,False,Farhan Naidu,0.98,True,False,0.98,,Issuer API,Verified
LEA-20205452905,C0402,IS020,Skill Certificate,Professional Certificate: Python & Data Analysis,Python|Data Analysis,2020-12-15,,False,False,Farhan Naidu,1.0,True,False,0.95,,Manual issuer confirmation,Pending Verification
NOR-20243390562,C0403,IS001,Degree/Certificate,B.Tech,,2024-11-23,,True,True,Vivaan Banerjee,0.97,True,False,0.97,,QR / digital signature,Verified
INF-20239370818,C0403,IS024,Skill Certificate,Professional Certificate: HTML & Angular,HTML|Angular,2023-10-25,,False,True,Vivaan Banerjee,0.97,True,False,0.97,,Issuer API,Verified
DAT-20182061620,C0403,IS014,Skill Certificate,Certificate in Git,Git,2018-04-06,,True,True,Vivaan Banerjee,0.93,True,False,0.99,,Issuer API,Verified
PRE-20248317610,C0404,IS012,Degree/Certificate,ITI (NCVT) Certificate,CNC Machining|AutoCAD|Welding,2024-01-10,,True,False,Meera Kulkarni,1.0,True,False,0.91,,Issuer API,Verified
CLO-20182718435,C0404,IS013,Skill Certificate,Professional Certificate: CNC Machining & Welding,CNC Machining|Welding,2018-11-23,2021-11-23,True,False,Meera Kulkarni,0.99,True,False,0.9,,Issuer API,Verified
UDY-20240526119,C0405,IS011,Degree/Certificate,Diploma in Engineering,CNC Machining|AutoCAD|Welding,2024-03-25,,False,False,Isha Verma,0.99,True,False,0.91,,None available,Unverified
NEX-20258140241,C0405,IS022,Skill Certificate,Certificate in AutoCAD,AutoCAD,2025-04-11,,True,False,Isha Verma,0.96,True,False,0.9,,Manual issuer confirmation,Pending Verification
SAH-20268719596,C0406,IS003,Degree/Certificate,B.E.,,2026-07-04,,True,True,Farhan Fernandes,0.95,True,False,0.91,,Issuer API,Verified
EDU-20220831992,C0406,IS021,Skill Certificate,Professional Certificate: NLP & Machine Learning,NLP|Machine Learning,2022-12-19,2025-12-19,False,True,Farhan Fernandes,0.98,True,False,0.96,,Issuer API,Verified
DAT-20240864536,C0406,IS014,Skill Certificate,Certificate in NLP,NLP,2024-09-15,,True,False,Farhan Fernandes,0.98,True,False,0.96,,Issuer API,Verified
ARA-20248678318,C0407,IS007,Degree/Certificate,B.Tech,,2024-06-27,,True,False,Ananya Nair,0.98,True,False,0.89,,Manual issuer confirmation,Verified
NEX-20184379798,C0407,IS022,Skill Certificate,Professional Certificate: Pandas & Data Analysis,Pandas|Data Analysis,2018-05-11,2021-05-11,True,True,Ananya Nair,0.97,True,False,0.98,,Issuer API,Verified
SHR-20260392400,C0408,IS010,Degree/Certificate,ITI (NCVT) Certificate,AutoCAD|Electrical Wiring,2026-04-19,,False,False,Ayesha Gupta,0.59,True,False,0.98,name_mismatch,Cross-check failed,Suspicious
OPE-20210207807,C0408,IS019,Skill Certificate,Certificate in Electrical Wiring,Electrical Wiring,2021-04-27,,False,False,Ayesha Kapoor,0.99,True,False,0.68,,None available,Unverified
PIX-20243598065,C0408,IS018,Skill Certificate,Professional Certificate: AutoCAD & Electrical Wiring,AutoCAD|Electrical Wiring,2024-09-11,,True,True,Ayesha Kapoor,0.97,True,False,0.92,,Issuer API,Verified
COD-20240784544,C0408,IS015,Skill Certificate,Professional Certificate: AutoCAD & Electrical Wiring,AutoCAD|Electrical Wiring,2024-02-11,,True,True,Ayesha Kapoor,0.95,True,False,0.93,,Issuer API,Verified
COA-20246185076,C0409,IS006,Degree/Certificate,B.E.,,2024-02-16,,True,False,Sanjay Thakur,0.96,True,False,0.93,,Issuer API,Verified
OPE-20189203621,C0409,IS019,Skill Certificate,Professional Certificate: Selenium & SQL,Selenium|SQL,2018-02-27,2021-02-27,False,False,Sanjay Thakur,0.93,True,False,0.86,,None available,Unverified
COA-20237105976,C0410,IS006,Degree/Certificate,Diploma in Engineering,,2023-03-08,,False,True,Anjali Das,0.95,True,False,0.96,,Issuer API,Verified
SKI-20252313281,C0410,IS016,Skill Certificate,Certificate in Next.js,Next.js,2025-11-21,,False,False,Anjali Das,0.96,True,False,0.74,,None available,Unverified
PIX-20213250424,C0410,IS018,Skill Certificate,Professional Certificate: TypeScript & JavaScript,TypeScript|JavaScript,2021-06-11,,True,True,Anjali Das,0.97,True,False,0.89,,Issuer API,Verified
CLO-20243560818,C0410,IS013,Skill Certificate,Certificate in JavaScript,JavaScript,2024-07-04,,False,False,Anjali Das,0.99,True,False,0.84,,None available,Unverified
EDU-20258726973,C0410,IS021,Skill Certificate,Certificate in Next.js,Next.js,2025-12-02,2028-12-02,True,True,Anjali Das,0.94,True,False,0.89,,Issuer API,Verified
ARA-20269646897,C0411,IS003,Degree/Certificate,B.E.,,2024-07-28,,True,False,Karthik Das,0.98,False,True,0.92,duplicate_id|bad_checksum,Cross-check failed,Suspicious
COA-20213876335,C0412,IS006,Degree/Certificate,B.Tech,,2021-05-13,,False,False,Nikhil Rao,0.97,True,False,0.91,,None available,Unverified
NEX-20218424529,C0412,IS022,Skill Certificate,Professional Certificate: Git & Angular,Git|Angular,2021-05-09,,True,True,Nikhil Rao,0.96,True,False,0.91,,Issuer API,Verified
KAV-20242410171,C0413,IS002,Degree/Certificate,B.E.,,2024-11-05,,True,True,Pooja Fernandes,0.96,True,False,0.93,,Issuer API,Verified
INF-20240602068,C0413,IS024,Skill Certificate,Professional Certificate: Linux & Pandas,Linux|Pandas,2024-05-07,,True,True,Pooja Fernandes,0.94,True,False,0.98,,Issuer API,Verified
SHR-20244283162,C0414,IS010,Degree/Certificate,ITI (NCVT) Certificate,AutoCAD|Welding|Electrical Wiring,2024-04-17,,True,False,Lakshmi Kulkarni,0.97,True,False,0.99,,QR / digital signature,Verified
STA-20231895481,C0414,IS023,Skill Certificate,Certificate in Electrical Wiring,Electrical Wiring,2023-06-19,,True,True,Lakshmi Kulkarni,0.95,True,False,0.96,,Issuer API,Verified
MER-20248913889,C0415,IS004,Degree/Certificate,B.Tech,,2024-05-02,,True,True,Lakshmi Thakur,0.97,True,False,0.94,,Issuer API,Verified
NEX-20211271976,C0415,IS022,Skill Certificate,Certificate in Statistics,Statistics,2021-09-01,,True,True,Lakshmi Thakur,0.96,True,False,0.97,,Issuer API,Verified
PIX-20218283602,C0415,IS018,Skill Certificate,Professional Certificate: Python & PyTorch,Python|PyTorch,2021-11-27,2024-11-27,True,True,Lakshmi Thakur,0.99,True,False,0.94,,Issuer API,Verified
INF-20268135850,C0415,IS024,Skill Certificate,Professional Certificate: Scikit-learn & Statistics,Scikit-learn|Statistics,2026-01-03,,False,True,Lakshmi Thakur,0.98,True,False,0.9,,Issuer API,Verified
BRI-20193848940,C0415,IS017,Skill Certificate,Professional Certificate: PyTorch & SQL,PyTorch|SQL,2019-09-25,,True,False,Lakshmi Thakur,0.94,True,False,0.88,,Issuer API,Verified
SAH-20267234654,C0416,IS003,Degree/Certificate,B.Tech,,2026-01-23,,True,False,Suresh Verma,0.73,True,False,0.88,name_mismatch,Cross-check failed,Suspicious
NOR-20241005063,C0417,IS001,Degree/Certificate,B.Tech,,2024-03-11,,True,True,Joseph Mishra,0.95,True,False,0.94,,QR / digital signature,Verified
NEX-20248175893,C0417,IS022,Skill Certificate,Certificate in Hibernate,Hibernate,2024-08-08,,True,False,Joseph Mishra,0.93,True,False,0.9,,Manual issuer confirmation,Pending Verification
CLO-20238987653,C0417,IS013,Skill Certificate,Professional Certificate: Hibernate & Git,Hibernate|Git,2023-04-21,,True,False,Joseph Mishra,0.93,True,False,0.99,,Manual issuer confirmation,Pending Verification
SAH-20256892959,C0418,IS003,Degree/Certificate,M.Tech,,2025-04-21,,True,False,Vivaan Patel,0.94,True,False,0.99,,Issuer API,Verified
COD-20183122264,C0418,IS015,Skill Certificate,Certificate in Git,Git,2018-05-21,2021-05-21,True,True,Vivaan Patel,0.97,True,False,0.89,,Issuer API,Verified
NEX-20187896442,C0418,IS022,Skill Certificate,Professional Certificate: Docker & SQL,Docker|SQL,2018-02-04,2021-02-04,False,True,Vivaan Patel,1.0,True,False,0.91,,Issuer API,Verified
NEX-20244363055,C0418,IS022,Skill Certificate,Professional Certificate: SQL & Git,SQL|Git,2024-08-15,,True,True,Vivaan Patel,0.99,True,False,0.95,,Issuer API,Verified
LOT-20222605311,C0419,IS008,Degree/Certificate,BCA,,2022-11-15,,True,True,Ananya Thakur,0.97,True,False,0.91,,Issuer API,Verified
OPE-20232513927,C0419,IS019,Skill Certificate,Professional Certificate: Data Analysis & Excel,Data Analysis|Excel,2023-03-23,,True,False,Ananya Thakur,0.97,True,False,0.95,,Issuer API,Verified
OPE-20203496896,C0419,IS019,Skill Certificate,Professional Certificate: Data Analysis & Python,Data Analysis|Python,2020-08-08,2023-08-08,False,False,Ananya Thakur,1.0,True,False,0.98,,Manual issuer confirmation,Pending Verification
MER-20239897190,C0420,IS004,Degree/Certificate,B.Tech,,2023-05-12,,False,False,Sanjay Yadav,0.98,True,False,0.98,,Manual issuer confirmation,Pending Verification
SKI-20214881516,C0420,IS016,Skill Certificate,Certificate in Pandas,Pandas,2021-01-11,2024-01-11,True,False,Sanjay Yadav,0.99,True,False,0.95,,Issuer API,Verified
PIX-20242631867,C0420,IS018,Skill Certificate,Certificate in Pandas,Pandas,2024-02-05,2027-02-05,False,True,Sanjay Yadav,0.96,True,False,0.92,,Issuer API,Verified
COD-20242155743,C0420,IS015,Skill Certificate,Professional Certificate: Pandas & Python,Pandas|Python,2024-03-10,2027-03-10,True,True,Sanjay Yadav,0.98,True,False,1.0,,Issuer API,Verified
EDU-20187721517,C0420,IS021,Skill Certificate,Certificate in Python,Python,2018-07-14,,True,True,Sanjay Yadav,0.98,True,False,0.93,,Issuer API,Verified
VIN-20207533009,C0421,IS005,Degree/Certificate,B.E.,,2020-07-03,,True,False,Arjun Fernandes,1.0,True,False,0.95,,QR / digital signature,Verified
OPE-20226917431,C0421,IS019,Skill Certificate,Professional Certificate: HTML & JavaScript,HTML|JavaScript,2022-08-11,2025-08-11,False,False,Arjun Fernandes,0.96,True,False,0.82,,None available,Unverified
KAV-20203258981,C0422,IS002,Degree/Certificate,B.E.,,2020-03-13,,True,True,Kavya Joshi,0.99,True,False,0.91,,Issuer API,Verified
MER-20231504729,C0423,IS004,Degree/Certificate,B.E.,,2023-03-10,,True,False,Joseph Menon,0.96,True,False,0.97,,Issuer API,Verified
DAT-20267415170,C0423,IS014,Skill Certificate,Certificate in MySQL,MySQL,2026-06-03,,False,False,Joseph Menon,1.0,True,False,0.83,,None available,Unverified
DAT-20241371960,C0423,IS014,Skill Certificate,Certificate in Git,Git,2024-02-10,,True,True,Joseph Menon,0.98,True,False,0.97,,Issuer API,Verified
OPE-20219281407,C0423,IS019,Skill Certificate,Professional Certificate: Java & JUnit,Java|JUnit,2021-04-09,,True,False,Joseph Menon,0.96,True,False,0.89,,Issuer API,Verified
EDU-20209457462,C0423,IS021,Skill Certificate,Certificate in Git,Git,2020-11-13,2023-11-13,True,True,Joseph Menon,0.95,True,False,0.95,,Issuer API,Verified
VIN-20231464965,C0424,IS005,Degree/Certificate,Diploma in Engineering,,2023-02-02,,False,False,Thomas Kulkarni,0.96,True,False,0.9,,Manual issuer confirmation,Pending Verification
OPE-20202616080,C0424,IS019,Skill Certificate,Professional Certificate: Python & Tableau,Python|Tableau,2020-04-23,2023-04-23,True,False,Thomas Kulkarni,0.94,True,False,0.99,,Issuer API,Verified
LOT-20245565021,C0425,IS008,Degree/Certificate,B.E.,,2024-09-09,,True,True,Ananya Joshi,1.0,True,False,0.95,,Issuer API,Verified
NOR-20230131870,C0426,IS001,Degree/Certificate,B.Sc (CS),,2023-11-10,,True,True,Shreya Shaikh,0.98,True,False,0.95,,QR / digital signature,Verified
EDU-20193670542,C0426,IS021,Skill Certificate,Professional Certificate: Java & Git,Java|Git,2019-07-09,,True,True,Shreya Shaikh,0.96,True,False,0.98,,Issuer API,Verified
PIX-20249164276,C0426,IS018,Skill Certificate,Certificate in Git,Git,2024-12-22,,True,True,Shreya Shaikh,0.94,True,False,0.9,,Issuer API,Verified
PIX-20243723044,C0426,IS018,Skill Certificate,Professional Certificate: Java & Spring Boot,Java|Spring Boot,2024-06-03,,True,True,Shreya Shaikh,0.98,True,False,0.93,,Issuer API,Verified
VIN-20237430432,C0427,IS005,Degree/Certificate,B.Tech,,2023-01-09,,True,True,Ritika Chatterjee,0.94,True,False,0.95,,QR / digital signature,Verified
DAT-20191396140,C0427,IS014,Skill Certificate,Certificate in Cybersecurity,Cybersecurity,2019-07-09,2022-07-09,False,False,Ritika Chatterjee,0.95,True,False,0.99,,Manual issuer confirmation,Pending Verification
ARA-20252546302,C0428,IS007,Degree/Certificate,B.E.,,2025-03-01,,True,False,Ananya Chatterjee,0.99,True,False,0.94,,QR / digital signature,Verified
CLO-20234331443,C0428,IS013,Skill Certificate,Professional Certificate: AWS & CI/CD,AWS|CI/CD,2023-09-22,2026-09-22,False,False,Ananya Chatterjee,1.0,True,False,0.81,,None available,Unverified
INF-20199752997,C0428,IS024,Skill Certificate,Certificate in CI/CD,CI/CD,2019-02-21,2022-02-21,True,True,Ananya Chatterjee,0.94,True,False,0.97,,Issuer API,Verified
OPE-20214444901,C0428,IS019,Skill Certificate,Certificate in Docker,Docker,2021-11-13,,True,False,Ananya Chatterjee,0.96,True,False,0.91,,Issuer API,Verified
VIN-20248904664,C0429,IS005,Degree/Certificate,B.Sc (CS),,2024-03-10,,True,True,Farhan Yadav,0.99,True,False,0.92,,QR / digital signature,Verified
OPE-20265272086,C0429,IS019,Skill Certificate,Certificate in NumPy,NumPy,2026-04-17,,False,True,Farhan Yadav,0.99,True,False,0.99,,Issuer API,Verified
NEX-20252812779,C0429,IS022,Skill Certificate,Certificate in SQL,SQL,2025-08-14,,True,True,Farhan Yadav,0.97,True,False,0.91,,Issuer API,Verified
ARA-20262409004,C0430,IS007,Degree/Certificate,M.Tech,,2026-06-22,,True,True,Karthik Kapoor,0.96,True,False,0.96,,QR / digital signature,Verified
NEX-20201466484,C0430,IS022,Skill Certificate,Certificate in Tableau,Tableau,2020-01-22,2023-01-22,False,False,Karthik Rao,0.42,False,False,0.51,bad_checksum|name_mismatch|template_mismatch,Cross-check failed,Suspicious
LEA-20184653564,C0430,IS020,Skill Certificate,Certificate in Data Visualization,Data Visualization,2018-04-21,2021-04-21,True,True,Karthik Kapoor,0.95,True,False,0.97,,Issuer API,Verified
LEA-20244823454,C0430,IS020,Skill Certificate,Certificate in Excel,Excel,2024-08-01,,True,True,Karthik Kapoor,0.97,True,False,0.95,,Issuer API,Verified
CLO-20233009438,C0430,IS013,Skill Certificate,Certificate in Tableau,Tableau,2023-08-26,,True,False,Karthik Kapoor,0.99,True,False,0.98,,Issuer API,Verified
VIN-20251097174,C0431,IS005,Degree/Certificate,B.Tech,,2025-10-09,,True,False,Gurpreet Nair,0.94,True,False,0.95,,QR / digital signature,Verified
STA-20261145153,C0431,IS023,Skill Certificate,Professional Certificate: Power BI & Git,Power BI|Git,2026-04-05,2028-04-05,True,True,Gurpreet Nair,0.94,True,False,0.88,,Issuer API,Verified
DAT-20227442025,C0431,IS014,Skill Certificate,Certificate in Git,Git,2022-11-26,,True,False,Gurpreet Nair,0.94,True,False,0.96,,Issuer API,Verified
INF-20239015850,C0431,IS024,Skill Certificate,Professional Certificate: Python & Excel,Python|Excel,2023-10-10,,True,True,Gurpreet Nair,0.98,True,False,0.95,,Issuer API,Verified
LEA-20204702664,C0431,IS020,Skill Certificate,Certificate in Data Analysis,Data Analysis,2020-06-19,2023-06-19,True,True,Gurpreet Nair,0.97,True,False,0.97,,Issuer API,Verified
KAV-20269787451,C0432,IS002,Degree/Certificate,B.Tech,,2026-02-12,,True,True,Maria Kapoor,0.95,True,False,0.89,,Issuer API,Verified
MER-20201985403,C0433,IS004,Degree/Certificate,BCA,,2020-08-03,,True,False,Priya Khan,0.99,True,False,0.91,,Manual issuer confirmation,Pending Verification
DAT-20224745933,C0433,IS014,Skill Certificate,Professional Certificate: Java & SQL,Java|SQL,2022-06-08,2025-06-08,True,False,Priya Khan,0.95,True,False,0.9,,Issuer API,Verified
SAH-20228104426,C0434,IS003,Degree/Certificate,B.Tech,,2022-11-13,,True,False,Farhan Bose,0.94,True,False,0.99,,Issuer API,Verified
VIN-20233844982,C0435,IS005,Degree/Certificate,B.Tech,,2023-12-26,,True,False,Divya Joshi,0.93,True,False,0.93,,QR / digital signature,Verified
INF-20242205431,C0435,IS024,Skill Certificate,Certificate in SQL,SQL,2024-05-21,,True,True,Divya Joshi,0.95,True,False,0.93,,Issuer API,Verified
CLO-20260212707,C0435,IS013,Skill Certificate,Professional Certificate: SQL & REST API,SQL|REST API,2026-03-07,2028-03-07,False,False,Divya Joshi,0.97,True,False,0.79,,None available,Unverified
SKI-20254120189,C0435,IS016,Skill Certificate,Professional Certificate: Hibernate & Spring Boot,Hibernate|Spring Boot,2025-11-07,,True,False,Divya Joshi,0.94,True,False,0.93,,Issuer API,Verified
MER-20230458851,C0436,IS004,Degree/Certificate,Diploma in Engineering,,2023-07-24,,True,False,Farhan Mishra,0.98,True,False,0.97,,Manual issuer confirmation,Pending Verification
ARA-20139442071,C0437,IS007,Degree/Certificate,Diploma in Engineering,,2013-09-22,,False,False,Divya Shaikh,0.97,True,False,0.92,,Manual issuer confirmation,Pending Verification
STA-20238857773,C0437,IS023,Skill Certificate,Professional Certificate: Pandas & NumPy,Pandas|NumPy,2023-03-04,2026-03-04,True,False,Divya Shaikh,0.96,True,False,0.59,template_mismatch,Cross-check failed,Suspicious
PIX-20267724548,C0437,IS018,Skill Certificate,Certificate in Scikit-learn,Scikit-learn,2026-01-16,,False,False,Divya Shaikh,0.95,True,False,0.89,,None available,Unverified
PIX-20222590661,C0437,IS018,Skill Certificate,Certificate in Scikit-learn,Scikit-learn,2022-04-02,2025-04-02,False,False,Divya Shaikh,0.99,True,False,0.61,,None available,Unverified
VIN-20245119423,C0438,IS005,Degree/Certificate,M.Tech,,2024-04-15,,True,False,Vivaan Menon,0.94,True,False,0.89,,QR / digital signature,Verified
SAH-20253827461,C0439,IS003,Degree/Certificate,B.Tech,,2025-04-25,,True,False,Suresh Singh,0.94,True,False,0.88,,Issuer API,Verified
COD-20257234557,C0439,IS015,Skill Certificate,Certificate in React,React,2025-06-05,,True,True,Suresh Singh,0.99,True,False,0.93,,Issuer API,Verified
BRI-20194198311,C0439,IS017,Skill Certificate,Certificate in SQL,SQL,2019-07-07,2022-07-07,True,False,Suresh Singh,0.96,True,False,0.89,,Issuer API,Verified
NOR-20248628529,C0440,IS001,Degree/Certificate,MCA,,2024-05-12,,True,True,Meera Das,0.99,True,False,1.0,,QR / digital signature,Verified
DAT-20254036450,C0440,IS014,Skill Certificate,Professional Certificate: Azure & Linux,Azure|Linux,2025-04-20,,True,False,Meera Das,0.94,True,False,0.99,,Issuer API,Verified
LEA-20219478482,C0440,IS020,Skill Certificate,Certificate in Git,Git,2021-07-18,,False,True,Meera Das,0.99,True,False,0.95,,Issuer API,Verified
KAV-20267444741,C0441,IS002,Degree/Certificate,B.Tech,,2026-05-18,,False,False,Farhan Joshi,0.99,True,False,0.6,,None available,Unverified
CLO-20224661577,C0441,IS013,Skill Certificate,Professional Certificate: Data Visualization & Tableau,Data Visualization|Tableau,2022-01-26,,True,False,Farhan Joshi,0.96,True,False,0.89,,Issuer API,Verified
OPE-20228060727,C0441,IS019,Skill Certificate,Certificate in Data Visualization,Data Visualization,2022-01-15,2025-01-15,True,False,Farhan Joshi,1.0,True,False,0.94,,Manual issuer confirmation,Pending Verification
PRE-20260642432,C0442,IS012,Degree/Certificate,Diploma in Engineering,AutoCAD|Welding|Electrical Wiring|PLC Programming,2026-01-09,,True,False,Sneha Naidu,1.0,True,False,0.9,,Issuer API,Verified
PIX-20204288763,C0442,IS018,Skill Certificate,Certificate in PLC Programming,PLC Programming,2020-04-04,,True,True,Sneha Naidu,0.98,True,False,0.98,,Issuer API,Verified
CLO-20181633155,C0442,IS013,Skill Certificate,Certificate in PLC Programming,PLC Programming,2018-08-04,,True,False,Sneha Naidu,0.99,True,False,0.95,,Manual issuer confirmation,Pending Verification
ARA-20261643876,C0443,IS007,Degree/Certificate,BCA,,2026-07-14,,True,False,Rahul Menon,0.97,True,False,0.96,,QR / digital signature,Verified
STA-20217353406,C0443,IS023,Skill Certificate,Certificate in Unit Testing,Unit Testing,2021-06-08,2024-06-08,True,True,Rahul Menon,0.94,True,False,1.0,,Issuer API,Verified
PIX-20255809327,C0443,IS018,Skill Certificate,Professional Certificate: Git & SQL,Git|SQL,2025-01-12,,False,True,Rahul Menon,0.99,True,False,0.91,,Issuer API,Verified
BRI-20212344384,C0443,IS017,Skill Certificate,Professional Certificate: JUnit & Python,JUnit|Python,2021-03-04,2024-03-04,True,False,Rahul Menon,0.96,True,False,0.98,,Issuer API,Verified
SAH-20249840974,C0444,IS003,Degree/Certificate,B.Tech,,2024-06-05,,True,True,Farhan Banerjee,0.98,True,False,0.99,,Issuer API,Verified
BRI-20202744221,C0444,IS017,Skill Certificate,Certificate in Java,Java,2020-11-26,2023-11-26,True,False,Farhan Banerjee,0.99,True,False,0.97,,Manual issuer confirmation,Pending Verification
MER-20229329261,C0445,IS004,Degree/Certificate,BCA,,2022-07-01,,True,False,Isha Kapoor,0.94,True,False,0.96,,Issuer API,Verified
STA-20244425250,C0445,IS023,Skill Certificate,Certificate in REST API,REST API,2024-08-27,2027-08-27,True,True,Isha Kapoor,0.98,True,False,0.9,,Issuer API,Verified
EDU-20239059171,C0445,IS021,Skill Certificate,Professional Certificate: Git & Kotlin,Git|Kotlin,2023-10-17,,False,False,Isha Kapoor,0.94,True,False,0.97,,Manual issuer confirmation,Pending Verification
NEX-20269452429,C0445,IS022,Skill Certificate,Certificate in Kotlin,Kotlin,2026-05-19,,True,True,Isha Kapoor,0.98,True,False,0.92,,Issuer API,Verified
EDU-20202349773,C0445,IS021,Skill Certificate,Certificate in REST API,REST API,2020-01-08,,True,True,Isha Kapoor,0.94,True,False,0.98,,Issuer API,Verified
BHA-20245920242,C0446,IS009,Degree/Certificate,ITI (NCVT) Certificate,AutoCAD|Welding|Electrical Wiring|PLC Programming,2024-09-12,,True,True,Pooja Menon,0.97,True,False,0.94,,QR / digital signature,Verified
CLO-20232056729,C0446,IS013,Skill Certificate,Professional Certificate: AutoCAD & Electrical Wiring,AutoCAD|Electrical Wiring,2023-07-20,2026-07-20,True,False,Pooja Menon,0.94,True,False,0.96,,Issuer API,Verified
LEA-20204344434,C0446,IS020,Skill Certificate,Professional Certificate: Electrical Wiring & AutoCAD,Electrical Wiring|AutoCAD,2020-03-08,,True,True,Pooja Menon,0.97,True,False,0.89,,Issuer API,Verified
NOR-20220890584,C0447,IS001,Degree/Certificate,B.E.,,2022-01-26,,True,True,Joseph Fernandes,0.97,True,False,0.93,,QR / digital signature,Verified
NEX-20231975408,C0447,IS022,Skill Certificate,Professional Certificate: Django & Flask,Django|Flask,2023-11-08,,True,False,Joseph Fernandes,0.99,True,False,0.97,,Manual issuer confirmation,Pending Verification
MER-20262357468,C0448,IS004,Degree/Certificate,BCA,,2026-02-28,,True,False,Gurpreet Naidu,0.99,True,False,0.92,,Issuer API,Verified
EDU-20201203401,C0448,IS021,Skill Certificate,Professional Certificate: NumPy & Pandas,NumPy|Pandas,2020-12-03,,True,True,Gurpreet Naidu,0.98,True,False,0.92,,Issuer API,Verified
EDU-20182944239,C0448,IS021,Skill Certificate,Professional Certificate: SQL & NumPy,SQL|NumPy,2018-02-20,,True,True,Gurpreet Naidu,0.96,True,False,0.94,,Issuer API,Verified
BRI-20263062463,C0448,IS017,Skill Certificate,Certificate in Deep Learning,Deep Learning,2026-06-25,,True,False,Gurpreet Naidu,0.98,True,False,0.95,,Issuer API,Verified
LEA-20217941523,C0449,IS010,Degree/Certificate,ITI (NCVT) Certificate,CNC Machining|AutoCAD|PLC Programming,2025-06-08,,False,False,Ritika Kulkarni,0.96,False,True,0.92,bad_checksum|duplicate_id,Cross-check failed,Suspicious
CLO-20235055256,C0449,IS013,Skill Certificate,Professional Certificate: CNC Machining & AutoCAD,CNC Machining|AutoCAD,2023-09-28,,False,False,Ritika Kulkarni,0.95,True,False,0.81,,None available,Unverified
PIX-20200786562,C0449,IS018,Skill Certificate,Professional Certificate: CNC Machining & AutoCAD,CNC Machining|AutoCAD,2020-08-16,,True,True,Ritika Kulkarni,0.97,True,False,0.96,,Issuer API,Verified
PIX-20236044218,C0449,IS018,Skill Certificate,Certificate in AutoCAD,AutoCAD,2015-11-09,2018-11-09,False,False,Ritika Kulkarni,0.97,True,False,0.59,template_mismatch|date_before_issuer_founded,Cross-check failed,Suspicious
LOT-20266601283,C0450,IS008,Degree/Certificate,Diploma in Engineering,,2026-09-07,,True,False,Harpreet Shaikh,0.97,True,False,0.92,,Manual issuer confirmation,Pending Verification
NEX-20203095318,C0450,IS020,Skill Certificate,Professional Certificate: PyTorch & Python,PyTorch|Python,2018-11-13,,False,False,Harpreet Shaikh,0.96,True,True,0.97,duplicate_id,Cross-check failed,Suspicious
MER-20222274266,C0451,IS004,Degree/Certificate,M.Sc (Data Science),,2022-10-08,,True,True,Lakshmi Banerjee,0.98,True,False,0.98,,Issuer API,Verified
COD-20212745382,C0451,IS015,Skill Certificate,Certificate in Linux,Linux,2021-08-27,2024-08-27,True,True,Lakshmi Banerjee,0.96,True,False,0.9,,Issuer API,Verified
COA-20260110497,C0452,IS006,Degree/Certificate,MCA,,2026-06-17,,True,False,Meera Nair,0.94,True,False,0.95,,Issuer API,Verified
EDU-20258427564,C0452,IS021,Skill Certificate,Professional Certificate: Scikit-learn & Pandas,Scikit-learn|Pandas,2025-10-16,,False,False,Meera Nair,1.0,True,False,0.79,,None available,Unverified
OPE-20262032780,C0452,IS019,Skill Certificate,Professional Certificate: Python & Scikit-learn,Python|Scikit-learn,2026-07-13,,True,False,Meera Nair,0.99,True,False,0.97,,Manual issuer confirmation,Pending Verification
NOR-20221204306,C0453,IS001,Degree/Certificate,B.Tech,,2022-06-19,,True,False,Isha Sharma,0.97,True,False,0.89,,Manual issuer confirmation,Pending Verification
OPE-20242149431,C0453,IS019,Skill Certificate,Professional Certificate: SQL & MySQL,SQL|MySQL,2024-07-12,,False,False,Isha Sharma,0.97,True,False,0.96,,Manual issuer confirmation,Pending Verification
LEA-20233798014,C0453,IS020,Skill Certificate,Professional Certificate: MySQL & Java,MySQL|Java,2023-11-28,2026-11-28,True,True,Isha Sharma,0.96,True,False,0.91,,Issuer API,Verified
KAV-20242907168,C0454,IS002,Degree/Certificate,Diploma in Engineering,,2024-10-08,,True,True,Imran Naidu,0.95,True,False,0.9,,Issuer API,Verified
COD-20251975973,C0454,IS015,Skill Certificate,Professional Certificate: Statistics & Python,Statistics|Python,2025-02-05,2028-02-05,False,False,Imran Naidu,0.97,True,False,0.62,,None available,Unverified
VIN-20260285239,C0455,IS005,Degree/Certificate,BCA,,2026-03-18,,False,False,Jasleen Sharma,0.98,False,False,0.88,bad_checksum,Cross-check failed,Suspicious
BRI-20204045528,C0455,IS017,Skill Certificate,Certificate in REST API,REST API,2020-06-10,,True,True,Jasleen Sharma,0.95,True,False,0.92,,Issuer API,Verified
LOT-20242015533,C0456,IS008,Degree/Certificate,B.Tech,,2024-07-23,,False,False,Vivaan Patel,0.97,True,False,0.77,,None available,Unverified
CLO-20269660823,C0456,IS013,Skill Certificate,Certificate in Hibernate,Hibernate,2026-05-22,,True,False,Vivaan Patel,0.97,True,False,1.0,,Issuer API,Verified
SAH-20268037619,C0457,IS003,Degree/Certificate,BCA,,2026-02-14,,True,False,Kavya Menon,0.98,True,False,0.89,,Issuer API,Verified
PIX-20236793764,C0457,IS018,Skill Certificate,Certificate in Python,Python,2023-02-08,2026-02-08,True,True,Kavya Menon,0.95,True,False,0.96,,Issuer API,Verified
OPE-20185788096,C0457,IS019,Skill Certificate,Professional Certificate: Data Analysis & Python,Data Analysis|Python,2018-05-11,2021-05-11,True,True,Kavya Menon,0.95,True,False,0.99,,Issuer API,Verified
BRI-20183252350,C0457,IS017,Skill Certificate,Certificate in Statistics,Statistics,2018-11-13,,True,False,Kavya Menon,0.97,True,False,0.92,,Issuer API,Verified
MER-20261060618,C0458,IS004,Degree/Certificate,B.Sc (CS),,2026-06-02,,False,False,Rohit Chatterjee,0.96,True,False,0.92,,Issuer API,Verified
EDU-20251623060,C0458,IS021,Skill Certificate,Professional Certificate: TypeScript & React,TypeScript|React,2025-04-04,,True,True,Rohit Chatterjee,0.99,True,False,0.91,,Issuer API,Verified
KAV-20212016750,C0459,IS002,Degree/Certificate,M.Sc (Data Science),,2021-09-26,,False,True,Pooja Das,0.96,True,False,0.95,,Issuer API,Verified
NEX-20224983062,C0459,IS022,Skill Certificate,Certificate in MySQL,MySQL,2022-03-27,2025-03-27,True,False,Pooja Das,0.98,True,False,0.88,,Manual issuer confirmation,Pending Verification
DAT-20228354609,C0459,IS014,Skill Certificate,Professional Certificate: Docker & Java,Docker|Java,2022-05-01,,True,True,Pooja Das,0.94,True,False,0.96,,Issuer API,Verified
BRI-20242070488,C0459,IS017,Skill Certificate,Professional Certificate: Hibernate & MySQL,Hibernate|MySQL,2024-02-18,,True,False,Pooja Das,0.94,True,False,0.99,,Issuer API,Verified
COA-20269084156,C0460,IS006,Degree/Certificate,B.Tech,,2026-08-06,,True,False,Joseph Thakur,0.99,True,False,0.97,,Issuer API,Verified
LEA-20182410777,C0460,IS020,Skill Certificate,Professional Certificate: REST API & Express.js,REST API|Express.js,2018-11-11,2021-11-11,False,False,Joseph Thakur,0.96,True,False,0.93,,Manual issuer confirmation,Pending Verification
EDU-20199457548,C0460,IS021,Skill Certificate,Certificate in Git,Git,2019-07-04,,True,True,Joseph Thakur,0.98,True,False,0.97,,Issuer API,Verified
NOR-20263260430,C0461,IS001,Degree/Certificate,BCA,,2026-08-18,,True,True,Karthik Sharma,0.99,True,False,0.94,,QR / digital signature,Verified
UDY-20261856841,C0462,IS011,Degree/Certificate,ITI (NCVT) Certificate,CNC Machining|AutoCAD|Welding|PLC Programming,2026-06-15,,True,True,Harpreet Pillai,0.96,True,False,0.88,,QR / digital signature,Verified
OPE-20225386174,C0462,IS019,Skill Certificate,Professional Certificate: AutoCAD & CNC Machining,AutoCAD|CNC Machining,2022-08-10,,True,False,Harpreet Pillai,0.99,True,False,0.99,,Issuer API,Verified
EDU-20201764105,C0462,IS021,Skill Certificate,Professional Certificate: CNC Machining & AutoCAD,CNC Machining|AutoCAD,2020-02-08,2023-02-08,True,True,Harpreet Pillai,0.96,True,False,0.94,,Issuer API,Verified
EDU-20216028231,C0462,IS021,Skill Certificate,Certificate in AutoCAD,AutoCAD,2021-03-05,,False,True,Harpreet Pillai,0.96,True,False,0.96,,Issuer API,Verified
INF-20228949507,C0462,IS024,Skill Certificate,Certificate in CNC Machining,CNC Machining,2022-10-22,2025-10-22,False,True,Harpreet Pillai,0.98,True,False,0.95,,Issuer API,Verified
NOR-20263801811,C0463,IS001,Degree/Certificate,B.E.,,2026-04-25,,True,True,Nikhil Khan,1.0,True,False,0.96,,QR / digital signature,Verified
LEA-20217941523,C0463,IS020,Skill Certificate,Certificate in Kotlin,Kotlin,2021-02-26,,True,True,Nikhil Khan,0.96,True,False,0.93,,Issuer API,Verified
LOT-20241147428,C0464,IS008,Degree/Certificate,B.Sc (CS),,2024-03-09,,True,True,Mohit Kapoor,0.95,True,False,0.99,,Issuer API,Verified
COD-20261025660,C0464,IS015,Skill Certificate,Certificate in TypeScript,TypeScript,2026-07-16,,True,True,Mohit Kapoor,0.93,True,False,0.93,,Issuer API,Verified
EDU-20209265436,C0464,IS021,Skill Certificate,Professional Certificate: JavaScript & React,JavaScript|React,2020-04-12,,True,True,Mohit Kapoor,0.96,True,False,0.93,,Issuer API,Verified
OPE-20253535072,C0464,IS019,Skill Certificate,Certificate in React,React,2025-02-16,2028-02-16,True,False,Mohit Kapoor,0.94,True,False,0.9,,Issuer API,Verified
VIN-20269258222,C0465,IS005,Degree/Certificate,B.Tech,,2026-08-13,,True,True,Aarav Shaikh,0.99,True,False,0.94,,QR / digital signature,Verified
INF-20191318292,C0465,IS024,Skill Certificate,Certificate in JUnit,JUnit,2019-02-22,,False,False,Aarav Shaikh,0.96,True,False,0.81,,None available,Unverified
ARA-20262696105,C0466,IS007,Degree/Certificate,Diploma in Engineering,,2026-05-14,,False,False,Arjun Khan,0.95,True,False,0.97,,Manual issuer confirmation,Pending Verification
SAH-20260511512,C0467,IS003,Degree/Certificate,B.Tech,,2026-07-04,,True,False,Mohit Chatterjee,0.95,True,False,0.88,,Manual issuer confirmation,Pending Verification
MER-20250024211,C0468,IS004,Degree/Certificate,B.Sc (CS),,2025-03-12,,True,False,Arjun Kulkarni,0.99,True,False,0.97,,Issuer API,Verified
INF-20241833579,C0468,IS024,Skill Certificate,Certificate in JUnit,JUnit,2024-02-14,,False,False,Arjun Patel,0.48,False,False,0.96,name_mismatch|bad_checksum,Cross-check failed,Suspicious
SKI-20232438182,C0468,IS016,Skill Certificate,Certificate in Spring Boot,Spring Boot,2023-11-16,2026-11-16,True,False,Arjun Kulkarni,0.98,True,False,0.98,,Issuer API,Verified
SKI-20202649024,C0468,IS016,Skill Certificate,Certificate in Spring Boot,Spring Boot,2020-01-20,,True,False,Arjun Kulkarni,0.94,True,False,0.93,,Issuer API,Verified
KAV-20255523811,C0469,IS002,Degree/Certificate,M.Tech,,2025-08-01,,True,True,Neha Banerjee,1.0,True,False,0.95,,Issuer API,Verified
COD-20251299127,C0469,IS015,Skill Certificate,Professional Certificate: Docker & Hibernate,Docker|Hibernate,2025-10-06,2028-10-06,True,True,Neha Banerjee,0.95,True,False,1.0,,Issuer API,Verified
INF-20200567111,C0469,IS024,Skill Certificate,Professional Certificate: Spring Boot & JUnit,Spring Boot|JUnit,2020-07-21,,True,True,Neha Banerjee,0.97,True,False,0.95,,Issuer API,Verified
SAH-20203367261,C0470,IS003,Degree/Certificate,B.Tech,,2020-05-04,,True,False,Vikram Bose,0.99,True,False,0.98,,Issuer API,Verified
EDU-20220831992,C0471,IS006,Degree/Certificate,B.Tech,,2024-10-21,,False,False,Joseph Shaikh,0.6,False,True,0.98,name_mismatch|duplicate_id|bad_checksum,Cross-check failed,Suspicious
INF-20231035112,C0471,IS024,Skill Certificate,Certificate in Pandas,Pandas,2023-01-18,2026-01-18,True,True,Joseph Pillai,0.97,True,False,0.97,,Issuer API,Verified
ARA-20240392272,C0472,IS007,Degree/Certificate,Diploma in Engineering,,2024-01-10,,True,False,Zoya Bose,0.93,True,False,0.97,,QR / digital signature,Verified
KAV-20260922933,C0473,IS002,Degree/Certificate,B.Tech,,2026-02-28,,True,True,Gurpreet Nair,0.99,True,False,0.98,,Issuer API,Verified
LEA-20227137617,C0473,IS020,Skill Certificate,Professional Certificate: Cybersecurity & Networking,Cybersecurity|Networking,2022-12-22,2025-12-22,True,True,Gurpreet Nair,0.95,True,False,0.94,,Issuer API,Verified
MER-20259965638,C0474,IS004,Degree/Certificate,MCA,,2025-07-23,,True,False,Suresh Yadav,0.96,True,False,0.89,,Issuer API,Verified
SKI-20238793390,C0474,IS016,Skill Certificate,Professional Certificate: Docker & Jenkins,Docker|Jenkins,2023-03-13,,True,False,Suresh Yadav,0.95,True,False,0.92,,Issuer API,Verified
DAT-20258320975,C0474,IS014,Skill Certificate,Professional Certificate: AWS & Jenkins,AWS|Jenkins,2025-01-17,,True,False,Suresh Yadav,0.95,True,False,0.97,,Issuer API,Verified
LOT-20264079730,C0475,IS008,Degree/Certificate,B.E.,,2026-03-16,,True,True,Suresh Kulkarni,0.97,True,False,0.96,,Issuer API,Verified
INF-20267711024,C0475,IS024,Skill Certificate,Certificate in SQL,SQL,2026-08-14,,True,True,Suresh Kulkarni,0.99,True,False,1.0,,Issuer API,Verified
OPE-20240326247,C0475,IS019,Skill Certificate,Professional Certificate: Scikit-learn & NumPy,Scikit-learn|NumPy,2024-10-18,,True,False,Suresh Kulkarni,0.99,True,False,0.9,,Issuer API,Verified
COA-20161632524,C0476,IS006,Degree/Certificate,B.Tech,,2016-02-18,,False,False,Divya Patel,0.97,True,False,1.0,,Issuer API,Verified
EDU-20236852701,C0476,IS021,Skill Certificate,Certificate in Microservices,Microservices,2023-02-03,2026-02-03,False,False,Divya Patel,0.94,True,False,0.78,,None available,Unverified
PIX-20224532174,C0476,IS018,Skill Certificate,Professional Certificate: MySQL & REST API,MySQL|REST API,2016-04-18,2019-04-18,False,False,Divya Patel,0.98,True,False,0.96,date_before_issuer_founded,Cross-check failed,Suspicious
COA-20263954750,C0477,IS006,Degree/Certificate,BCA,,2026-03-20,,True,True,Karthik Patel,0.99,True,False,0.99,,Issuer API,Verified
SAH-20208823342,C0478,IS003,Degree/Certificate,MCA,,2020-01-03,,True,False,Maria Joshi,0.99,True,False,0.88,,Issuer API,Verified
OPE-20248672626,C0478,IS019,Skill Certificate,Certificate in Git,Git,2024-03-03,,True,False,Maria Joshi,0.99,True,False,0.95,,Issuer API,Verified
VIN-20195245319,C0479,IS005,Degree/Certificate,M.Sc (Data Science),,2019-12-23,,True,False,Pooja Banerjee,0.96,True,False,0.89,,QR / digital signature,Verified
EDU-20191671013,C0479,IS021,Skill Certificate,Professional Certificate: Python & REST API,Python|REST API,2019-12-17,,False,False,Pooja Banerjee,0.96,True,False,0.7,,None available,Unverified
NOR-20234902383,C0480,IS001,Degree/Certificate,BCA,,2023-11-26,,True,True,Gurpreet Shaikh,0.96,True,False,0.97,,QR / digital signature,Verified
NEX-20190875987,C0480,IS022,Skill Certificate,Professional Certificate: React & Git,React|Git,2019-08-26,,True,True,Gurpreet Shaikh,0.95,True,False,0.88,,Issuer API,Verified
PRE-20244246789,C0481,IS012,Degree/Certificate,ITI (NCVT) Certificate,CNC Machining|AutoCAD|Electrical Wiring|PLC Programming,2024-06-25,,True,False,Neha Das,0.99,True,False,0.89,,Manual issuer confirmation,Pending Verification
VIN-20262142282,C0482,IS005,Degree/Certificate,Diploma in Engineering,,2026-08-27,,True,False,Manish Verma,0.99,True,False,0.99,,QR / digital signature,Verified
MER-20231972082,C0483,IS004,Degree/Certificate,B.Tech,,2023-06-04,,True,False,Ayesha Thakur,0.93,True,False,0.99,,Issuer API,Verified
EDU-20199726694,C0483,IS021,Skill Certificate,Certificate in Java,Java,2019-10-18,2022-10-18,True,False,Ayesha Thakur,1.0,True,False,0.99,,Manual issuer confirmation,Pending Verification
LEA-20181886902,C0483,IS020,Skill Certificate,Certificate in Java,Java,2018-09-10,,True,True,Ayesha Thakur,0.96,True,False,0.88,,Issuer API,Verified
INF-20183612074,C0483,IS024,Skill Certificate,Certificate in Kotlin,Kotlin,2018-08-06,,True,True,Ayesha Thakur,0.95,True,False,0.9,,Issuer API,Verified
VIN-20239366816,C0484,IS005,Degree/Certificate,B.E.,,2023-09-19,,False,False,Ritika Thakur,0.99,True,False,0.91,,Manual issuer confirmation,Pending Verification
SHR-20255600544,C0485,IS010,Degree/Certificate,ITI (NCVT) Certificate,CNC Machining|AutoCAD|Electrical Wiring|PLC Programming,2025-11-04,,True,False,Joseph Joshi,0.96,True,False,0.95,,QR / digital signature,Verified
COD-20180082156,C0485,IS015,Skill Certificate,Certificate in Electrical Wiring,Electrical Wiring,2018-03-07,2021-03-07,True,True,Joseph Joshi,0.95,True,False,0.98,,Issuer API,Verified
COD-20261086795,C0485,IS015,Skill Certificate,Professional Certificate: CNC Machining & AutoCAD,CNC Machining|AutoCAD,2026-07-24,,True,True,Joseph Joshi,0.98,True,False,0.93,,Issuer API,Verified
LOT-20259934568,C0486,IS008,Degree/Certificate,B.Sc (CS),,2025-07-18,,True,True,Harpreet Reddy,0.97,True,False,0.88,,Issuer API,Verified
OPE-20249521830,C0486,IS019,Skill Certificate,Certificate in TypeScript,TypeScript,2024-09-22,2027-09-22,False,False,Harpreet Reddy,0.97,True,False,0.7,,None available,Unverified
MER-20236662795,C0487,IS004,Degree/Certificate,B.Tech,,2023-10-16,,True,False,Jasleen Menon,0.98,True,False,0.91,,Issuer API,Verified
LEA-20211813801,C0487,IS020,Skill Certificate,Professional Certificate: Git & TypeScript,Git|TypeScript,2021-08-17,2024-08-17,True,True,Jasleen Menon,0.99,True,False,0.96,,Issuer API,Verified
PIX-20207706530,C0487,IS018,Skill Certificate,Professional Certificate: CSS & JavaScript,CSS|JavaScript,2020-03-14,,True,True,Jasleen Menon,0.99,True,False,0.94,,Issuer API,Verified
NOR-20255418665,C0488,IS001,Degree/Certificate,MCA,,2025-02-08,,False,False,Priya Naidu,0.94,True,False,0.97,,Manual issuer confirmation,Pending Verification
CLO-20262480898,C0488,IS013,Skill Certificate,Certificate in Java,Java,2026-09-07,2028-09-07,True,False,Priya Naidu,0.97,True,False,0.98,,Issuer API,Verified
COA-20262818212,C0489,IS006,Degree/Certificate,M.Sc (Data Science),,2026-09-28,,True,False,Mohit Nair,0.99,True,False,0.9,,Issuer API,Verified
COA-20242015848,C0490,IS006,Degree/Certificate,B.Tech,,2024-10-12,,False,False,Zoya Verma,0.98,True,False,1.0,,Issuer API,Verified
VIN-20269125736,C0491,IS005,Degree/Certificate,B.Sc (CS),,2026-04-08,,True,False,Anjali Yadav,0.94,True,False,0.88,,QR / digital signature,Verified
OPE-20201730601,C0491,IS019,Skill Certificate,Professional Certificate: Linux & Git,Linux|Git,2020-10-17,,True,False,Anjali Yadav,0.97,True,False,0.91,,Issuer API,Verified
NOR-20255297614,C0492,IS001,Degree/Certificate,B.Sc (CS),,2025-08-18,,True,True,Sanjay Reddy,0.97,True,False,0.97,,QR / digital signature,Verified
NOR-20263786582,C0493,IS001,Degree/Certificate,BCA,,2026-08-29,,True,True,Deepa Joshi,0.97,True,False,0.97,,QR / digital signature,Verified
INF-20252387814,C0493,IS024,Skill Certificate,Professional Certificate: Python & Power BI,Python|Power BI,2025-10-25,2028-10-25,True,True,Deepa Joshi,0.93,True,False,0.96,,Issuer API,Verified
ARA-20167007986,C0494,IS007,Degree/Certificate,B.Tech,,2016-06-06,,True,True,Gurpreet Rao,0.95,True,False,0.98,,QR / digital signature,Verified
COA-20233490646,C0495,IS006,Degree/Certificate,M.Tech,,2023-02-24,,True,False,Manish Joshi,0.93,True,False,0.91,,Manual issuer confirmation,Pending Verification
STA-20196085102,C0495,IS017,Skill Certificate,Professional Certificate: React & JavaScript,React|JavaScript,2011-12-05,,False,False,Manish Joshi,0.96,True,True,0.53,template_mismatch|duplicate_id|date_before_issuer_founded,Cross-check failed,Suspicious
STA-20190028469,C0495,IS023,Skill Certificate,Professional Certificate: React & Angular,React|Angular,2004-03-04,,False,False,Manish Das,0.37,False,False,0.92,bad_checksum|date_before_issuer_founded|name_mismatch,Cross-check failed,Suspicious
SKI-20243934336,C0495,IS016,Skill Certificate,Certificate in Angular,Angular,2024-02-27,,True,False,Manish Joshi,1.0,True,False,0.92,,Issuer API,Verified
OPE-20188137259,C0495,IS019,Skill Certificate,Professional Certificate: Angular & React,Angular|React,2018-06-07,,False,False,Manish Joshi,0.99,True,False,0.76,,None available,Unverified
SAH-20247476656,C0496,IS003,Degree/Certificate,BCA,,2024-01-19,,True,False,Yash Pillai,0.96,True,False,0.99,,Issuer API,Verified
STA-20238518763,C0496,IS023,Skill Certificate,Professional Certificate: Git & Spring Boot,Git|Spring Boot,2023-01-04,,True,True,Yash Pillai,1.0,True,False,0.98,,Issuer API,Verified
ARA-20264076223,C0497,IS007,Degree/Certificate,B.Sc (CS),,2026-03-23,,True,True,Rahul Thakur,0.94,True,False,0.94,,QR / digital signature,Verified
EDU-20209317393,C0497,IS021,Skill Certificate,Certificate in Machine Learning,Machine Learning,2020-01-14,,False,True,Rahul Thakur,0.99,True,False,0.89,,Issuer API,Verified
BRI-20232937381,C0497,IS017,Skill Certificate,Professional Certificate: Machine Learning & Pandas,Machine Learning|Pandas,2023-09-05,2026-09-05,True,False,Rahul Thakur,1.0,True,False,0.88,,Issuer API,Verified
PIX-20255076810,C0497,IS018,Skill Certificate,Certificate in Pandas,Pandas,2025-06-23,,True,True,Rahul Thakur,0.94,True,False,1.0,,Issuer API,Verified
MER-20258261096,C0498,IS004,Degree/Certificate,M.Sc (Data Science),,2025-05-18,,True,True,Ramesh Kapoor,0.94,True,False,0.91,,Issuer API,Verified
DAT-20236312649,C0498,IS014,Skill Certificate,Professional Certificate: Microservices & REST API,Microservices|REST API,2023-08-13,,False,False,Ramesh Kapoor,0.95,True,False,0.89,,Issuer API,Verified
ARA-20224383735,C0499,IS007,Degree/Certificate,B.Sc (CS),,2022-11-05,,True,True,Anjali Kulkarni,0.94,True,False,0.9,,QR / digital signature,Verified
STA-20250210620,C0499,IS023,Skill Certificate,Certificate in Redis,Redis,2025-06-28,2028-06-28,True,True,Anjali Kulkarni,0.93,True,False,0.92,,Issuer API,Verified
CLO-20183153491,C0499,IS013,Skill Certificate,Professional Certificate: Django & Git,Django|Git,2018-04-27,,True,False,Anjali Kulkarni,0.98,True,False,0.98,,Issuer API,Verified
DAT-20245340649,C0499,IS014,Skill Certificate,Certificate in Redis,Redis,2012-12-28,,False,False,Anjali Kulkarni,0.98,True,False,0.35,date_before_issuer_founded|template_mismatch,Cross-check failed,Suspicious
MER-20265194272,C0500,IS004,Degree/Certificate,B.Sc (CS),,2026-06-23,,True,False,Aditya Bose,0.99,True,False,0.89,,Issuer API,Verified
PIX-20206275693,C0500,IS018,Skill Certificate,Certificate in MySQL,MySQL,2020-06-13,2023-06-13,True,True,Aditya Bose,0.95,True,False,0.99,,Issuer API,Verified
EDU-20184019394,C0500,IS021,Skill Certificate,Professional Certificate: Spring Boot & REST API,Spring Boot|REST API,2018-11-19,,True,True,Aditya Bose,0.97,True,False,0.89,,Issuer API,Verified
MER-20258501178,C0501,IS004,Degree/Certificate,BCA,,2025-01-03,,True,True,Deepa Verma,0.97,True,False,0.97,,Issuer API,Verified
EDU-20211672363,C0501,IS021,Skill Certificate,Professional Certificate: Android Development & REST API,Android Development|REST API,2021-02-04,,True,True,Deepa Verma,1.0,True,False,0.92,,Issuer API,Verified
OPE-20182228344,C0501,IS019,Skill Certificate,Professional Certificate: Java & Kotlin,Java|Kotlin,2018-03-22,2021-03-22,True,False,Deepa Verma,0.94,True,False,0.89,,Issuer API,Verified
NOR-20241643327,C0502,IS001,Degree/Certificate,B.Tech,,2024-03-16,,True,True,Divya Kulkarni,0.93,True,False,0.97,,QR / digital signature,Verified
COD-20267715645,C0502,IS015,Skill Certificate,Certificate in MySQL,MySQL,2026-01-14,2028-01-14,True,True,Divya Kulkarni,0.99,True,False,0.9,,Issuer API,Verified
CLO-20211174774,C0502,IS013,Skill Certificate,Professional Certificate: Docker & Python,Docker|Python,2021-06-01,,True,False,Divya Kulkarni,1.0,True,False,0.97,,Issuer API,Verified
DAT-20225089257,C0502,IS014,Skill Certificate,Certificate in Docker,Docker,2022-07-04,2025-07-04,True,True,Divya Kulkarni,0.95,True,False,0.99,,Issuer API,Verified
VIN-20268830443,C0503,IS005,Degree/Certificate,B.E.,,2026-06-28,,True,False,Gurpreet Chatterjee,0.96,True,False,0.97,,Manual issuer confirmation,Pending Verification
LEA-20205263898,C0503,IS020,Skill Certificate,Certificate in Scikit-learn,Scikit-learn,2020-01-04,,True,False,Gurpreet Chatterjee,0.94,True,False,0.96,,Manual issuer confirmation,Pending Verification
KAV-20247824582,C0504,IS002,Degree/Certificate,MCA,,2024-12-28,,True,True,Tanvi Rao,0.96,True,False,0.96,,Issuer API,Verified
DAT-20220675563,C0504,IS014,Skill Certificate,Professional Certificate: Machine Learning & Deep Learning,Machine Learning|Deep Learning,2022-06-07,,True,True,Tanvi Rao,0.99,True,False,0.92,,Issuer API,Verified
LOT-20257918241,C0505,IS008,Degree/Certificate,B.Tech,,2025-04-07,,True,True,Pooja Bose,0.99,True,False,0.97,,Issuer API,Verified
OPE-20188402794,C0505,IS019,Skill Certificate,Professional Certificate: REST API & Spring Boot,REST API|Spring Boot,2018-09-06,2021-09-06,False,False,Pooja Bose,0.97,True,False,0.63,,None available,Unverified
DAT-20242912697,C0505,IS014,Skill Certificate,Certificate in Linux,Linux,2024-05-13,,False,False,Pooja Bose,0.98,True,False,0.98,,Manual issuer confirmation,Pending Verification
LEA-20249426287,C0505,IS020,Skill Certificate,Professional Certificate: Java & Spring Boot,Java|Spring Boot,2024-03-11,,False,False,Pooja Bose,0.93,True,False,0.91,,Manual issuer confirmation,Pending Verification
COD-20228684039,C0505,IS015,Skill Certificate,Professional Certificate: Spring Boot & REST API,Spring Boot|REST API,2022-04-26,,False,False,Pooja Bose,1.0,True,False,0.75,,None available,Unverified
COA-20228302079,C0506,IS006,Degree/Certificate,M.Sc (Data Science),,2022-08-15,,True,True,Nikhil Khan,0.96,True,False,0.9,,Issuer API,Verified
ARA-20266835428,C0507,IS007,Degree/Certificate,B.Sc (CS),,2026-07-17,,False,False,Aditya Gupta,0.99,True,False,0.72,,None available,Unverified
LOT-20239898545,C0508,IS008,Degree/Certificate,B.Sc (CS),,2023-11-26,,True,True,Nikhil Fernandes,0.95,True,False,0.89,,Issuer API,Verified
OPE-20209940541,C0508,IS019,Skill Certificate,Professional Certificate: Python & Redis,Python|Redis,2020-05-10,,True,False,Nikhil Fernandes,0.96,True,False,0.97,,Issuer API,Verified
NOR-20241676293,C0509,IS001,Degree/Certificate,B.Tech,,2024-01-16,,True,True,Arjun Fernandes,0.96,True,False,0.96,,QR / digital signature,Verified
LEA-20180317537,C0509,IS020,Skill Certificate,Certificate in Network Security,Network Security,2018-06-23,,True,True,Arjun Fernandes,0.95,True,False,0.89,,Issuer API,Verified
COA-20258899903,C0510,IS006,Degree/Certificate,BCA,,2025-12-03,,True,False,Ananya Khan,0.94,True,False,0.99,,Issuer API,Verified
MER-20227214127,C0511,IS004,Degree/Certificate,BCA,,2022-10-05,,True,False,Jasleen Kulkarni,0.97,True,False,1.0,,Issuer API,Verified
LEA-20263058032,C0511,IS020,Skill Certificate,Professional Certificate: TypeScript & REST API,TypeScript|REST API,2026-06-03,,False,True,Jasleen Kulkarni,0.95,True,False,0.99,,Issuer API,Verified
LOT-20269506257,C0512,IS008,Degree/Certificate,B.E.,,2026-01-22,,True,True,Suresh Joshi,0.98,True,False,0.96,,Issuer API,Verified
BRI-20249323625,C0512,IS017,Skill Certificate,Professional Certificate: Selenium & Git,Selenium|Git,2024-01-28,2027-01-28,False,False,Suresh Joshi,0.95,True,False,0.92,,Manual issuer confirmation,Pending Verification
NOR-20242338927,C0513,IS001,Degree/Certificate,B.Sc (CS),,2024-04-14,,True,True,Lakshmi Thakur,1.0,True,False,0.94,,QR / digital signature,Verified
ARA-20262767948,C0514,IS007,Degree/Certificate,BCA,,2026-05-11,,False,False,Gurpreet Chatterjee,0.98,True,False,0.82,,None available,Unverified
LEA-20215539857,C0514,IS020,Skill Certificate,Professional Certificate: PostgreSQL & SQL,PostgreSQL|SQL,2021-09-24,2024-09-24,False,False,Gurpreet Chatterjee,0.94,True,False,0.78,,None available,Unverified
PIX-20232826295,C0514,IS018,Skill Certificate,Certificate in SQL,SQL,2023-07-16,2026-07-16,True,True,Gurpreet Chatterjee,0.98,True,False,0.94,,Issuer API,Verified
KAV-20212259608,C0515,IS002,Degree/Certificate,BCA,,2021-11-20,,True,True,Vivaan Khan,0.99,True,False,0.95,,Issuer API,Verified
CLO-20257252088,C0515,IS013,Skill Certificate,Professional Certificate: TypeScript & JavaScript,TypeScript|JavaScript,2025-10-16,,True,False,Vivaan Khan,0.98,True,False,0.97,,Issuer API,Verified
LOT-20255423962,C0516,IS008,Degree/Certificate,B.E.,,2025-08-14,,True,False,Shreya Yadav,0.96,True,False,0.98,,Manual issuer confirmation,Pending Verification
NEX-20212506339,C0516,IS022,Skill Certificate,Certificate in Java,Java,2021-04-08,,True,True,Shreya Yadav,0.99,True,False,0.93,,Issuer API,Verified
LEA-20192689576,C0516,IS020,Skill Certificate,Certificate in Java,Java,2019-09-09,,False,True,Shreya Yadav,0.99,True,False,0.93,,Issuer API,Verified
CLO-20208717502,C0516,IS013,Skill Certificate,Professional Certificate: JUnit & Python,JUnit|Python,2020-10-27,,False,False,Shreya Yadav,0.99,True,False,0.62,,None available,Unverified
LOT-20269116776,C0517,IS008,Degree/Certificate,Diploma in Engineering,,2026-02-17,,True,True,Joseph Reddy,0.98,True,False,0.88,,Issuer API,Verified
OPE-20200543062,C0517,IS019,Skill Certificate,Professional Certificate: CI/CD & Unit Testing,CI/CD|Unit Testing,2020-11-09,2023-11-09,True,False,Joseph Reddy,0.98,True,False,0.96,,Issuer API,Verified
COA-20253618639,C0518,IS006,Degree/Certificate,B.E.,,2025-07-26,,True,False,Sneha Naidu,0.98,True,False,0.93,,Issuer API,Verified
NEX-20218104238,C0518,IS022,Skill Certificate,Certificate in Python,Python,2021-10-19,2024-10-19,True,False,Sneha Naidu,0.95,True,False,0.89,,Manual issuer confirmation,Pending Verification
CLO-20234612594,C0518,IS013,Skill Certificate,Professional Certificate: Docker & SQL,Docker|SQL,2023-08-18,,True,False,Sneha Naidu,0.97,True,False,0.9,,Issuer API,Verified
SKI-20237613102,C0518,IS016,Skill Certificate,Professional Certificate: Flask & Docker,Flask|Docker,2023-08-06,2026-08-06,False,False,Sneha Naidu,0.99,True,False,0.6,,None available,Unverified
KAV-20266544616,C0519,IS002,Degree/Certificate,BCA,,2026-09-21,,True,True,Aditya Singh,0.98,True,False,0.88,,Issuer API,Verified
DAT-20219539754,C0519,IS014,Skill Certificate,Certificate in Angular,Angular,2021-07-16,2024-07-16,True,False,Aditya Singh,0.94,True,False,0.96,,Issuer API,Verified
LEA-20206696435,C0519,IS020,Skill Certificate,Certificate in Tailwind CSS,Tailwind CSS,2020-07-03,,True,True,Aditya Singh,0.98,True,False,0.93,,Issuer API,Verified
OPE-20186009807,C0519,IS019,Skill Certificate,Professional Certificate: Tailwind CSS & HTML,Tailwind CSS|HTML,2018-08-23,2021-08-23,True,False,Aditya Singh,0.95,True,False,0.9,,Issuer API,Verified
PIX-20247179516,C0519,IS018,Skill Certificate,Certificate in Vue.js,Vue.js,2024-04-04,,False,False,Aditya Singh,0.99,True,False,0.97,,Manual issuer confirmation,Pending Verification
VIN-20247761545,C0520,IS005,Degree/Certificate,BCA,,2024-11-14,,True,False,Thomas Patel,0.95,True,False,0.96,,QR / digital signature,Verified
SKI-20214178202,C0520,IS016,Skill Certificate,Professional Certificate: Docker & Express.js,Docker|Express.js,2021-12-08,2024-12-08,True,False,Thomas Patel,0.97,True,False,0.98,,Issuer API,Verified
VIN-20212360604,C0521,IS005,Degree/Certificate,B.Tech,,2021-03-13,,False,False,Anjali Reddy,0.98,True,False,0.98,,Manual issuer confirmation,Pending Verification
LOT-20231807684,C0522,IS008,Degree/Certificate,B.Sc (CS),,2023-03-11,,True,True,Rahul Das,0.95,True,False,0.93,,Issuer API,Verified
NOR-20229753049,C0523,IS001,Degree/Certificate,B.Tech,,2022-04-01,,False,False,Deepa Rao,0.97,True,False,0.89,,Manual issuer confirmation,Pending Verification
OPE-20212874265,C0523,IS019,Skill Certificate,Certificate in Python,Python,2021-05-07,,True,False,Deepa Rao,0.99,True,False,0.9,,Issuer API,Verified
EDU-20198011445,C0523,IS019,Skill Certificate,Professional Certificate: Tableau & SQL,Tableau|SQL,2026-08-15,,False,False,Deepa Rao,0.97,True,True,0.97,duplicate_id,Cross-check failed,Suspicious
SAH-20217210788,C0524,IS003,Degree/Certificate,B.Sc (CS),,2021-04-12,,True,False,Shreya Mishra,0.98,True,False,0.96,,Issuer API,Verified
EDU-20230241265,C0524,IS021,Skill Certificate,Professional Certificate: Python & Tableau,Python|Tableau,2023-01-21,,True,True,Shreya Mishra,0.95,True,False,0.99,,Issuer API,Verified
SKI-20184398848,C0524,IS016,Skill Certificate,Certificate in Data Analysis,Data Analysis,2018-08-14,2021-08-14,True,True,Shreya Mishra,0.95,True,False,0.94,,Issuer API,Verified
SAH-20266193349,C0525,IS003,Degree/Certificate,B.E.,,2026-01-27,,False,False,Vikram Mishra,0.94,True,False,0.9,,None available,Unverified
ARA-20249433341,C0526,IS007,Degree/Certificate,B.Tech,,2024-09-03,,True,True,Sanjay Banerjee,0.98,True,False,0.95,,QR / digital signature,Verified
OPE-20254106097,C0526,IS019,Skill Certificate,Professional Certificate: REST API & Java,REST API|Java,2025-07-21,2028-07-21,False,False,Sanjay Banerjee,0.94,True,False,0.82,,None available,Unverified
EDU-20188791162,C0526,IS021,Skill Certificate,Professional Certificate: REST API & Android Development,REST API|Android Development,2009-03-27,,False,False,Sanjay Banerjee,0.98,True,False,0.99,date_before_issuer_founded,Cross-check failed,Suspicious
NEX-20204287625,C0526,IS022,Skill Certificate,Certificate in Java,Java,2020-11-18,,False,False,Sanjay Banerjee,0.95,True,False,0.7,,None available,Unverified
OPE-20218088282,C0526,IS019,Skill Certificate,Certificate in Java,Java,2021-09-19,,False,False,Sanjay Banerjee,0.99,True,False,0.8,,None available,Unverified
VIN-20249609577,C0527,IS005,Degree/Certificate,B.Tech,,2024-10-25,,True,False,Ritika Yadav,0.97,True,False,0.96,,QR / digital signature,Verified
LEA-20260744832,C0527,IS020,Skill Certificate,Professional Certificate: CI/CD & Selenium,CI/CD|Selenium,2026-02-26,,False,False,Ritika Yadav,0.97,True,False,0.8,,None available,Unverified
KAV-20268228408,C0528,IS002,Degree/Certificate,M.Tech,,2026-07-12,,True,True,Shreya Reddy,0.96,True,False,0.88,,Issuer API,Verified
CLO-20190417186,C0528,IS013,Skill Certificate,Certificate in Java,Java,2019-10-23,,False,False,Shreya Reddy,0.96,True,False,0.69,,None available,Unverified
OPE-20235081302,C0528,IS019,Skill Certificate,Certificate in Spring Boot,Spring Boot,2023-08-23,,True,False,Shreya Reddy,0.99,True,False,0.98,,Issuer API,Verified
LEA-20182229532,C0528,IS020,Skill Certificate,Professional Certificate: Spring Boot & MySQL,Spring Boot|MySQL,2018-11-18,,True,True,Shreya Reddy,0.95,True,False,0.9,,Issuer API,Verified
MER-20246722159,C0529,IS004,Degree/Certificate,BCA,,2024-05-13,,True,False,Suresh Banerjee,0.95,True,False,0.98,,Issuer API,Verified
LOT-20262154766,C0530,IS008,Degree/Certificate,B.Tech,,2026-05-20,,True,True,Sneha Kulkarni,1.0,True,False,0.92,,Issuer API,Verified
EDU-20262225442,C0530,IS021,Skill Certificate,Professional Certificate: Kubernetes & CI/CD,Kubernetes|CI/CD,2026-09-19,2028-09-19,True,True,Sneha Kulkarni,0.98,True,False,0.93,,Issuer API,Verified
UDY-20182474039,C0531,IS011,Degree/Certificate,ITI (NCVT) Certificate,CNC Machining|Welding,2018-03-24,,True,False,Rahul Fernandes,0.98,True,False,1.0,,QR / digital signature,Verified
EDU-20230585042,C0531,IS021,Skill Certificate,Professional Certificate: CNC Machining & Welding,CNC Machining|Welding,2023-12-17,2026-12-17,True,True,Rahul Fernandes,1.0,True,False,0.9,,Issuer API,Verified
EDU-20198503532,C0531,IS021,Skill Certificate,Certificate in Welding,Welding,2019-07-06,,True,True,Rahul Fernandes,0.98,True,False,0.91,,Issuer API,Verified
ARA-20212689283,C0532,IS007,Degree/Certificate,BCA,,2021-03-06,,True,False,Karthik Singh,0.93,True,False,0.92,,QR / digital signature,Verified
DAT-20214253096,C0532,IS014,Skill Certificate,Certificate in Git,Git,2021-01-25,,False,False,Karthik Singh,0.99,True,False,1.0,,Manual issuer confirmation,Pending Verification
SKI-20263814624,C0532,IS016,Skill Certificate,Certificate in TypeScript,TypeScript,2026-05-25,,True,False,Karthik Singh,0.99,True,False,0.9,,Issuer API,Verified
MER-20251400659,C0533,IS004,Degree/Certificate,MCA,,2025-07-04,,True,False,Meera Kapoor,0.99,True,False,0.91,,Issuer API,Verified
OPE-20197505413,C0533,IS019,Skill Certificate,Professional Certificate: Pandas & Power BI,Pandas|Power BI,2019-05-01,2022-05-01,False,False,Meera Kapoor,0.98,True,False,0.65,,None available,Unverified
STA-20221558842,C0533,IS023,Skill Certificate,Certificate in Statistics,Statistics,2022-04-01,,True,True,Meera Kapoor,0.95,True,False,0.9,,Issuer API,Verified
NEX-20209838216,C0533,IS022,Skill Certificate,Certificate in Power BI,Power BI,2020-08-17,,True,True,Meera Kapoor,0.97,True,False,0.95,,Issuer API,Verified
VIN-20246272767,C0534,IS005,Degree/Certificate,B.Tech,,2024-06-26,,True,False,Sanjay Bose,0.98,True,False,0.95,,QR / digital signature,Verified
VIN-20257504447,C0535,IS005,Degree/Certificate,B.Tech,,2025-04-07,,False,False,Zoya Verma,0.97,True,False,0.94,,Manual issuer confirmation,Pending Verification
LEA-20187994817,C0535,IS020,Skill Certificate,Certificate in FastAPI,FastAPI,2018-06-08,,True,True,Zoya Verma,0.93,True,False,0.96,,Issuer API,Verified
COA-20235320478,C0536,IS006,Degree/Certificate,M.Sc (Data Science),,2023-07-21,,True,False,Pooja Fernandes,0.93,True,False,0.96,,Issuer API,Verified
COD-20233168978,C0536,IS015,Skill Certificate,Certificate in Microservices,Microservices,2023-10-13,,True,True,Pooja Fernandes,0.96,True,False,0.91,,Issuer API,Verified
DAT-20231634542,C0536,IS014,Skill Certificate,Certificate in Spring Boot,Spring Boot,2023-04-23,,False,False,Pooja Fernandes,0.93,True,False,0.64,,None available,Unverified
KAV-20182954998,C0537,IS002,Degree/Certificate,B.Tech,,2018-07-10,,False,True,Priya Patel,0.94,True,False,0.93,,Issuer API,Verified
DAT-20250313648,C0537,IS014,Skill Certificate,Professional Certificate: Kotlin & REST API,Kotlin|REST API,2025-11-24,,True,True,Priya Patel,0.96,True,False,0.89,,Issuer API,Verified
COA-20232802569,C0538,IS006,Degree/Certificate,M.Tech,,2023-11-04,,True,False,Rohit Verma,0.94,True,False,0.94,,Manual issuer confirmation,Pending Verification
DAT-20191379823,C0538,IS014,Skill Certificate,Certificate in Java,Java,2019-05-24,2022-05-24,True,True,Rohit Verma,1.0,True,False,0.94,,Issuer API,Verified
BRI-20191280989,C0538,IS017,Skill Certificate,Professional Certificate: Git & SQL,Git|SQL,2019-02-11,,True,False,Rohit Verma,0.94,True,False,0.99,,Issuer API,Verified
PIX-20212021735,C0538,IS018,Skill Certificate,Professional Certificate: Java & MySQL,Java|MySQL,2021-06-20,2024-06-20,True,True,Rohit Verma,0.95,True,False,0.88,,Issuer API,Verified
SAH-20266241304,C0539,IS003,Degree/Certificate,Diploma in Engineering,,2026-07-21,,True,False,Anjali Rao,0.5,True,False,0.98,name_mismatch,Cross-check failed,Suspicious
COD-20201556220,C0539,IS015,Skill Certificate,Certificate in Scikit-learn,Scikit-learn,2020-12-15,,True,True,Anjali Mishra,0.99,True,False,0.9,,Issuer API,Verified
CLO-20264041359,C0539,IS013,Skill Certificate,Professional Certificate: Scikit-learn & TensorFlow,Scikit-learn|TensorFlow,2026-04-22,2028-04-22,True,True,Anjali Mishra,0.96,True,False,0.94,,Issuer API,Verified
ARA-20228718688,C0540,IS007,Degree/Certificate,BCA,,2022-01-11,,True,True,Harpreet Chatterjee,0.99,True,False,0.96,,QR / digital signature,Verified
PIX-20240502854,C0540,IS018,Skill Certificate,Professional Certificate: Cybersecurity & Network Security,Cybersecurity|Network Security,2024-03-12,,True,True,Harpreet Chatterjee,0.98,True,False,0.95,,Issuer API,Verified
PIX-20224089308,C0540,IS017,Skill Certificate,Professional Certificate: Linux & Network Security,Linux|Network Security,2023-07-10,,True,False,Harpreet Chatterjee,0.99,True,True,0.95,duplicate_id,Cross-check failed,Suspicious
LEA-20186251888,C0540,IS020,Skill Certificate,Professional Certificate: Network Security & Cybersecurity,Network Security|Cybersecurity,2018-12-06,,True,True,Harpreet Chatterjee,0.97,True,False,0.99,,Issuer API,Verified
COA-20245721970,C0541,IS006,Degree/Certificate,B.Tech,,2024-01-15,,True,False,Ritika Verma,0.93,True,False,0.98,,Issuer API,Verified
BRI-20182611770,C0541,IS017,Skill Certificate,Professional Certificate: Java & Git,Java|Git,2018-02-01,,True,True,Ritika Verma,0.97,True,False,0.98,,Issuer API,Verified
EDU-20247186511,C0541,IS021,Skill Certificate,Professional Certificate: Git & Android Development,Git|Android Development,2024-01-20,,False,False,Ritika Verma,0.97,True,False,0.83,,None available,Unverified
DAT-20190884658,C0541,IS014,Skill Certificate,Certificate in Flutter,Flutter,2019-07-13,,False,False,Ritika Verma,0.97,True,False,0.94,,Manual issuer confirmation,Pending Verification
VIN-20257674711,C0542,IS005,Degree/Certificate,BCA,,2025-05-08,,True,False,Ritika Mishra,0.98,True,False,0.91,,QR / digital signature,Verified
EDU-20180649459,C0542,IS021,Skill Certificate,Professional Certificate: Tableau & SQL,Tableau|SQL,2018-10-28,2021-10-28,True,True,Ritika Mishra,0.97,True,False,0.93,,Issuer API,Verified
MER-20227921891,C0543,IS004,Degree/Certificate,B.E.,,2022-07-20,,False,False,Vikram Kulkarni,0.62,False,False,0.89,name_mismatch|bad_checksum,Cross-check failed,Suspicious
STA-20263612903,C0543,IS023,Skill Certificate,Professional Certificate: Node.js & Git,Node.js|Git,2026-09-04,,True,True,Vikram Rao,0.98,True,False,0.9,,Issuer API,Verified
COD-20198345918,C0543,IS015,Skill Certificate,Certificate in TypeScript,TypeScript,2019-10-02,,True,True,Vikram Rao,0.95,True,False,0.94,,Issuer API,Verified
MER-20234556569,C0544,IS004,Degree/Certificate,B.Sc (CS),,2023-02-27,,True,False,Imran Gupta,0.98,True,False,0.9,,Issuer API,Verified
DAT-20228332720,C0544,IS014,Skill Certificate,Professional Certificate: Vue.js & HTML,Vue.js|HTML,2022-09-25,,True,False,Imran Gupta,0.99,True,False,0.9,,Issuer API,Verified
SAH-20214187070,C0545,IS003,Degree/Certificate,M.Sc (Data Science),,2021-06-08,,True,False,Farhan Patel,0.98,True,False,0.96,,Issuer API,Verified
COD-20223478056,C0545,IS015,Skill Certificate,Professional Certificate: Angular & TypeScript,Angular|TypeScript,2022-08-02,2025-08-02,False,False,Farhan Patel,0.95,True,False,0.71,,None available,Unverified
NEX-20187639453,C0545,IS022,Skill Certificate,Professional Certificate: Next.js & Angular,Next.js|Angular,2018-02-18,2021-02-18,True,True,Farhan Patel,0.98,True,False,0.93,,Issuer API,Verified
DAT-20182516540,C0545,IS014,Skill Certificate,Certificate in Next.js,Next.js,2018-05-28,,False,False,Farhan Patel,0.97,True,False,0.77,,None available,Unverified
COA-20226605986,C0546,IS006,Degree/Certificate,B.Tech,,2022-10-21,,True,False,Kavya Iyer,0.94,True,False,0.91,,Issuer API,Verified
CLO-20230307264,C0546,IS018,Skill Certificate,Professional Certificate: PostgreSQL & Git,PostgreSQL|Git,2016-08-18,,False,False,Kavya Iyer,0.96,False,True,0.93,duplicate_id|date_before_issuer_founded|bad_checksum,Cross-check failed,Suspicious
SKI-20200578405,C0546,IS016,Skill Certificate,Certificate in REST API,REST API,2020-10-17,,True,False,Kavya Iyer,1.0,False,False,0.88,bad_checksum,Cross-check failed,Suspicious
MER-20264494145,C0547,IS004,Degree/Certificate,B.Sc (CS),,2026-01-12,,True,False,Harpreet Mishra,0.97,True,False,0.97,,Manual issuer confirmation,Pending Verification
LOT-20247104795,C0548,IS008,Degree/Certificate,B.Tech,,2024-11-25,,False,True,Vikram Nair,1.0,True,False,0.95,,Issuer API,Verified
OPE-20245859556,C0548,IS019,Skill Certificate,Certificate in Python,Python,2024-02-14,,True,False,Vikram Nair,1.0,True,False,0.89,,Issuer API,Verified
DAT-20220323008,C0548,IS014,Skill Certificate,Certificate in Jenkins,Jenkins,2022-12-28,2025-12-28,True,False,Vikram Nair,0.93,True,False,1.0,,Issuer API,Verified
COA-20224409738,C0549,IS006,Degree/Certificate,B.Tech,,2022-01-03,,True,False,Rohit Chatterjee,0.99,True,False,0.88,,Issuer API,Verified
MER-20250024211,C0550,IS008,Degree/Certificate,B.Sc (CS),,1990-12-27,,False,False,Rohit Banerjee,0.97,True,True,0.67,duplicate_id|template_mismatch|date_before_issuer_founded,Cross-check failed,Suspicious
KAV-20192000220,C0551,IS002,Degree/Certificate,B.Sc (CS),,2019-01-20,,False,False,Ritika Das,0.98,True,False,0.68,,None available,Unverified
SKI-20241009123,C0551,IS016,Skill Certificate,Certificate in CI/CD,CI/CD,2024-02-04,2027-02-04,False,True,Ritika Das,0.99,True,False,0.92,,Issuer API,Verified
LOT-20252426752,C0552,IS008,Degree/Certificate,BCA,,2025-07-18,,True,True,Yash Rao,0.96,True,False,0.92,,Issuer API,Verified
KAV-20263275412,C0553,IS002,Degree/Certificate,B.Tech,,2026-03-02,,True,False,Manish Singh,0.97,True,False,0.98,,Manual issuer confirmation,Pending Verification
EDU-20197990582,C0553,IS021,Skill Certificate,Certificate in Git,Git,2019-05-12,,False,False,Manish Singh,0.99,False,False,0.9,bad_checksum,Cross-check failed,Suspicious
KAV-20222964098,C0554,IS002,Degree/Certificate,B.E.,,2022-10-28,,False,False,Zoya Sharma,0.96,True,False,0.71,,None available,Unverified
COD-20181510304,C0554,IS015,Skill Certificate,Certificate in SQL,SQL,2018-02-03,2021-02-03,True,True,Zoya Sharma,0.99,True,False,0.97,,Issuer API,Verified
ARA-20237689185,C0555,IS007,Degree/Certificate,B.Tech,,2023-01-05,,True,False,Lakshmi Menon,0.96,True,False,0.91,,QR / digital signature,Verified
OPE-20218658704,C0555,IS019,Skill Certificate,Certificate in Python,Python,2021-08-20,,False,False,Lakshmi Menon,0.94,True,False,0.93,,Issuer API,Verified
CLO-20255647271,C0555,IS013,Skill Certificate,Professional Certificate: Statistics & SQL,Statistics|SQL,2025-02-04,2028-02-04,True,False,Lakshmi Menon,0.97,True,False,0.93,,Issuer API,Verified
OPE-20223022243,C0555,IS019,Skill Certificate,Professional Certificate: Tableau & Python,Tableau|Python,2022-08-15,2025-08-15,True,False,Lakshmi Menon,0.97,True,False,0.93,,Issuer API,Verified
NOR-20230440016,C0556,IS001,Degree/Certificate,B.Tech,,2023-10-13,,True,True,Lakshmi Reddy,0.96,True,False,0.93,,QR / digital signature,Verified
NOR-20242457396,C0557,IS001,Degree/Certificate,M.Tech,,2024-07-12,,True,True,Meera Patel,0.94,True,False,0.91,,QR / digital signature,Verified
COD-20205193202,C0557,IS015,Skill Certificate,Certificate in JUnit,JUnit,2020-03-02,2023-03-02,True,True,Meera Patel,0.99,True,False,0.99,,Issuer API,Verified
SAH-20266616521,C0558,IS003,Degree/Certificate,B.Tech,,2026-07-02,,True,False,Kavya Banerjee,0.95,True,False,0.94,,Issuer API,Verified
BRI-20189310731,C0558,IS017,Skill Certificate,Professional Certificate: Docker & Excel,Docker|Excel,2018-03-04,2021-03-04,True,False,Kavya Banerjee,0.99,True,False,0.96,,Issuer API,Verified
COD-20223985167,C0558,IS015,Skill Certificate,Professional Certificate: Excel & Kubernetes,Excel|Kubernetes,2022-08-22,2025-08-22,True,False,Kavya Banerjee,0.94,True,False,0.9,,Manual issuer confirmation,Pending Verification
SKI-20230865535,C0558,IS016,Skill Certificate,Professional Certificate: Linux & Docker,Linux|Docker,2023-05-10,,True,True,Kavya Banerjee,0.97,True,False,0.89,,Issuer API,Verified
KAV-20263925529,C0559,IS002,Degree/Certificate,M.Tech,,2026-08-13,,True,True,Sanjay Iyer,0.98,True,False,0.9,,Issuer API,Verified
OPE-20235457437,C0559,IS019,Skill Certificate,Certificate in Python,Python,2023-09-27,,False,False,Sanjay Iyer,1.0,True,False,0.79,,None available,Unverified
COD-20222107870,C0559,IS015,Skill Certificate,Professional Certificate: Power BI & Data Visualization,Power BI|Data Visualization,2022-01-17,2025-01-17,True,False,Sanjay Iyer,0.98,True,False,0.69,template_mismatch,Cross-check failed,Suspicious
STA-20244255251,C0559,IS023,Skill Certificate,Professional Certificate: Tableau & Pandas,Tableau|Pandas,2024-07-17,,True,True,Sanjay Iyer,0.96,True,False,0.94,,Issuer API,Verified
KAV-20266553294,C0560,IS002,Degree/Certificate,B.Tech,,2026-05-01,,True,False,Suresh Patel,0.94,True,False,0.93,,Manual issuer confirmation,Pending Verification
LEA-20221331943,C0560,IS020,Skill Certificate,Certificate in REST API,REST API,2022-06-27,,True,True,Suresh Patel,0.94,True,False,0.92,,Issuer API,Verified
EDU-20207454065,C0560,IS021,Skill Certificate,Certificate in REST API,REST API,2020-12-23,,True,True,Suresh Patel,0.98,True,False,0.9,,Issuer API,Verified
COA-20226084877,C0561,IS006,Degree/Certificate,Diploma in Engineering,,2022-04-14,,True,False,Suresh Iyer,0.98,True,False,0.98,,Issuer API,Verified
NEX-20249123819,C0561,IS022,Skill Certificate,Certificate in Jenkins,Jenkins,2024-08-24,2027-08-24,True,True,Suresh Iyer,0.96,True,False,0.98,,Issuer API,Verified
BRI-20198648030,C0561,IS017,Skill Certificate,Professional Certificate: Git & Python,Git|Python,2019-10-13,,True,False,Suresh Iyer,0.96,True,False,0.93,,Manual issuer confirmation,Pending Verification
MER-20232214351,C0562,IS004,Degree/Certificate,B.Tech,,2023-05-28,,True,False,Suresh Nair,0.95,True,False,0.96,,Issuer API,Verified
LEA-20194300917,C0562,IS020,Skill Certificate,Professional Certificate: HTML & React,HTML|React,2019-08-26,,True,True,Suresh Nair,0.97,True,False,1.0,,Issuer API,Verified
STA-20269925739,C0562,IS023,Skill Certificate,Certificate in React,React,2026-03-19,2028-03-19,True,True,Suresh Nair,0.98,True,False,0.99,,Issuer API,Verified
OPE-20203634066,C0562,IS019,Skill Certificate,Professional Certificate: HTML & React,HTML|React,2020-09-10,2023-09-10,True,False,Suresh Nair,0.96,True,False,0.96,,Issuer API,Verified
SKI-20267796702,C0562,IS016,Skill Certificate,Professional Certificate: SQL & TypeScript,SQL|TypeScript,2026-02-14,,False,False,Suresh Nair,0.94,True,False,0.99,,Manual issuer confirmation,Pending Verification
LOT-20242587499,C0563,IS008,Degree/Certificate,B.Tech,,2024-06-12,,True,True,Sneha Iyer,0.99,True,False,0.93,,Issuer API,Verified
LEA-20221078007,C0563,IS020,Skill Certificate,Professional Certificate: JavaScript & Docker,JavaScript|Docker,2022-07-27,2025-07-27,False,False,Sneha Iyer,0.96,True,False,0.92,,Manual issuer confirmation,Pending Verification
COA-20254838749,C0564,IS006,Degree/Certificate,B.E.,,2025-02-03,,True,False,Mohit Mishra,0.99,True,False,1.0,,Issuer API,Verified
PIX-20223490051,C0564,IS018,Skill Certificate,Professional Certificate: Excel & Statistics,Excel|Statistics,2022-10-25,2025-10-25,False,False,Mohit Banerjee,0.65,True,False,0.6,name_mismatch|template_mismatch,Cross-check failed,Suspicious
SAH-20220437832,C0565,IS003,Degree/Certificate,B.Sc (CS),,2022-06-24,,True,True,Divya Verma,0.95,True,False,0.97,,Issuer API,Verified
NEX-20206160762,C0565,IS022,Skill Certificate,Certificate in JUnit,JUnit,2020-03-02,,True,True,Divya Verma,0.94,True,False,0.92,,Issuer API,Verified
PIX-20213731845,C0565,IS018,Skill Certificate,Certificate in SQL,SQL,2021-10-23,,True,True,Divya Verma,0.93,True,False,0.97,,Issuer API,Verified
NEX-20255999847,C0565,IS022,Skill Certificate,Certificate in Java,Java,2025-03-20,,False,False,Divya Verma,0.93,True,False,0.64,,None available,Unverified
COA-20228447148,C0566,IS006,Degree/Certificate,M.Tech,,2022-02-22,,False,True,Aditya Rao,0.99,True,False,0.95,,Issuer API,Verified
NEX-20212506339,C0566,IS019,Skill Certificate,Certificate in Excel,Excel,2014-06-14,2017-06-14,False,False,Aditya Rao,0.99,False,True,1.0,bad_checksum|duplicate_id|date_before_issuer_founded,Cross-check failed,Suspicious
LEA-20219541081,C0566,IS020,Skill Certificate,Professional Certificate: Data Analysis & Statistics,Data Analysis|Statistics,2021-06-10,2024-06-10,False,False,Aditya Rao,0.98,True,False,0.68,,None available,Unverified
VIN-20213441486,C0567,IS005,Degree/Certificate,B.Tech,,2021-08-15,,False,False,Mohit Reddy,0.97,True,False,0.89,,Manual issuer confirmation,Pending Verification
LOT-20233821238,C0568,IS008,Degree/Certificate,B.Tech,,2023-04-10,,False,False,Shreya Thakur,0.97,True,False,0.8,,None available,Unverified
COA-20253744567,C0569,IS006,Degree/Certificate,M.Sc (Data Science),,1990-12-26,,False,False,Farhan Fernandes,0.66,True,False,0.51,template_mismatch|date_before_issuer_founded|name_mismatch,Cross-check failed,Suspicious
DAT-20233101169,C0569,IS014,Skill Certificate,Professional Certificate: SQL & Excel,SQL|Excel,2023-01-23,2026-01-23,True,True,Farhan Iyer,0.94,True,False,0.9,,Issuer API,Verified
ARA-20226031043,C0570,IS007,Degree/Certificate,B.Tech,,2022-05-25,,True,False,Farhan Banerjee,0.96,True,False,0.97,,QR / digital signature,Verified
NEX-20218919296,C0570,IS022,Skill Certificate,Professional Certificate: Machine Learning & SQL,Machine Learning|SQL,2021-04-14,2024-04-14,True,True,Farhan Banerjee,0.93,True,False,0.95,,Issuer API,Verified
EDU-20187878507,C0570,IS021,Skill Certificate,Certificate in Machine Learning,Machine Learning,2018-05-22,,True,True,Farhan Banerjee,0.95,True,False,0.97,,Issuer API,Verified
NOR-20251867519,C0571,IS001,Degree/Certificate,B.Sc (CS),,2025-09-21,,True,True,Ayesha Naidu,0.96,True,False,0.89,,QR / digital signature,Verified
PIX-20221441858,C0571,IS018,Skill Certificate,Certificate in Power BI,Power BI,2022-02-22,,True,False,Ayesha Naidu,0.93,True,False,0.95,,Manual issuer confirmation,Pending Verification
BRI-20194921357,C0571,IS017,Skill Certificate,Professional Certificate: Pandas & SQL,Pandas|SQL,2019-06-25,2022-06-25,True,False,Ayesha Naidu,0.94,True,False,0.91,,Manual issuer confirmation,Pending Verification
VIN-20240458354,C0572,IS005,Degree/Certificate,BCA,,2024-02-16,,True,False,Imran Nair,0.98,True,False,0.94,,QR / digital signature,Verified
PIX-20227736251,C0572,IS013,Skill Certificate,Professional Certificate: Docker & SQL,Docker|SQL,2019-04-16,,False,False,Imran Nair,0.98,True,True,0.91,duplicate_id,Cross-check failed,Suspicious
DAT-20192337952,C0572,IS014,Skill Certificate,Certificate in Docker,Docker,2019-08-08,,True,False,Imran Nair,0.95,True,False,0.92,,Issuer API,Verified
SAH-20259429643,C0573,IS003,Degree/Certificate,B.Tech,,2025-03-22,,True,False,Neha Singh,0.98,True,False,0.91,,Issuer API,Verified
EDU-20184019394,C0573,IS014,Skill Certificate,Professional Certificate: Linux & Machine Learning,Linux|Machine Learning,2019-08-27,,True,False,Neha Das,0.74,True,True,0.95,duplicate_id|name_mismatch,Cross-check failed,Suspicious
SAH-20259900510,C0574,IS003,Degree/Certificate,B.Tech,,2025-03-14,,True,False,Joseph Khan,0.95,True,False,0.99,,Issuer API,Verified
OPE-20231085885,C0574,IS022,Skill Certificate,Professional Certificate: Cybersecurity & Python,Cybersecurity|Python,2004-10-09,,True,False,Joseph Nair,0.41,True,True,0.92,date_before_issuer_founded|name_mismatch|duplicate_id,Cross-check failed,Suspicious
INF-20261414567,C0574,IS024,Skill Certificate,Certificate in Cybersecurity,Cybersecurity,2026-04-10,2028-04-10,True,False,Joseph Khan,0.98,True,False,0.88,,Manual issuer confirmation,Pending Verification
NEX-20238501397,C0574,IS022,Skill Certificate,Professional Certificate: Python & Cybersecurity,Python|Cybersecurity,2023-06-07,,True,False,Joseph Khan,0.95,True,False,0.9,,Manual issuer confirmation,Pending Verification
OPE-20202835235,C0574,IS019,Skill Certificate,Professional Certificate: Network Security & Python,Network Security|Python,2020-11-01,,True,False,Joseph Khan,0.93,True,False,0.99,,Issuer API,Verified
MER-20216830966,C0575,IS004,Degree/Certificate,B.Sc (CS),,2021-05-10,,True,False,Yash Bose,0.97,True,False,0.9,,Issuer API,Verified
COD-20198557611,C0575,IS015,Skill Certificate,Professional Certificate: Next.js & React,Next.js|React,2019-06-05,2022-06-05,True,True,Yash Bose,0.99,True,False,0.91,,Issuer API,Verified
LEA-20264469329,C0575,IS020,Skill Certificate,Professional Certificate: React & Next.js,React|Next.js,2026-08-27,,True,True,Yash Bose,0.96,True,False,0.98,,Issuer API,Verified
SAH-20241674868,C0576,IS003,Degree/Certificate,B.E.,,2024-03-19,,False,False,Ritika Iyer,0.95,True,False,0.86,,None available,Unverified
BRI-20222333492,C0576,IS017,Skill Certificate,Certificate in React,React,2022-08-13,2025-08-13,False,False,Ritika Iyer,0.99,True,False,0.93,,Manual issuer confirmation,Pending Verification
BRI-20243722442,C0576,IS017,Skill Certificate,Professional Certificate: HTML & React,HTML|React,2024-06-08,2027-06-08,True,True,Ritika Iyer,1.0,True,False,0.99,,Issuer API,Verified
LEA-20224738466,C0576,IS020,Skill Certificate,Professional Certificate: JavaScript & CSS,JavaScript|CSS,2022-07-14,,True,True,Ritika Iyer,0.99,True,False,0.97,,Issuer API,Verified
BRI-20243189055,C0576,IS017,Skill Certificate,Professional Certificate: HTML & Git,HTML|Git,2024-02-16,2027-02-16,True,False,Ritika Iyer,0.98,True,False,0.95,,Issuer API,Verified
LOT-20249037142,C0577,IS008,Degree/Certificate,Diploma in Engineering,,2024-08-17,,False,False,Suresh Singh,0.97,True,False,0.9,,None available,Unverified
EDU-20215364330,C0577,IS021,Skill Certificate,Professional Certificate: Pandas & Machine Learning,Pandas|Machine Learning,2021-01-25,,True,False,Suresh Singh,0.94,True,False,0.94,,Manual issuer confirmation,Pending Verification
NEX-20221127432,C0577,IS022,Skill Certificate,Professional Certificate: Pandas & Python,Pandas|Python,2022-06-04,2025-06-04,False,True,Suresh Singh,0.99,True,False,0.99,,Issuer API,Verified
MER-20260598469,C0578,IS004,Degree/Certificate,B.Sc (CS),,2026-08-19,,True,False,Rohit Iyer,0.97,True,False,0.94,,Issuer API,Verified
VIN-20234536520,C0579,IS005,Degree/Certificate,Diploma in Engineering,,2023-07-04,,True,False,Shreya Banerjee,0.96,True,False,0.89,,QR / digital signature,Verified
BRI-20208952729,C0579,IS017,Skill Certificate,Certificate in JUnit,JUnit,2020-06-09,2023-06-09,False,False,Shreya Banerjee,0.95,True,False,0.91,,None available,Unverified
BRI-20194387385,C0579,IS018,Skill Certificate,Certificate in Hibernate,Hibernate,2021-12-03,2024-12-03,False,False,Shreya Mishra,0.5,True,True,1.0,duplicate_id|name_mismatch,Cross-check failed,Suspicious
NEX-20181485313,C0579,IS022,Skill Certificate,Certificate in Hibernate,Hibernate,2018-03-10,,True,False,Shreya Banerjee,1.0,False,False,0.96,bad_checksum,Cross-check failed,Suspicious
LOT-20223613108,C0580,IS008,Degree/Certificate,B.Tech,,2022-08-04,,False,False,Aditya Singh,0.94,True,False,0.79,,None available,Unverified
LEA-20204868135,C0580,IS020,Skill Certificate,Professional Certificate: Excel & Data Analysis,Excel|Data Analysis,2020-09-28,,True,True,Aditya Singh,0.98,True,False,0.9,,Issuer API,Verified
LOT-20260768716,C0581,IS008,Degree/Certificate,B.Tech,,2026-03-18,,True,True,Harpreet Iyer,0.94,True,False,0.95,,Issuer API,Verified
PIX-20228134662,C0581,IS018,Skill Certificate,Certificate in Cybersecurity,Cybersecurity,2022-01-19,,False,False,Harpreet Iyer,0.93,True,False,0.88,,None available,Unverified
INF-20257897924,C0581,IS024,Skill Certificate,Certificate in Linux,Linux,2025-12-20,,True,True,Harpreet Iyer,0.98,True,False,0.9,,Issuer API,Verified
CLO-20260319056,C0581,IS013,Skill Certificate,Certificate in Cybersecurity,Cybersecurity,2026-02-02,,True,True,Harpreet Iyer,0.98,True,False,0.98,,Issuer API,Verified
VIN-20259144341,C0582,IS005,Degree/Certificate,M.Sc (Data Science),,2025-06-10,,True,False,Divya Sharma,0.93,True,False,0.94,,QR / digital signature,Verified
EDU-20221400714,C0582,IS021,Skill Certificate,Certificate in Data Analysis,Data Analysis,2022-08-11,2025-08-11,True,True,Divya Sharma,0.99,True,False,0.99,,Issuer API,Verified
SAH-20253265951,C0583,IS003,Degree/Certificate,B.Tech,,2025-10-10,,True,True,Lakshmi Joshi,0.95,True,False,0.94,,Issuer API,Verified
NEX-20219269535,C0583,IS022,Skill Certificate,Professional Certificate: Django & FastAPI,Django|FastAPI,2007-06-14,2010-06-14,True,False,Lakshmi Singh,0.76,True,False,0.57,date_before_issuer_founded|name_mismatch|template_mismatch,Cross-check failed,Suspicious
COD-20247060229,C0583,IS015,Skill Certificate,Certificate in Python,Python,2024-05-07,2027-05-07,True,True,Lakshmi Joshi,0.98,True,False,0.98,,Issuer API,Verified
SAH-20268512637,C0584,IS003,Degree/Certificate,B.Sc (CS),,2026-08-24,,False,True,Aarav Kapoor,0.95,True,False,0.95,,Issuer API,Verified
NEX-20263369207,C0584,IS022,Skill Certificate,Certificate in Git,Git,2026-05-22,,True,True,Aarav Kapoor,1.0,True,False,0.92,,Issuer API,Verified
LEA-20227082748,C0584,IS020,Skill Certificate,Professional Certificate: Java & Spring Boot,Java|Spring Boot,2022-06-27,,True,True,Aarav Kapoor,0.98,True,False,1.0,,Issuer API,Verified
CLO-20232056729,C0585,IS001,Degree/Certificate,M.Tech,,1990-10-14,,False,False,Ayesha Singh,0.69,True,True,0.97,duplicate_id|name_mismatch|date_before_issuer_founded,Cross-check failed,Suspicious
SKI-20218258315,C0585,IS016,Skill Certificate,Certificate in Selenium,Selenium,2021-06-19,2024-06-19,True,True,Ayesha Kapoor,0.98,True,False,0.89,,Issuer API,Verified
KAV-20245111735,C0586,IS002,Degree/Certificate,B.Tech,,2024-12-03,,True,True,Maria Shaikh,1.0,True,False,0.9,,Issuer API,Verified
NEX-20252579253,C0586,IS022,Skill Certificate,Certificate in Git,Git,2025-05-19,,False,False,Maria Shaikh,0.94,True,False,0.85,,None available,Unverified
MER-20246723553,C0587,IS004,Degree/Certificate,Diploma in Engineering,,2024-12-08,,False,False,Kavya Das,0.99,True,False,0.98,,Issuer API,Verified
COD-20193865514,C0587,IS015,Skill Certificate,Professional Certificate: Excel & Power BI,Excel|Power BI,2019-01-14,2022-01-14,True,True,Kavya Das,0.98,True,False,0.98,,Issuer API,Verified
SAH-20265506632,C0588,IS003,Degree/Certificate,B.Tech,,2026-04-30,,True,False,Rohit Fernandes,0.95,True,False,0.88,,Issuer API,Verified
LEA-20232394039,C0588,IS020,Skill Certificate,Certificate in Excel,Excel,2015-12-15,,False,False,Rohit Patel,0.47,True,False,0.99,name_mismatch|date_before_issuer_founded,Cross-check failed,Suspicious
INF-20211864176,C0588,IS024,Skill Certificate,Professional Certificate: Power BI & Tableau,Power BI|Tableau,2021-04-11,,True,True,Rohit Fernandes,0.99,True,False,0.91,,Issuer API,Verified
ARA-20185147681,C0589,IS007,Degree/Certificate,Diploma in Engineering,,2018-04-26,,True,False,Ritika Kapoor,0.98,True,False,0.91,,QR / digital signature,Verified
COD-20194611925,C0589,IS015,Skill Certificate,Certificate in Git,Git,2019-05-21,2022-05-21,True,True,Ritika Kapoor,0.94,True,False,0.94,,Issuer API,Verified
SKI-20199252345,C0589,IS016,Skill Certificate,Certificate in AWS,AWS,2019-08-26,2022-08-26,True,False,Ritika Kapoor,0.96,True,False,0.98,,Issuer API,Verified
SKI-20208552677,C0589,IS016,Skill Certificate,Professional Certificate: Docker & AWS,Docker|AWS,2020-02-02,2023-02-02,True,False,Ritika Kapoor,0.94,True,False,0.9,,Manual issuer confirmation,Pending Verification
MER-20195211196,C0590,IS004,Degree/Certificate,BCA,,2019-10-18,,True,False,Ramesh Fernandes,0.97,True,False,0.97,,Issuer API,Verified
PIX-20227736251,C0590,IS018,Skill Certificate,Professional Certificate: Hibernate & Java,Hibernate|Java,2022-10-10,,True,True,Ramesh Fernandes,0.97,True,False,0.96,,Issuer API,Verified
OPE-20225360344,C0590,IS019,Skill Certificate,Professional Certificate: SQL & Java,SQL|Java,2022-10-21,,True,False,Ramesh Fernandes,0.96,True,False,0.91,,Issuer API,Verified
VIN-20242674578,C0591,IS005,Degree/Certificate,B.Tech,,2024-01-05,,True,False,Imran Joshi,0.95,True,False,0.97,,QR / digital signature,Verified
EDU-20196870719,C0591,IS021,Skill Certificate,Certificate in Python,Python,2019-11-15,2022-11-15,True,True,Imran Joshi,0.97,True,False,0.95,,Issuer API,Verified
COA-20252277593,C0592,IS006,Degree/Certificate,M.Sc (Data Science),,2025-10-08,,True,False,Joseph Patel,0.93,True,False,0.91,,Manual issuer confirmation,Pending Verification
EDU-20200580205,C0592,IS021,Skill Certificate,Certificate in Redis,Redis,2012-10-04,2015-10-04,False,False,Joseph Nair,0.53,True,False,0.56,template_mismatch|date_before_issuer_founded|name_mismatch,Cross-check failed,Suspicious
STA-20196085102,C0592,IS023,Skill Certificate,Certificate in REST API,REST API,2019-04-05,2022-04-05,False,False,Joseph Patel,0.95,True,False,0.93,,Manual issuer confirmation,Pending Verification
EDU-20252137979,C0592,IS021,Skill Certificate,Certificate in Flask,Flask,2025-07-28,2028-07-28,True,True,Joseph Patel,0.97,True,False,0.92,,Issuer API,Verified
LEA-20260117914,C0592,IS020,Skill Certificate,Professional Certificate: Flask & PostgreSQL,Flask|PostgreSQL,2026-06-02,,True,True,Joseph Patel,0.96,True,False,0.95,,Issuer API,Verified
MER-20258128196,C0593,IS004,Degree/Certificate,B.Tech,,2025-03-15,,True,False,Manish Patel,0.96,True,False,0.89,,Issuer API,Verified
ARA-20251469886,C0594,IS007,Degree/Certificate,Diploma in Engineering,,2025-02-26,,True,False,Karthik Mishra,0.97,True,False,0.94,,QR / digital signature,Verified
EDU-20192000139,C0594,IS021,Skill Certificate,Professional Certificate: JavaScript & CSS,JavaScript|CSS,2019-08-27,2022-08-27,True,True,Karthik Mishra,1.0,True,False,0.96,,Issuer API,Verified
LEA-20203292212,C0594,IS020,Skill Certificate,Professional Certificate: Next.js & CSS,Next.js|CSS,2020-02-09,2023-02-09,False,False,Karthik Mishra,0.94,True,False,0.77,,None available,Unverified
INF-20246042798,C0594,IS024,Skill Certificate,Certificate in Tailwind CSS,Tailwind CSS,2024-03-17,,True,True,Karthik Mishra,1.0,True,False,0.91,,Issuer API,Verified
NEX-20235268651,C0594,IS022,Skill Certificate,Certificate in Tailwind CSS,Tailwind CSS,2023-03-03,,True,True,Karthik Mishra,0.96,True,False,0.92,,Issuer API,Verified
VIN-20253658551,C0595,IS005,Degree/Certificate,Diploma in Engineering,,2025-06-01,,False,False,Harpreet Nair,0.97,True,False,0.82,,None available,Unverified
NEX-20252230956,C0595,IS022,Skill Certificate,Professional Certificate: Git & Flutter,Git|Flutter,2025-09-19,,True,True,Harpreet Nair,0.99,True,False,0.94,,Issuer API,Verified
ARA-20253236838,C0596,IS007,Degree/Certificate,B.Tech,,2025-01-07,,True,True,Vikram Khan,0.96,True,False,0.98,,QR / digital signature,Verified
SKI-20203354293,C0596,IS016,Skill Certificate,Professional Certificate: Java & Selenium,Java|Selenium,2020-06-14,,True,False,Vikram Khan,0.96,True,False,0.99,,Issuer API,Verified
NOR-20248362707,C0597,IS001,Degree/Certificate,MCA,,2024-05-25,,True,True,Imran Shaikh,0.94,True,False,0.99,,QR / digital signature,Verified
PIX-20214498816,C0597,IS018,Skill Certificate,Professional Certificate: Microservices & Java,Microservices|Java,2021-03-13,,False,False,Imran Shaikh,1.0,True,False,0.81,,None available,Unverified
LOT-20250289517,C0598,IS008,Degree/Certificate,B.Tech,,2025-08-09,,True,True,Jasleen Pillai,0.99,True,False,0.9,,Issuer API,Verified
EDU-20245107642,C0598,IS021,Skill Certificate,Certificate in Java,Java,2024-02-24,,True,True,Jasleen Pillai,0.95,True,False,0.92,,Issuer API,Verified
PIX-20239418427,C0598,IS018,Skill Certificate,Professional Certificate: Python & Java,Python|Java,2023-02-17,,False,False,Jasleen Pillai,0.95,True,False,0.64,,None available,Unverified
SAH-20266486982,C0599,IS003,Degree/Certificate,B.E.,,2026-02-01,,True,False,Lakshmi Iyer,0.93,True,False,0.89,,Issuer API,Verified
LOT-20232730133,C0600,IS008,Degree/Certificate,B.Tech,,2023-10-02,,True,True,Vivaan Patel,0.96,True,False,0.92,,Issuer API,Verified
NEX-20242728143,C0600,IS022,Skill Certificate,Professional Certificate: JavaScript & MongoDB,JavaScript|MongoDB,2024-11-12,2027-11-12,True,True,Vivaan Patel,0.97,True,False,0.89,,Issuer API,Verified
DAT-20253200545,C0600,IS014,Skill Certificate,Certificate in Git,Git,2025-04-25,,False,False,Vivaan Patel,0.99,True,False,0.8,,None available,Unverified
