job_id,employer_id,company,title,role_family,location,employment_type,min_experience_years,min_education,min_education_num,salary_min_lpa,salary_max_lpa,required_skills,preferred_skills,posted_date,job_description
J0001,E035,Onyx Digital,API Engineer,Backend-Python,Nagpur,Full-time,2,Bachelor,3,5.4,8.4,Django|Flask|Docker,Project Management,2026-06-14,"Onyx Digital is hiring an API Engineer for its platform services team in Nagpur. You will ship reliable backend features. Must have: Django, Flask, docker. Good to have: Agile. 2+ years of relevant experience expected."
J0002,E004,Nova Systems,Mobile App Developer,Android,Pune,Full-time,5,Bachelor,3,9.0,14.4,Java|Android Development|REST API|Flutter,Git,2026-09-27,"Nova Systems is hiring a Mobile App Developer for its mobile team in Pune. You will build and ship Android apps. Must have: Core Java, Android SDK, REST APIs, flutter. Good to have: Git/GitHub. 5+ years of relevant experience expected."
J0003,E044,Onyx Engineering Works,Draughtsman,Vocational,Chennai,Contract,3,Diploma,2,1.8,4.5,Electrical Wiring|PLC Programming,Problem Solving|Welding|CNC Machining,2026-08-24,"Onyx Engineering Works is hiring a Draughtsman for its production team in Chennai. You will follow drawings and safety procedures. Must have: wiring, PLC Programming. Good to have: Problem Solving, MIG welding, CNC Operator skills. 3+ years of relevant experience expected."
J0004,E044,Onyx Engineering Works,CNC Operator,Vocational,Coimbatore,Full-time,0,Diploma,2,1.8,3.1,CNC Machining|AutoCAD,Welding|PLC Programming,2026-09-01,"Onyx Engineering Works is hiring a CNC Operator for its production team in Coimbatore. You will follow drawings and safety procedures. Must have: CNC, CAD drafting. Good to have: arc welding, Siemens PLC. Freshers welcome."
J0005,E037,Cobalt Technologies,Software Engineer,Backend-Java,Pune,Full-time,4,Bachelor,3,7.8,13.3,Java|SQL|REST API|MySQL|Git,Project Management|Communication,2026-08-19,"Cobalt Technologies is hiring a Software Engineer for its backend engineering team in Pune. You will develop REST APIs and integrate with relational databases. Must have: java, SQL, REST API, My SQL, Git/GitHub. Good to have: Project Planning, Communication. 4+ years of relevant experience expected."
J0006,E024,Bluepeak Systems,Site Reliability Engineer,DevOps,Kolkata,Contract,2,Bachelor,3,5.4,8.8,CI/CD|Git|Azure,Python,2026-07-16,"Bluepeak Systems is hiring a Site Reliability Engineer for its infrastructure team in Kolkata. You will improve reliability and monitoring. Must have: CI/CD, git, MS Azure. Good to have: Python3. 2+ years of relevant experience expected."
J0007,E041,Apex Engineering Works,Welder,Vocational,Lucknow,Full-time,3,Diploma,2,1.8,3.3,Welding|Electrical Wiring,Project Management|Teamwork,2026-09-06,"Apex Engineering Works is hiring a Welder for its production team in Lucknow. You will follow drawings and safety procedures. Must have: MIG welding, electrical installation. Good to have: project mgmt, Teamwork. 3+ years of relevant experience expected."
J0008,E018,Lattice Solutions,SOC Analyst,Cybersecurity,Bengaluru,Full-time,0,Bachelor,3,3.0,5.7,Cybersecurity|Networking|Linux,Network Security|Problem Solving|Project Management,2026-08-21,"Lattice Solutions is hiring a SOC Analyst for its security operations team in Bengaluru. You will assist in incident response. Must have: information security, Networking, Ubuntu/Linux. Good to have: Network Security, analytical thinking, Project Management. Freshers welcome."
J0009,E016,Granite Solutions,Junior Backend Developer,Backend-Java,Hyderabad,Full-time,0,Bachelor,3,3.0,4.7,Java|Spring Boot|REST API|MySQL|Docker,JUnit,2026-06-17,"Granite Solutions is hiring a Junior Backend Developer for its backend engineering team in Hyderabad. You will develop REST APIs and integrate with relational databases. Must have: java, Spring Framework, RESTful API, MySQL, docker. Good to have: junit. Freshers welcome."
J0010,E037,Cobalt Technologies,Business Data Analyst,Data-Analyst,Remote,Full-time,0,Bachelor,3,3.0,4.1,Excel|Python|Tableau,Communication|SQL|Data Visualization,2026-06-30,"Cobalt Technologies is hiring a Business Data Analyst for its analytics team in Remote. You will automate recurring reports. Must have: spreadsheets, Python3, Tableau. Good to have: Communication Skills, sql, visualization. Freshers welcome."
J0011,E040,Orbit Systems,Junior Data Analyst,Data-Analyst,Chennai,Internship,0,Bachelor,3,3.0,6.4,Excel|Python|Power BI|Statistics|Pandas,Project Management,2026-06-19,"Orbit Systems is hiring a Junior Data Analyst for its analytics team in Chennai. You will turn raw data into dashboards and insights. Must have: Advanced Excel, Python, Power BI, statistics, Pandas. Good to have: Project Planning. Freshers welcome."
J0012,E037,Cobalt Technologies,DevOps Engineer,DevOps,Delhi NCR,Full-time,4,Bachelor,3,7.8,13.3,Linux|AWS|CI/CD,Docker,2026-07-10,"Cobalt Technologies is hiring a DevOps Engineer for its infrastructure team in Delhi NCR. You will operate containerised workloads. Must have: linux, aws, CI/CD. Good to have: Docker containers. 4+ years of relevant experience expected."
J0013,E001,Lumen Solutions,API Engineer,Backend-Python,Mumbai,Full-time,0,Bachelor,3,3.0,5.2,Django|Flask|PostgreSQL|REST API|SQL,Docker|Project Management,2026-06-21,"Lumen Solutions is hiring an API Engineer for its platform services team in Mumbai. You will ship reliable backend features. Must have: django, flask, PostgresQL, RESTful API, SQL queries. Good to have: containerization, project mgmt. Freshers welcome."
J0014,E019,Fluxo Labs,Backend Developer,Backend-Python,Indore,Full-time,0,Master,4,3.0,5.4,Python|Django|FastAPI,Git,2026-06-01,"Fluxo Labs is hiring a Backend Developer for its platform services team in Indore. You will design data models and background jobs. Must have: Python, django, FastAPI. Good to have: Git. Freshers welcome."
J0015,E019,Fluxo Labs,Junior Backend Developer,Backend-Python,Bengaluru,Full-time,0,Bachelor,3,3.0,5.1,Python|FastAPI|Flask|PostgreSQL|SQL,Git|Redis|REST API,2026-09-18,"Fluxo Labs is hiring a Junior Backend Developer for its platform services team in Bengaluru. You will build and maintain Python APIs. Must have: Python, Fast API, Flask, Postgres, Structured Query Language. Good to have: version control, Redis, REST. Freshers welcome."
J0016,E031,Vertex Solutions,Full-Stack Developer,Full-Stack,Pune,Full-time,0,Bachelor,3,3.0,6.3,JavaScript|React|Express.js|Git,REST API|Docker,2026-06-13,"Vertex Solutions is hiring a Full-Stack Developer for its product engineering team in Pune. You will collaborate with design and product teams. Must have: js, ReactJS, ExpressJS, GitHub. Good to have: Web APIs, docker. Freshers welcome."
J0017,E004,Nova Systems,Machine Learning Engineer,Data-Science-ML,Delhi NCR,Full-time,5,Bachelor,3,9.0,13.6,Python|Scikit-learn|Pandas|Deep Learning,Communication|Project Management,2026-08-03,"Nova Systems is hiring a Machine Learning Engineer for its AI/ML team in Delhi NCR. You will train and evaluate machine-learning models. Must have: py, sci-kit learn, Pandas, neural networks. Good to have: Communication Skills, Project Management. 5+ years of relevant experience expected."
J0018,E017,Lumen Technologies,DevOps Engineer,DevOps,Hyderabad,Internship,0,Bachelor,3,3.0,5.2,Linux|Git|Python,Jenkins,2026-09-02,"Lumen Technologies is hiring a DevOps Engineer for its infrastructure team in Hyderabad. You will operate containerised workloads. Must have: Ubuntu/Linux, Git, Python. Good to have: jenkins. Freshers welcome."
J0019,E010,Indigo Solutions,Data Scientist,Data-Science-ML,Hyderabad,Contract,0,Master,4,3.0,5.6,Pandas|Statistics|NLP,TensorFlow|Scikit-learn|PyTorch,2026-08-25,"Indigo Solutions is hiring a Data Scientist for its AI/ML team in Hyderabad. You will build NLP and prediction pipelines. Must have: Pandas, Stats, Natural Language Processing. Good to have: TensorFlow, sklearn, pytorch. Freshers welcome."
J0020,E018,Lattice Solutions,BI Analyst,Data-Analyst,Chennai,Full-time,4,Bachelor,3,7.8,13.5,SQL|Excel|Statistics|Pandas,Data Analysis|Teamwork|Data Visualization,2026-09-11,"Lattice Solutions is hiring a BI Analyst for its analytics team in Chennai. You will automate recurring reports. Must have: sql, Excel, Statistics, pd dataframes. Good to have: data analytics, team work, data viz. 4+ years of relevant experience expected."
J0021,E033,Apex Digital,Business Data Analyst,Data-Analyst,Delhi NCR,Full-time,4,Bachelor,3,7.8,12.4,SQL|Statistics|Data Analysis,Communication,2026-06-10,"Apex Digital is hiring a Business Data Analyst for its analytics team in Delhi NCR. You will write queries to answer business questions. Must have: SQL queries, statistical analysis, exploratory data analysis. Good to have: Communication. 4+ years of relevant experience expected."
J0022,E026,Ember Labs,Frontend Developer,Frontend,Bengaluru,Full-time,1,Master,4,4.2,6.2,React|HTML|Tailwind CSS,Git|Problem Solving|Angular,2026-09-18,"Ember Labs is hiring a Frontend Developer for its web experience team in Bengaluru. You will build responsive user interfaces. Must have: ReactJS, HTML5, tailwind css. Good to have: version control, analytical thinking, angular. 1+ years of relevant experience expected."
J0023,E027,Indigo Digital,SOC Analyst,Cybersecurity,Chennai,Full-time,0,Bachelor,3,3.0,6.4,Cybersecurity|Network Security|Networking|Linux,Communication|Project Management|Python,2026-06-15,"Indigo Digital is hiring a SOC Analyst for its security operations team in Chennai. You will assist in incident response. Must have: information security, firewalls, Networking, Unix/Linux. Good to have: Communication, project mgmt, Python. Freshers welcome."
J0024,E016,Granite Solutions,Data Analyst,Data-Analyst,Delhi NCR,Internship,0,Bachelor,3,3.0,6.1,Excel|Pandas|Data Visualization,Teamwork,2026-06-30,"Granite Solutions is hiring a Data Analyst for its analytics team in Delhi NCR. You will automate recurring reports. Must have: spreadsheets, pandas, visualization. Good to have: Team Work. Freshers welcome."
J0025,E015,Bluepeak Solutions,Business Data Analyst,Data-Analyst,Hyderabad,Full-time,1,Bachelor,3,4.2,7.8,SQL|Excel|Pandas|Data Visualization,Tableau,2026-07-03,"Bluepeak Solutions is hiring a Business Data Analyst for its analytics team in Hyderabad. You will turn raw data into dashboards and insights. Must have: sql, MS Excel, pd dataframes, visualization. Good to have: Tableau Desktop. 1+ years of relevant experience expected."
J0026,E030,Nimbus Digital,Site Reliability Engineer,DevOps,Remote,Contract,4,Bachelor,3,7.8,12.4,Docker|CI/CD|Python,Teamwork|AWS|Project Management,2026-07-14,"Nimbus Digital is hiring a Site Reliability Engineer for its infrastructure team in Remote. You will automate deployments and infrastructure. Must have: docker, continuous integration, Python. Good to have: Team Work, Amazon Web Services, project mgmt. 4+ years of relevant experience expected."
J0027,E004,Nova Systems,Mobile App Developer,Android,Bengaluru,Full-time,0,Bachelor,3,3.0,4.7,Kotlin|Java|Android Development|REST API,Communication|Problem Solving|Teamwork,2026-09-09,"Nova Systems is hiring a Mobile App Developer for its mobile team in Bengaluru. You will build and ship Android apps. Must have: kotlin, J2SE, Android Development, RESTful API. Good to have: Communication Skills, Problem Solving, collaboration. Freshers welcome."
J0028,E036,Apex Solutions,Junior Backend Developer,Backend-Java,Lucknow,Full-time,0,Bachelor,3,3.0,6.5,SQL|MySQL|Git|Hibernate|Microservices,Docker|Project Management,2026-07-09,"Apex Solutions is hiring a Junior Backend Developer for its backend engineering team in Lucknow. You will maintain and optimise production microservices. Must have: SQL, MySQL, Git/GitHub, JPA, microservice architecture. Good to have: docker, Project Management. Freshers welcome."
J0029,E007,Onyx Systems,UI Engineer,Frontend,Delhi NCR,Full-time,0,Bachelor,3,3.0,5.4,React|HTML|Next.js,CSS|Problem Solving,2026-09-16,"Onyx Systems is hiring an UI Engineer for its web experience team in Delhi NCR. You will improve web performance and accessibility. Must have: react, html, Next JS. Good to have: CSS, Problem solving. Freshers welcome."
J0030,E043,Cobalt Engineering Works,Electrician,Vocational,Hyderabad,Full-time,0,Diploma,2,1.8,3.4,CNC Machining|AutoCAD|Electrical Wiring,Project Management,2026-09-18,"Cobalt Engineering Works is hiring an Electrician for its production team in Hyderabad. You will follow drawings and safety procedures. Must have: CNC Machining, autocad, House wiring. Good to have: Project Planning. Freshers welcome."
J0031,E024,Bluepeak Systems,Junior Backend Developer,Backend-Python,Nagpur,Full-time,0,Bachelor,3,3.0,6.3,Flask|PostgreSQL|Redis|Docker|SQL,Django|Communication,2026-08-06,"Bluepeak Systems is hiring a Junior Backend Developer for its platform services team in Nagpur. You will design data models and background jobs. Must have: Flask, PostgresQL, Redis, Docker containers, T-SQL. Good to have: Django, Communication. Freshers welcome."
J0032,E025,Granite Technologies,QA Engineer,QA,Delhi NCR,Contract,2,Master,4,5.4,9.7,Unit Testing|Selenium|Java|SQL|Python,JUnit|Project Management|Problem Solving,2026-09-15,"Granite Technologies is hiring a QA Engineer for its quality engineering team in Delhi NCR. You will own test strategy for key modules. Must have: unit testing, Selenium, Java, SQL queries, Python3. Good to have: JUnit, Project Management, Problem Solving. 2+ years of relevant experience expected."
J0033,E017,Lumen Technologies,Junior Frontend Developer,Frontend,Pune,Full-time,0,Bachelor,3,3.0,4.2,JavaScript|React|CSS|Tailwind CSS|Git,Project Management,2026-08-07,"Lumen Technologies is hiring a Junior Frontend Developer for its web experience team in Pune. You will build responsive user interfaces. Must have: js, ReactJS, CSS3, tailwind css, git. Good to have: Project Management. Freshers welcome."
J0034,E037,Cobalt Technologies,BI Analyst,Data-Analyst,Remote,Full-time,5,Bachelor,3,9.0,15.0,SQL|Excel|Python|Power BI|Data Analysis,Project Management|Communication,2026-08-14,"Cobalt Technologies is hiring a BI Analyst for its analytics team in Remote. You will automate recurring reports. Must have: sql, Advanced Excel, python, power bi, data analysis. Good to have: Agile, Communication. 5+ years of relevant experience expected."
J0035,E006,Cobalt Labs,Python Developer,Backend-Python,Bengaluru,Full-time,5,Bachelor,3,9.0,13.2,Django|Redis|SQL,Teamwork,2026-06-25,"Cobalt Labs is hiring a Python Developer for its platform services team in Bengaluru. You will design data models and background jobs. Must have: django, redis, SQL. Good to have: Team Work. 5+ years of relevant experience expected."
J0036,E007,Onyx Systems,MERN Stack Developer,Full-Stack,Delhi NCR,Internship,5,Bachelor,3,9.0,13.6,JavaScript|React|Node.js|SQL,Docker,2026-07-22,"Onyx Systems is hiring a MERN Stack Developer for its product engineering team in Delhi NCR. You will own features end to end across UI and API. Must have: JavaScript, React, nodejs, T-SQL. Good to have: containerization. 5+ years of relevant experience expected."
J0037,E034,Orbit Solutions,Junior Backend Developer,Backend-Java,Bengaluru,Full-time,0,Bachelor,3,3.0,4.1,Java|SQL|Hibernate|Docker|JUnit,REST API|Project Management,2026-07-18,"Orbit Solutions is hiring a Junior Backend Developer for its backend engineering team in Bengaluru. You will develop REST APIs and integrate with relational databases. Must have: Java, T-SQL, Hibernate, containerization, JUnit. Good to have: REST APIs, Agile. Freshers welcome."
J0038,E006,Cobalt Labs,Junior Backend Developer,Backend-Java,Coimbatore,Full-time,0,Bachelor,3,3.0,5.3,Java|Spring Boot|SQL|REST API|Docker,Problem Solving|Hibernate|JUnit,2026-06-05,"Cobalt Labs is hiring a Junior Backend Developer for its backend engineering team in Coimbatore. You will design and build scalable services. Must have: J2SE, Spring Framework, SQL queries, REST APIs, docker. Good to have: problem-solving, Hibernate ORM, JUnit5. Freshers welcome."
J0039,E033,Apex Digital,DevOps Engineer,DevOps,Delhi NCR,Full-time,0,Bachelor,3,3.0,5.8,Kubernetes|Git|Azure,Communication|CI/CD|Project Management,2026-06-09,"Apex Digital is hiring a DevOps Engineer for its infrastructure team in Delhi NCR. You will improve reliability and monitoring. Must have: K8s, version control, azure. Good to have: Communication, continuous integration, project mgmt. Freshers welcome."
J0040,E001,Lumen Solutions,Software Engineer,Full-Stack,Nagpur,Full-time,4,Bachelor,3,7.8,12.9,JavaScript|Node.js|Express.js|REST API|Docker,Git|Problem Solving,2026-09-22,"Lumen Solutions is hiring a Software Engineer for its product engineering team in Nagpur. You will collaborate with design and product teams. Must have: js, node js, Express, Web APIs, Docker. Good to have: GitHub, Problem solving. 4+ years of relevant experience expected."
J0041,E026,Ember Labs,API Engineer,Backend-Python,Chennai,Full-time,0,Bachelor,3,3.0,4.8,Python|Flask|PostgreSQL|Docker,Git|FastAPI,2026-05-31,"Ember Labs is hiring an API Engineer for its platform services team in Chennai. You will design data models and background jobs. Must have: Python 3, Flask, PostgreSQL, Docker. Good to have: git, FastAPI. Freshers welcome."
J0042,E027,Indigo Digital,React Developer,Frontend,Hyderabad,Full-time,5,Bachelor,3,9.0,15.2,JavaScript|React|HTML|CSS,Project Management|Next.js,2026-09-24,"Indigo Digital is hiring a React Developer for its web experience team in Hyderabad. You will turn designs into reusable components. Must have: js, React.js, html, Cascading Style Sheets. Good to have: Project Management, Next JS. 5+ years of relevant experience expected."
J0043,E033,Apex Digital,UI Engineer,Frontend,Kolkata,Full-time,5,Bachelor,3,9.0,14.9,JavaScript|CSS|Tailwind CSS|Git,Problem Solving,2026-09-07,"Apex Digital is hiring an UI Engineer for its web experience team in Kolkata. You will build responsive user interfaces. Must have: JavaScript, CSS3, Tailwind, GitHub. Good to have: problem-solving. 5+ years of relevant experience expected."
J0044,E003,Mosaic Analytics,Python Developer,Backend-Python,Mumbai,Full-time,1,Bachelor,3,4.2,6.3,Python|Django|Flask,Redis|Project Management|Teamwork,2026-06-13,"Mosaic Analytics is hiring a Python Developer for its platform services team in Mumbai. You will build and maintain Python APIs. Must have: python, DRF, flask. Good to have: redis, Scrum, Team Work. 1+ years of relevant experience expected."
J0045,E037,Cobalt Technologies,QA Engineer,QA,Chennai,Full-time,1,Diploma,2,4.2,7.9,Unit Testing|Selenium|SQL|CI/CD,Teamwork|Project Management,2026-07-02,"Cobalt Technologies is hiring a QA Engineer for its quality engineering team in Chennai. You will own test strategy for key modules. Must have: TDD, Selenium, SQL queries, CI CD. Good to have: Teamwork, project mgmt. 1+ years of relevant experience expected."
J0046,E020,Onyx Labs,Python Developer,Backend-Python,Mumbai,Full-time,5,Master,4,9.0,14.3,Python|Redis|Docker,PostgreSQL|Teamwork|SQL,2026-08-02,"Onyx Labs is hiring a Python Developer for its platform services team in Mumbai. You will design data models and background jobs. Must have: py, redis, Docker. Good to have: PostgresQL, team work, T-SQL. 5+ years of relevant experience expected."
J0047,E016,Granite Solutions,SOC Analyst,Cybersecurity,Delhi NCR,Full-time,0,Bachelor,3,3.0,5.7,Cybersecurity|Network Security|Networking|Linux|Python,Problem Solving|Project Management,2026-08-17,"Granite Solutions is hiring a SOC Analyst for its security operations team in Delhi NCR. You will harden systems and networks. Must have: information security, IDS/IPS, Networking, Ubuntu/Linux, Python. Good to have: problem-solving, Project Planning. Freshers welcome."
J0048,E039,Indigo Analytics,Automation Test Engineer,QA,Coimbatore,Full-time,0,Bachelor,3,3.0,4.7,Unit Testing|Selenium|JUnit|Python,Teamwork,2026-06-09,"Indigo Analytics is hiring an Automation Test Engineer for its quality engineering team in Coimbatore. You will own test strategy for key modules. Must have: TDD, Selenium automation, JUnit 5, py. Good to have: Team Work. Freshers welcome."
J0049,E025,Granite Technologies,API Engineer,Backend-Python,Coimbatore,Full-time,0,Diploma,2,3.0,4.6,Python|Django|REST API|SQL,Flask|Docker|PostgreSQL,2026-08-21,"Granite Technologies is hiring an API Engineer for its platform services team in Coimbatore. You will ship reliable backend features. Must have: Python3, django, RESTful services, sql. Good to have: Flask, Docker containers, PostgreSQL. Freshers welcome."
J0050,E039,Indigo Analytics,Junior Backend Developer,Backend-Python,Bhubaneswar,Full-time,0,Bachelor,3,3.0,4.4,Python|Django|FastAPI|Docker,Redis,2026-06-20,"Indigo Analytics is hiring a Junior Backend Developer for its platform services team in Bhubaneswar. You will ship reliable backend features. Must have: py, Django, FastAPI, Docker containers. Good to have: redis. Freshers welcome."
J0051,E017,Lumen Technologies,Backend Developer,Backend-Python,Chennai,Full-time,1,Bachelor,3,4.2,6.1,Python|PostgreSQL|REST API|Redis|Git,SQL|Teamwork,2026-07-01,"Lumen Technologies is hiring a Backend Developer for its platform services team in Chennai. You will build and maintain Python APIs. Must have: Python, PostgresQL, RESTful services, Redis, version control. Good to have: SQL queries, Teamwork. 1+ years of relevant experience expected."
J0052,E018,Lattice Solutions,Flutter Developer,Android,Pune,Full-time,3,Bachelor,3,6.6,10.9,Kotlin|Java|REST API|Git,Teamwork|Android Development,2026-07-01,"Lattice Solutions is hiring a Flutter Developer for its mobile team in Pune. You will build and ship Android apps. Must have: Kotlin, Java SE, REST APIs, git. Good to have: Team Work, Android SDK. 3+ years of relevant experience expected."
J0053,E005,Zenith Systems,Machine Learning Engineer,Data-Science-ML,Hyderabad,Full-time,3,Diploma,2,6.6,9.5,Machine Learning|Scikit-learn|Pandas|PyTorch,NLP|Project Management|Python,2026-06-05,"Zenith Systems is hiring a Machine Learning Engineer for its AI/ML team in Hyderabad. You will build NLP and prediction pipelines. Must have: Machine-Learning, sci-kit learn, pd dataframes, PyTorch. Good to have: NLP, Project Planning, Python 3. 3+ years of relevant experience expected."
J0054,E017,Lumen Technologies,Android Developer,Android,Hyderabad,Full-time,0,Bachelor,3,3.0,6.3,Kotlin|Android Development|Git|Flutter,Problem Solving|Project Management,2026-06-29,"Lumen Technologies is hiring an Android Developer for its mobile team in Hyderabad. You will integrate mobile clients with backend APIs. Must have: Kotlin, Android SDK, Git, Flutter. Good to have: problem-solving, Agile. Freshers welcome."
J0055,E003,Mosaic Analytics,Backend Developer,Backend-Python,Delhi NCR,Internship,0,Bachelor,3,3.0,4.4,Python|Django|FastAPI|Flask|Docker,Project Management|Git,2026-06-09,"Mosaic Analytics is hiring a Backend Developer for its platform services team in Delhi NCR. You will design data models and background jobs. Must have: Python3, DRF, fastapi, flask, Docker containers. Good to have: Agile, Git/GitHub. Freshers welcome."
J0056,E031,Vertex Solutions,Business Data Analyst,Data-Analyst,Bhubaneswar,Full-time,5,Bachelor,3,9.0,15.2,SQL|Power BI|Tableau|Statistics|Pandas,Excel|Data Analysis|Problem Solving,2026-08-12,"Vertex Solutions is hiring a Business Data Analyst for its analytics team in Bhubaneswar. You will write queries to answer business questions. Must have: SQL queries, power bi, Tableau Desktop, Stats, pd dataframes. Good to have: Microsoft Excel, data analysis, analytical thinking. 5+ years of relevant experience expected."
J0057,E016,Granite Solutions,React Developer,Frontend,Mumbai,Contract,5,Bachelor,3,9.0,13.5,JavaScript|CSS|TypeScript|Tailwind CSS|Angular,Communication|HTML|Git,2026-07-09,"Granite Solutions is hiring a React Developer for its web experience team in Mumbai. You will build responsive user interfaces. Must have: JS, CSS, TypeScript, tailwind css, angular. Good to have: verbal communication, HTML, GitHub. 5+ years of relevant experience expected."
J0058,E026,Ember Labs,MERN Stack Developer,Full-Stack,Coimbatore,Contract,5,Diploma,2,9.0,14.3,JavaScript|Express.js|MongoDB|Git,Node.js|React|REST API,2026-06-18,"Ember Labs is hiring a MERN Stack Developer for its product engineering team in Coimbatore. You will own features end to end across UI and API. Must have: javascript, express.js, MongoDb, Git. Good to have: Node, react, RESTful services. 5+ years of relevant experience expected."
J0059,E012,Granite Labs,DevOps Engineer,DevOps,Chennai,Full-time,3,Bachelor,3,6.6,11.8,Docker|Kubernetes|CI/CD|Jenkins|Python,Linux|Teamwork|Git,2026-06-21,"Granite Labs is hiring a DevOps Engineer for its infrastructure team in Chennai. You will automate deployments and infrastructure. Must have: containerization, k8s, CI CD, jenkins, Python3. Good to have: Linux, collaboration, GitHub. 3+ years of relevant experience expected."
J0060,E025,Granite Technologies,Flutter Developer,Android,Kolkata,Full-time,5,Bachelor,3,9.0,14.8,Kotlin|Java|Android Development|REST API|Git,Problem Solving|Flutter|Teamwork,2026-07-17,"Granite Technologies is hiring a Flutter Developer for its mobile team in Kolkata. You will build and ship Android apps. Must have: kotlin, Core Java, Android SDK, REST API, Git. Good to have: Problem solving, Flutter, Team Work. 5+ years of relevant experience expected."
J0061,E016,Granite Solutions,React Developer,Frontend,Lucknow,Full-time,0,Bachelor,3,3.0,5.0,JavaScript|React|HTML|Tailwind CSS,Next.js,2026-06-18,"Granite Solutions is hiring a React Developer for its web experience team in Lucknow. You will improve web performance and accessibility. Must have: ES6, react, html, tailwind css. Good to have: next.js. Freshers welcome."
J0062,E016,Granite Solutions,Python Developer,Backend-Python,Bengaluru,Full-time,2,Bachelor,3,5.4,7.8,Django|FastAPI|Redis,Flask|Project Management,2026-06-27,"Granite Solutions is hiring a Python Developer for its platform services team in Bengaluru. You will ship reliable backend features. Must have: Django REST Framework, Fast API, Redis cache. Good to have: Flask, Project Management. 2+ years of relevant experience expected."
J0063,E004,Nova Systems,AI Engineer,Data-Science-ML,Mumbai,Full-time,0,Bachelor,3,3.0,4.5,Python|Machine Learning|TensorFlow|PyTorch|NLP,Statistics|Deep Learning,2026-08-09,"Nova Systems is hiring an AI Engineer for its AI/ML team in Mumbai. You will productionise models with engineering teams. Must have: Python, ML, tensorflow, torch, NLP. Good to have: statistics, neural networks. Freshers welcome."
J0064,E004,Nova Systems,Data Analyst,Data-Analyst,Lucknow,Full-time,4,Bachelor,3,7.8,13.2,SQL|Python|Power BI|Pandas|Data Visualization,Project Management|Tableau|Problem Solving,2026-08-25,"Nova Systems is hiring a Data Analyst for its analytics team in Lucknow. You will write queries to answer business questions. Must have: T-SQL, python, MS Power BI, Pandas, data viz. Good to have: Agile, Tableau, problem-solving. 4+ years of relevant experience expected."
J0065,E045,Mosaic Engineering Works,CNC Operator,Vocational,Indore,Full-time,3,ITI,1,1.8,5.2,AutoCAD|Welding,PLC Programming|Communication|Teamwork,2026-08-24,"Mosaic Engineering Works is hiring a CNC Operator for its production team in Indore. You will follow drawings and safety procedures. Must have: autocad, TIG welding. Good to have: Siemens PLC, verbal communication, team work. 3+ years of relevant experience expected."
J0066,E011,Indigo Labs,Security Analyst,Cybersecurity,Pune,Full-time,0,Bachelor,3,3.0,4.4,Cybersecurity|Network Security|Networking|Linux|Python,Problem Solving|Communication|Project Management,2026-08-15,"Indigo Labs is hiring a Security Analyst for its security operations team in Pune. You will assist in incident response. Must have: Cybersecurity, Network Security, Networking, linux, python. Good to have: Problem Solving, communication skills, Project Management. Freshers welcome."
J0067,E017,Lumen Technologies,MERN Stack Developer,Full-Stack,Hyderabad,Full-time,0,Bachelor,3,3.0,4.4,React|Node.js|REST API|Docker,Communication,2026-07-11,"Lumen Technologies is hiring a MERN Stack Developer for its product engineering team in Hyderabad. You will collaborate with design and product teams. Must have: react js, Node, REST APIs, Docker containers. Good to have: Communication. Freshers welcome."
J0068,E013,Kite Analytics,MERN Stack Developer,Full-Stack,Kochi,Full-time,0,Bachelor,3,3.0,6.4,JavaScript|React|Node.js|Express.js,TypeScript|Git|REST API,2026-08-29,"Kite Analytics is hiring a MERN Stack Developer for its product engineering team in Kochi. You will build dashboards and internal tools. Must have: ES6, ReactJS, Node.js, Express.js. Good to have: ts, git, REST. Freshers welcome."
J0069,E025,Granite Technologies,MERN Stack Developer,Full-Stack,Bengaluru,Full-time,4,Bachelor,3,7.8,12.5,Node.js|MongoDB|TypeScript,Git,2026-09-08,"Granite Technologies is hiring a MERN Stack Developer for its product engineering team in Bengaluru. You will collaborate with design and product teams. Must have: node js, mongo db, typescript. Good to have: version control. 4+ years of relevant experience expected."
J0070,E031,Vertex Solutions,Data Scientist,Data-Science-ML,Kolkata,Full-time,0,Bachelor,3,3.0,5.5,Python|Scikit-learn|Pandas|Deep Learning,Teamwork|Problem Solving|Project Management,2026-07-05,"Vertex Solutions is hiring a Data Scientist for its AI/ML team in Kolkata. You will productionise models with engineering teams. Must have: Python, scikit learn, Pandas, DL. Good to have: Team Work, Problem solving, Project Management. Freshers welcome."
J0071,E010,Indigo Solutions,Site Reliability Engineer,DevOps,Pune,Full-time,2,Bachelor,3,5.4,10.0,Docker|Kubernetes|Git|Python,Communication|Azure,2026-06-17,"Indigo Solutions is hiring a Site Reliability Engineer for its infrastructure team in Pune. You will operate containerised workloads. Must have: Docker, Kubernetes, git, Python. Good to have: Communication Skills, MS Azure. 2+ years of relevant experience expected."
J0072,E023,Vertex Digital,Junior Frontend Developer,Frontend,Pune,Full-time,0,Master,4,3.0,5.4,TypeScript|Git|Angular|Vue.js,Project Management|Communication,2026-09-03,"Vertex Digital is hiring a Junior Frontend Developer for its web experience team in Pune. You will turn designs into reusable components. Must have: TS, version control, AngularJS, Vue.js. Good to have: Project Management, Communication. Freshers welcome."
J0073,E019,Fluxo Labs,Backend Developer,Backend-Java,Hyderabad,Full-time,4,Bachelor,3,7.8,11.4,Java|Spring Boot|SQL|Microservices,Git,2026-06-01,"Fluxo Labs is hiring a Backend Developer for its backend engineering team in Hyderabad. You will design and build scalable services. Must have: Java, SpringBoot, sql, Microservice. Good to have: git. 4+ years of relevant experience expected."
J0074,E035,Onyx Digital,MERN Stack Developer,Full-Stack,Delhi NCR,Full-time,3,Bachelor,3,6.6,11.5,React|MongoDB|SQL|Git|TypeScript,JavaScript|Teamwork,2026-09-09,"Onyx Digital is hiring a MERN Stack Developer for its product engineering team in Delhi NCR. You will collaborate with design and product teams. Must have: React, MongoDb, Structured Query Language, git, ts. Good to have: JS, collaboration. 3+ years of relevant experience expected."
J0075,E007,Onyx Systems,Software Engineer,Backend-Java,Bengaluru,Full-time,0,Bachelor,3,3.0,4.4,Java|Hibernate|Docker,Spring Boot,2026-07-14,"Onyx Systems is hiring a Software Engineer for its backend engineering team in Bengaluru. You will design and build scalable services. Must have: java, hibernate, Docker. Good to have: Spring. Freshers welcome."
J0076,E016,Granite Solutions,Site Reliability Engineer,DevOps,Coimbatore,Internship,1,Bachelor,3,4.2,6.1,Linux|CI/CD|Jenkins|Python,Teamwork|Kubernetes,2026-06-05,"Granite Solutions is hiring a Site Reliability Engineer for its infrastructure team in Coimbatore. You will operate containerised workloads. Must have: Unix/Linux, continuous delivery, Jenkins, Python3. Good to have: collaboration, K8s. 1+ years of relevant experience expected."
J0077,E036,Apex Solutions,Python Developer,Backend-Python,Mumbai,Full-time,4,Bachelor,3,7.8,12.8,Flask|PostgreSQL|REST API|SQL,Communication,2026-08-04,"Apex Solutions is hiring a Python Developer for its platform services team in Mumbai. You will design data models and background jobs. Must have: Flask, Postgres, REST APIs, sql. Good to have: Communication. 4+ years of relevant experience expected."
J0078,E016,Granite Solutions,UI Engineer,Frontend,Bhubaneswar,Full-time,0,Bachelor,3,3.0,6.4,JavaScript|React|Next.js,Communication,2026-07-12,"Granite Solutions is hiring an UI Engineer for its web experience team in Bhubaneswar. You will turn designs into reusable components. Must have: js, React.js, Next.js. Good to have: verbal communication. Freshers welcome."
J0079,E037,Cobalt Technologies,UI Engineer,Frontend,Ahmedabad,Full-time,0,Bachelor,3,3.0,6.3,JavaScript|React|HTML|Next.js,Teamwork|Communication,2026-09-27,"Cobalt Technologies is hiring an UI Engineer for its web experience team in Ahmedabad. You will improve web performance and accessibility. Must have: JavaScript, React.js, HTML, Next JS. Good to have: Teamwork, Communication. Freshers welcome."
J0080,E004,Nova Systems,Cloud Engineer,DevOps,Hyderabad,Full-time,0,Bachelor,3,3.0,5.9,Linux|Docker|Kubernetes|AWS,Azure|Problem Solving|Communication,2026-06-20,"Nova Systems is hiring a Cloud Engineer for its infrastructure team in Hyderabad. You will automate deployments and infrastructure. Must have: linux, docker, K8s, Amazon Web Services. Good to have: Microsoft Azure, Problem solving, verbal communication. Freshers welcome."
J0081,E019,Fluxo Labs,Backend Developer,Backend-Python,Chennai,Full-time,0,Bachelor,3,3.0,5.2,Python|Django|FastAPI,Git,2026-09-23,"Fluxo Labs is hiring a Backend Developer for its platform services team in Chennai. You will design data models and background jobs. Must have: Python 3, Django, FastAPI. Good to have: Git. Freshers welcome."
J0082,E046,Mosaic Fabricators,Draughtsman,Vocational,Mumbai,Full-time,2,ITI,1,1.8,5.2,CNC Machining|AutoCAD|Welding,PLC Programming|Problem Solving|Project Management,2026-08-18,"Mosaic Fabricators is hiring a Draughtsman for its production team in Mumbai. You will follow drawings and safety procedures. Must have: CNC Machining, Auto CAD, TIG welding. Good to have: ladder logic, problem-solving, Project Management. 2+ years of relevant experience expected."
J0083,E019,Fluxo Labs,Data Analyst,Data-Analyst,Bengaluru,Contract,3,Bachelor,3,6.6,11.1,Excel|Power BI|Tableau|Data Visualization,Problem Solving|Communication,2026-08-23,"Fluxo Labs is hiring a Data Analyst for its analytics team in Bengaluru. You will turn raw data into dashboards and insights. Must have: spreadsheets, PowerBI, Tableau, dashboards. Good to have: Problem Solving, Communication Skills. 3+ years of relevant experience expected."
J0084,E015,Bluepeak Solutions,Data Scientist,Data-Science-ML,Delhi NCR,Full-time,0,Bachelor,3,3.0,4.8,Python|Scikit-learn|Statistics|SQL,Project Management|TensorFlow|Pandas,2026-08-27,"Bluepeak Solutions is hiring a Data Scientist for its AI/ML team in Delhi NCR. You will build NLP and prediction pipelines. Must have: Python3, scikit learn, Stats, SQL. Good to have: Project Management, Tensor Flow, pandas. Freshers welcome."
J0085,E017,Lumen Technologies,Full-Stack Developer,Full-Stack,Bengaluru,Full-time,3,Bachelor,3,6.6,10.8,JavaScript|React|Express.js|Git,Project Management|Teamwork|MongoDB,2026-08-03,"Lumen Technologies is hiring a Full-Stack Developer for its product engineering team in Bengaluru. You will own features end to end across UI and API. Must have: javascript, ReactJS, express.js, Git/GitHub. Good to have: Project Planning, collaboration, MongoDB. 3+ years of relevant experience expected."
J0086,E040,Orbit Systems,Software Engineer,Full-Stack,Hyderabad,Full-time,4,Bachelor,3,7.8,13.3,JavaScript|Node.js|Express.js|Docker,MongoDB,2026-08-20,"Orbit Systems is hiring a Software Engineer for its product engineering team in Hyderabad. You will own features end to end across UI and API. Must have: ES6, Node.js, express.js, Docker containers. Good to have: MongoDb. 4+ years of relevant experience expected."
J0087,E006,Cobalt Labs,React Developer,Frontend,Remote,Full-time,2,Bachelor,3,5.4,9.1,CSS|Tailwind CSS|Angular,Problem Solving|HTML,2026-08-08,"Cobalt Labs is hiring a React Developer for its web experience team in Remote. You will improve web performance and accessibility. Must have: Cascading Style Sheets, Tailwind CSS, angular. Good to have: analytical thinking, HTML5. 2+ years of relevant experience expected."
J0088,E036,Apex Solutions,Junior Data Scientist,Data-Science-ML,Jaipur,Internship,0,Diploma,2,3.0,6.0,Python|Machine Learning|TensorFlow|NLP,Project Management|NumPy|Problem Solving,2026-06-17,"Apex Solutions is hiring a Junior Data Scientist for its AI/ML team in Jaipur. You will productionise models with engineering teams. Must have: python, machine learning, TF, Natural Language Processing. Good to have: Project Management, NumPy, problem-solving. Freshers welcome."
J0089,E007,Onyx Systems,Automation Test Engineer,QA,Mumbai,Full-time,2,Bachelor,3,5.4,9.8,Unit Testing|Selenium|Java|SQL,Communication|Project Management|JUnit,2026-05-31,"Onyx Systems is hiring an Automation Test Engineer for its quality engineering team in Mumbai. You will design and automate test suites. Must have: unit testing, selenium, Java, SQL queries. Good to have: communication skills, Agile, junit. 2+ years of relevant experience expected."
J0090,E007,Onyx Systems,Python Developer,Backend-Python,Lucknow,Full-time,2,Bachelor,3,5.4,8.8,FastAPI|Flask|SQL,Django|Teamwork|Project Management,2026-09-05,"Onyx Systems is hiring a Python Developer for its platform services team in Lucknow. You will ship reliable backend features. Must have: FastAPI, Flask, SQL. Good to have: django, Team Work, Project Management. 2+ years of relevant experience expected."
J0091,E001,Lumen Solutions,MERN Stack Developer,Full-Stack,Pune,Full-time,0,Bachelor,3,3.0,4.2,Node.js|Express.js|MongoDB|Git,React|Teamwork,2026-09-20,"Lumen Solutions is hiring a MERN Stack Developer for its product engineering team in Pune. You will own features end to end across UI and API. Must have: Node.js, Express.js, MongoDB, Git. Good to have: ReactJS, team work. Freshers welcome."
J0092,E023,Vertex Digital,SDET,QA,Coimbatore,Full-time,0,Bachelor,3,3.0,6.2,Selenium|Java|JUnit,SQL,2026-06-09,"Vertex Digital is hiring a SDET for its quality engineering team in Coimbatore. You will own test strategy for key modules. Must have: selenium, Java, JUnit5. Good to have: SQL queries. Freshers welcome."
J0093,E012,Granite Labs,DevOps Engineer,DevOps,Ahmedabad,Full-time,0,Bachelor,3,3.0,4.2,Linux|Python|Azure,Teamwork|Communication|Jenkins,2026-06-03,"Granite Labs is hiring a DevOps Engineer for its infrastructure team in Ahmedabad. You will operate containerised workloads. Must have: Unix/Linux, py, Azure. Good to have: Team Work, communication skills, Jenkins. Freshers welcome."
J0094,E017,Lumen Technologies,Frontend Developer,Frontend,Delhi NCR,Full-time,5,Bachelor,3,9.0,14.7,React|Git|Angular,Teamwork|Communication,2026-06-12,"Lumen Technologies is hiring a Frontend Developer for its web experience team in Delhi NCR. You will improve web performance and accessibility. Must have: React, version control, AngularJS. Good to have: team work, communication skills. 5+ years of relevant experience expected."
J0095,E036,Apex Solutions,BI Analyst,Data-Analyst,Chennai,Internship,1,Bachelor,3,4.2,7.3,Excel|Python|Tableau,Communication|Project Management,2026-06-16,"Apex Solutions is hiring a BI Analyst for its analytics team in Chennai. You will automate recurring reports. Must have: MS Excel, Python 3, tableau. Good to have: Communication, Scrum. 1+ years of relevant experience expected."
J0096,E036,Apex Solutions,MERN Stack Developer,Full-Stack,Mumbai,Full-time,4,Bachelor,3,7.8,13.5,React|Express.js|MongoDB|Git,Teamwork|Project Management|Docker,2026-07-22,"Apex Solutions is hiring a MERN Stack Developer for its product engineering team in Mumbai. You will collaborate with design and product teams. Must have: react, Express.js, MongoDB, Git/GitHub. Good to have: Team Work, Project Management, containerization. 4+ years of relevant experience expected."
J0097,E010,Indigo Solutions,Android Developer,Android,Chennai,Full-time,3,Master,4,6.6,11.2,Kotlin|Java|Git|Flutter,Project Management|Android Development,2026-08-25,"Indigo Solutions is hiring an Android Developer for its mobile team in Chennai. You will integrate mobile clients with backend APIs. Must have: kotlin, Core Java, Git, Dart. Good to have: project mgmt, Android app development. 3+ years of relevant experience expected."
J0098,E010,Indigo Solutions,Software Engineer,Backend-Java,Mumbai,Full-time,2,Bachelor,3,5.4,9.2,Java|Hibernate|Microservices,MySQL,2026-06-28,"Indigo Solutions is hiring a Software Engineer for its backend engineering team in Mumbai. You will maintain and optimise production microservices. Must have: J2SE, hibernate, Microservices. Good to have: MySQL. 2+ years of relevant experience expected."
J0099,E005,Zenith Systems,Automation Test Engineer,QA,Indore,Full-time,4,Bachelor,3,7.8,11.7,Unit Testing|Selenium|Git|CI/CD,Python|Java|Communication,2026-07-02,"Zenith Systems is hiring an Automation Test Engineer for its quality engineering team in Indore. You will own test strategy for key modules. Must have: TDD, Selenium, version control, CI/CD. Good to have: Python 3, java, communication skills. 4+ years of relevant experience expected."
J0100,E015,Bluepeak Solutions,Frontend Developer,Frontend,Ahmedabad,Full-time,4,Master,4,7.8,11.9,React|HTML|Tailwind CSS|Angular,JavaScript|Problem Solving,2026-08-28,"Bluepeak Solutions is hiring a Frontend Developer for its web experience team in Ahmedabad. You will build responsive user interfaces. Must have: react js, HTML, TailwindCSS, Angular 2+. Good to have: ECMAScript, Problem solving. 4+ years of relevant experience expected."
J0101,E033,Apex Digital,Flutter Developer,Android,Chennai,Full-time,0,Bachelor,3,3.0,5.7,Kotlin|Java|REST API|Git,Project Management,2026-07-18,"Apex Digital is hiring a Flutter Developer for its mobile team in Chennai. You will integrate mobile clients with backend APIs. Must have: Kotlin, J2SE, RESTful services, Git/GitHub. Good to have: project mgmt. Freshers welcome."
J0102,E023,Vertex Digital,Mobile App Developer,Android,Mumbai,Full-time,4,Bachelor,3,7.8,12.7,Kotlin|Android Development|REST API|Git,Java|Project Management,2026-09-07,"Vertex Digital is hiring a Mobile App Developer for its mobile team in Mumbai. You will build and ship Android apps. Must have: Kotlin, Android app development, RESTful API, version control. Good to have: J2SE, Scrum. 4+ years of relevant experience expected."
J0103,E034,Orbit Solutions,Flutter Developer,Android,Delhi NCR,Full-time,1,Bachelor,3,4.2,8.3,Kotlin|Android Development|REST API,Java,2026-09-14,"Orbit Solutions is hiring a Flutter Developer for its mobile team in Delhi NCR. You will integrate mobile clients with backend APIs. Must have: Kotlin, Android, RESTful API. Good to have: Core Java. 1+ years of relevant experience expected."
J0104,E033,Apex Digital,Junior Frontend Developer,Frontend,Pune,Full-time,0,Bachelor,3,3.0,6.4,HTML|TypeScript|Tailwind CSS|Git|Angular,React|Vue.js,2026-06-24,"Apex Digital is hiring a Junior Frontend Developer for its web experience team in Pune. You will build responsive user interfaces. Must have: HTML, ts, TailwindCSS, GitHub, Angular. Good to have: react js, Vue. Freshers welcome."
J0105,E010,Indigo Solutions,Full-Stack Developer,Full-Stack,Hyderabad,Full-time,3,Diploma,2,6.6,11.7,JavaScript|React|Node.js|Express.js|TypeScript,Communication|MongoDB,2026-08-08,"Indigo Solutions is hiring a Full-Stack Developer for its product engineering team in Hyderabad. You will build dashboards and internal tools. Must have: ES6, React, Node.js, Express.js, typescript. Good to have: Communication Skills, Mongo. 3+ years of relevant experience expected."
J0106,E002,Apex Systems,SDET,QA,Pune,Full-time,5,Bachelor,3,9.0,13.7,Unit Testing|Selenium|Java|JUnit|Git,Project Management,2026-08-14,"Apex Systems is hiring a SDET for its quality engineering team in Pune. You will catch regressions before release. Must have: unit testing, Selenium automation, Java SE, JUnit, GitHub. Good to have: project mgmt. 5+ years of relevant experience expected."
J0107,E025,Granite Technologies,Site Reliability Engineer,DevOps,Ahmedabad,Full-time,0,Bachelor,3,3.0,4.6,Docker|Kubernetes|AWS|Git,Jenkins,2026-08-20,"Granite Technologies is hiring a Site Reliability Engineer for its infrastructure team in Ahmedabad. You will automate deployments and infrastructure. Must have: docker, kubernetes, AWS, Git. Good to have: Jenkins. Freshers welcome."
J0108,E043,Cobalt Engineering Works,Welder,Vocational,Pune,Contract,2,ITI,1,1.8,4.4,Welding|Electrical Wiring|PLC Programming,CNC Machining|Problem Solving|Project Management,2026-09-11,"Cobalt Engineering Works is hiring a Welder for its production team in Pune. You will operate and maintain shop-floor equipment. Must have: TIG welding, wiring, PLC. Good to have: CNC, problem-solving, Agile. 2+ years of relevant experience expected."
J0109,E029,Kestrel Systems,Junior Data Analyst,Data-Analyst,Ahmedabad,Contract,0,Bachelor,3,3.0,5.5,Python|Tableau|Data Visualization|Data Analysis,Excel|Project Management|Communication,2026-08-04,"Kestrel Systems is hiring a Junior Data Analyst for its analytics team in Ahmedabad. You will automate recurring reports. Must have: Python, Tableau, visualization, EDA. Good to have: MS Excel, Project Management, Communication. Freshers welcome."
J0110,E023,Vertex Digital,Junior Cybersecurity Analyst,Cybersecurity,Delhi NCR,Full-time,0,Bachelor,3,3.0,5.0,Cybersecurity|Network Security|Networking|Linux|Python,Problem Solving,2026-09-15,"Vertex Digital is hiring a Junior Cybersecurity Analyst for its security operations team in Delhi NCR. You will harden systems and networks. Must have: Cybersecurity, IDS/IPS, Networking, Unix/Linux, py. Good to have: Problem Solving. Freshers welcome."
J0111,E043,Cobalt Engineering Works,Welder,Vocational,Chennai,Full-time,1,Diploma,2,1.8,3.4,CNC Machining|AutoCAD|Welding,Electrical Wiring,2026-06-30,"Cobalt Engineering Works is hiring a Welder for its production team in Chennai. You will meet quality and throughput targets. Must have: CNC Operator skills, Auto CAD, MIG welding. Good to have: electrical installation. 1+ years of relevant experience expected."
J0112,E017,Lumen Technologies,Junior Cybersecurity Analyst,Cybersecurity,Bengaluru,Internship,0,Bachelor,3,3.0,5.7,Network Security|Networking|Python,Communication|Cybersecurity|Project Management,2026-08-09,"Lumen Technologies is hiring a Junior Cybersecurity Analyst for its security operations team in Bengaluru. You will assist in incident response. Must have: network security, computer networks, Python. Good to have: communication skills, Cyber Security, Project Planning. Freshers welcome."
J0113,E017,Lumen Technologies,Backend Developer,Backend-Python,Ahmedabad,Full-time,1,Bachelor,3,4.2,6.2,Django|FastAPI|Redis,SQL|Docker|Communication,2026-06-08,"Lumen Technologies is hiring a Backend Developer for its platform services team in Ahmedabad. You will build and maintain Python APIs. Must have: django, fastapi, Redis. Good to have: T-SQL, docker, verbal communication. 1+ years of relevant experience expected."
J0114,E006,Cobalt Labs,Java Developer,Backend-Java,Mumbai,Full-time,0,Bachelor,3,3.0,6.4,Java|SQL|Hibernate|Docker,MySQL|Problem Solving,2026-08-02,"Cobalt Labs is hiring a Java Developer for its backend engineering team in Mumbai. You will maintain and optimise production microservices. Must have: Java, Structured Query Language, Hibernate ORM, containerization. Good to have: mysql, Problem Solving. Freshers welcome."
J0115,E018,Lattice Solutions,MERN Stack Developer,Full-Stack,Delhi NCR,Full-time,1,Bachelor,3,4.2,7.2,JavaScript|Node.js|Express.js|TypeScript,Docker|SQL|Project Management,2026-07-14,"Lattice Solutions is hiring a MERN Stack Developer for its product engineering team in Delhi NCR. You will build dashboards and internal tools. Must have: ES6, nodejs, ExpressJS, TS. Good to have: Docker containers, SQL, Scrum. 1+ years of relevant experience expected."
J0116,E009,Fluxo Technologies,Junior Data Scientist,Data-Science-ML,Ahmedabad,Full-time,0,Bachelor,3,3.0,6.0,Python|Scikit-learn|Pandas|NLP,Communication|Statistics,2026-06-29,"Fluxo Technologies is hiring a Junior Data Scientist for its AI/ML team in Ahmedabad. You will train and evaluate machine-learning models. Must have: Python 3, sci-kit learn, Pandas, natural language processing. Good to have: Communication, Statistics. Freshers welcome."
J0117,E017,Lumen Technologies,Automation Test Engineer,QA,Delhi NCR,Full-time,3,Bachelor,3,6.6,10.7,Selenium|SQL|JUnit|Python|Git,Teamwork|Communication,2026-06-26,"Lumen Technologies is hiring an Automation Test Engineer for its quality engineering team in Delhi NCR. You will design and automate test suites. Must have: Selenium WebDriver, sql, junit, Python, GitHub. Good to have: collaboration, communication skills. 3+ years of relevant experience expected."
J0118,E019,Fluxo Labs,Data Analyst,Data-Analyst,Hyderabad,Full-time,5,Bachelor,3,9.0,13.3,Python|Power BI|Statistics,SQL,2026-07-08,"Fluxo Labs is hiring a Data Analyst for its analytics team in Hyderabad. You will automate recurring reports. Must have: py, power bi, statistics. Good to have: sql. 5+ years of relevant experience expected."
J0119,E005,Zenith Systems,Backend Developer,Backend-Python,Nagpur,Internship,5,Bachelor,3,9.0,13.1,Python|FastAPI|Git,Problem Solving|Django|PostgreSQL,2026-07-16,"Zenith Systems is hiring a Backend Developer for its platform services team in Nagpur. You will build and maintain Python APIs. Must have: Python 3, Fast API, version control. Good to have: problem-solving, Django REST Framework, PostgresQL. 5+ years of relevant experience expected."
J0120,E027,Indigo Digital,Junior Data Analyst,Data-Analyst,Hyderabad,Full-time,0,Bachelor,3,3.0,4.1,SQL|Excel|Python|Statistics|Data Visualization,Communication|Tableau|Problem Solving,2026-06-21,"Indigo Digital is hiring a Junior Data Analyst for its analytics team in Hyderabad. You will turn raw data into dashboards and insights. Must have: SQL queries, Excel, Python 3, Stats, Data Visualization. Good to have: Communication, Tableau, Problem solving. Freshers welcome."
J0121,E029,Kestrel Systems,UI Engineer,Frontend,Bengaluru,Full-time,0,Bachelor,3,3.0,6.4,JavaScript|React|HTML|CSS|Tailwind CSS,Project Management|Communication|Teamwork,2026-07-01,"Kestrel Systems is hiring an UI Engineer for its web experience team in Bengaluru. You will turn designs into reusable components. Must have: JavaScript, ReactJS, HTML, Cascading Style Sheets, tailwind css. Good to have: Project Management, Communication, collaboration. Freshers welcome."
J0122,E041,Apex Engineering Works,CNC Operator,Vocational,Delhi NCR,Full-time,2,ITI,1,1.8,4.5,AutoCAD|Welding|PLC Programming,Teamwork,2026-07-25,"Apex Engineering Works is hiring a CNC Operator for its production team in Delhi NCR. You will operate and maintain shop-floor equipment. Must have: AutoCAD, arc welding, Siemens PLC. Good to have: collaboration. 2+ years of relevant experience expected."
J0123,E038,Lumen Labs,Backend Developer,Backend-Python,Remote,Internship,4,Bachelor,3,7.8,13.6,Python|Django|FastAPI|Redis|SQL,Teamwork|Problem Solving|Flask,2026-06-19,"Lumen Labs is hiring a Backend Developer for its platform services team in Remote. You will ship reliable backend features. Must have: py, Django REST Framework, Fast API, Redis cache, SQL queries. Good to have: Team Work, Problem solving, Flask. 4+ years of relevant experience expected."
J0124,E047,Kite Fabricators,Draughtsman,Vocational,Lucknow,Full-time,1,Diploma,2,1.8,4.8,CNC Machining|Welding|Electrical Wiring,PLC Programming,2026-09-26,"Kite Fabricators is hiring a Draughtsman for its production team in Lucknow. You will operate and maintain shop-floor equipment. Must have: CNC Operator skills, arc welding, wiring. Good to have: Siemens PLC. 1+ years of relevant experience expected."
J0125,E010,Indigo Solutions,Junior Frontend Developer,Frontend,Kolkata,Full-time,0,Master,4,3.0,5.6,JavaScript|React|CSS|Tailwind CSS,TypeScript,2026-09-09,"Indigo Solutions is hiring a Junior Frontend Developer for its web experience team in Kolkata. You will build responsive user interfaces. Must have: javascript, React, CSS, TailwindCSS. Good to have: TS. Freshers welcome."
J0126,E004,Nova Systems,Junior Data Analyst,Data-Analyst,Pune,Full-time,0,Bachelor,3,3.0,5.8,SQL|Python|Statistics|Pandas|Data Visualization,Power BI|Communication,2026-07-19,"Nova Systems is hiring a Junior Data Analyst for its analytics team in Pune. You will turn raw data into dashboards and insights. Must have: T-SQL, python, statistics, pandas, dashboards. Good to have: MS Power BI, Communication Skills. Freshers welcome."
J0127,E046,Mosaic Fabricators,CNC Operator,Vocational,Hyderabad,Full-time,0,Diploma,2,1.8,3.4,CNC Machining|PLC Programming,AutoCAD,2026-08-14,"Mosaic Fabricators is hiring a CNC Operator for its production team in Hyderabad. You will follow drawings and safety procedures. Must have: CNC, PLC. Good to have: CAD drafting. Freshers welcome."
J0128,E033,Apex Digital,Junior Data Analyst,Data-Analyst,Delhi NCR,Full-time,0,Bachelor,3,3.0,5.2,SQL|Excel|Data Visualization,Problem Solving|Project Management|Power BI,2026-06-08,"Apex Digital is hiring a Junior Data Analyst for its analytics team in Delhi NCR. You will write queries to answer business questions. Must have: SQL, excel, visualization. Good to have: Problem Solving, Project Planning, power bi. Freshers welcome."
J0129,E026,Ember Labs,Backend Developer,Backend-Java,Pune,Full-time,0,Master,4,3.0,4.7,Java|Hibernate|Microservices|Docker|JUnit,Git|MySQL|Spring Boot,2026-09-16,"Ember Labs is hiring a Backend Developer for its backend engineering team in Pune. You will maintain and optimise production microservices. Must have: Java, Hibernate, Microservices, containerization, JUnit5. Good to have: Git/GitHub, My SQL, Spring. Freshers welcome."
J0130,E027,Indigo Digital,Software Engineer,Backend-Java,Hyderabad,Full-time,2,Bachelor,3,5.4,9.7,Spring Boot|REST API|Hibernate|JUnit,Microservices|Java,2026-07-23,"Indigo Digital is hiring a Software Engineer for its backend engineering team in Hyderabad. You will develop REST APIs and integrate with relational databases. Must have: Spring Boot, RESTful API, Hibernate, JUnit 5. Good to have: micro-services, Java. 2+ years of relevant experience expected."
J0131,E015,Bluepeak Solutions,MERN Stack Developer,Full-Stack,Chennai,Full-time,0,Bachelor,3,3.0,4.1,Node.js|MongoDB|SQL,Problem Solving|Express.js,2026-07-13,"Bluepeak Solutions is hiring a MERN Stack Developer for its product engineering team in Chennai. You will build dashboards and internal tools. Must have: node js, mongo db, Structured Query Language. Good to have: analytical thinking, ExpressJS. Freshers welcome."
J0132,E008,Juniper Systems,Cloud Engineer,DevOps,Bengaluru,Contract,3,Master,4,6.6,9.7,Docker|AWS|Jenkins|Git,Python|Azure|Project Management,2026-09-20,"Juniper Systems is hiring a Cloud Engineer for its infrastructure team in Bengaluru. You will improve reliability and monitoring. Must have: Docker, AWS, jenkins, version control. Good to have: Python 3, Microsoft Azure, project mgmt. 3+ years of relevant experience expected."
J0133,E004,Nova Systems,Data Analyst,Data-Analyst,Mumbai,Full-time,4,Bachelor,3,7.8,13.5,Python|Pandas|Data Visualization,Power BI,2026-06-25,"Nova Systems is hiring a Data Analyst for its analytics team in Mumbai. You will automate recurring reports. Must have: py, pd dataframes, Data Visualization. Good to have: PowerBI. 4+ years of relevant experience expected."
J0134,E017,Lumen Technologies,Flutter Developer,Android,Nagpur,Full-time,0,Bachelor,3,3.0,5.2,Kotlin|Java|Android Development|REST API|Flutter,Teamwork|Communication,2026-07-26,"Lumen Technologies is hiring a Flutter Developer for its mobile team in Nagpur. You will build and ship Android apps. Must have: Kotlin, Java SE, Android, RESTful API, Dart. Good to have: collaboration, Communication Skills. Freshers welcome."
J0135,E045,Mosaic Engineering Works,Draughtsman,Vocational,Bengaluru,Internship,0,ITI,1,1.8,5.2,CNC Machining|AutoCAD|PLC Programming,Communication,2026-08-20,"Mosaic Engineering Works is hiring a Draughtsman for its production team in Bengaluru. You will meet quality and throughput targets. Must have: CNC machine operation, AutoCAD, PLC Programming. Good to have: Communication Skills. Freshers welcome."
J0136,E034,Orbit Solutions,Software Engineer,Full-Stack,Indore,Full-time,3,Bachelor,3,6.6,10.8,Node.js|REST API|TypeScript,Docker,2026-06-04,"Orbit Solutions is hiring a Software Engineer for its product engineering team in Indore. You will collaborate with design and product teams. Must have: NodeJS, RESTful services, TypeScript. Good to have: containerization. 3+ years of relevant experience expected."
J0137,E025,Granite Technologies,AI Engineer,Data-Science-ML,Mumbai,Full-time,2,Bachelor,3,5.4,9.5,Statistics|Deep Learning|NLP,Machine Learning,2026-09-11,"Granite Technologies is hiring an AI Engineer for its AI/ML team in Mumbai. You will train and evaluate machine-learning models. Must have: Stats, deep learning, NLP. Good to have: Machine Learning. 2+ years of relevant experience expected."
J0138,E019,Fluxo Labs,Full-Stack Developer,Full-Stack,Bengaluru,Full-time,3,Diploma,2,6.6,9.7,Node.js|MongoDB|Git,Problem Solving|Docker|Teamwork,2026-09-04,"Fluxo Labs is hiring a Full-Stack Developer for its product engineering team in Bengaluru. You will own features end to end across UI and API. Must have: Node, MongoDb, git. Good to have: problem-solving, docker, Team Work. 3+ years of relevant experience expected."
J0139,E017,Lumen Technologies,Junior Data Scientist,Data-Science-ML,Hyderabad,Full-time,0,Bachelor,3,3.0,6.1,Machine Learning|TensorFlow|SQL,Deep Learning|Project Management,2026-06-14,"Lumen Technologies is hiring a Junior Data Scientist for its AI/ML team in Hyderabad. You will build NLP and prediction pipelines. Must have: Machine Learning, tensorflow, Structured Query Language. Good to have: deep learning, project mgmt. Freshers welcome."
J0140,E019,Fluxo Labs,Machine Learning Engineer,Data-Science-ML,Bhubaneswar,Full-time,0,Diploma,2,3.0,4.8,Python|Pandas|NumPy|PyTorch|NLP,Machine Learning,2026-09-15,"Fluxo Labs is hiring a Machine Learning Engineer for its AI/ML team in Bhubaneswar. You will build NLP and prediction pipelines. Must have: Python 3, pandas, Numpy, pytorch, NLP. Good to have: Machine-Learning. Freshers welcome."
J0141,E038,Lumen Labs,Cloud Engineer,DevOps,Mumbai,Full-time,5,Master,4,9.0,15.3,Linux|Git|Azure,Communication|AWS,2026-08-10,"Lumen Labs is hiring a Cloud Engineer for its infrastructure team in Mumbai. You will automate deployments and infrastructure. Must have: Linux, version control, azure. Good to have: communication skills, Amazon Web Services. 5+ years of relevant experience expected."
J0142,E034,Orbit Solutions,SDET,QA,Delhi NCR,Full-time,3,Bachelor,3,6.6,9.9,Unit Testing|Selenium|Java|Python|Git,Project Management|SQL,2026-07-30,"Orbit Solutions is hiring a SDET for its quality engineering team in Delhi NCR. You will design and automate test suites. Must have: unit tests, selenium, Java, Python 3, version control. Good to have: Scrum, SQL. 3+ years of relevant experience expected."
J0143,E010,Indigo Solutions,SOC Analyst,Cybersecurity,Mumbai,Contract,0,Bachelor,3,3.0,4.3,Network Security|Networking|Linux|Python,Cybersecurity|Communication|Problem Solving,2026-08-24,"Indigo Solutions is hiring a SOC Analyst for its security operations team in Mumbai. You will assist in incident response. Must have: network security, TCP/IP, Linux, Python. Good to have: infosec, Communication, analytical thinking. Freshers welcome."
J0144,E007,Onyx Systems,Junior Cybersecurity Analyst,Cybersecurity,Bengaluru,Full-time,0,Bachelor,3,3.0,5.1,Cybersecurity|Network Security|Linux|Python,Problem Solving|Communication|Project Management,2026-09-12,"Onyx Systems is hiring a Junior Cybersecurity Analyst for its security operations team in Bengaluru. You will assist in incident response. Must have: cyber security, Network Security, linux, Python3. Good to have: analytical thinking, verbal communication, Project Planning. Freshers welcome."
J0145,E002,Apex Systems,Flutter Developer,Android,Remote,Full-time,2,Master,4,5.4,8.1,Kotlin|REST API|Flutter,Java,2026-08-29,"Apex Systems is hiring a Flutter Developer for its mobile team in Remote. You will integrate mobile clients with backend APIs. Must have: Kotlin, REST APIs, Dart. Good to have: Java SE. 2+ years of relevant experience expected."
J0146,E002,Apex Systems,SDET,QA,Remote,Full-time,0,Diploma,2,3.0,4.8,JUnit|Python|Git,Problem Solving|Java|Unit Testing,2026-06-16,"Apex Systems is hiring a SDET for its quality engineering team in Remote. You will catch regressions before release. Must have: JUnit, py, version control. Good to have: problem-solving, Java, Unit tests. Freshers welcome."
J0147,E007,Onyx Systems,Data Scientist,Data-Science-ML,Bengaluru,Contract,1,Diploma,2,4.2,7.3,Machine Learning|Statistics|Deep Learning|SQL,NumPy|Scikit-learn|Python,2026-07-15,"Onyx Systems is hiring a Data Scientist for its AI/ML team in Bengaluru. You will build NLP and prediction pipelines. Must have: Machine-Learning, Statistics, Deep Learning, Structured Query Language. Good to have: NumPy, Scikit-learn, Python3. 1+ years of relevant experience expected."
J0148,E027,Indigo Digital,DevOps Engineer,DevOps,Chennai,Full-time,0,Bachelor,3,3.0,4.5,Linux|Docker|AWS|Git|Azure,Teamwork|CI/CD|Python,2026-08-24,"Indigo Digital is hiring a DevOps Engineer for its infrastructure team in Chennai. You will improve reliability and monitoring. Must have: linux, docker, AWS, git, azure. Good to have: team work, CICD, Python3. Freshers welcome."
J0149,E023,Vertex Digital,Junior Data Scientist,Data-Science-ML,Pune,Full-time,0,Bachelor,3,3.0,4.5,Machine Learning|Pandas|NumPy|TensorFlow,Communication|SQL,2026-06-08,"Vertex Digital is hiring a Junior Data Scientist for its AI/ML team in Pune. You will train and evaluate machine-learning models. Must have: Machine Learning, pandas, numpy, tensorflow. Good to have: Communication, sql. Freshers welcome."
J0150,E024,Bluepeak Systems,Python Developer,Backend-Python,Mumbai,Full-time,4,Bachelor,3,7.8,13.6,Python|PostgreSQL|Git,Teamwork|Redis|Communication,2026-06-19,"Bluepeak Systems is hiring a Python Developer for its platform services team in Mumbai. You will build and maintain Python APIs. Must have: Python3, postgres, version control. Good to have: Team Work, redis, verbal communication. 4+ years of relevant experience expected."
J0151,E034,Orbit Solutions,BI Analyst,Data-Analyst,Chennai,Full-time,3,Bachelor,3,6.6,11.0,SQL|Excel|Python|Statistics,Tableau|Data Analysis,2026-07-28,"Orbit Solutions is hiring a BI Analyst for its analytics team in Chennai. You will automate recurring reports. Must have: SQL, Microsoft Excel, python, Stats. Good to have: Tableau Desktop, Data Analysis. 3+ years of relevant experience expected."
J0152,E007,Onyx Systems,Security Analyst,Cybersecurity,Pune,Full-time,3,Bachelor,3,6.6,10.9,Cybersecurity|Network Security|Networking|Linux|Python,Communication|Project Management,2026-06-14,"Onyx Systems is hiring a Security Analyst for its security operations team in Pune. You will assist in incident response. Must have: cyber security, firewalls, Networking, linux, Python 3. Good to have: communication skills, Project Management. 3+ years of relevant experience expected."
J0153,E025,Granite Technologies,Junior Data Scientist,Data-Science-ML,Hyderabad,Full-time,0,Bachelor,3,3.0,5.5,Python|Machine Learning|Scikit-learn|Pandas|NLP,TensorFlow,2026-06-15,"Granite Technologies is hiring a Junior Data Scientist for its AI/ML team in Hyderabad. You will build NLP and prediction pipelines. Must have: python, Machine Learning, sci-kit learn, pandas, Natural Language Processing. Good to have: TensorFlow. Freshers welcome."
J0154,E026,Ember Labs,Junior Cybersecurity Analyst,Cybersecurity,Bengaluru,Full-time,0,Master,4,3.0,5.8,Cybersecurity|Network Security|Networking|Linux|Python,Communication|Problem Solving|Project Management,2026-09-12,"Ember Labs is hiring a Junior Cybersecurity Analyst for its security operations team in Bengaluru. You will assist in incident response. Must have: Cyber Security, firewalls, TCP/IP, Linux, Python3. Good to have: Communication, Problem solving, Scrum. Freshers welcome."
J0155,E034,Orbit Solutions,Junior Frontend Developer,Frontend,Chennai,Full-time,0,Master,4,3.0,5.8,TypeScript|Tailwind CSS|Git,Communication,2026-06-04,"Orbit Solutions is hiring a Junior Frontend Developer for its web experience team in Chennai. You will turn designs into reusable components. Must have: ts, TailwindCSS, git. Good to have: Communication. Freshers welcome."
J0156,E016,Granite Solutions,Automation Test Engineer,QA,Hyderabad,Full-time,0,Bachelor,3,3.0,4.2,Unit Testing|Selenium|Java|Git,Project Management|Python|JUnit,2026-09-16,"Granite Solutions is hiring an Automation Test Engineer for its quality engineering team in Hyderabad. You will design and automate test suites. Must have: TDD, Selenium WebDriver, Java SE, GitHub. Good to have: Project Planning, Python3, JUnit. Freshers welcome."
J0157,E012,Granite Labs,AI Engineer,Data-Science-ML,Hyderabad,Full-time,2,Master,4,5.4,9.8,Python|Pandas|NumPy,Machine Learning,2026-07-17,"Granite Labs is hiring an AI Engineer for its AI/ML team in Hyderabad. You will productionise models with engineering teams. Must have: py, pd dataframes, NumPy. Good to have: Machine Learning. 2+ years of relevant experience expected."
J0158,E004,Nova Systems,DevOps Engineer,DevOps,Bengaluru,Full-time,3,Master,4,6.6,10.9,Docker|Git|Azure,Communication|Project Management,2026-09-06,"Nova Systems is hiring a DevOps Engineer for its infrastructure team in Bengaluru. You will improve reliability and monitoring. Must have: containerization, version control, Microsoft Azure. Good to have: communication skills, Scrum. 3+ years of relevant experience expected."
J0159,E006,Cobalt Labs,Data Scientist,Data-Science-ML,Delhi NCR,Full-time,5,Bachelor,3,9.0,15.1,Python|Machine Learning|Pandas|Statistics|Deep Learning,Teamwork|PyTorch,2026-08-31,"Cobalt Labs is hiring a Data Scientist for its AI/ML team in Delhi NCR. You will build NLP and prediction pipelines. Must have: py, machine learning, pd dataframes, Statistics, Deep Learning. Good to have: team work, PyTorch. 5+ years of relevant experience expected."
J0160,E038,Lumen Labs,Machine Learning Engineer,Data-Science-ML,Delhi NCR,Internship,3,Bachelor,3,6.6,10.5,Python|Scikit-learn|NumPy|SQL,Problem Solving|Deep Learning,2026-09-04,"Lumen Labs is hiring a Machine Learning Engineer for its AI/ML team in Delhi NCR. You will build NLP and prediction pipelines. Must have: Python3, Scikit-learn, NumPy, SQL. Good to have: analytical thinking, DL. 3+ years of relevant experience expected."
J0161,E047,Kite Fabricators,PLC Technician,Vocational,Remote,Full-time,2,ITI,1,1.8,3.8,AutoCAD|Welding|PLC Programming,Electrical Wiring|Project Management,2026-08-09,"Kite Fabricators is hiring a PLC Technician for its production team in Remote. You will meet quality and throughput targets. Must have: autocad, MIG welding, Siemens PLC. Good to have: Electrical Wiring, project mgmt. 2+ years of relevant experience expected."
J0162,E026,Ember Labs,Backend Developer,Backend-Java,Nagpur,Full-time,1,Master,4,4.2,7.1,REST API|MySQL|Git|Docker,SQL,2026-07-25,"Ember Labs is hiring a Backend Developer for its backend engineering team in Nagpur. You will maintain and optimise production microservices. Must have: REST, My SQL, version control, containerization. Good to have: T-SQL. 1+ years of relevant experience expected."
J0163,E023,Vertex Digital,React Developer,Frontend,Remote,Full-time,3,Bachelor,3,6.6,9.9,JavaScript|HTML|CSS|Git,Next.js|React|Vue.js,2026-07-26,"Vertex Digital is hiring a React Developer for its web experience team in Remote. You will turn designs into reusable components. Must have: JavaScript, html, css, Git/GitHub. Good to have: Next.js, react js, VueJS. 3+ years of relevant experience expected."
J0164,E048,Granite Fabricators,Welder,Vocational,Chennai,Full-time,2,ITI,1,1.8,4.3,CNC Machining|Welding,Teamwork|Project Management,2026-08-11,"Granite Fabricators is hiring a Welder for its production team in Chennai. You will meet quality and throughput targets. Must have: CNC Machining, Welding. Good to have: Team Work, Scrum. 2+ years of relevant experience expected."
J0165,E003,Mosaic Analytics,QA Engineer,QA,Pune,Full-time,3,Bachelor,3,6.6,11.0,JUnit|Python|CI/CD,Project Management|Problem Solving,2026-07-27,"Mosaic Analytics is hiring a QA Engineer for its quality engineering team in Pune. You will catch regressions before release. Must have: JUnit, Python3, CI/CD. Good to have: Scrum, Problem solving. 3+ years of relevant experience expected."
J0166,E035,Onyx Digital,Software Engineer,Backend-Java,Delhi NCR,Full-time,2,Bachelor,3,5.4,9.1,Java|Spring Boot|Docker,REST API|Git|Communication,2026-07-01,"Onyx Digital is hiring a Software Engineer for its backend engineering team in Delhi NCR. You will maintain and optimise production microservices. Must have: Java SE, Spring Boot, Docker containers. Good to have: Web APIs, Git/GitHub, verbal communication. 2+ years of relevant experience expected."
J0167,E041,Apex Engineering Works,Draughtsman,Vocational,Lucknow,Full-time,0,ITI,1,1.8,4.7,CNC Machining|Welding|Electrical Wiring,Communication,2026-09-14,"Apex Engineering Works is hiring a Draughtsman for its production team in Lucknow. You will follow drawings and safety procedures. Must have: CNC Operator skills, TIG welding, House wiring. Good to have: Communication Skills. Freshers welcome."
J0168,E039,Indigo Analytics,Junior Cybersecurity Analyst,Cybersecurity,Chennai,Full-time,0,Bachelor,3,3.0,4.5,Cybersecurity|Network Security|Networking|Python,Project Management|Teamwork,2026-07-14,"Indigo Analytics is hiring a Junior Cybersecurity Analyst for its security operations team in Chennai. You will monitor and triage security alerts. Must have: infosec, Network Security, Networking, Python. Good to have: Agile, Team Work. Freshers welcome."
J0169,E009,Fluxo Technologies,BI Analyst,Data-Analyst,Ahmedabad,Full-time,3,Bachelor,3,6.6,10.1,SQL|Excel|Power BI|Data Analysis,Statistics|Communication|Pandas,2026-09-12,"Fluxo Technologies is hiring a BI Analyst for its analytics team in Ahmedabad. You will turn raw data into dashboards and insights. Must have: SQL, Excel, Power BI, Data Analysis. Good to have: statistics, communication skills, pd dataframes. 3+ years of relevant experience expected."
J0170,E004,Nova Systems,Junior Backend Developer,Backend-Java,Indore,Full-time,0,Bachelor,3,3.0,5.6,Java|Spring Boot|SQL|MySQL|JUnit,REST API,2026-08-03,"Nova Systems is hiring a Junior Backend Developer for its backend engineering team in Indore. You will maintain and optimise production microservices. Must have: J2SE, Spring Boot, Structured Query Language, My SQL, JUnit 5. Good to have: RESTful services. Freshers welcome."
J0171,E001,Lumen Solutions,Business Data Analyst,Data-Analyst,Jaipur,Full-time,2,Bachelor,3,5.4,9.5,SQL|Excel|Power BI|Data Visualization,Project Management|Statistics,2026-08-01,"Lumen Solutions is hiring a Business Data Analyst for its analytics team in Jaipur. You will turn raw data into dashboards and insights. Must have: T-SQL, Excel, PowerBI, dashboards. Good to have: Scrum, statistical analysis. 2+ years of relevant experience expected."
J0172,E006,Cobalt Labs,UI Engineer,Frontend,Kolkata,Full-time,1,Bachelor,3,4.2,7.9,HTML|CSS|Tailwind CSS,Problem Solving|React,2026-07-16,"Cobalt Labs is hiring an UI Engineer for its web experience team in Kolkata. You will turn designs into reusable components. Must have: HTML5, css, Tailwind CSS. Good to have: Problem solving, ReactJS. 1+ years of relevant experience expected."
J0173,E036,Apex Solutions,Python Developer,Backend-Python,Indore,Full-time,5,Master,4,9.0,13.6,Python|FastAPI|Flask|REST API|Redis,Django|Teamwork,2026-07-19,"Apex Solutions is hiring a Python Developer for its platform services team in Indore. You will ship reliable backend features. Must have: Python3, fastapi, Flask, RESTful services, redis. Good to have: Django REST Framework, Teamwork. 5+ years of relevant experience expected."
J0174,E046,Mosaic Fabricators,PLC Technician,Vocational,Hyderabad,Full-time,0,ITI,1,1.8,3.9,CNC Machining|Electrical Wiring,PLC Programming|Project Management|AutoCAD,2026-06-16,"Mosaic Fabricators is hiring a PLC Technician for its production team in Hyderabad. You will meet quality and throughput targets. Must have: CNC Operator skills, electrical installation. Good to have: Siemens PLC, Project Management, autocad. Freshers welcome."
J0175,E015,Bluepeak Solutions,Junior Frontend Developer,Frontend,Delhi NCR,Full-time,0,Bachelor,3,3.0,5.2,HTML|TypeScript|Next.js|Angular,Vue.js,2026-07-02,"Bluepeak Solutions is hiring a Junior Frontend Developer for its web experience team in Delhi NCR. You will improve web performance and accessibility. Must have: HTML, typescript, Next.js, AngularJS. Good to have: VueJS. Freshers welcome."
J0176,E037,Cobalt Technologies,Junior Data Scientist,Data-Science-ML,Mumbai,Full-time,0,Bachelor,3,3.0,5.8,Python|Machine Learning|Scikit-learn|Pandas|Deep Learning,Communication,2026-09-04,"Cobalt Technologies is hiring a Junior Data Scientist for its AI/ML team in Mumbai. You will build NLP and prediction pipelines. Must have: Python3, machine learning, sklearn, Pandas, DL. Good to have: communication skills. Freshers welcome."
J0177,E002,Apex Systems,Junior Backend Developer,Backend-Python,Hyderabad,Full-time,0,Bachelor,3,3.0,4.4,Python|FastAPI|PostgreSQL|Docker|Git,REST API,2026-07-23,"Apex Systems is hiring a Junior Backend Developer for its platform services team in Hyderabad. You will design data models and background jobs. Must have: Python3, FastAPI, postgres, Docker, Git/GitHub. Good to have: REST API. Freshers welcome."
J0178,E012,Granite Labs,Junior Data Analyst,Data-Analyst,Bengaluru,Full-time,0,Bachelor,3,3.0,6.4,SQL|Power BI|Tableau|Statistics|Pandas,Data Visualization|Teamwork|Python,2026-09-22,"Granite Labs is hiring a Junior Data Analyst for its analytics team in Bengaluru. You will automate recurring reports. Must have: Structured Query Language, MS Power BI, tableau, Statistics, pd dataframes. Good to have: visualization, collaboration, Python. Freshers welcome."
J0179,E037,Cobalt Technologies,Security Analyst,Cybersecurity,Pune,Full-time,4,Bachelor,3,7.8,12.1,Cybersecurity|Network Security|Networking|Linux|Python,Teamwork|Communication,2026-06-17,"Cobalt Technologies is hiring a Security Analyst for its security operations team in Pune. You will harden systems and networks. Must have: cyber security, network security, networking, Linux, Python. Good to have: Team Work, verbal communication. 4+ years of relevant experience expected."
J0180,E040,Orbit Systems,Android Developer,Android,Nagpur,Full-time,0,Bachelor,3,3.0,5.3,Kotlin|Android Development|Git|Flutter,Problem Solving|Communication,2026-06-13,"Orbit Systems is hiring an Android Developer for its mobile team in Nagpur. You will integrate mobile clients with backend APIs. Must have: Kotlin, Android, Git, Flutter. Good to have: Problem solving, Communication. Freshers welcome."
J0181,E027,Indigo Digital,BI Analyst,Data-Analyst,Mumbai,Full-time,4,Bachelor,3,7.8,12.3,Excel|Python|Power BI|Statistics,Project Management|Communication,2026-08-16,"Indigo Digital is hiring a BI Analyst for its analytics team in Mumbai. You will automate recurring reports. Must have: spreadsheets, Python3, MS Power BI, statistics. Good to have: project mgmt, communication skills. 4+ years of relevant experience expected."
J0182,E046,Mosaic Fabricators,Electrician,Vocational,Chennai,Full-time,2,Diploma,2,1.8,4.5,Welding|PLC Programming,Communication|Teamwork,2026-06-24,"Mosaic Fabricators is hiring an Electrician for its production team in Chennai. You will meet quality and throughput targets. Must have: arc welding, ladder logic. Good to have: Communication, team work. 2+ years of relevant experience expected."
J0183,E012,Granite Labs,Junior Data Scientist,Data-Science-ML,Pune,Full-time,0,Bachelor,3,3.0,6.0,Python|NumPy|NLP,Communication|Machine Learning,2026-06-08,"Granite Labs is hiring a Junior Data Scientist for its AI/ML team in Pune. You will productionise models with engineering teams. Must have: python, numpy, natural language processing. Good to have: verbal communication, Machine Learning. Freshers welcome."
J0184,E010,Indigo Solutions,Junior Backend Developer,Backend-Java,Pune,Full-time,0,Bachelor,3,3.0,5.6,Java|Spring Boot|REST API|Git,SQL|MySQL|Problem Solving,2026-07-31,"Indigo Solutions is hiring a Junior Backend Developer for its backend engineering team in Pune. You will develop REST APIs and integrate with relational databases. Must have: Java SE, Spring Framework, REST, GitHub. Good to have: SQL, MySQL, Problem solving. Freshers welcome."
J0185,E040,Orbit Systems,Data Scientist,Data-Science-ML,Ahmedabad,Full-time,4,Bachelor,3,7.8,13.3,Python|Deep Learning|NLP,PyTorch|SQL|Problem Solving,2026-07-18,"Orbit Systems is hiring a Data Scientist for its AI/ML team in Ahmedabad. You will train and evaluate machine-learning models. Must have: python, deep learning, Natural Language Processing. Good to have: PyTorch, SQL, Problem Solving. 4+ years of relevant experience expected."
J0186,E006,Cobalt Labs,Data Analyst,Data-Analyst,Nagpur,Full-time,3,Bachelor,3,6.6,9.9,SQL|Python|Power BI|Tableau|Data Analysis,Data Visualization,2026-08-02,"Cobalt Labs is hiring a Data Analyst for its analytics team in Nagpur. You will turn raw data into dashboards and insights. Must have: sql, Python3, power bi, Tableau, Data Analysis. Good to have: data viz. 3+ years of relevant experience expected."
J0187,E017,Lumen Technologies,Java Developer,Backend-Java,Pune,Internship,5,Bachelor,3,9.0,14.2,Java|Spring Boot|REST API|Git|Docker,Project Management|MySQL|Teamwork,2026-07-10,"Lumen Technologies is hiring a Java Developer for its backend engineering team in Pune. You will maintain and optimise production microservices. Must have: Core Java, SpringBoot, REST, git, docker. Good to have: Agile, My SQL, Teamwork. 5+ years of relevant experience expected."
J0188,E007,Onyx Systems,Mobile App Developer,Android,Remote,Internship,0,Bachelor,3,3.0,4.1,Kotlin|Java|Android Development|REST API|Git,Flutter,2026-06-10,"Onyx Systems is hiring a Mobile App Developer for its mobile team in Remote. You will improve app stability and UX. Must have: kotlin, java, Android Development, REST, version control. Good to have: Flutter. Freshers welcome."
J0189,E027,Indigo Digital,Software Engineer,Backend-Java,Bengaluru,Full-time,5,Bachelor,3,9.0,14.5,Java|Spring Boot|SQL|MySQL|Git,JUnit|Project Management,2026-08-17,"Indigo Digital is hiring a Software Engineer for its backend engineering team in Bengaluru. You will design and build scalable services. Must have: Java, Spring-Boot, Structured Query Language, My SQL, git. Good to have: JUnit 5, project mgmt. 5+ years of relevant experience expected."
J0190,E033,Apex Digital,Software Engineer,Backend-Java,Ahmedabad,Contract,0,Diploma,2,3.0,4.4,Java|MySQL|Git|Hibernate|Microservices,REST API|Docker,2026-06-12,"Apex Digital is hiring a Software Engineer for its backend engineering team in Ahmedabad. You will design and build scalable services. Must have: Core Java, My SQL, GitHub, hibernate, Microservices. Good to have: Web APIs, Docker containers. Freshers welcome."
J0191,E011,Indigo Labs,Junior Backend Developer,Backend-Java,Remote,Full-time,0,Diploma,2,3.0,5.0,Java|Spring Boot|Hibernate,Microservices|Git|Project Management,2026-09-11,"Indigo Labs is hiring a Junior Backend Developer for its backend engineering team in Remote. You will design and build scalable services. Must have: Core Java, Spring Framework, JPA. Good to have: micro-services, version control, Agile. Freshers welcome."
J0192,E027,Indigo Digital,Junior Data Analyst,Data-Analyst,Remote,Internship,0,Bachelor,3,3.0,6.3,Excel|Power BI|Tableau|Data Visualization,Communication,2026-06-18,"Indigo Digital is hiring a Junior Data Analyst for its analytics team in Remote. You will write queries to answer business questions. Must have: spreadsheets, MS Power BI, tableau, Data Visualization. Good to have: verbal communication. Freshers welcome."
J0193,E004,Nova Systems,SDET,QA,Mumbai,Full-time,1,Bachelor,3,4.2,7.3,Selenium|Java|JUnit|Git,Communication|Problem Solving|CI/CD,2026-06-03,"Nova Systems is hiring a SDET for its quality engineering team in Mumbai. You will catch regressions before release. Must have: selenium, Core Java, JUnit, GitHub. Good to have: communication skills, Problem Solving, continuous delivery. 1+ years of relevant experience expected."
J0194,E004,Nova Systems,Machine Learning Engineer,Data-Science-ML,Bengaluru,Full-time,1,Bachelor,3,4.2,7.4,Python|Machine Learning|Scikit-learn|Pandas|PyTorch,Communication,2026-06-26,"Nova Systems is hiring a Machine Learning Engineer for its AI/ML team in Bengaluru. You will productionise models with engineering teams. Must have: Python, ML, sklearn, Pandas, pytorch. Good to have: Communication. 1+ years of relevant experience expected."
J0195,E042,Fluxo Fabricators,Welder,Vocational,Lucknow,Full-time,2,ITI,1,1.8,3.9,CNC Machining|Welding|Electrical Wiring,Communication|Project Management|Teamwork,2026-08-19,"Fluxo Fabricators is hiring a Welder for its production team in Lucknow. You will operate and maintain shop-floor equipment. Must have: CNC machine operation, MIG welding, House wiring. Good to have: verbal communication, Project Management, collaboration. 2+ years of relevant experience expected."
J0196,E010,Indigo Solutions,Software Engineer,Full-Stack,Mumbai,Full-time,2,Bachelor,3,5.4,9.1,JavaScript|Node.js|TypeScript,Docker|Express.js|SQL,2026-07-20,"Indigo Solutions is hiring a Software Engineer for its product engineering team in Mumbai. You will build dashboards and internal tools. Must have: javascript, Node.js, ts. Good to have: Docker containers, ExpressJS, SQL. 2+ years of relevant experience expected."
J0197,E031,Vertex Solutions,Junior Backend Developer,Backend-Java,Hyderabad,Full-time,0,Master,4,3.0,6.2,Java|Spring Boot|Docker,REST API|MySQL|Project Management,2026-09-23,"Vertex Solutions is hiring a Junior Backend Developer for its backend engineering team in Hyderabad. You will maintain and optimise production microservices. Must have: J2SE, Spring Boot, Docker containers. Good to have: REST APIs, mysql, Project Management. Freshers welcome."
J0198,E012,Granite Labs,Site Reliability Engineer,DevOps,Jaipur,Internship,0,Bachelor,3,3.0,6.0,Linux|Jenkins|Python,Azure,2026-06-06,"Granite Labs is hiring a Site Reliability Engineer for its infrastructure team in Jaipur. You will operate containerised workloads. Must have: linux, jenkins, python. Good to have: Microsoft Azure. Freshers welcome."
J0199,E002,Apex Systems,Backend Developer,Backend-Java,Bengaluru,Contract,0,Diploma,2,3.0,4.6,Spring Boot|MySQL|Git|Hibernate|JUnit,Java,2026-06-02,"Apex Systems is hiring a Backend Developer for its backend engineering team in Bengaluru. You will maintain and optimise production microservices. Must have: SpringBoot, My SQL, Git, hibernate, JUnit5. Good to have: Core Java. Freshers welcome."
J0200,E003,Mosaic Analytics,Backend Developer,Backend-Python,Bengaluru,Full-time,4,Bachelor,3,7.8,12.4,Python|PostgreSQL|Git,Redis|Django|REST API,2026-07-06,"Mosaic Analytics is hiring a Backend Developer for its platform services team in Bengaluru. You will ship reliable backend features. Must have: py, postgres, version control. Good to have: Redis, Django REST Framework, Web APIs. 4+ years of relevant experience expected."
J0201,E024,Bluepeak Systems,Data Analyst,Data-Analyst,Pune,Full-time,3,Master,4,6.6,11.3,Excel|Python|Statistics,Tableau|SQL|Data Visualization,2026-07-20,"Bluepeak Systems is hiring a Data Analyst for its analytics team in Pune. You will write queries to answer business questions. Must have: Excel, py, statistical analysis. Good to have: Tableau, Structured Query Language, dashboards. 3+ years of relevant experience expected."
J0202,E019,Fluxo Labs,Security Analyst,Cybersecurity,Chennai,Full-time,1,Bachelor,3,4.2,6.2,Cybersecurity|Network Security|Networking,Teamwork,2026-06-09,"Fluxo Labs is hiring a Security Analyst for its security operations team in Chennai. You will assist in incident response. Must have: information security, IDS/IPS, computer networks. Good to have: team work. 1+ years of relevant experience expected."
J0203,E001,Lumen Solutions,AI Engineer,Data-Science-ML,Kolkata,Internship,0,Master,4,3.0,6.0,Pandas|Deep Learning|TensorFlow,Teamwork|NumPy,2026-07-03,"Lumen Solutions is hiring an AI Engineer for its AI/ML team in Kolkata. You will train and evaluate machine-learning models. Must have: pandas, DL, TF. Good to have: Team Work, numpy. Freshers welcome."
J0204,E010,Indigo Solutions,Machine Learning Engineer,Data-Science-ML,Chennai,Full-time,4,Bachelor,3,7.8,13.2,Machine Learning|Pandas|Statistics|PyTorch|SQL,Problem Solving|NumPy,2026-08-18,"Indigo Solutions is hiring a Machine Learning Engineer for its AI/ML team in Chennai. You will train and evaluate machine-learning models. Must have: Machine-Learning, pandas, Stats, torch, sql. Good to have: Problem Solving, numpy. 4+ years of relevant experience expected."
J0205,E038,Lumen Labs,Site Reliability Engineer,DevOps,Delhi NCR,Full-time,1,Bachelor,3,4.2,6.1,Linux|Docker|CI/CD|Python|Azure,Kubernetes|Git|AWS,2026-07-08,"Lumen Labs is hiring a Site Reliability Engineer for its infrastructure team in Delhi NCR. You will operate containerised workloads. Must have: Unix/Linux, Docker containers, continuous delivery, Python, Microsoft Azure. Good to have: kubernetes, Git, aws. 1+ years of relevant experience expected."
J0206,E012,Granite Labs,Java Developer,Backend-Java,Delhi NCR,Full-time,0,Bachelor,3,3.0,4.2,Spring Boot|MySQL|Microservices,Docker|Teamwork|Hibernate,2026-09-10,"Granite Labs is hiring a Java Developer for its backend engineering team in Delhi NCR. You will design and build scalable services. Must have: Spring, MySQL, micro-services. Good to have: containerization, Teamwork, hibernate. Freshers welcome."
J0207,E008,Juniper Systems,Software Engineer,Backend-Java,Ahmedabad,Full-time,5,Bachelor,3,9.0,15.3,Java|Spring Boot|SQL|Microservices|JUnit,Hibernate|Teamwork,2026-07-04,"Juniper Systems is hiring a Software Engineer for its backend engineering team in Ahmedabad. You will develop REST APIs and integrate with relational databases. Must have: Core Java, Spring Boot, T-SQL, Microservices, JUnit5. Good to have: hibernate, Team Work. 5+ years of relevant experience expected."
J0208,E023,Vertex Digital,Security Analyst,Cybersecurity,Jaipur,Full-time,1,Bachelor,3,4.2,7.4,Cybersecurity|Network Security|Networking|Linux|Python,Problem Solving|Teamwork|Project Management,2026-07-21,"Vertex Digital is hiring a Security Analyst for its security operations team in Jaipur. You will assist in incident response. Must have: information security, IDS/IPS, Networking, linux, Python 3. Good to have: analytical thinking, Teamwork, Scrum. 1+ years of relevant experience expected."
J0209,E004,Nova Systems,API Engineer,Backend-Python,Delhi NCR,Full-time,4,Bachelor,3,7.8,12.8,Python|FastAPI|Flask|Redis|Git,PostgreSQL|Teamwork|Communication,2026-09-17,"Nova Systems is hiring an API Engineer for its platform services team in Delhi NCR. You will build and maintain Python APIs. Must have: py, Fast API, flask, redis, GitHub. Good to have: PostgresQL, team work, communication skills. 4+ years of relevant experience expected."
J0210,E024,Bluepeak Systems,Junior Frontend Developer,Frontend,Nagpur,Full-time,0,Diploma,2,3.0,5.9,JavaScript|React|TypeScript|Next.js|Git,HTML|Teamwork,2026-08-22,"Bluepeak Systems is hiring a Junior Frontend Developer for its web experience team in Nagpur. You will improve web performance and accessibility. Must have: ES6, react, ts, Next JS, version control. Good to have: html, collaboration. Freshers welcome."
J0211,E023,Vertex Digital,Frontend Developer,Frontend,Bhubaneswar,Full-time,3,Bachelor,3,6.6,11.7,JavaScript|CSS|Tailwind CSS|Next.js,TypeScript|Teamwork,2026-09-11,"Vertex Digital is hiring a Frontend Developer for its web experience team in Bhubaneswar. You will turn designs into reusable components. Must have: js, Cascading Style Sheets, tailwind css, Next.js. Good to have: TypeScript, Team Work. 3+ years of relevant experience expected."
J0212,E020,Onyx Labs,Junior Frontend Developer,Frontend,Bhubaneswar,Contract,0,Bachelor,3,3.0,5.9,JavaScript|TypeScript|Vue.js,Angular,2026-06-09,"Onyx Labs is hiring a Junior Frontend Developer for its web experience team in Bhubaneswar. You will build responsive user interfaces. Must have: javascript, typescript, Vue. Good to have: AngularJS. Freshers welcome."
J0213,E040,Orbit Systems,QA Engineer,QA,Hyderabad,Full-time,2,Bachelor,3,5.4,8.3,Unit Testing|Selenium|SQL|Git|CI/CD,JUnit,2026-06-24,"Orbit Systems is hiring a QA Engineer for its quality engineering team in Hyderabad. You will catch regressions before release. Must have: TDD, Selenium WebDriver, SQL queries, git, continuous delivery. Good to have: junit. 2+ years of relevant experience expected."
J0214,E017,Lumen Technologies,BI Analyst,Data-Analyst,Bengaluru,Full-time,1,Bachelor,3,4.2,8.1,Power BI|Tableau|Pandas,SQL|Project Management|Python,2026-09-26,"Lumen Technologies is hiring a BI Analyst for its analytics team in Bengaluru. You will turn raw data into dashboards and insights. Must have: MS Power BI, tableau, pandas. Good to have: SQL, Agile, py. 1+ years of relevant experience expected."
J0215,E012,Granite Labs,Python Developer,Backend-Python,Ahmedabad,Full-time,0,Bachelor,3,3.0,4.4,PostgreSQL|REST API|Git,Communication|SQL,2026-06-15,"Granite Labs is hiring a Python Developer for its platform services team in Ahmedabad. You will build and maintain Python APIs. Must have: postgres, REST API, Git. Good to have: communication skills, sql. Freshers welcome."
J0216,E035,Onyx Digital,Junior Frontend Developer,Frontend,Chennai,Full-time,0,Master,4,3.0,5.2,HTML|TypeScript|Angular|Vue.js,CSS|Teamwork|React,2026-09-24,"Onyx Digital is hiring a Junior Frontend Developer for its web experience team in Chennai. You will build responsive user interfaces. Must have: html, ts, Angular 2+, VueJS. Good to have: css, team work, react. Freshers welcome."
J0217,E024,Bluepeak Systems,Data Scientist,Data-Science-ML,Lucknow,Full-time,3,Bachelor,3,6.6,11.9,Python|NumPy|Statistics|SQL,Machine Learning|Teamwork,2026-09-15,"Bluepeak Systems is hiring a Data Scientist for its AI/ML team in Lucknow. You will train and evaluate machine-learning models. Must have: Python 3, Numpy, statistical analysis, SQL. Good to have: Machine-Learning, team work. 3+ years of relevant experience expected."
J0218,E003,Mosaic Analytics,Android Developer,Android,Delhi NCR,Internship,0,Bachelor,3,3.0,4.7,Kotlin|Java|Git|Flutter,REST API|Android Development,2026-08-10,"Mosaic Analytics is hiring an Android Developer for its mobile team in Delhi NCR. You will improve app stability and UX. Must have: Kotlin, Core Java, GitHub, Flutter. Good to have: RESTful API, Android Development. Freshers welcome."
J0219,E008,Juniper Systems,Machine Learning Engineer,Data-Science-ML,Hyderabad,Full-time,2,Bachelor,3,5.4,8.6,Python|Machine Learning|Scikit-learn|TensorFlow|SQL,Teamwork|Deep Learning|Statistics,2026-09-09,"Juniper Systems is hiring a Machine Learning Engineer for its AI/ML team in Hyderabad. You will productionise models with engineering teams. Must have: py, Machine-Learning, sklearn, TF, Structured Query Language. Good to have: Team Work, Deep Learning, Statistics. 2+ years of relevant experience expected."
J0220,E016,Granite Solutions,AI Engineer,Data-Science-ML,Nagpur,Full-time,0,Bachelor,3,3.0,4.0,Machine Learning|Pandas|SQL,Teamwork|TensorFlow,2026-08-12,"Granite Solutions is hiring an AI Engineer for its AI/ML team in Nagpur. You will build NLP and prediction pipelines. Must have: Machine-Learning, Pandas, Structured Query Language. Good to have: Team Work, TF. Freshers welcome."
J0221,E001,Lumen Solutions,Frontend Developer,Frontend,Chennai,Full-time,0,Bachelor,3,3.0,4.0,HTML|TypeScript|Vue.js,Tailwind CSS|Teamwork|Problem Solving,2026-09-09,"Lumen Solutions is hiring a Frontend Developer for its web experience team in Chennai. You will improve web performance and accessibility. Must have: HTML5, typescript, Vue.js. Good to have: TailwindCSS, team work, Problem Solving. Freshers welcome."
J0222,E019,Fluxo Labs,Software Engineer,Backend-Java,Pune,Full-time,5,Diploma,2,9.0,13.2,SQL|REST API|MySQL|Git,Hibernate|Spring Boot,2026-08-09,"Fluxo Labs is hiring a Software Engineer for its backend engineering team in Pune. You will develop REST APIs and integrate with relational databases. Must have: sql, RESTful API, My SQL, GitHub. Good to have: JPA, Spring. 5+ years of relevant experience expected."
J0223,E001,Lumen Solutions,AI Engineer,Data-Science-ML,Mumbai,Full-time,0,Bachelor,3,3.0,6.2,Scikit-learn|Pandas|PyTorch,Machine Learning|Python,2026-06-13,"Lumen Solutions is hiring an AI Engineer for its AI/ML team in Mumbai. You will train and evaluate machine-learning models. Must have: sklearn, pd dataframes, torch. Good to have: Machine-Learning, py. Freshers welcome."
J0224,E039,Indigo Analytics,API Engineer,Backend-Python,Delhi NCR,Internship,0,Master,4,3.0,5.6,Python|FastAPI|Flask,Teamwork|Redis,2026-08-20,"Indigo Analytics is hiring an API Engineer for its platform services team in Delhi NCR. You will design data models and background jobs. Must have: Python, fastapi, flask. Good to have: team work, Redis. Freshers welcome."
J0225,E038,Lumen Labs,Python Developer,Backend-Python,Pune,Full-time,4,Bachelor,3,7.8,13.4,Python|FastAPI|PostgreSQL|Redis,Teamwork,2026-09-08,"Lumen Labs is hiring a Python Developer for its platform services team in Pune. You will build and maintain Python APIs. Must have: Python 3, Fast API, postgres, Redis. Good to have: team work. 4+ years of relevant experience expected."
J0226,E018,Lattice Solutions,Junior Frontend Developer,Frontend,Kolkata,Full-time,0,Bachelor,3,3.0,6.3,JavaScript|React|Next.js,Teamwork|Tailwind CSS,2026-08-04,"Lattice Solutions is hiring a Junior Frontend Developer for its web experience team in Kolkata. You will build responsive user interfaces. Must have: JavaScript, React, Next JS. Good to have: collaboration, TailwindCSS. Freshers welcome."
J0227,E038,Lumen Labs,Python Developer,Backend-Python,Delhi NCR,Full-time,3,Bachelor,3,6.6,9.6,Django|FastAPI|Flask|Docker|Git,PostgreSQL|Communication,2026-09-23,"Lumen Labs is hiring a Python Developer for its platform services team in Delhi NCR. You will build and maintain Python APIs. Must have: Django, Fast API, Flask, Docker containers, GitHub. Good to have: Postgres, communication skills. 3+ years of relevant experience expected."
J0228,E002,Apex Systems,Automation Test Engineer,QA,Mumbai,Contract,0,Diploma,2,3.0,5.3,Unit Testing|Selenium|Java|SQL|JUnit,Problem Solving|Python,2026-08-14,"Apex Systems is hiring an Automation Test Engineer for its quality engineering team in Mumbai. You will own test strategy for key modules. Must have: unit testing, Selenium automation, Java SE, Structured Query Language, JUnit5. Good to have: problem-solving, python. Freshers welcome."
J0229,E037,Cobalt Technologies,AI Engineer,Data-Science-ML,Hyderabad,Full-time,0,Bachelor,3,3.0,4.2,Scikit-learn|NumPy|NLP,Pandas|SQL|Problem Solving,2026-06-10,"Cobalt Technologies is hiring an AI Engineer for its AI/ML team in Hyderabad. You will train and evaluate machine-learning models. Must have: sci-kit learn, numpy, natural language processing. Good to have: pd dataframes, Structured Query Language, problem-solving. Freshers welcome."
J0230,E039,Indigo Analytics,Software Engineer,Full-Stack,Delhi NCR,Full-time,3,Bachelor,3,6.6,11.8,JavaScript|Express.js|SQL,Teamwork,2026-07-04,"Indigo Analytics is hiring a Software Engineer for its product engineering team in Delhi NCR. You will collaborate with design and product teams. Must have: JS, ExpressJS, SQL. Good to have: team work. 3+ years of relevant experience expected."
J0231,E013,Kite Analytics,Backend Developer,Backend-Python,Bengaluru,Full-time,0,Bachelor,3,3.0,4.5,Python|Django|PostgreSQL|Docker,Redis|Problem Solving|Communication,2026-07-09,"Kite Analytics is hiring a Backend Developer for its platform services team in Bengaluru. You will build and maintain Python APIs. Must have: Python 3, Django REST Framework, postgres, docker. Good to have: Redis, Problem solving, communication skills. Freshers welcome."
J0232,E033,Apex Digital,Software Engineer,Backend-Java,Remote,Full-time,0,Bachelor,3,3.0,6.0,SQL|Hibernate|Microservices|Docker|JUnit,Project Management|REST API,2026-08-27,"Apex Digital is hiring a Software Engineer for its backend engineering team in Remote. You will maintain and optimise production microservices. Must have: T-SQL, Hibernate, micro-services, containerization, junit. Good to have: Project Management, Web APIs. Freshers welcome."
J0233,E035,Onyx Digital,Junior Cybersecurity Analyst,Cybersecurity,Ahmedabad,Full-time,0,Master,4,3.0,5.3,Cybersecurity|Network Security|Networking|Linux|Python,Problem Solving|Project Management|Communication,2026-09-17,"Onyx Digital is hiring a Junior Cybersecurity Analyst for its security operations team in Ahmedabad. You will harden systems and networks. Must have: infosec, Network Security, Networking, Unix/Linux, Python3. Good to have: Problem Solving, Project Planning, verbal communication. Freshers welcome."
J0234,E001,Lumen Solutions,Java Developer,Backend-Java,Mumbai,Full-time,5,Master,4,9.0,13.2,SQL|Hibernate|Microservices,Teamwork|JUnit|Problem Solving,2026-06-14,"Lumen Solutions is hiring a Java Developer for its backend engineering team in Mumbai. You will design and build scalable services. Must have: T-SQL, Hibernate, Microservice. Good to have: team work, JUnit 5, Problem Solving. 5+ years of relevant experience expected."
J0235,E040,Orbit Systems,Python Developer,Backend-Python,Pune,Internship,0,Bachelor,3,3.0,5.0,Python|Django|FastAPI|Docker,Git,2026-07-11,"Orbit Systems is hiring a Python Developer for its platform services team in Pune. You will build and maintain Python APIs. Must have: Python, DRF, Fast API, containerization. Good to have: Git/GitHub. Freshers welcome."
J0236,E001,Lumen Solutions,Software Engineer,Full-Stack,Bengaluru,Full-time,1,Bachelor,3,4.2,5.8,React|Node.js|Express.js|REST API|TypeScript,Problem Solving|MongoDB,2026-08-12,"Lumen Solutions is hiring a Software Engineer for its product engineering team in Bengaluru. You will build dashboards and internal tools. Must have: React, Node.js, express.js, REST, ts. Good to have: analytical thinking, MongoDb. 1+ years of relevant experience expected."
J0237,E043,Cobalt Engineering Works,Welder,Vocational,Kochi,Full-time,0,ITI,1,1.8,5.3,CNC Machining|Electrical Wiring|PLC Programming,Project Management|Communication,2026-06-18,"Cobalt Engineering Works is hiring a Welder for its production team in Kochi. You will operate and maintain shop-floor equipment. Must have: CNC Machining, electrical installation, ladder logic. Good to have: project mgmt, Communication. Freshers welcome."
J0238,E001,Lumen Solutions,DevOps Engineer,DevOps,Bhubaneswar,Full-time,5,Diploma,2,9.0,13.8,Linux|Docker|AWS|CI/CD|Python,Azure|Git,2026-06-04,"Lumen Solutions is hiring a DevOps Engineer for its infrastructure team in Bhubaneswar. You will automate deployments and infrastructure. Must have: Linux, Docker, Amazon Web Services, CI/CD, python. Good to have: azure, GitHub. 5+ years of relevant experience expected."
J0239,E015,Bluepeak Solutions,Java Developer,Backend-Java,Jaipur,Full-time,1,Master,4,4.2,6.8,Java|Spring Boot|SQL|Hibernate,REST API|Teamwork,2026-07-19,"Bluepeak Solutions is hiring a Java Developer for its backend engineering team in Jaipur. You will maintain and optimise production microservices. Must have: J2SE, Spring Framework, sql, Hibernate ORM. Good to have: REST, collaboration. 1+ years of relevant experience expected."
J0240,E046,Mosaic Fabricators,Electrician,Vocational,Coimbatore,Full-time,0,Diploma,2,1.8,4.7,AutoCAD|Electrical Wiring|PLC Programming,CNC Machining,2026-09-05,"Mosaic Fabricators is hiring an Electrician for its production team in Coimbatore. You will follow drawings and safety procedures. Must have: autocad, electrical installation, Siemens PLC. Good to have: CNC Machining. Freshers welcome."
J0241,E027,Indigo Digital,Full-Stack Developer,Full-Stack,Bengaluru,Full-time,0,Bachelor,3,3.0,6.2,React|Node.js|Express.js|MongoDB|SQL,Teamwork,2026-06-28,"Indigo Digital is hiring a Full-Stack Developer for its product engineering team in Bengaluru. You will collaborate with design and product teams. Must have: ReactJS, node js, Express, mongo db, Structured Query Language. Good to have: Teamwork. Freshers welcome."
J0242,E035,Onyx Digital,DevOps Engineer,DevOps,Hyderabad,Full-time,5,Bachelor,3,9.0,13.7,Docker|Kubernetes|CI/CD,Communication,2026-08-02,"Onyx Digital is hiring a DevOps Engineer for its infrastructure team in Hyderabad. You will automate deployments and infrastructure. Must have: Docker, K8s, CICD. Good to have: Communication Skills. 5+ years of relevant experience expected."
J0243,E031,Vertex Solutions,Backend Developer,Backend-Python,Remote,Contract,2,Bachelor,3,5.4,8.7,Python|Django|Flask|Redis,Git,2026-06-11,"Vertex Solutions is hiring a Backend Developer for its platform services team in Remote. You will design data models and background jobs. Must have: py, django, Flask, Redis. Good to have: GitHub. 2+ years of relevant experience expected."
J0244,E041,Apex Engineering Works,PLC Technician,Vocational,Bengaluru,Contract,3,Diploma,2,1.8,4.0,CNC Machining|PLC Programming,Welding,2026-06-26,"Apex Engineering Works is hiring a PLC Technician for its production team in Bengaluru. You will operate and maintain shop-floor equipment. Must have: CNC machine operation, ladder logic. Good to have: TIG welding. 3+ years of relevant experience expected."
J0245,E003,Mosaic Analytics,SDET,QA,Bengaluru,Full-time,2,Bachelor,3,5.4,7.6,Unit Testing|Selenium|SQL|JUnit|Python,Java,2026-07-08,"Mosaic Analytics is hiring a SDET for its quality engineering team in Bengaluru. You will catch regressions before release. Must have: unit tests, Selenium, sql, junit, py. Good to have: Core Java. 2+ years of relevant experience expected."
J0246,E037,Cobalt Technologies,Junior Backend Developer,Backend-Java,Mumbai,Full-time,0,Bachelor,3,3.0,5.0,SQL|Microservices|JUnit,Hibernate,2026-06-08,"Cobalt Technologies is hiring a Junior Backend Developer for its backend engineering team in Mumbai. You will develop REST APIs and integrate with relational databases. Must have: SQL queries, micro-services, junit. Good to have: JPA. Freshers welcome."
J0247,E005,Zenith Systems,Frontend Developer,Frontend,Pune,Full-time,4,Bachelor,3,7.8,12.8,React|HTML|CSS|Tailwind CSS|Vue.js,Communication|TypeScript|Teamwork,2026-06-10,"Zenith Systems is hiring a Frontend Developer for its web experience team in Pune. You will improve web performance and accessibility. Must have: React.js, HTML, css, tailwind css, vue.js. Good to have: verbal communication, ts, collaboration. 4+ years of relevant experience expected."
J0248,E034,Orbit Solutions,Junior Data Scientist,Data-Science-ML,Hyderabad,Full-time,0,Bachelor,3,3.0,6.0,Python|Statistics|TensorFlow,NLP|Project Management,2026-06-26,"Orbit Solutions is hiring a Junior Data Scientist for its AI/ML team in Hyderabad. You will train and evaluate machine-learning models. Must have: py, Statistics, TensorFlow. Good to have: natural language processing, Project Planning. Freshers welcome."
J0249,E029,Kestrel Systems,Automation Test Engineer,QA,Bhubaneswar,Full-time,0,Bachelor,3,3.0,6.3,Unit Testing|Selenium|Java|CI/CD,Communication|Teamwork|Project Management,2026-09-04,"Kestrel Systems is hiring an Automation Test Engineer for its quality engineering team in Bhubaneswar. You will design and automate test suites. Must have: Unit tests, Selenium WebDriver, Java SE, continuous integration. Good to have: verbal communication, Team Work, Project Management. Freshers welcome."
J0250,E005,Zenith Systems,Site Reliability Engineer,DevOps,Hyderabad,Full-time,4,Bachelor,3,7.8,12.5,Docker|CI/CD|Jenkins|Git,Communication,2026-08-04,"Zenith Systems is hiring a Site Reliability Engineer for its infrastructure team in Hyderabad. You will automate deployments and infrastructure. Must have: docker, CICD, jenkins, version control. Good to have: Communication Skills. 4+ years of relevant experience expected."
J0251,E002,Apex Systems,DevOps Engineer,DevOps,Chennai,Full-time,5,Bachelor,3,9.0,14.1,Linux|CI/CD|Git|Azure,Teamwork|Docker,2026-06-20,"Apex Systems is hiring a DevOps Engineer for its infrastructure team in Chennai. You will operate containerised workloads. Must have: Unix/Linux, CI/CD, git, azure. Good to have: team work, docker. 5+ years of relevant experience expected."
J0252,E030,Nimbus Digital,BI Analyst,Data-Analyst,Indore,Full-time,2,Bachelor,3,5.4,9.1,SQL|Excel|Python|Tableau|Pandas,Data Visualization|Project Management|Teamwork,2026-07-23,"Nimbus Digital is hiring a BI Analyst for its analytics team in Indore. You will turn raw data into dashboards and insights. Must have: T-SQL, MS Excel, Python3, Tableau Desktop, pd dataframes. Good to have: data viz, Scrum, Teamwork. 2+ years of relevant experience expected."
J0253,E009,Fluxo Technologies,BI Analyst,Data-Analyst,Mumbai,Contract,3,Bachelor,3,6.6,10.5,SQL|Python|Tableau|Data Analysis,Teamwork|Problem Solving|Power BI,2026-07-04,"Fluxo Technologies is hiring a BI Analyst for its analytics team in Mumbai. You will write queries to answer business questions. Must have: SQL queries, Python3, tableau, Data Analysis. Good to have: team work, Problem solving, MS Power BI. 3+ years of relevant experience expected."
J0254,E005,Zenith Systems,Backend Developer,Backend-Java,Delhi NCR,Full-time,5,Bachelor,3,9.0,13.7,Java|MySQL|Git|Hibernate|Docker,JUnit|Spring Boot,2026-08-22,"Zenith Systems is hiring a Backend Developer for its backend engineering team in Delhi NCR. You will maintain and optimise production microservices. Must have: J2SE, mysql, version control, Hibernate ORM, Docker. Good to have: JUnit, Spring Framework. 5+ years of relevant experience expected."
J0255,E005,Zenith Systems,Frontend Developer,Frontend,Bengaluru,Full-time,2,Bachelor,3,5.4,9.0,React|HTML|CSS|TypeScript|Git,Communication|Angular|Project Management,2026-06-01,"Zenith Systems is hiring a Frontend Developer for its web experience team in Bengaluru. You will turn designs into reusable components. Must have: React.js, HTML, CSS, TypeScript, Git. Good to have: Communication, Angular 2+, Scrum. 2+ years of relevant experience expected."
J0256,E027,Indigo Digital,Java Developer,Backend-Java,Delhi NCR,Full-time,0,Bachelor,3,3.0,4.6,Java|REST API|Microservices|Docker|JUnit,Problem Solving|MySQL|Git,2026-06-25,"Indigo Digital is hiring a Java Developer for its backend engineering team in Delhi NCR. You will design and build scalable services. Must have: Java, RESTful services, Microservice, containerization, JUnit 5. Good to have: Problem Solving, mysql, git. Freshers welcome."
J0257,E007,Onyx Systems,Frontend Developer,Frontend,Delhi NCR,Full-time,4,Bachelor,3,7.8,13.3,JavaScript|HTML|Tailwind CSS|Next.js,Problem Solving,2026-08-22,"Onyx Systems is hiring a Frontend Developer for its web experience team in Delhi NCR. You will improve web performance and accessibility. Must have: ECMAScript, html, tailwind css, Next.js. Good to have: Problem solving. 4+ years of relevant experience expected."
J0258,E044,Onyx Engineering Works,CNC Operator,Vocational,Bengaluru,Full-time,2,ITI,1,1.8,4.7,AutoCAD|Welding|PLC Programming,Communication,2026-08-08,"Onyx Engineering Works is hiring a CNC Operator for its production team in Bengaluru. You will follow drawings and safety procedures. Must have: Auto CAD, arc welding, Siemens PLC. Good to have: communication skills. 2+ years of relevant experience expected."
J0259,E034,Orbit Solutions,Backend Developer,Backend-Java,Chennai,Internship,5,Bachelor,3,9.0,15.2,Java|Spring Boot|SQL|Git|JUnit,REST API|Communication,2026-07-17,"Orbit Solutions is hiring a Backend Developer for its backend engineering team in Chennai. You will maintain and optimise production microservices. Must have: Java SE, Spring Framework, Structured Query Language, GitHub, JUnit 5. Good to have: REST API, Communication. 5+ years of relevant experience expected."
J0260,E016,Granite Solutions,Junior Backend Developer,Backend-Python,Mumbai,Full-time,0,Bachelor,3,3.0,5.3,Python|Django|Flask|Redis,FastAPI|PostgreSQL|Communication,2026-06-21,"Granite Solutions is hiring a Junior Backend Developer for its platform services team in Mumbai. You will design data models and background jobs. Must have: Python 3, Django REST Framework, Flask, Redis cache. Good to have: FastAPI, postgres, verbal communication. Freshers welcome."
J0261,E015,Bluepeak Solutions,Full-Stack Developer,Full-Stack,Nagpur,Contract,5,Bachelor,3,9.0,13.1,JavaScript|React|Express.js|MongoDB|SQL,Git,2026-09-11,"Bluepeak Solutions is hiring a Full-Stack Developer for its product engineering team in Nagpur. You will collaborate with design and product teams. Must have: ES6, react js, Express.js, mongo db, T-SQL. Good to have: GitHub. 5+ years of relevant experience expected."
J0262,E005,Zenith Systems,Software Engineer,Full-Stack,Mumbai,Full-time,0,Diploma,2,3.0,5.1,React|SQL|Git,Node.js|Communication,2026-08-26,"Zenith Systems is hiring a Software Engineer for its product engineering team in Mumbai. You will build dashboards and internal tools. Must have: React.js, T-SQL, Git. Good to have: NodeJS, Communication. Freshers welcome."
J0263,E027,Indigo Digital,Junior Frontend Developer,Frontend,Kolkata,Full-time,0,Bachelor,3,3.0,5.8,JavaScript|HTML|TypeScript,Vue.js|Next.js|Project Management,2026-06-04,"Indigo Digital is hiring a Junior Frontend Developer for its web experience team in Kolkata. You will improve web performance and accessibility. Must have: js, HTML5, ts. Good to have: VueJS, NextJS, Project Management. Freshers welcome."
J0264,E006,Cobalt Labs,Backend Developer,Backend-Python,Bengaluru,Full-time,3,Bachelor,3,6.6,11.7,Django|REST API|Docker|Git|SQL,Problem Solving|PostgreSQL|Project Management,2026-09-17,"Cobalt Labs is hiring a Backend Developer for its platform services team in Bengaluru. You will design data models and background jobs. Must have: DRF, Web APIs, docker, Git/GitHub, T-SQL. Good to have: analytical thinking, psql, Project Management. 3+ years of relevant experience expected."
J0265,E029,Kestrel Systems,Android Developer,Android,Kochi,Full-time,0,Bachelor,3,3.0,6.2,Kotlin|Android Development|REST API|Flutter,Project Management,2026-07-12,"Kestrel Systems is hiring an Android Developer for its mobile team in Kochi. You will improve app stability and UX. Must have: kotlin, Android Development, Web APIs, Dart. Good to have: Project Planning. Freshers welcome."
J0266,E011,Indigo Labs,Backend Developer,Backend-Python,Chennai,Full-time,0,Bachelor,3,3.0,4.4,Flask|PostgreSQL|Docker|SQL,Communication|Redis|REST API,2026-06-24,"Indigo Labs is hiring a Backend Developer for its platform services team in Chennai. You will build and maintain Python APIs. Must have: Flask, PostgreSQL, docker, sql. Good to have: communication skills, Redis, REST APIs. Freshers welcome."
J0267,E020,Onyx Labs,MERN Stack Developer,Full-Stack,Lucknow,Full-time,1,Bachelor,3,4.2,8.0,Node.js|REST API|Git|Docker,Communication|React,2026-08-08,"Onyx Labs is hiring a MERN Stack Developer for its product engineering team in Lucknow. You will collaborate with design and product teams. Must have: node js, RESTful services, Git, Docker. Good to have: Communication, React. 1+ years of relevant experience expected."
J0268,E012,Granite Labs,SDET,QA,Lucknow,Full-time,0,Bachelor,3,3.0,5.4,Java|JUnit|Python,Problem Solving,2026-09-19,"Granite Labs is hiring a SDET for its quality engineering team in Lucknow. You will own test strategy for key modules. Must have: J2SE, junit, python. Good to have: Problem Solving. Freshers welcome."
J0269,E013,Kite Analytics,Data Scientist,Data-Science-ML,Lucknow,Internship,4,Bachelor,3,7.8,11.6,Machine Learning|Pandas|NLP,NumPy,2026-08-28,"Kite Analytics is hiring a Data Scientist for its AI/ML team in Lucknow. You will build NLP and prediction pipelines. Must have: machine learning, pd dataframes, nlp. Good to have: Numpy. 4+ years of relevant experience expected."
J0270,E030,Nimbus Digital,Frontend Developer,Frontend,Hyderabad,Full-time,0,Bachelor,3,3.0,4.7,JavaScript|React|CSS|Tailwind CSS|Vue.js,Angular,2026-07-19,"Nimbus Digital is hiring a Frontend Developer for its web experience team in Hyderabad. You will turn designs into reusable components. Must have: js, React.js, CSS3, Tailwind CSS, vue.js. Good to have: Angular 2+. Freshers welcome."
J0271,E040,Orbit Systems,Machine Learning Engineer,Data-Science-ML,Kochi,Full-time,0,Bachelor,3,3.0,4.2,Python|Pandas|Statistics|TensorFlow|NLP,SQL,2026-06-04,"Orbit Systems is hiring a Machine Learning Engineer for its AI/ML team in Kochi. You will productionise models with engineering teams. Must have: python, pd dataframes, Stats, tensorflow, Natural Language Processing. Good to have: Structured Query Language. Freshers welcome."
J0272,E009,Fluxo Technologies,UI Engineer,Frontend,Chennai,Full-time,4,Master,4,7.8,13.1,JavaScript|React|Tailwind CSS,HTML,2026-06-19,"Fluxo Technologies is hiring an UI Engineer for its web experience team in Chennai. You will turn designs into reusable components. Must have: JavaScript, react, tailwind css. Good to have: html. 4+ years of relevant experience expected."
J0273,E023,Vertex Digital,Software Engineer,Full-Stack,Kochi,Full-time,4,Master,4,7.8,11.5,JavaScript|React|Express.js|REST API|Git,Problem Solving|SQL|Docker,2026-06-27,"Vertex Digital is hiring a Software Engineer for its product engineering team in Kochi. You will collaborate with design and product teams. Must have: javascript, React.js, Express.js, REST API, Git. Good to have: analytical thinking, SQL, Docker. 4+ years of relevant experience expected."
J0274,E016,Granite Solutions,API Engineer,Backend-Python,Lucknow,Full-time,0,Bachelor,3,3.0,6.1,Flask|Docker|Git,SQL|Teamwork,2026-09-24,"Granite Solutions is hiring an API Engineer for its platform services team in Lucknow. You will build and maintain Python APIs. Must have: Flask, Docker, GitHub. Good to have: SQL queries, collaboration. Freshers welcome."
J0275,E017,Lumen Technologies,Frontend Developer,Frontend,Hyderabad,Full-time,5,Bachelor,3,9.0,13.0,JavaScript|TypeScript|Tailwind CSS|Next.js|Vue.js,HTML|Problem Solving,2026-08-09,"Lumen Technologies is hiring a Frontend Developer for its web experience team in Hyderabad. You will turn designs into reusable components. Must have: javascript, ts, Tailwind CSS, next.js, vue.js. Good to have: html, problem-solving. 5+ years of relevant experience expected."
J0276,E027,Indigo Digital,Backend Developer,Backend-Python,Hyderabad,Full-time,0,Bachelor,3,3.0,4.2,Python|Django|PostgreSQL|Docker|SQL,REST API,2026-09-10,"Indigo Digital is hiring a Backend Developer for its platform services team in Hyderabad. You will build and maintain Python APIs. Must have: Python, django, Postgres, docker, Structured Query Language. Good to have: RESTful services. Freshers welcome."
J0277,E004,Nova Systems,AI Engineer,Data-Science-ML,Chennai,Full-time,1,Bachelor,3,4.2,6.5,Python|Scikit-learn|Pandas|PyTorch|NLP,Deep Learning|Statistics|Communication,2026-07-04,"Nova Systems is hiring an AI Engineer for its AI/ML team in Chennai. You will build NLP and prediction pipelines. Must have: Python3, sklearn, pd dataframes, pytorch, NLP. Good to have: DL, statistical analysis, Communication Skills. 1+ years of relevant experience expected."
J0278,E029,Kestrel Systems,Backend Developer,Backend-Python,Kolkata,Full-time,0,Bachelor,3,3.0,6.1,Flask|PostgreSQL|Redis,Python,2026-08-14,"Kestrel Systems is hiring a Backend Developer for its platform services team in Kolkata. You will build and maintain Python APIs. Must have: Flask, postgres, Redis cache. Good to have: py. Freshers welcome."
J0279,E025,Granite Technologies,Backend Developer,Backend-Java,Coimbatore,Full-time,0,Diploma,2,3.0,5.4,Java|Git|Hibernate|Microservices|Docker,Spring Boot|JUnit|Problem Solving,2026-06-25,"Granite Technologies is hiring a Backend Developer for its backend engineering team in Coimbatore. You will design and build scalable services. Must have: Core Java, git, hibernate, microservice architecture, Docker. Good to have: SpringBoot, junit, Problem solving. Freshers welcome."
J0280,E002,Apex Systems,Backend Developer,Backend-Java,Mumbai,Full-time,1,Bachelor,3,4.2,6.5,Java|Spring Boot|SQL|Hibernate|Microservices,REST API|Communication|MySQL,2026-08-23,"Apex Systems is hiring a Backend Developer for its backend engineering team in Mumbai. You will maintain and optimise production microservices. Must have: J2SE, SpringBoot, T-SQL, Hibernate ORM, Microservices. Good to have: REST, communication skills, My SQL. 1+ years of relevant experience expected."
J0281,E011,Indigo Labs,Software Engineer,Backend-Java,Chennai,Internship,0,Bachelor,3,3.0,4.1,Java|MySQL|Microservices,SQL,2026-06-14,"Indigo Labs is hiring a Software Engineer for its backend engineering team in Chennai. You will design and build scalable services. Must have: Java SE, MySQL, Microservices. Good to have: T-SQL. Freshers welcome."
J0282,E005,Zenith Systems,Full-Stack Developer,Full-Stack,Delhi NCR,Full-time,0,Bachelor,3,3.0,4.8,JavaScript|REST API|Git,MongoDB|Node.js|Communication,2026-06-11,"Zenith Systems is hiring a Full-Stack Developer for its product engineering team in Delhi NCR. You will own features end to end across UI and API. Must have: js, REST API, GitHub. Good to have: mongo db, NodeJS, communication skills. Freshers welcome."
J0283,E035,Onyx Digital,API Engineer,Backend-Python,Remote,Internship,2,Master,4,5.4,8.0,Python|FastAPI|Flask|PostgreSQL|SQL,REST API|Redis,2026-06-12,"Onyx Digital is hiring an API Engineer for its platform services team in Remote. You will ship reliable backend features. Must have: Python, FastAPI, Flask, postgres, SQL queries. Good to have: REST, redis. 2+ years of relevant experience expected."
J0284,E003,Mosaic Analytics,Backend Developer,Backend-Java,Remote,Full-time,3,Bachelor,3,6.6,11.0,Spring Boot|Git|Docker,Teamwork|Problem Solving|Communication,2026-06-17,"Mosaic Analytics is hiring a Backend Developer for its backend engineering team in Remote. You will develop REST APIs and integrate with relational databases. Must have: SpringBoot, git, Docker containers. Good to have: Teamwork, Problem Solving, communication skills. 3+ years of relevant experience expected."
J0285,E012,Granite Labs,Junior Data Analyst,Data-Analyst,Delhi NCR,Contract,0,Bachelor,3,3.0,5.2,Excel|Tableau|Data Visualization,Statistics|Pandas,2026-07-04,"Granite Labs is hiring a Junior Data Analyst for its analytics team in Delhi NCR. You will write queries to answer business questions. Must have: spreadsheets, Tableau Desktop, dashboards. Good to have: statistics, pd dataframes. Freshers welcome."
J0286,E031,Vertex Solutions,Automation Test Engineer,QA,Pune,Full-time,4,Bachelor,3,7.8,11.8,Selenium|Java|JUnit,Communication|Git,2026-07-29,"Vertex Solutions is hiring an Automation Test Engineer for its quality engineering team in Pune. You will catch regressions before release. Must have: Selenium, Java SE, junit. Good to have: verbal communication, version control. 4+ years of relevant experience expected."
J0287,E009,Fluxo Technologies,Security Analyst,Cybersecurity,Bengaluru,Full-time,0,Diploma,2,3.0,6.5,Cybersecurity|Networking|Linux|Python,Network Security|Communication|Teamwork,2026-09-26,"Fluxo Technologies is hiring a Security Analyst for its security operations team in Bengaluru. You will assist in incident response. Must have: Cybersecurity, computer networks, Bash, Python. Good to have: Network Security, Communication, Team Work. Freshers welcome."
J0288,E029,Kestrel Systems,Full-Stack Developer,Full-Stack,Pune,Full-time,2,Master,4,5.4,8.4,JavaScript|React|Git|TypeScript,REST API|Project Management|SQL,2026-07-19,"Kestrel Systems is hiring a Full-Stack Developer for its product engineering team in Pune. You will collaborate with design and product teams. Must have: javascript, React.js, GitHub, TypeScript. Good to have: RESTful services, project mgmt, sql. 2+ years of relevant experience expected."
J0289,E030,Nimbus Digital,Software Engineer,Backend-Java,Indore,Internship,5,Bachelor,3,9.0,15.0,Spring Boot|Git|Hibernate|Microservices,Problem Solving|Project Management|Java,2026-07-21,"Nimbus Digital is hiring a Software Engineer for its backend engineering team in Indore. You will design and build scalable services. Must have: Spring-Boot, Git/GitHub, hibernate, micro-services. Good to have: analytical thinking, Project Planning, java. 5+ years of relevant experience expected."
J0290,E034,Orbit Solutions,Junior Cybersecurity Analyst,Cybersecurity,Hyderabad,Full-time,0,Bachelor,3,3.0,6.2,Cybersecurity|Network Security|Networking|Linux|Python,Teamwork|Communication,2026-06-07,"Orbit Solutions is hiring a Junior Cybersecurity Analyst for its security operations team in Hyderabad. You will monitor and triage security alerts. Must have: cyber security, IDS/IPS, Networking, Ubuntu/Linux, py. Good to have: Team Work, communication skills. Freshers welcome."
J0291,E007,Onyx Systems,UI Engineer,Frontend,Bengaluru,Full-time,3,Bachelor,3,6.6,10.0,HTML|TypeScript|Tailwind CSS|Vue.js,JavaScript|CSS|Next.js,2026-08-28,"Onyx Systems is hiring an UI Engineer for its web experience team in Bengaluru. You will turn designs into reusable components. Must have: HTML5, TS, Tailwind CSS, Vue. Good to have: ES6, CSS, Next JS. 3+ years of relevant experience expected."
J0292,E031,Vertex Solutions,AI Engineer,Data-Science-ML,Remote,Full-time,1,Master,4,4.2,7.1,Python|Machine Learning|Pandas|Statistics|Deep Learning,NLP|Project Management|Teamwork,2026-08-06,"Vertex Solutions is hiring an AI Engineer for its AI/ML team in Remote. You will train and evaluate machine-learning models. Must have: python, ML, pandas, Statistics, neural networks. Good to have: Natural Language Processing, Project Management, Team Work. 1+ years of relevant experience expected."
J0293,E030,Nimbus Digital,Business Data Analyst,Data-Analyst,Lucknow,Full-time,3,Bachelor,3,6.6,10.8,SQL|Python|Power BI|Pandas,Teamwork|Data Visualization,2026-09-20,"Nimbus Digital is hiring a Business Data Analyst for its analytics team in Lucknow. You will automate recurring reports. Must have: Structured Query Language, Python 3, MS Power BI, pd dataframes. Good to have: Teamwork, visualization. 3+ years of relevant experience expected."
J0294,E019,Fluxo Labs,Machine Learning Engineer,Data-Science-ML,Delhi NCR,Full-time,4,Bachelor,3,7.8,13.0,Python|Pandas|TensorFlow|NLP,NumPy|Teamwork,2026-08-23,"Fluxo Labs is hiring a Machine Learning Engineer for its AI/ML team in Delhi NCR. You will train and evaluate machine-learning models. Must have: py, Pandas, Tensor Flow, natural language processing. Good to have: numpy, collaboration. 4+ years of relevant experience expected."
J0295,E036,Apex Solutions,AI Engineer,Data-Science-ML,Hyderabad,Full-time,0,Bachelor,3,3.0,5.7,Python|Machine Learning|Pandas|Statistics,TensorFlow,2026-09-15,"Apex Solutions is hiring an AI Engineer for its AI/ML team in Hyderabad. You will train and evaluate machine-learning models. Must have: Python3, ML, pandas, Statistics. Good to have: tensorflow. Freshers welcome."
J0296,E005,Zenith Systems,Java Developer,Backend-Java,Bengaluru,Full-time,1,Master,4,4.2,6.8,Java|REST API|Hibernate|Microservices,Problem Solving,2026-07-28,"Zenith Systems is hiring a Java Developer for its backend engineering team in Bengaluru. You will design and build scalable services. Must have: Core Java, RESTful API, Hibernate ORM, Microservice. Good to have: analytical thinking. 1+ years of relevant experience expected."
J0297,E017,Lumen Technologies,Backend Developer,Backend-Python,Delhi NCR,Full-time,0,Bachelor,3,3.0,6.1,Python|Redis|SQL,PostgreSQL|REST API|Django,2026-08-23,"Lumen Technologies is hiring a Backend Developer for its platform services team in Delhi NCR. You will build and maintain Python APIs. Must have: py, Redis, SQL queries. Good to have: Postgres, RESTful API, DRF. Freshers welcome."
J0298,E025,Granite Technologies,UI Engineer,Frontend,Coimbatore,Full-time,2,Bachelor,3,5.4,8.6,TypeScript|Tailwind CSS|Vue.js,Git|Next.js|HTML,2026-08-03,"Granite Technologies is hiring an UI Engineer for its web experience team in Coimbatore. You will build responsive user interfaces. Must have: ts, tailwind css, vue.js. Good to have: Git, Next.js, HTML. 2+ years of relevant experience expected."
J0299,E005,Zenith Systems,Backend Developer,Backend-Python,Pune,Full-time,0,Bachelor,3,3.0,6.0,Python|Django|FastAPI|REST API|Redis,Problem Solving|Project Management|Docker,2026-07-14,"Zenith Systems is hiring a Backend Developer for its platform services team in Pune. You will ship reliable backend features. Must have: python, Django, fastapi, RESTful API, Redis. Good to have: problem-solving, Agile, containerization. Freshers welcome."
J0300,E003,Mosaic Analytics,Java Developer,Backend-Java,Delhi NCR,Contract,0,Diploma,2,3.0,6.5,Spring Boot|SQL|Git|JUnit,Java|Communication|Hibernate,2026-07-04,"Mosaic Analytics is hiring a Java Developer for its backend engineering team in Delhi NCR. You will design and build scalable services. Must have: SpringBoot, sql, version control, JUnit. Good to have: Core Java, verbal communication, hibernate. Freshers welcome."
