job_id,job_title,company_size,company_industry,country,remote_type,experience_level,years_experience,education_level,skills_python
1,Business Analyst,MNC,Retail,Australia,Hybrid,Senior,9,PhD,1
2,AI Engineer,MNC,Finance,Singapore,Onsite,Senior,14,PhD,1
3,Data Engineer,MNC,Retail,UK,Hybrid,Entry,12,PhD,1
4,AI Engineer,MNC,Retail,India,Onsite,Senior,6,PhD,1
5,Data Analyst,MNC,Retail,Germany,Onsite,Senior,3,Bachelor,0
6,Data Scientist,Startup,Technology,Australia,Remote,Entry,13,Master,0
7,AI Engineer,MNC,E-commerce,Australia,Onsite,Mid,7,PhD,0
8,Data Analyst,MNC,Technology,Canada,Hybrid,Mid,11,Bachelor,0
9,Data Scientist,Startup,Retail,India,Onsite,Senior,3,Bachelor,1
10,Data Scientist,Startup,Finance,Germany,Onsite,Senior,2,Master,0
11,Business Analyst,MNC,Retail,Canada,Remote,Mid,12,Bachelor,1
12,Data Analyst,MNC,Education,Canada,Hybrid,Entry,12,Master,1
13,AI Engineer,MNC,Technology,Singapore,Onsite,Mid,9,Master,0
14,Data Analyst,Medium,E-commerce,UK,Hybrid,Senior,4,Master,1
15,Business Analyst,Enterprise,Healthcare,Australia,Remote,Mid,10,Master,0
16,Machine Learning Engineer,MNC,Finance,Singapore,Hybrid,Entry,12,Bachelor,1
17,Data Engineer,MNC,Retail,USA,Remote,Entry,13,PhD,0
18,Data Scientist,Startup,Healthcare,Australia,Onsite,Mid,2,Bachelor,0
19,Data Scientist,Medium,Healthcare,Singapore,Remote,Mid,0,PhD,0
20,Data Scientist,Medium,Retail,Australia,Remote,Mid,2,PhD,1
21,Data Scientist,Startup,Education,UK,Remote,Senior,3,PhD,1
22,Data Analyst,MNC,Technology,UK,Remote,Mid,2,Master,1
23,Data Scientist,Enterprise,Retail,Australia,Onsite,Mid,4,Bachelor,1
24,Machine Learning Engineer,MNC,Technology,Canada,Remote,Senior,3,Bachelor,0
25,Machine Learning Engineer,Startup,E-commerce,Singapore,Remote,Entry,3,Bachelor,1
26,Data Engineer,Startup,Finance,Singapore,Hybrid,Senior,4,PhD,0
27,Business Analyst,MNC,Finance,Germany,Onsite,Entry,12,Bachelor,0
28,Business Analyst,Enterprise,Finance,Australia,Hybrid,Mid,9,Master,1
29,Data Engineer,Startup,Finance,India,Onsite,Entry,9,Master,1
30,Data Analyst,MNC,Education,Canada,Hybrid,Mid,10,Bachelor,1
31,Business Analyst,Startup,Retail,India,Onsite,Entry,5,Bachelor,1
32,AI Engineer,Startup,Healthcare,Australia,Remote,Mid,13,Bachelor,0
33,Data Engineer,Medium,Technology,UK,Remote,Senior,1,Master,0
34,Data Analyst,Startup,Retail,USA,Onsite,Entry,8,PhD,0
35,Machine Learning Engineer,Enterprise,Healthcare,India,Remote,Entry,7,Master,1
36,Data Analyst,Medium,Technology,UK,Hybrid,Senior,4,PhD,0
37,Data Analyst,Medium,Finance,Germany,Remote,Entry,5,Bachelor,1
38,AI Engineer,Medium,Finance,Canada,Onsite,Mid,4,PhD,1
39,Business Analyst,Medium,Education,Canada,Hybrid,Mid,14,Bachelor,0
40,Data Scientist,Enterprise,Retail,Germany,Remote,Mid,14,Master,0
41,Machine Learning Engineer,MNC,Finance,Singapore,Onsite,Entry,0,Bachelor,1
42,Data Scientist,MNC,Technology,Canada,Onsite,Senior,2,PhD,1
43,Business Analyst,Startup,Technology,USA,Hybrid,Senior,14,Master,0
44,Data Scientist,MNC,E-commerce,Australia,Onsite,Entry,10,Bachelor,1
45,AI Engineer,Startup,E-commerce,UK,Hybrid,Mid,2,Bachelor,1
46,Data Analyst,MNC,Healthcare,Australia,Remote,Entry,5,PhD,1
47,Data Engineer,MNC,Technology,Germany,Hybrid,Mid,6,Bachelor,1
48,AI Engineer,Startup,E-commerce,Australia,Onsite,Senior,2,Bachelor,1
49,Machine Learning Engineer,Medium,E-commerce,Canada,Remote,Mid,11,PhD,0
50,Machine Learning Engineer,Startup,Finance,India,Hybrid,Entry,14,Master,1
51,Machine Learning Engineer,MNC,Healthcare,Canada,Hybrid,Senior,2,Bachelor,0
52,Data Scientist,Medium,Technology,India,Remote,Senior,9,Bachelor,1
53,Data Engineer,Enterprise,Technology,Canada,Onsite,Mid,7,PhD,1
54,AI Engineer,Enterprise,Technology,India,Onsite,Mid,13,Master,0
55,Data Analyst,Enterprise,Retail,India,Hybrid,Mid,2,Bachelor,1
56,Machine Learning Engineer,MNC,Education,UK,Onsite,Entry,8,PhD,1
57,Machine Learning Engineer,Medium,Retail,UK,Hybrid,Mid,9,Bachelor,0
58,Data Engineer,Startup,Retail,Singapore,Onsite,Entry,6,Bachelor,1
59,Machine Learning Engineer,Startup,Retail,Singapore,Onsite,Entry,7,Bachelor,1
60,Data Engineer,Startup,E-commerce,Canada,Remote,Senior,6,Bachelor,0
61,Business Analyst,MNC,Education,Canada,Onsite,Senior,10,Bachelor,0
62,Business Analyst,Enterprise,Retail,India,Remote,Mid,1,Master,1
63,Data Engineer,MNC,E-commerce,UK,Remote,Entry,13,Master,0
64,Business Analyst,Medium,Finance,Canada,Onsite,Mid,12,Bachelor,0
65,Data Engineer,Medium,Education,Germany,Remote,Entry,2,PhD,1
66,Data Analyst,Startup,Retail,India,Hybrid,Senior,10,Bachelor,0
67,Data Scientist,MNC,Retail,India,Hybrid,Entry,11,Master,1
68,Machine Learning Engineer,Startup,Retail,USA,Hybrid,Senior,14,PhD,1
69,Business Analyst,MNC,Retail,UK,Remote,Senior,13,Master,0
70,Business Analyst,Enterprise,E-commerce,India,Remote,Mid,2,PhD,1
71,Data Analyst,MNC,Finance,Singapore,Hybrid,Mid,9,Master,1
72,Data Analyst,Enterprise,Retail,USA,Hybrid,Mid,0,PhD,0
73,Data Analyst,Medium,E-commerce,USA,Hybrid,Senior,7,Bachelor,1
74,Data Scientist,MNC,Retail,UK,Hybrid,Entry,0,PhD,1
75,Data Analyst,Enterprise,Finance,Singapore,Onsite,Senior,4,Bachelor,1
76,Data Scientist,Enterprise,Retail,Canada,Onsite,Senior,3,Bachelor,1
77,AI Engineer,Enterprise,Finance,Singapore,Remote,Senior,10,Bachelor,1
78,Data Analyst,MNC,Healthcare,Australia,Hybrid,Mid,13,PhD,0
79,Data Scientist,MNC,E-commerce,USA,Remote,Mid,7,Master,1
80,Machine Learning Engineer,MNC,Finance,Canada,Remote,Senior,4,Master,0
81,Machine Learning Engineer,Medium,E-commerce,Canada,Remote,Senior,13,PhD,0
82,Business Analyst,Enterprise,Finance,Canada,Hybrid,Mid,14,Master,0
83,Data Analyst,Medium,E-commerce,Australia,Remote,Mid,14,Master,0
84,Business Analyst,MNC,Technology,Germany,Hybrid,Entry,0,Master,1
85,Data Analyst,Enterprise,Retail,Canada,Onsite,Senior,4,PhD,1
86,Data Engineer,Startup,Retail,Australia,Hybrid,Entry,3,PhD,0
87,Machine Learning Engineer,Medium,Finance,Australia,Hybrid,Mid,0,PhD,1
88,Data Engineer,Enterprise,Finance,USA,Onsite,Mid,4,Bachelor,0
89,Data Scientist,MNC,Finance,Germany,Hybrid,Senior,6,Bachelor,1
90,Machine Learning Engineer,Medium,Technology,India,Hybrid,Mid,5,Master,1
91,Data Scientist,Startup,Education,UK,Hybrid,Entry,14,Bachelor,0
92,AI Engineer,Startup,Retail,Germany,Onsite,Senior,13,Master,1
93,Business Analyst,Enterprise,Technology,USA,Hybrid,Entry,13,Bachelor,0
94,Data Scientist,MNC,Retail,Australia,Onsite,Entry,0,PhD,1
95,Business Analyst,Startup,Education,USA,Onsite,Entry,3,Bachelor,0
96,Data Analyst,Medium,Technology,USA,Onsite,Entry,4,Bachelor,1
97,AI Engineer,Enterprise,Finance,Singapore,Onsite,Entry,13,Master,0
98,Data Engineer,MNC,Finance,USA,Hybrid,Senior,10,Bachelor,1
99,Data Engineer,Startup,Healthcare,USA,Onsite,Entry,4,Master,1
100,Machine Learning Engineer,Startup,E-commerce,Germany,Hybrid,Senior,6,PhD,1
101,Data Engineer,Startup,Healthcare,Canada,Remote,Mid,2,Master,1
102,Machine Learning Engineer,MNC,Retail,Singapore,Remote,Entry,8,Master,1
103,Data Scientist,Medium,Retail,Canada,Hybrid,Mid,12,Master,0
104,Data Analyst,MNC,Technology,UK,Hybrid,Senior,11,Master,1
105,AI Engineer,Medium,Technology,Australia,Onsite,Entry,7,PhD,1
106,AI Engineer,Medium,E-commerce,Australia,Remote,Entry,11,Master,0
107,Data Analyst,Medium,Education,Australia,Remote,Entry,6,Master,0
108,AI Engineer,Medium,Education,Germany,Onsite,Mid,3,PhD,1
109,Data Analyst,Medium,Education,Singapore,Hybrid,Mid,3,Master,0
110,Data Analyst,Enterprise,Retail,Canada,Hybrid,Entry,9,Bachelor,0
111,Data Analyst,Medium,Education,India,Onsite,Senior,11,Bachelor,1
112,AI Engineer,Enterprise,Retail,Canada,Onsite,Senior,7,Master,0
113,Business Analyst,MNC,Finance,Canada,Hybrid,Entry,7,Master,1
114,Data Scientist,Enterprise,E-commerce,India,Hybrid,Entry,11,PhD,1
115,Machine Learning Engineer,Startup,Technology,Germany,Remote,Entry,0,Master,1
116,Machine Learning Engineer,Enterprise,Healthcare,Australia,Remote,Entry,6,PhD,0
117,Data Scientist,Medium,E-commerce,Singapore,Hybrid,Entry,11,Master,0
118,Data Engineer,Startup,Finance,India,Remote,Entry,3,Master,0
119,Data Scientist,Enterprise,Technology,Australia,Onsite,Entry,12,PhD,1
120,Data Scientist,MNC,Technology,Canada,Onsite,Mid,8,Bachelor,1
121,AI Engineer,Enterprise,Retail,India,Remote,Mid,14,PhD,0
122,Data Scientist,Medium,Technology,Canada,Onsite,Entry,14,Master,1
123,AI Engineer,MNC,Technology,Singapore,Hybrid,Mid,14,Master,1
124,Data Engineer,Medium,Technology,Canada,Hybrid,Entry,5,Master,1
125,Data Scientist,Medium,E-commerce,USA,Onsite,Entry,6,PhD,1
126,Machine Learning Engineer,MNC,Retail,Australia,Hybrid,Senior,12,Master,0
127,AI Engineer,Startup,Education,Singapore,Remote,Mid,1,Bachelor,0
128,AI Engineer,Medium,Healthcare,Germany,Onsite,Entry,3,Master,1
129,Data Engineer,MNC,Finance,USA,Remote,Senior,14,PhD,1
130,Business Analyst,Startup,Education,Germany,Hybrid,Mid,12,Bachelor,1
131,AI Engineer,Startup,Education,USA,Onsite,Mid,5,Master,0
132,Data Analyst,Enterprise,Retail,India,Remote,Senior,9,Bachelor,1
133,Data Scientist,MNC,Retail,Canada,Onsite,Senior,0,Master,1
134,Machine Learning Engineer,Enterprise,Technology,USA,Hybrid,Entry,5,Bachelor,0
135,Data Engineer,MNC,Healthcare,Canada,Remote,Mid,5,PhD,0
136,AI Engineer,MNC,Technology,Canada,Onsite,Mid,4,PhD,1
137,AI Engineer,Enterprise,E-commerce,Germany,Onsite,Mid,10,PhD,1
138,Data Analyst,MNC,Technology,USA,Hybrid,Mid,11,PhD,1
139,AI Engineer,MNC,Retail,India,Remote,Entry,3,PhD,0
140,Data Scientist,Medium,E-commerce,UK,Hybrid,Entry,12,Master,0
141,Data Analyst,Startup,Retail,Germany,Hybrid,Mid,5,Master,0
142,Business Analyst,MNC,Technology,Germany,Onsite,Senior,11,Master,1
143,Data Analyst,Startup,Education,USA,Remote,Senior,0,PhD,0
144,Data Engineer,MNC,Technology,India,Hybrid,Senior,0,Master,1
145,Data Analyst,MNC,Retail,UK,Onsite,Entry,14,Bachelor,1
146,Machine Learning Engineer,Medium,Technology,Singapore,Onsite,Entry,12,Master,0
147,Data Analyst,Startup,Retail,Australia,Hybrid,Mid,13,Bachelor,0
148,Machine Learning Engineer,MNC,Finance,Australia,Hybrid,Mid,12,Bachelor,1
149,Business Analyst,Medium,Healthcare,USA,Hybrid,Entry,4,Bachelor,0
150,Business Analyst,MNC,Retail,Australia,Onsite,Senior,14,PhD,0
151,Data Analyst,Startup,Healthcare,India,Onsite,Entry,14,Master,0
152,Data Analyst,Medium,Finance,Canada,Onsite,Entry,2,Bachelor,1
153,Data Engineer,Medium,Finance,Australia,Onsite,Senior,0,PhD,1
154,Data Engineer,Medium,Education,Singapore,Remote,Mid,7,PhD,0
155,Machine Learning Engineer,Startup,Technology,UK,Remote,Senior,4,PhD,1
156,Data Analyst,Enterprise,Technology,India,Remote,Mid,14,Master,1
157,Business Analyst,Medium,Technology,Germany,Hybrid,Entry,8,Bachelor,1
158,Data Analyst,MNC,Technology,India,Remote,Senior,1,Master,1
159,AI Engineer,Medium,Healthcare,Australia,Hybrid,Mid,13,PhD,1
160,Data Scientist,Startup,Healthcare,Australia,Remote,Senior,14,Master,1
161,Data Analyst,MNC,Finance,Germany,Remote,Senior,8,Master,0
162,Business Analyst,Medium,E-commerce,Canada,Hybrid,Mid,2,Bachelor,0
163,Machine Learning Engineer,Startup,Technology,Canada,Onsite,Entry,12,PhD,0
164,Machine Learning Engineer,Medium,Retail,Australia,Onsite,Mid,3,Master,1
165,Data Scientist,Startup,Finance,Singapore,Onsite,Mid,13,Master,1
166,Machine Learning Engineer,Startup,E-commerce,Canada,Remote,Mid,10,PhD,0
167,AI Engineer,Startup,Education,Germany,Remote,Entry,6,Master,1
168,Machine Learning Engineer,Startup,Education,Germany,Onsite,Entry,11,PhD,1
169,AI Engineer,Enterprise,Technology,UK,Remote,Mid,6,Master,1
170,AI Engineer,Enterprise,Healthcare,India,Onsite,Senior,6,Bachelor,1
171,Machine Learning Engineer,MNC,Retail,Canada,Hybrid,Mid,7,PhD,0
172,Business Analyst,Enterprise,Technology,USA,Onsite,Entry,12,Bachelor,1
173,Data Analyst,Startup,Retail,USA,Hybrid,Entry,9,Master,1
174,AI Engineer,Enterprise,Healthcare,UK,Onsite,Entry,10,PhD,0
175,Data Scientist,MNC,Healthcare,Canada,Hybrid,Entry,13,PhD,1
176,AI Engineer,Startup,E-commerce,USA,Hybrid,Senior,3,PhD,1
177,Business Analyst,Enterprise,Finance,USA,Onsite,Entry,13,Bachelor,1
178,AI Engineer,MNC,Healthcare,Canada,Onsite,Entry,7,PhD,1
179,Data Scientist,Enterprise,E-commerce,Germany,Hybrid,Mid,6,Bachelor,1
180,AI Engineer,Enterprise,Technology,India,Remote,Mid,12,PhD,1
181,Data Scientist,MNC,E-commerce,Canada,Onsite,Senior,13,Bachelor,0
182,Business Analyst,Startup,E-commerce,UK,Onsite,Senior,5,Master,0
183,Data Analyst,Medium,Technology,Australia,Onsite,Mid,6,PhD,1
184,Data Analyst,MNC,Finance,Canada,Hybrid,Entry,12,PhD,0
185,Data Scientist,Enterprise,Technology,USA,Remote,Senior,12,PhD,0
186,Machine Learning Engineer,Startup,Finance,Canada,Remote,Senior,4,Master,1
187,Data Scientist,Startup,Technology,USA,Remote,Mid,8,Bachelor,0
188,Business Analyst,Medium,E-commerce,Australia,Onsite,Entry,13,Bachelor,0
189,AI Engineer,MNC,Finance,USA,Hybrid,Senior,2,Bachelor,0
190,Machine Learning Engineer,MNC,Education,UK,Hybrid,Senior,9,PhD,0
191,Data Engineer,Medium,Technology,India,Hybrid,Senior,13,Bachelor,0
192,Business Analyst,Enterprise,Finance,USA,Onsite,Entry,13,Bachelor,0
193,AI Engineer,MNC,Education,Singapore,Remote,Mid,5,Bachelor,1
194,Business Analyst,MNC,Finance,Canada,Hybrid,Entry,1,Master,1
195,AI Engineer,Medium,Technology,UK,Remote,Mid,9,Master,1
196,Business Analyst,Enterprise,Retail,Singapore,Remote,Entry,1,Master,1
197,Data Engineer,Medium,Technology,UK,Onsite,Entry,5,Bachelor,0
198,Data Engineer,MNC,Technology,India,Onsite,Entry,3,Bachelor,1
199,Data Engineer,MNC,Healthcare,Singapore,Onsite,Senior,6,PhD,0
200,Machine Learning Engineer,Medium,Finance,Canada,Hybrid,Senior,5,PhD,0
201,Data Engineer,Startup,Retail,Australia,Onsite,Entry,4,Bachelor,0
202,Data Scientist,MNC,E-commerce,USA,Onsite,Senior,10,Master,0
203,AI Engineer,Startup,Finance,Singapore,Hybrid,Entry,14,Bachelor,0
204,Data Engineer,Startup,E-commerce,Germany,Hybrid,Senior,12,Master,0
205,Business Analyst,Startup,Education,India,Onsite,Senior,3,Master,0
206,Business Analyst,Startup,E-commerce,Singapore,Onsite,Entry,7,PhD,0
207,Data Analyst,Enterprise,E-commerce,USA,Onsite,Senior,12,PhD,0
208,Machine Learning Engineer,Medium,Finance,India,Remote,Senior,5,PhD,0
209,Machine Learning Engineer,Startup,E-commerce,Singapore,Remote,Entry,12,Bachelor,1
210,Data Scientist,MNC,E-commerce,Singapore,Remote,Senior,2,Master,1
211,Data Scientist,MNC,Retail,Australia,Onsite,Mid,1,PhD,0
212,Data Scientist,Startup,Finance,Australia,Onsite,Entry,1,Master,0
213,Data Engineer,Startup,Finance,Singapore,Hybrid,Senior,6,PhD,1
214,Data Scientist,MNC,E-commerce,Germany,Onsite,Entry,13,Master,1
215,Machine Learning Engineer,MNC,Education,Singapore,Remote,Mid,12,PhD,1
216,Data Analyst,Medium,Technology,UK,Remote,Entry,5,Bachelor,0
217,Data Analyst,MNC,Education,Australia,Onsite,Senior,11,Master,1
218,Data Analyst,MNC,Healthcare,Canada,Onsite,Mid,4,Bachelor,0
219,Data Engineer,Medium,Healthcare,Germany,Remote,Mid,14,Bachelor,0
220,Machine Learning Engineer,Enterprise,Education,Canada,Onsite,Entry,10,Bachelor,0
221,Machine Learning Engineer,Medium,Technology,USA,Hybrid,Mid,6,Master,0
222,AI Engineer,Medium,Finance,India,Remote,Senior,12,Bachelor,1
223,Data Analyst,Startup,Healthcare,Australia,Onsite,Mid,12,Master,1
224,Business Analyst,Startup,Finance,India,Hybrid,Entry,14,Master,1
225,AI Engineer,MNC,Education,India,Remote,Mid,14,Bachelor,0
226,AI Engineer,Enterprise,Finance,Germany,Onsite,Senior,9,PhD,0
227,Data Engineer,Startup,Education,USA,Onsite,Senior,9,Master,0
228,Machine Learning Engineer,Startup,Finance,Germany,Onsite,Entry,10,Master,1
229,Machine Learning Engineer,Enterprise,Education,Singapore,Remote,Entry,7,PhD,1
230,Machine Learning Engineer,Enterprise,Technology,Germany,Remote,Mid,2,Bachelor,0
231,AI Engineer,Medium,Education,UK,Onsite,Mid,3,PhD,0
232,Data Engineer,Startup,Finance,India,Onsite,Senior,6,PhD,1
233,Data Analyst,MNC,Retail,UK,Onsite,Senior,4,Master,0
234,AI Engineer,Enterprise,Technology,UK,Hybrid,Senior,13,PhD,1
235,AI Engineer,Medium,E-commerce,USA,Hybrid,Senior,2,Bachelor,0
236,Data Engineer,MNC,Healthcare,USA,Hybrid,Entry,2,Master,1
237,Machine Learning Engineer,MNC,Technology,Australia,Hybrid,Mid,8,PhD,1
238,Machine Learning Engineer,Medium,Technology,Germany,Hybrid,Mid,9,PhD,0
239,AI Engineer,Enterprise,Technology,Germany,Hybrid,Senior,4,Bachelor,1
240,Data Scientist,Medium,Finance,India,Remote,Entry,0,Bachelor,1
241,Business Analyst,Enterprise,Retail,Germany,Onsite,Mid,13,PhD,1
242,AI Engineer,Startup,Healthcare,USA,Hybrid,Entry,5,Master,0
243,Data Engineer,Medium,Technology,Canada,Hybrid,Entry,0,Master,1
244,Data Engineer,Enterprise,Retail,Singapore,Onsite,Entry,12,Master,1
245,Business Analyst,Enterprise,Retail,Singapore,Onsite,Entry,7,Bachelor,0
246,Data Analyst,MNC,Finance,Canada,Remote,Senior,14,PhD,1
247,Data Scientist,Medium,E-commerce,Canada,Onsite,Entry,5,Bachelor,0
248,Data Engineer,Medium,Finance,India,Hybrid,Senior,9,PhD,1
249,Data Engineer,Enterprise,E-commerce,Singapore,Onsite,Senior,13,Master,1
250,Data Analyst,Enterprise,Retail,India,Remote,Senior,12,Bachelor,0
251,Data Scientist,Medium,Retail,Germany,Remote,Senior,14,Master,0
252,Data Engineer,Medium,Technology,Australia,Remote,Mid,7,Bachelor,0
253,Machine Learning Engineer,MNC,Finance,India,Hybrid,Mid,7,PhD,1
254,Data Scientist,Startup,Technology,Germany,Hybrid,Mid,2,Bachelor,1
255,Data Engineer,MNC,Healthcare,Canada,Remote,Senior,12,Master,1
256,Data Analyst,Startup,Finance,Singapore,Hybrid,Entry,5,PhD,1
257,Business Analyst,Medium,Finance,Australia,Hybrid,Entry,2,PhD,0
258,Machine Learning Engineer,Startup,Retail,UK,Remote,Entry,0,Bachelor,1
259,Business Analyst,MNC,Healthcare,USA,Remote,Mid,3,PhD,1
260,Data Scientist,Startup,Education,Germany,Hybrid,Entry,10,Master,0
261,Data Scientist,Medium,Healthcare,Singapore,Hybrid,Senior,0,Master,1
262,Data Engineer,Startup,Finance,India,Remote,Entry,13,Master,1
263,Data Analyst,MNC,Healthcare,Germany,Onsite,Senior,2,Bachelor,0
264,Data Scientist,Medium,Retail,Singapore,Onsite,Mid,6,Master,0
265,Business Analyst,Enterprise,Education,India,Onsite,Senior,12,Master,0
266,AI Engineer,Startup,Healthcare,Singapore,Remote,Mid,7,Master,0
267,Data Analyst,Enterprise,Finance,UK,Remote,Mid,1,Bachelor,1
268,Data Scientist,Medium,Healthcare,India,Onsite,Mid,10,Bachelor,1
269,Machine Learning Engineer,Startup,Education,USA,Onsite,Mid,9,Bachelor,1
270,AI Engineer,MNC,Education,Canada,Onsite,Entry,4,Bachelor,1
271,AI Engineer,MNC,Healthcare,India,Onsite,Mid,1,PhD,0
272,AI Engineer,Startup,Retail,Germany,Onsite,Entry,13,PhD,1
273,AI Engineer,Enterprise,Education,USA,Hybrid,Senior,14,Master,1
274,Data Scientist,Enterprise,Retail,Canada,Remote,Entry,11,PhD,0
275,Data Analyst,MNC,Technology,Australia,Hybrid,Entry,3,Bachelor,0
276,Data Scientist,Startup,Finance,Canada,Hybrid,Entry,0,Bachelor,1
277,Data Engineer,Enterprise,Retail,Australia,Remote,Senior,14,PhD,1
278,Data Scientist,Medium,Education,Singapore,Onsite,Entry,4,Bachelor,0
279,Data Scientist,Startup,Technology,Australia,Remote,Entry,14,Master,0
280,AI Engineer,Startup,Education,UK,Remote,Senior,3,Bachelor,1
281,Data Engineer,Startup,Technology,Canada,Remote,Entry,10,Bachelor,0
282,AI Engineer,Enterprise,Education,Canada,Remote,Senior,11,Master,0
283,Machine Learning Engineer,Medium,Technology,Germany,Remote,Senior,8,Bachelor,1
284,Machine Learning Engineer,MNC,Education,Germany,Onsite,Senior,10,PhD,0
285,AI Engineer,MNC,Education,Singapore,Hybrid,Senior,14,PhD,1
286,Machine Learning Engineer,Enterprise,Technology,Singapore,Onsite,Senior,4,Master,0
287,Data Engineer,Medium,Finance,Singapore,Onsite,Mid,0,Master,0
288,Business Analyst,Medium,Retail,Singapore,Hybrid,Entry,5,PhD,1
289,AI Engineer,Startup,Healthcare,India,Hybrid,Mid,6,Bachelor,0
290,Data Analyst,MNC,E-commerce,India,Onsite,Entry,13,Master,1
291,Machine Learning Engineer,Medium,Healthcare,India,Remote,Mid,8,Bachelor,0
292,Data Engineer,Startup,Healthcare,USA,Onsite,Entry,8,PhD,1
293,Data Scientist,Startup,Technology,Australia,Onsite,Senior,13,Master,0
294,Machine Learning Engineer,Enterprise,Healthcare,Australia,Hybrid,Senior,2,PhD,0
295,Data Analyst,Enterprise,E-commerce,UK,Hybrid,Entry,6,Master,1
296,AI Engineer,Medium,Healthcare,Canada,Hybrid,Entry,3,Bachelor,0
297,Business Analyst,MNC,Finance,USA,Hybrid,Entry,8,PhD,1
298,Business Analyst,Startup,Technology,USA,Hybrid,Mid,0,Bachelor,1
299,Data Scientist,MNC,Healthcare,UK,Hybrid,Senior,8,Bachelor,1
300,Data Engineer,Startup,Finance,USA,Remote,Mid,11,Master,1
301,Machine Learning Engineer,Startup,Finance,UK,Hybrid,Entry,9,PhD,0
302,AI Engineer,Medium,Retail,Canada,Hybrid,Senior,4,Master,0
303,Data Analyst,Enterprise,Healthcare,Australia,Onsite,Entry,13,Master,1
304,Machine Learning Engineer,MNC,Retail,USA,Onsite,Mid,12,Bachelor,1
305,Data Scientist,Enterprise,Technology,India,Onsite,Senior,6,Bachelor,0
306,Data Analyst,Medium,Retail,UK,Remote,Entry,0,PhD,1
307,Data Analyst,Enterprise,Technology,UK,Onsite,Mid,6,Bachelor,0
308,Data Analyst,MNC,Technology,USA,Remote,Entry,10,Bachelor,1
309,Business Analyst,MNC,E-commerce,Germany,Remote,Entry,9,Master,1
310,Data Scientist,Enterprise,Retail,UK,Onsite,Senior,0,PhD,1
311,Data Scientist,Medium,Healthcare,India,Remote,Entry,11,Master,0
312,Data Analyst,Startup,Finance,Germany,Hybrid,Mid,2,Master,0
313,Machine Learning Engineer,MNC,Technology,Germany,Remote,Entry,9,Bachelor,0
314,Business Analyst,Enterprise,Finance,Canada,Onsite,Senior,9,Bachelor,1
315,Data Analyst,MNC,Healthcare,USA,Remote,Senior,12,PhD,1
316,Business Analyst,Medium,Technology,Australia,Remote,Senior,2,Master,1
317,Machine Learning Engineer,Startup,Education,Australia,Onsite,Mid,12,PhD,0
318,Data Scientist,Startup,E-commerce,UK,Onsite,Mid,6,Master,1
319,Data Engineer,Startup,Healthcare,India,Remote,Mid,10,Bachelor,0
320,Data Scientist,MNC,Healthcare,India,Remote,Entry,5,Master,0
321,Data Scientist,Enterprise,Education,Canada,Onsite,Entry,14,Master,0
322,Data Engineer,MNC,Finance,USA,Hybrid,Mid,10,PhD,1
323,Data Analyst,MNC,Healthcare,Singapore,Remote,Entry,10,PhD,1
324,Machine Learning Engineer,MNC,Retail,Canada,Hybrid,Mid,6,PhD,1
325,AI Engineer,Startup,Retail,Singapore,Remote,Entry,3,Bachelor,0
326,AI Engineer,MNC,Technology,UK,Onsite,Senior,11,Master,0
327,Data Scientist,Medium,Retail,Australia,Onsite,Senior,6,PhD,0
328,Data Scientist,MNC,E-commerce,Australia,Hybrid,Mid,14,PhD,1
329,Data Analyst,MNC,Finance,Germany,Hybrid,Senior,9,PhD,1
330,Machine Learning Engineer,Medium,Healthcare,Germany,Onsite,Entry,10,PhD,0
331,Business Analyst,Enterprise,E-commerce,Canada,Onsite,Senior,2,Bachelor,0
332,Data Scientist,Enterprise,Finance,Germany,Hybrid,Senior,1,Master,0
333,Machine Learning Engineer,Enterprise,Education,UK,Remote,Mid,6,Bachelor,1
334,AI Engineer,Startup,Finance,Germany,Remote,Senior,3,PhD,1
335,Data Analyst,Medium,Retail,UK,Hybrid,Entry,11,Master,1
336,AI Engineer,Enterprise,Technology,Germany,Onsite,Entry,10,PhD,1
337,Data Analyst,Medium,Technology,USA,Hybrid,Mid,10,Bachelor,1
338,Data Engineer,MNC,Retail,USA,Onsite,Senior,3,PhD,0
339,AI Engineer,Medium,Retail,Canada,Hybrid,Senior,6,PhD,0
340,AI Engineer,Enterprise,Education,USA,Hybrid,Senior,4,PhD,1
341,Data Scientist,MNC,Retail,UK,Hybrid,Senior,4,PhD,0
342,AI Engineer,Medium,Healthcare,UK,Hybrid,Entry,0,PhD,1
343,Machine Learning Engineer,MNC,Healthcare,USA,Hybrid,Mid,1,PhD,1
344,Data Scientist,Enterprise,Retail,USA,Onsite,Mid,7,Master,1
345,AI Engineer,Startup,Healthcare,Canada,Hybrid,Mid,5,Master,0
346,Machine Learning Engineer,Startup,Education,Singapore,Remote,Entry,11,PhD,0
347,Business Analyst,Medium,Education,UK,Onsite,Mid,4,Bachelor,1
348,Data Scientist,Enterprise,Finance,India,Hybrid,Entry,10,Master,1
349,Machine Learning Engineer,Enterprise,Finance,UK,Hybrid,Senior,6,Master,0
350,Data Engineer,MNC,Education,Germany,Onsite,Mid,10,Master,0
351,Data Analyst,MNC,Finance,USA,Remote,Mid,11,Master,1
352,Data Engineer,MNC,Finance,Singapore,Onsite,Senior,0,Master,1
353,Business Analyst,Enterprise,Technology,India,Remote,Mid,6,Master,0
354,Data Analyst,Medium,E-commerce,Australia,Remote,Entry,1,Bachelor,1
355,AI Engineer,Enterprise,Education,Canada,Onsite,Senior,7,Bachelor,0
356,Data Engineer,Startup,Healthcare,Germany,Onsite,Senior,7,PhD,0
357,Machine Learning Engineer,Startup,Finance,UK,Remote,Senior,6,PhD,1
358,Data Scientist,Startup,Healthcare,Canada,Onsite,Mid,12,PhD,1
359,Data Scientist,Enterprise,Education,Australia,Remote,Mid,6,Bachelor,1
360,Machine Learning Engineer,MNC,Healthcare,Germany,Hybrid,Entry,13,Master,1
361,Machine Learning Engineer,Enterprise,Education,UK,Onsite,Senior,1,PhD,1
362,Data Analyst,Startup,Retail,Singapore,Hybrid,Senior,13,PhD,1
363,Machine Learning Engineer,Startup,Education,India,Onsite,Entry,2,Master,0
364,Business Analyst,Startup,E-commerce,Germany,Remote,Entry,8,PhD,1
365,Machine Learning Engineer,Medium,Technology,Canada,Hybrid,Mid,0,PhD,0
366,Business Analyst,Startup,Finance,Singapore,Remote,Mid,7,Master,1
367,Machine Learning Engineer,Medium,Education,Singapore,Onsite,Mid,5,Bachelor,1
368,Data Analyst,Enterprise,Retail,USA,Onsite,Entry,7,Master,0
369,Data Analyst,Startup,Finance,USA,Onsite,Senior,8,Master,0
370,Data Engineer,Startup,Healthcare,Canada,Hybrid,Entry,9,Bachelor,0
371,Data Scientist,Enterprise,Education,Germany,Hybrid,Entry,7,PhD,0
372,Business Analyst,Medium,E-commerce,India,Hybrid,Mid,2,Bachelor,1
373,Data Analyst,MNC,Technology,Canada,Onsite,Entry,8,PhD,1
374,AI Engineer,Medium,Education,Canada,Onsite,Entry,2,PhD,0
375,Business Analyst,Startup,Finance,USA,Hybrid,Entry,3,PhD,1
376,Machine Learning Engineer,Startup,Healthcare,India,Remote,Entry,0,Master,1
377,Data Engineer,Medium,Healthcare,Canada,Remote,Mid,3,Bachelor,1
378,Business Analyst,Enterprise,Retail,Australia,Hybrid,Senior,11,PhD,0
379,Data Analyst,MNC,E-commerce,UK,Onsite,Entry,6,Bachelor,0
380,Data Scientist,MNC,Finance,Canada,Hybrid,Mid,5,PhD,1
381,Business Analyst,Medium,Healthcare,Canada,Remote,Entry,8,Master,0
382,Business Analyst,Startup,Technology,USA,Remote,Entry,7,PhD,0
383,Data Analyst,Startup,Finance,UK,Onsite,Senior,0,PhD,0
384,Data Engineer,MNC,Retail,USA,Hybrid,Mid,2,PhD,0
385,Business Analyst,MNC,E-commerce,Australia,Hybrid,Entry,0,Master,0
386,AI Engineer,Medium,Technology,Canada,Onsite,Mid,4,Master,1
387,Business Analyst,Startup,Retail,USA,Hybrid,Entry,7,PhD,1
388,Data Engineer,Medium,Retail,Australia,Onsite,Entry,8,Bachelor,1
389,Data Engineer,Startup,Healthcare,Australia,Onsite,Entry,6,Bachelor,0
390,AI Engineer,Enterprise,Retail,Australia,Onsite,Senior,0,Master,1
391,AI Engineer,Startup,Healthcare,India,Onsite,Mid,5,PhD,0
392,Machine Learning Engineer,Medium,Healthcare,Canada,Hybrid,Mid,2,Bachelor,0
393,Data Scientist,MNC,Finance,USA,Remote,Senior,10,Bachelor,0
394,Data Engineer,MNC,Finance,Canada,Remote,Senior,2,Bachelor,1
395,Data Analyst,Enterprise,Technology,USA,Remote,Mid,6,Master,1
396,Business Analyst,Enterprise,Finance,UK,Remote,Mid,10,PhD,1
397,Data Scientist,Enterprise,Finance,Singapore,Remote,Senior,9,Bachelor,1
398,Data Scientist,MNC,Technology,Australia,Onsite,Senior,4,Bachelor,0
399,Data Scientist,MNC,Healthcare,Canada,Onsite,Mid,6,Bachelor,1
400,Data Engineer,Enterprise,Retail,Canada,Hybrid,Mid,8,Bachelor,0
401,AI Engineer,Enterprise,Healthcare,Singapore,Remote,Senior,0,Master,1
402,Machine Learning Engineer,MNC,Healthcare,UK,Hybrid,Senior,6,PhD,0
403,Business Analyst,Medium,Healthcare,India,Onsite,Entry,2,PhD,1
404,AI Engineer,Enterprise,Education,Canada,Onsite,Mid,5,Bachelor,0
405,Data Engineer,MNC,E-commerce,Germany,Hybrid,Mid,2,Master,1
406,Data Analyst,Enterprise,Healthcare,Canada,Remote,Senior,1,PhD,0
407,Data Engineer,Medium,Retail,Germany,Onsite,Entry,13,PhD,0
408,Data Engineer,Startup,Technology,Singapore,Hybrid,Senior,0,PhD,1
409,Business Analyst,MNC,Education,Singapore,Hybrid,Entry,2,PhD,1
410,Data Engineer,Enterprise,Healthcare,Canada,Onsite,Entry,6,Bachelor,1
411,Data Analyst,Startup,E-commerce,Australia,Remote,Senior,4,Master,0
412,Data Analyst,Startup,Education,Germany,Onsite,Senior,13,PhD,0
413,AI Engineer,Startup,Technology,USA,Onsite,Senior,11,Master,1
414,Data Analyst,Medium,Finance,UK,Remote,Senior,12,Bachelor,1
415,Machine Learning Engineer,MNC,Technology,India,Hybrid,Entry,4,Master,1
416,Data Engineer,Startup,Technology,USA,Hybrid,Senior,6,Master,1
417,Data Engineer,Enterprise,Healthcare,Australia,Onsite,Mid,0,Bachelor,1
418,AI Engineer,Enterprise,E-commerce,India,Hybrid,Entry,1,Bachelor,1
419,Data Engineer,Medium,Education,Singapore,Remote,Mid,3,PhD,1
420,Data Analyst,Startup,Finance,USA,Remote,Senior,11,PhD,0
421,Business Analyst,Enterprise,Education,USA,Onsite,Mid,4,Master,0
422,Data Engineer,Enterprise,Finance,USA,Remote,Entry,7,PhD,1
423,Data Analyst,Startup,Retail,India,Remote,Senior,2,PhD,1
424,Data Analyst,MNC,Retail,Singapore,Hybrid,Senior,6,PhD,0
425,Data Engineer,Medium,Finance,Australia,Hybrid,Entry,12,PhD,1
426,Data Scientist,MNC,E-commerce,USA,Onsite,Entry,5,Master,0
427,Machine Learning Engineer,Medium,Retail,UK,Remote,Entry,12,PhD,1
428,Business Analyst,MNC,Retail,Germany,Hybrid,Entry,6,Bachelor,1
429,Data Engineer,Enterprise,Technology,USA,Onsite,Senior,9,Bachelor,0
430,Business Analyst,Medium,Finance,India,Onsite,Entry,12,PhD,0
431,Data Engineer,MNC,Education,USA,Onsite,Mid,8,Bachelor,1
432,AI Engineer,Enterprise,Retail,Germany,Onsite,Entry,5,Bachelor,0
433,Data Analyst,MNC,Technology,Germany,Hybrid,Entry,12,Bachelor,0
434,Data Engineer,Enterprise,Retail,Australia,Remote,Senior,1,Bachelor,1
435,Business Analyst,Enterprise,Technology,UK,Remote,Mid,8,PhD,1
436,Data Scientist,Medium,E-commerce,Singapore,Remote,Senior,5,Master,0
437,AI Engineer,Startup,E-commerce,Singapore,Remote,Mid,9,Master,0
438,AI Engineer,Medium,Retail,Singapore,Onsite,Senior,2,Master,0
439,AI Engineer,Medium,Finance,UK,Remote,Entry,5,Master,0
440,AI Engineer,Startup,Education,Canada,Onsite,Entry,6,Bachelor,1
441,Business Analyst,Enterprise,Retail,India,Hybrid,Senior,2,PhD,0
442,Machine Learning Engineer,Enterprise,E-commerce,India,Hybrid,Mid,11,Master,0
443,Machine Learning Engineer,Enterprise,Technology,USA,Remote,Entry,14,Bachelor,0
444,Business Analyst,MNC,Education,Singapore,Onsite,Entry,13,Bachelor,0
445,Business Analyst,MNC,E-commerce,India,Remote,Mid,14,PhD,0
446,Data Scientist,Medium,Retail,Germany,Remote,Entry,8,Master,0
447,Data Analyst,Enterprise,Retail,India,Remote,Mid,12,Master,1
448,AI Engineer,Startup,Technology,Canada,Hybrid,Senior,11,Bachelor,1
449,Machine Learning Engineer,Startup,Retail,USA,Remote,Senior,4,PhD,0
450,Data Engineer,Enterprise,E-commerce,Australia,Hybrid,Senior,14,Master,1
451,Business Analyst,MNC,Retail,Germany,Hybrid,Entry,8,Master,0
452,Data Analyst,Enterprise,Education,India,Hybrid,Senior,3,PhD,1
453,Data Engineer,Medium,Healthcare,USA,Onsite,Mid,1,Master,0
454,Machine Learning Engineer,Medium,Education,Australia,Hybrid,Senior,12,Bachelor,1
455,Data Scientist,MNC,Healthcare,India,Onsite,Senior,13,Bachelor,1
456,Business Analyst,Medium,Education,Australia,Onsite,Entry,13,PhD,1
457,AI Engineer,MNC,Technology,UK,Hybrid,Entry,6,PhD,1
458,Data Engineer,Medium,Technology,Canada,Onsite,Entry,14,PhD,1
459,Data Analyst,Startup,Finance,USA,Onsite,Mid,0,Bachelor,0
460,AI Engineer,Medium,Education,Germany,Remote,Senior,13,Bachelor,1
461,Data Engineer,Medium,Technology,India,Hybrid,Entry,8,PhD,1
462,Data Engineer,Medium,Technology,India,Hybrid,Senior,10,PhD,0
463,AI Engineer,Startup,E-commerce,Singapore,Hybrid,Mid,5,Master,1
464,Data Engineer,Startup,Finance,Canada,Remote,Mid,8,PhD,0
465,Data Analyst,Enterprise,Technology,Germany,Onsite,Mid,13,Master,1
466,Business Analyst,Medium,Healthcare,Canada,Remote,Mid,5,Bachelor,0
467,Data Engineer,Enterprise,Healthcare,Australia,Hybrid,Senior,2,PhD,1
468,Data Analyst,Medium,Retail,USA,Remote,Entry,0,PhD,1
469,Data Analyst,Enterprise,Finance,USA,Onsite,Entry,10,Master,0
470,AI Engineer,Startup,E-commerce,Canada,Onsite,Entry,7,Master,0
471,AI Engineer,MNC,Technology,India,Hybrid,Mid,9,PhD,1
472,AI Engineer,MNC,Technology,USA,Onsite,Mid,9,Master,1
473,Data Engineer,Medium,Education,Germany,Hybrid,Senior,8,Master,1
474,Data Scientist,MNC,Finance,Canada,Hybrid,Entry,13,Bachelor,1
475,Machine Learning Engineer,MNC,Technology,Canada,Hybrid,Entry,2,Master,1
476,Data Analyst,MNC,Retail,Canada,Remote,Senior,6,Bachelor,0
477,Data Scientist,Enterprise,Retail,Singapore,Hybrid,Mid,13,PhD,1
478,Data Scientist,Medium,Healthcare,India,Onsite,Entry,6,PhD,1
479,AI Engineer,Medium,Retail,India,Remote,Entry,0,Bachelor,0
480,Business Analyst,Startup,Finance,Germany,Onsite,Mid,7,PhD,0
481,Data Scientist,Startup,E-commerce,India,Hybrid,Mid,9,Bachelor,0
482,AI Engineer,Startup,Retail,Canada,Onsite,Senior,14,PhD,1
483,AI Engineer,MNC,Education,USA,Onsite,Mid,13,PhD,1
484,Machine Learning Engineer,MNC,Healthcare,Germany,Remote,Senior,4,Master,1
485,Data Scientist,MNC,E-commerce,Singapore,Remote,Senior,3,PhD,0
486,Data Analyst,Startup,Retail,USA,Hybrid,Mid,6,PhD,0
487,Data Analyst,MNC,Healthcare,Canada,Remote,Senior,12,PhD,1
488,Data Analyst,Medium,Healthcare,USA,Remote,Mid,12,Bachelor,1
489,AI Engineer,MNC,Healthcare,USA,Onsite,Senior,6,Master,1
490,AI Engineer,MNC,Finance,Germany,Hybrid,Entry,14,Master,0
491,Data Engineer,Medium,Technology,Singapore,Hybrid,Senior,0,PhD,1
492,Machine Learning Engineer,Medium,Retail,USA,Hybrid,Entry,3,Master,1
493,Data Analyst,MNC,E-commerce,India,Hybrid,Entry,2,Master,0
494,Data Analyst,Startup,Healthcare,India,Remote,Senior,6,Master,0
495,Data Scientist,Startup,Technology,UK,Remote,Entry,8,Bachelor,1
496,Machine Learning Engineer,Enterprise,Retail,USA,Hybrid,Entry,12,PhD,1
497,AI Engineer,Medium,Finance,USA,Remote,Mid,6,Bachelor,1
498,Data Engineer,MNC,Healthcare,India,Hybrid,Senior,5,PhD,1
499,Data Engineer,Medium,Healthcare,Australia,Remote,Senior,11,PhD,0
500,Machine Learning Engineer,Startup,Finance,Germany,Hybrid,Entry,7,Master,0
501,AI Engineer,Enterprise,Education,USA,Hybrid,Mid,9,Bachelor,1
502,Data Scientist,Medium,Education,UK,Onsite,Entry,10,PhD,1
503,Business Analyst,Enterprise,Finance,Singapore,Hybrid,Entry,2,Bachelor,0
504,Data Analyst,Enterprise,Healthcare,Germany,Remote,Senior,11,Bachelor,0
505,Machine Learning Engineer,Enterprise,Healthcare,Canada,Onsite,Entry,11,Bachelor,0
506,Data Analyst,Startup,Retail,UK,Hybrid,Entry,6,Master,1
507,Machine Learning Engineer,Enterprise,Healthcare,Singapore,Onsite,Mid,9,Bachelor,0
508,Business Analyst,MNC,Healthcare,Singapore,Remote,Entry,7,Master,0
509,Data Analyst,Medium,Education,India,Hybrid,Mid,13,Bachelor,0
510,AI Engineer,MNC,Retail,Australia,Onsite,Mid,5,PhD,1
511,Data Scientist,MNC,Retail,Australia,Hybrid,Mid,10,PhD,1
512,AI Engineer,MNC,Technology,Singapore,Onsite,Senior,2,PhD,0
513,AI Engineer,Enterprise,Retail,India,Hybrid,Mid,1,PhD,0
514,Machine Learning Engineer,Enterprise,Healthcare,Canada,Remote,Senior,1,Bachelor,0
515,Machine Learning Engineer,MNC,Finance,India,Hybrid,Mid,8,Bachelor,1
516,Business Analyst,MNC,Technology,Germany,Hybrid,Entry,4,PhD,1
517,Machine Learning Engineer,Enterprise,Education,Singapore,Hybrid,Entry,8,PhD,0
518,AI Engineer,MNC,Healthcare,Singapore,Hybrid,Entry,11,Bachelor,0
519,Data Scientist,MNC,Education,India,Hybrid,Mid,2,PhD,1
520,Data Analyst,Startup,E-commerce,Singapore,Remote,Mid,6,Master,0
521,Data Scientist,MNC,Finance,UK,Hybrid,Mid,0,PhD,0
522,Data Analyst,Medium,E-commerce,USA,Hybrid,Mid,3,Master,1
523,Data Analyst,MNC,Finance,Australia,Hybrid,Mid,3,PhD,1
524,Machine Learning Engineer,Enterprise,Technology,Australia,Remote,Senior,13,Bachelor,0
525,Data Analyst,Enterprise,Technology,Canada,Onsite,Entry,6,PhD,0
526,AI Engineer,Startup,Healthcare,Singapore,Remote,Senior,5,Master,1
527,Data Engineer,Medium,Finance,India,Hybrid,Entry,9,Bachelor,1
528,Data Analyst,Medium,Finance,India,Onsite,Mid,14,Master,1
529,AI Engineer,Startup,E-commerce,Australia,Remote,Senior,12,PhD,0
530,Data Analyst,Startup,Technology,UK,Hybrid,Senior,13,Bachelor,0
531,Data Engineer,Enterprise,Healthcare,Germany,Hybrid,Senior,9,Bachelor,1
532,Data Analyst,Medium,Retail,USA,Remote,Mid,14,Bachelor,1
533,AI Engineer,Enterprise,Healthcare,Singapore,Remote,Senior,7,PhD,1
534,Data Scientist,MNC,Education,India,Remote,Mid,5,Bachelor,0
535,Data Scientist,Enterprise,Education,Singapore,Onsite,Mid,8,Master,1
536,Data Scientist,Enterprise,Technology,Singapore,Hybrid,Mid,6,PhD,0
537,Business Analyst,MNC,Retail,Australia,Remote,Mid,7,Master,0
538,Data Engineer,Enterprise,E-commerce,India,Remote,Entry,1,Bachelor,0
539,AI Engineer,Medium,Finance,Canada,Remote,Mid,3,PhD,1
540,Business Analyst,MNC,Healthcare,Germany,Onsite,Mid,1,Bachelor,0
541,AI Engineer,MNC,E-commerce,Canada,Onsite,Mid,8,Bachelor,0
542,Machine Learning Engineer,Medium,E-commerce,Singapore,Hybrid,Entry,7,Master,0
543,Data Analyst,Enterprise,Technology,Canada,Remote,Entry,13,PhD,1
544,Data Analyst,Startup,Education,India,Remote,Mid,3,PhD,1
545,Data Analyst,MNC,Technology,India,Remote,Senior,4,Bachelor,0
546,Data Engineer,MNC,Healthcare,Germany,Onsite,Mid,10,Master,1
547,Machine Learning Engineer,Startup,E-commerce,Canada,Onsite,Entry,1,Bachelor,1
548,Data Scientist,Medium,Technology,Australia,Hybrid,Entry,12,Master,0
549,Machine Learning Engineer,Startup,Healthcare,Singapore,Onsite,Mid,4,PhD,1
550,Data Scientist,Medium,Healthcare,UK,Remote,Entry,10,PhD,0
551,Data Scientist,MNC,Technology,Germany,Remote,Senior,2,PhD,1
552,Data Scientist,Medium,Healthcare,USA,Remote,Entry,10,PhD,1
553,Business Analyst,Enterprise,E-commerce,Singapore,Onsite,Mid,8,PhD,0
554,Business Analyst,MNC,E-commerce,UK,Onsite,Entry,5,PhD,0
555,Data Scientist,Startup,Education,Singapore,Onsite,Senior,1,PhD,1
556,Machine Learning Engineer,Startup,E-commerce,Australia,Onsite,Mid,13,Bachelor,1
557,Machine Learning Engineer,Enterprise,E-commerce,Australia,Onsite,Senior,5,Bachelor,1
558,Data Scientist,Enterprise,Healthcare,USA,Hybrid,Senior,10,Master,0
559,Business Analyst,Medium,Finance,UK,Remote,Senior,13,PhD,1
560,Data Scientist,MNC,Education,USA,Onsite,Entry,12,Bachelor,1
561,Business Analyst,Medium,Healthcare,Australia,Remote,Senior,10,Bachelor,0
562,AI Engineer,Enterprise,Technology,Singapore,Remote,Mid,5,PhD,1
563,Business Analyst,Startup,Technology,Germany,Hybrid,Mid,12,Bachelor,0
564,AI Engineer,Startup,Technology,USA,Remote,Mid,0,Master,1
565,Data Analyst,Enterprise,Finance,USA,Onsite,Senior,9,Master,0
566,Data Engineer,Enterprise,Technology,India,Remote,Mid,14,Master,1
567,Business Analyst,Startup,Retail,Australia,Remote,Entry,7,Master,1
568,Data Engineer,Startup,E-commerce,Singapore,Hybrid,Mid,13,PhD,1
569,Data Scientist,MNC,Education,India,Onsite,Mid,2,Master,1
570,Business Analyst,Medium,Healthcare,Australia,Remote,Senior,13,PhD,1
571,Machine Learning Engineer,MNC,Education,UK,Onsite,Mid,9,Bachelor,0
572,Business Analyst,Medium,Retail,Singapore,Hybrid,Mid,6,PhD,1
573,Business Analyst,MNC,Technology,USA,Hybrid,Senior,8,Master,0
574,Business Analyst,Enterprise,Education,UK,Hybrid,Senior,5,PhD,0
575,AI Engineer,Startup,Finance,India,Onsite,Mid,2,Bachelor,0
576,Data Analyst,MNC,Education,India,Remote,Entry,3,Bachelor,0
577,Data Analyst,Enterprise,Finance,USA,Hybrid,Mid,11,Bachelor,1
578,Data Analyst,Startup,Education,UK,Onsite,Mid,7,Master,1
579,Business Analyst,Startup,Healthcare,Canada,Remote,Entry,8,PhD,1
580,Business Analyst,MNC,Retail,Canada,Remote,Mid,7,Master,0
581,Data Engineer,Enterprise,Education,Australia,Hybrid,Mid,1,Bachelor,1
582,Data Engineer,Medium,E-commerce,USA,Remote,Senior,3,Master,0
583,Machine Learning Engineer,Enterprise,Technology,Canada,Hybrid,Entry,6,Bachelor,0
584,Data Analyst,Medium,Education,UK,Hybrid,Senior,13,Master,1
585,AI Engineer,Medium,Retail,Australia,Hybrid,Entry,10,Master,1
586,Business Analyst,Startup,E-commerce,USA,Hybrid,Mid,0,Bachelor,0
587,Data Scientist,Enterprise,Retail,India,Hybrid,Senior,5,Master,0
588,Data Analyst,Startup,Retail,USA,Hybrid,Senior,9,Bachelor,1
589,Machine Learning Engineer,Enterprise,E-commerce,UK,Hybrid,Senior,1,Bachelor,0
590,Data Engineer,Startup,Technology,USA,Onsite,Senior,1,PhD,0
591,Data Engineer,Enterprise,E-commerce,Germany,Onsite,Senior,5,Master,1
592,Data Scientist,Medium,Education,Singapore,Onsite,Entry,1,Bachelor,1
593,Data Engineer,Startup,Technology,India,Remote,Entry,1,Master,0
594,Data Analyst,Medium,Healthcare,India,Hybrid,Senior,8,PhD,0
595,Business Analyst,MNC,E-commerce,Germany,Onsite,Senior,11,Master,0
596,AI Engineer,Enterprise,Technology,Australia,Onsite,Entry,7,Master,1
597,Machine Learning Engineer,Enterprise,Technology,India,Onsite,Senior,4,Bachelor,1
598,Business Analyst,Startup,E-commerce,UK,Hybrid,Mid,1,Master,0
599,Business Analyst,Enterprise,Retail,Australia,Hybrid,Entry,14,Bachelor,0
600,Machine Learning Engineer,Medium,Education,Singapore,Onsite,Mid,3,PhD,0
601,AI Engineer,Medium,Finance,Canada,Onsite,Entry,11,Bachelor,0
602,Data Scientist,Enterprise,E-commerce,Canada,Hybrid,Entry,10,Bachelor,1
603,Data Scientist,Startup,Finance,Canada,Onsite,Mid,10,PhD,0
604,Machine Learning Engineer,Enterprise,Finance,Singapore,Remote,Entry,6,Bachelor,1
605,Data Scientist,Startup,Finance,Singapore,Hybrid,Senior,13,Bachelor,0
606,Business Analyst,Startup,Education,Germany,Hybrid,Entry,9,Master,1
607,Data Analyst,Medium,Healthcare,USA,Remote,Mid,1,Master,0
608,Business Analyst,MNC,Technology,Singapore,Onsite,Senior,8,Bachelor,1
609,Machine Learning Engineer,Startup,Technology,Australia,Hybrid,Entry,11,Master,1
610,Machine Learning Engineer,Startup,Education,India,Onsite,Entry,4,PhD,0
611,Data Analyst,Startup,Technology,USA,Remote,Senior,13,Master,1
612,Data Scientist,Startup,Retail,Germany,Onsite,Senior,2,Bachelor,1
613,Data Scientist,Medium,Technology,USA,Hybrid,Senior,9,Bachelor,1
614,Data Engineer,MNC,Healthcare,Singapore,Remote,Entry,2,Master,0
615,Data Analyst,MNC,Technology,Australia,Hybrid,Mid,0,Master,1
616,Data Analyst,Startup,Finance,Canada,Hybrid,Senior,3,PhD,1
617,Data Analyst,Medium,Finance,Singapore,Remote,Senior,14,PhD,1
618,AI Engineer,MNC,Finance,UK,Hybrid,Senior,8,Master,0
619,Business Analyst,Enterprise,E-commerce,Australia,Onsite,Senior,12,Master,1
620,Data Engineer,Medium,E-commerce,USA,Hybrid,Entry,12,PhD,0
621,Data Engineer,Medium,Healthcare,India,Remote,Entry,11,PhD,1
622,Data Engineer,Startup,E-commerce,Australia,Remote,Entry,8,Bachelor,0
623,Data Engineer,Enterprise,Retail,Germany,Remote,Mid,5,PhD,0
624,Data Analyst,Enterprise,Retail,UK,Hybrid,Senior,3,Bachelor,1
625,Data Analyst,Startup,Technology,UK,Hybrid,Entry,9,Master,0
626,Data Engineer,MNC,Healthcare,India,Remote,Senior,2,Bachelor,1
627,Business Analyst,Enterprise,Retail,UK,Onsite,Entry,1,Master,1
628,Data Analyst,Startup,Education,Canada,Hybrid,Entry,8,PhD,1
629,Data Scientist,Medium,Technology,UK,Hybrid,Senior,1,PhD,0
630,Business Analyst,Startup,Finance,Australia,Hybrid,Entry,10,Master,0
631,Data Analyst,Enterprise,Education,Singapore,Onsite,Mid,7,Master,1
632,AI Engineer,Startup,Healthcare,India,Remote,Senior,6,Master,0
633,Data Engineer,MNC,Technology,Australia,Onsite,Entry,1,Bachelor,0
634,Machine Learning Engineer,Enterprise,E-commerce,Canada,Onsite,Entry,8,PhD,1
635,Data Analyst,MNC,Technology,Germany,Onsite,Mid,10,Bachelor,1
636,Data Engineer,Startup,Education,USA,Hybrid,Senior,12,Bachelor,0
637,Data Analyst,MNC,Technology,India,Remote,Mid,9,Master,0
638,AI Engineer,Startup,Technology,Singapore,Hybrid,Senior,3,PhD,0
639,Data Engineer,Startup,Technology,Canada,Remote,Mid,5,Master,0
640,Data Scientist,Enterprise,E-commerce,Germany,Hybrid,Mid,14,PhD,1
641,AI Engineer,Startup,E-commerce,India,Onsite,Entry,10,PhD,0
642,Machine Learning Engineer,MNC,Healthcare,India,Onsite,Senior,4,PhD,0
643,Data Engineer,Startup,Finance,Australia,Hybrid,Senior,8,Master,0
644,AI Engineer,Enterprise,Retail,UK,Hybrid,Mid,1,Master,0
645,Data Engineer,Medium,E-commerce,Germany,Onsite,Entry,7,Bachelor,0
646,Machine Learning Engineer,Medium,Retail,Germany,Onsite,Entry,11,Bachelor,1
647,AI Engineer,Enterprise,E-commerce,Australia,Onsite,Entry,11,Master,1
648,Data Scientist,Startup,Healthcare,USA,Hybrid,Entry,12,Master,0
649,Data Scientist,Medium,Finance,India,Onsite,Entry,7,Bachelor,0
650,Data Engineer,Medium,Education,India,Hybrid,Senior,14,Bachelor,0
651,Business Analyst,Enterprise,Finance,India,Remote,Senior,5,PhD,1
652,Machine Learning Engineer,MNC,E-commerce,Germany,Remote,Mid,13,PhD,1
653,Machine Learning Engineer,MNC,Retail,Germany,Hybrid,Senior,2,PhD,0
654,Business Analyst,Startup,Technology,Singapore,Onsite,Entry,13,Master,0
655,Machine Learning Engineer,Medium,E-commerce,UK,Hybrid,Senior,12,PhD,1
656,Data Analyst,Enterprise,Retail,India,Onsite,Entry,14,Bachelor,1
657,AI Engineer,Startup,Education,Australia,Hybrid,Senior,8,Bachelor,0
658,Business Analyst,Enterprise,Retail,USA,Onsite,Mid,5,Master,0
659,Business Analyst,Startup,Finance,Germany,Hybrid,Senior,1,Master,0
660,Machine Learning Engineer,MNC,Education,Germany,Remote,Mid,13,PhD,1
661,Business Analyst,Enterprise,Technology,Germany,Hybrid,Entry,5,PhD,0
662,Data Engineer,Enterprise,Technology,USA,Onsite,Entry,0,Bachelor,1
663,Machine Learning Engineer,Enterprise,E-commerce,Singapore,Hybrid,Entry,9,Master,0
664,Data Engineer,Medium,Healthcare,USA,Onsite,Senior,13,PhD,1
665,Business Analyst,Medium,Retail,Singapore,Remote,Mid,2,Master,1
666,Business Analyst,MNC,Finance,Australia,Hybrid,Entry,10,Bachelor,1
667,Data Analyst,MNC,Retail,UK,Onsite,Entry,2,Bachelor,0
668,AI Engineer,MNC,Technology,Canada,Onsite,Entry,4,Master,0
669,Machine Learning Engineer,Medium,Education,India,Onsite,Entry,6,Master,1
670,Business Analyst,Startup,Technology,Australia,Onsite,Senior,2,PhD,1
671,Data Analyst,Medium,Retail,Australia,Onsite,Senior,3,Bachelor,1
672,Data Scientist,MNC,Retail,Canada,Hybrid,Entry,0,Master,0
673,Machine Learning Engineer,MNC,Retail,UK,Remote,Mid,1,Bachelor,0
674,AI Engineer,Medium,Finance,Germany,Remote,Entry,0,PhD,0
675,Machine Learning Engineer,Medium,Finance,Canada,Remote,Entry,13,Master,0
676,Machine Learning Engineer,Enterprise,Finance,USA,Onsite,Mid,14,PhD,1
677,Machine Learning Engineer,Startup,Technology,Singapore,Hybrid,Mid,14,PhD,1
678,Data Engineer,Startup,Healthcare,UK,Hybrid,Mid,7,Bachelor,0
679,Data Engineer,Enterprise,Education,India,Remote,Entry,0,Master,0
680,Machine Learning Engineer,MNC,Technology,Germany,Hybrid,Mid,3,PhD,1
681,Data Engineer,MNC,Education,India,Onsite,Senior,11,Master,0
682,AI Engineer,Enterprise,Finance,UK,Hybrid,Senior,14,PhD,1
683,AI Engineer,Startup,Technology,USA,Remote,Mid,4,PhD,0
684,Data Engineer,Enterprise,Finance,Australia,Hybrid,Senior,14,Bachelor,0
685,Data Scientist,Medium,Technology,Germany,Remote,Mid,2,Bachelor,0
686,Data Analyst,Medium,Healthcare,Australia,Hybrid,Senior,13,PhD,0
687,Machine Learning Engineer,Medium,E-commerce,UK,Hybrid,Entry,12,Master,0
688,Data Scientist,Medium,Education,USA,Onsite,Senior,13,Bachelor,1
689,Data Engineer,MNC,Healthcare,Singapore,Hybrid,Entry,10,PhD,0
690,Business Analyst,Enterprise,Technology,Singapore,Hybrid,Senior,3,Bachelor,0
691,Data Scientist,Enterprise,E-commerce,UK,Onsite,Entry,7,PhD,1
692,Data Engineer,Medium,Healthcare,UK,Remote,Senior,2,Master,0
693,Machine Learning Engineer,MNC,Finance,Canada,Remote,Senior,2,Master,0
694,Business Analyst,MNC,Education,USA,Onsite,Entry,14,Master,0
695,Data Analyst,MNC,Finance,Singapore,Remote,Mid,8,Master,1
696,Business Analyst,Startup,Finance,Canada,Remote,Mid,9,Master,0
697,AI Engineer,MNC,Technology,Germany,Onsite,Senior,0,Bachelor,1
698,Machine Learning Engineer,Enterprise,Healthcare,Singapore,Remote,Mid,13,Bachelor,0
699,Data Analyst,Enterprise,Finance,Singapore,Remote,Entry,4,Master,1
700,Business Analyst,MNC,E-commerce,Canada,Hybrid,Entry,12,PhD,0
701,AI Engineer,Enterprise,Technology,Singapore,Remote,Entry,0,Bachelor,1
702,AI Engineer,Enterprise,E-commerce,India,Hybrid,Mid,1,PhD,0
703,Data Engineer,Startup,Technology,India,Hybrid,Mid,3,PhD,0
704,Data Scientist,Enterprise,Retail,Canada,Hybrid,Entry,0,Master,0
705,Data Engineer,Startup,Healthcare,USA,Hybrid,Senior,0,Master,1
706,Data Scientist,Startup,Technology,India,Remote,Entry,1,Master,0
707,Data Analyst,MNC,E-commerce,Australia,Onsite,Mid,12,Master,1
708,Data Analyst,Medium,Finance,USA,Onsite,Senior,0,PhD,1
709,Data Analyst,Medium,Finance,UK,Onsite,Mid,7,PhD,0
710,Data Engineer,Medium,Technology,Singapore,Remote,Senior,0,Master,0
711,AI Engineer,Startup,Healthcare,Singapore,Onsite,Senior,11,Bachelor,1
712,Data Scientist,MNC,Healthcare,Germany,Remote,Entry,5,Master,1
713,Data Engineer,Enterprise,Education,Germany,Hybrid,Senior,7,Master,1
714,AI Engineer,Medium,Technology,UK,Hybrid,Senior,10,Bachelor,0
715,Data Analyst,Medium,Technology,USA,Hybrid,Mid,8,PhD,1
716,Data Analyst,Enterprise,Technology,Germany,Onsite,Mid,13,PhD,0
717,Business Analyst,MNC,E-commerce,Germany,Remote,Mid,1,Bachelor,1
718,Data Engineer,Medium,Technology,Singapore,Hybrid,Mid,7,PhD,0
719,AI Engineer,Startup,Healthcare,India,Onsite,Entry,2,Bachelor,1
720,Data Scientist,Medium,E-commerce,Singapore,Onsite,Entry,11,Master,0
721,Data Engineer,Startup,Finance,UK,Hybrid,Senior,1,PhD,1
722,Data Engineer,Enterprise,Retail,Canada,Hybrid,Mid,11,Bachelor,0
723,Data Scientist,Medium,Education,Singapore,Onsite,Entry,3,Bachelor,1
724,Data Engineer,MNC,Education,Germany,Hybrid,Entry,3,PhD,0
725,Data Engineer,Startup,Finance,Germany,Hybrid,Senior,6,Master,1
726,Data Scientist,Startup,Technology,India,Onsite,Entry,5,Master,0
727,Machine Learning Engineer,Medium,Healthcare,USA,Hybrid,Mid,11,Bachelor,1
728,AI Engineer,MNC,Education,Singapore,Hybrid,Mid,6,Bachelor,1
729,Business Analyst,Medium,Retail,Australia,Hybrid,Entry,8,Master,1
730,Data Scientist,MNC,Education,Singapore,Remote,Senior,13,Bachelor,1
731,Data Scientist,Startup,Healthcare,Singapore,Onsite,Senior,6,PhD,0
732,Data Engineer,Enterprise,Technology,Singapore,Hybrid,Senior,2,Master,1
733,Business Analyst,Medium,Retail,Singapore,Hybrid,Senior,1,PhD,0
734,Business Analyst,MNC,E-commerce,Singapore,Onsite,Mid,13,Master,0
735,Data Analyst,Startup,Healthcare,Australia,Hybrid,Entry,0,Bachelor,1
736,Data Scientist,Medium,Technology,USA,Remote,Senior,1,PhD,0
737,Data Scientist,Enterprise,E-commerce,Australia,Hybrid,Entry,10,Bachelor,0
738,Data Scientist,Enterprise,Education,Germany,Onsite,Mid,10,PhD,1
739,Data Scientist,Startup,Retail,India,Hybrid,Senior,4,PhD,1
740,Business Analyst,Medium,Retail,Canada,Remote,Mid,1,Bachelor,0
741,AI Engineer,MNC,Finance,UK,Remote,Senior,13,PhD,1
742,AI Engineer,Medium,Technology,USA,Hybrid,Entry,10,PhD,0
743,Business Analyst,Startup,Technology,Singapore,Onsite,Mid,7,PhD,1
744,Data Analyst,Startup,E-commerce,Singapore,Remote,Senior,5,Bachelor,0
745,Business Analyst,Medium,Education,India,Hybrid,Entry,10,Bachelor,0
746,Data Analyst,Enterprise,Technology,Germany,Hybrid,Entry,8,Master,0
747,Data Scientist,Medium,Technology,UK,Remote,Entry,6,Bachelor,0
748,AI Engineer,Enterprise,Finance,USA,Hybrid,Senior,8,Master,0
749,AI Engineer,MNC,Technology,India,Remote,Mid,7,Master,0
750,AI Engineer,MNC,Retail,Singapore,Remote,Senior,11,Master,0
751,Business Analyst,Medium,Healthcare,Canada,Remote,Entry,2,Bachelor,1
752,Business Analyst,Enterprise,Education,Singapore,Hybrid,Senior,11,PhD,1
753,Data Analyst,Startup,E-commerce,Germany,Hybrid,Entry,1,Bachelor,1
754,Machine Learning Engineer,Medium,Technology,Canada,Onsite,Entry,1,PhD,0
755,Data Scientist,Enterprise,E-commerce,Australia,Remote,Senior,7,Bachelor,0
756,Business Analyst,Startup,Finance,Germany,Hybrid,Senior,6,Master,0
757,Machine Learning Engineer,Enterprise,Technology,UK,Hybrid,Entry,3,Bachelor,1
758,AI Engineer,Medium,Education,Germany,Hybrid,Senior,2,Master,0
759,Data Engineer,MNC,Retail,India,Onsite,Senior,10,Bachelor,1
760,Data Scientist,Medium,E-commerce,India,Remote,Mid,1,Master,1
761,Data Analyst,Startup,Healthcare,Singapore,Remote,Entry,10,Bachelor,1
762,AI Engineer,Medium,Healthcare,India,Onsite,Entry,10,Bachelor,1
763,Machine Learning Engineer,Startup,Healthcare,USA,Onsite,Senior,5,Bachelor,0
764,Data Engineer,Enterprise,Technology,Australia,Remote,Entry,6,Master,0
765,AI Engineer,Enterprise,Healthcare,Australia,Hybrid,Mid,12,Bachelor,0
766,Data Scientist,Startup,Retail,Germany,Remote,Entry,8,Master,1
767,Business Analyst,Medium,E-commerce,Canada,Hybrid,Mid,12,Bachelor,0
768,Business Analyst,Medium,Technology,Canada,Remote,Mid,5,Master,0
769,Business Analyst,Medium,Finance,Germany,Onsite,Entry,1,PhD,0
770,Data Analyst,Medium,Healthcare,Singapore,Onsite,Entry,5,PhD,1
771,Data Scientist,Medium,Retail,Germany,Onsite,Mid,8,Master,0
772,Business Analyst,Medium,Finance,USA,Hybrid,Mid,5,Master,0
773,Data Engineer,MNC,Retail,USA,Remote,Senior,9,PhD,1
774,AI Engineer,Medium,Finance,USA,Hybrid,Mid,0,Bachelor,1
775,Machine Learning Engineer,Medium,Healthcare,India,Remote,Mid,4,PhD,1
776,Data Engineer,Medium,Healthcare,Australia,Hybrid,Entry,10,PhD,0
777,Data Scientist,Startup,Healthcare,India,Onsite,Mid,6,Bachelor,1
778,AI Engineer,Enterprise,Education,Singapore,Hybrid,Mid,8,Bachelor,1
779,Business Analyst,Startup,E-commerce,Singapore,Hybrid,Senior,3,Bachelor,0
780,Machine Learning Engineer,MNC,E-commerce,USA,Onsite,Entry,5,Master,1
781,AI Engineer,Enterprise,Retail,Canada,Hybrid,Entry,5,Bachelor,1
782,Data Scientist,Startup,E-commerce,Canada,Onsite,Mid,0,Bachelor,1
783,Data Scientist,Startup,Education,Australia,Onsite,Entry,2,Master,1
784,Data Analyst,Enterprise,Education,Canada,Remote,Mid,5,PhD,0
785,Business Analyst,Medium,Education,Germany,Onsite,Entry,3,Bachelor,0
786,AI Engineer,Startup,E-commerce,Canada,Remote,Senior,4,Master,0
787,Business Analyst,Medium,Retail,Australia,Hybrid,Entry,11,Bachelor,1
788,Data Scientist,Medium,Technology,Australia,Onsite,Mid,8,Master,1
789,Data Scientist,Startup,Healthcare,Canada,Hybrid,Mid,10,Bachelor,1
790,Machine Learning Engineer,Enterprise,Finance,USA,Remote,Entry,8,Bachelor,1
791,Data Engineer,Medium,Retail,Australia,Onsite,Entry,7,Master,1
792,Business Analyst,Medium,Technology,Canada,Hybrid,Senior,6,Bachelor,1
793,Data Scientist,Startup,Technology,India,Remote,Senior,13,Bachelor,0
794,AI Engineer,MNC,Healthcare,UK,Hybrid,Entry,3,Bachelor,1
795,Data Scientist,Enterprise,Retail,Germany,Onsite,Entry,12,Master,1
796,Data Scientist,Enterprise,Finance,Germany,Remote,Mid,2,Bachelor,0
797,Data Engineer,Enterprise,Education,Singapore,Remote,Senior,3,Master,1
798,AI Engineer,Startup,E-commerce,Singapore,Hybrid,Entry,10,Bachelor,0
799,AI Engineer,Enterprise,Healthcare,Singapore,Remote,Entry,0,PhD,1
800,Business Analyst,Medium,Finance,UK,Onsite,Senior,4,Master,0
801,AI Engineer,Medium,E-commerce,Singapore,Hybrid,Senior,5,PhD,0
802,Machine Learning Engineer,Medium,Education,Canada,Remote,Senior,11,Bachelor,1
803,Business Analyst,Enterprise,E-commerce,USA,Hybrid,Entry,9,Bachelor,0
804,Machine Learning Engineer,Medium,Retail,Germany,Onsite,Entry,14,Bachelor,1
805,Machine Learning Engineer,Medium,Healthcare,India,Onsite,Entry,6,PhD,1
806,Machine Learning Engineer,MNC,Finance,USA,Hybrid,Entry,12,Master,1
807,Data Scientist,Enterprise,Finance,India,Hybrid,Senior,9,PhD,0
808,Machine Learning Engineer,Startup,Retail,Canada,Remote,Mid,3,Master,0
809,AI Engineer,Enterprise,Healthcare,Singapore,Remote,Entry,0,Master,0
810,Machine Learning Engineer,Startup,Retail,Canada,Remote,Senior,14,Master,1
811,AI Engineer,Startup,Technology,USA,Remote,Senior,10,Master,0
812,AI Engineer,Enterprise,Education,India,Remote,Entry,0,Master,1
813,Business Analyst,Medium,Retail,UK,Onsite,Mid,4,Bachelor,0
814,Machine Learning Engineer,Enterprise,Retail,Australia,Remote,Mid,6,Bachelor,1
815,Machine Learning Engineer,Startup,E-commerce,Germany,Hybrid,Entry,14,PhD,0
816,Business Analyst,MNC,Technology,UK,Onsite,Entry,1,Master,1
817,Machine Learning Engineer,Startup,Healthcare,USA,Remote,Senior,11,Bachelor,1
818,Business Analyst,MNC,Technology,India,Onsite,Entry,8,Bachelor,1
819,Data Analyst,Startup,Education,India,Remote,Mid,0,PhD,0
820,Data Scientist,MNC,Retail,Canada,Onsite,Senior,5,Bachelor,0
821,Business Analyst,MNC,Finance,USA,Hybrid,Senior,14,Master,0
822,AI Engineer,Medium,E-commerce,Australia,Onsite,Mid,12,Bachelor,1
823,Machine Learning Engineer,Startup,Education,Germany,Hybrid,Senior,11,PhD,0
824,Data Scientist,Medium,E-commerce,Singapore,Hybrid,Senior,0,Master,1
825,AI Engineer,MNC,Retail,Australia,Onsite,Senior,1,Master,1
826,Data Scientist,Medium,E-commerce,India,Remote,Mid,13,Master,1
827,Data Analyst,Enterprise,Retail,Australia,Hybrid,Entry,14,Master,0
828,Data Analyst,Startup,E-commerce,Australia,Remote,Entry,1,Bachelor,0
829,Data Scientist,MNC,Finance,Germany,Hybrid,Mid,0,PhD,1
830,Machine Learning Engineer,Startup,E-commerce,UK,Onsite,Mid,13,Bachelor,0
831,Data Scientist,Medium,Healthcare,India,Hybrid,Entry,9,Master,1
832,Business Analyst,Medium,Finance,Canada,Remote,Mid,5,PhD,0
833,Data Engineer,MNC,Retail,India,Remote,Entry,6,Master,0
834,Data Analyst,MNC,Education,Germany,Remote,Senior,1,Bachelor,1
835,Machine Learning Engineer,Startup,E-commerce,Singapore,Onsite,Entry,8,PhD,0
836,Data Analyst,Enterprise,E-commerce,India,Hybrid,Senior,7,PhD,1
837,Business Analyst,Startup,Education,India,Onsite,Senior,4,Master,1
838,AI Engineer,Medium,Technology,Australia,Hybrid,Entry,14,PhD,0
839,Machine Learning Engineer,MNC,Technology,Australia,Remote,Entry,6,Master,1
840,AI Engineer,Medium,Education,Germany,Remote,Mid,9,Master,0
841,Business Analyst,Enterprise,Finance,USA,Remote,Entry,8,Bachelor,1
842,Data Engineer,Startup,E-commerce,USA,Hybrid,Mid,12,Bachelor,0
843,Data Scientist,Medium,Finance,Canada,Remote,Entry,7,Master,0
844,Data Analyst,MNC,Finance,USA,Remote,Senior,4,Master,1
845,Machine Learning Engineer,Enterprise,Education,Singapore,Remote,Entry,13,Bachelor,1
846,AI Engineer,MNC,Finance,Germany,Onsite,Senior,11,Bachelor,1
847,Business Analyst,Enterprise,E-commerce,Canada,Remote,Mid,13,PhD,1
848,Machine Learning Engineer,Medium,Finance,Singapore,Hybrid,Entry,13,PhD,1
849,Data Scientist,Startup,Retail,Germany,Remote,Mid,3,Master,0
850,AI Engineer,Enterprise,Retail,Singapore,Onsite,Mid,7,PhD,0
851,Data Analyst,Startup,Healthcare,Germany,Remote,Mid,8,PhD,1
852,Data Engineer,Startup,Finance,Singapore,Onsite,Senior,5,Master,1
853,Data Engineer,Startup,Finance,Australia,Onsite,Entry,10,Master,1
854,Machine Learning Engineer,Medium,Technology,Australia,Remote,Mid,5,Master,0
855,Data Analyst,Enterprise,Healthcare,Australia,Remote,Senior,5,Bachelor,0
856,Data Engineer,Startup,Education,USA,Onsite,Entry,2,Bachelor,0
857,Data Scientist,Medium,Healthcare,UK,Remote,Entry,7,Bachelor,0
858,Data Scientist,Startup,Finance,Australia,Onsite,Mid,4,Master,0
859,Data Engineer,Medium,Healthcare,Germany,Hybrid,Mid,2,Bachelor,1
860,Machine Learning Engineer,Medium,Education,Canada,Remote,Senior,0,Bachelor,1
861,Data Engineer,Medium,E-commerce,UK,Hybrid,Entry,13,Bachelor,0
862,AI Engineer,Medium,Healthcare,India,Hybrid,Senior,2,Bachelor,0
863,Business Analyst,Enterprise,E-commerce,Singapore,Hybrid,Mid,8,PhD,0
864,Data Analyst,Enterprise,E-commerce,Canada,Onsite,Mid,6,Bachelor,1
865,Data Engineer,Startup,Retail,Germany,Hybrid,Mid,11,Master,1
866,Data Analyst,MNC,Education,UK,Onsite,Entry,5,Bachelor,0
867,AI Engineer,Enterprise,Education,Germany,Remote,Entry,1,Bachelor,0
868,Machine Learning Engineer,Startup,Technology,Germany,Onsite,Entry,4,PhD,1
869,Data Scientist,MNC,Retail,India,Hybrid,Mid,3,PhD,1
870,AI Engineer,MNC,Retail,USA,Hybrid,Entry,3,Bachelor,1
871,Data Analyst,Startup,Finance,Canada,Hybrid,Mid,14,PhD,0
872,AI Engineer,Startup,Education,Australia,Hybrid,Mid,14,PhD,0
873,Data Engineer,Medium,Retail,USA,Hybrid,Mid,4,PhD,0
874,Machine Learning Engineer,Startup,Retail,USA,Hybrid,Senior,6,Bachelor,0
875,Machine Learning Engineer,Startup,Retail,UK,Remote,Senior,9,Bachelor,0
876,AI Engineer,Medium,Finance,Germany,Onsite,Senior,7,Bachelor,0
877,Data Analyst,Medium,Education,India,Onsite,Senior,7,Bachelor,1
878,Data Engineer,Medium,Technology,India,Remote,Senior,10,PhD,1
879,Data Engineer,Enterprise,E-commerce,UK,Remote,Entry,2,PhD,0
880,Business Analyst,MNC,Education,Singapore,Hybrid,Mid,10,Bachelor,0
881,Data Scientist,MNC,Education,UK,Remote,Entry,8,Master,0
882,Data Scientist,MNC,Retail,UK,Hybrid,Senior,6,PhD,1
883,Business Analyst,Enterprise,E-commerce,Germany,Hybrid,Entry,5,PhD,1
884,Data Engineer,Medium,E-commerce,USA,Remote,Mid,9,Master,0
885,Business Analyst,Startup,Education,India,Onsite,Entry,3,Master,1
886,Machine Learning Engineer,Medium,Retail,Australia,Hybrid,Senior,13,Bachelor,1
887,Data Scientist,Startup,Retail,UK,Onsite,Entry,13,Master,0
888,AI Engineer,Enterprise,Healthcare,UK,Onsite,Mid,13,Bachelor,0
889,Business Analyst,Enterprise,Education,Canada,Hybrid,Entry,14,PhD,0
890,Data Scientist,Startup,Education,Canada,Onsite,Senior,13,Bachelor,0
891,AI Engineer,MNC,Education,India,Hybrid,Mid,7,Master,1
892,AI Engineer,MNC,E-commerce,Australia,Remote,Mid,0,Bachelor,1
893,AI Engineer,Medium,Education,UK,Remote,Entry,14,PhD,0
894,Data Analyst,MNC,Education,India,Hybrid,Entry,4,Bachelor,1
895,Data Analyst,Startup,Technology,UK,Remote,Entry,13,Master,0
896,AI Engineer,Medium,Healthcare,India,Onsite,Entry,2,PhD,1
897,Data Analyst,Startup,Technology,Canada,Hybrid,Entry,11,Bachelor,1
898,Data Analyst,MNC,E-commerce,Germany,Hybrid,Mid,1,Master,1
899,Machine Learning Engineer,MNC,Education,USA,Onsite,Entry,14,Bachelor,0
900,Data Scientist,MNC,E-commerce,Singapore,Remote,Entry,6,Master,1
901,Machine Learning Engineer,Startup,E-commerce,Germany,Hybrid,Senior,12,PhD,1
902,Data Scientist,Medium,Healthcare,India,Hybrid,Entry,3,Master,0
903,Machine Learning Engineer,Medium,E-commerce,India,Remote,Entry,10,PhD,1
904,AI Engineer,Startup,Retail,Australia,Remote,Mid,13,PhD,1
905,Data Engineer,Startup,Healthcare,USA,Onsite,Senior,9,Bachelor,1
906,Data Engineer,MNC,E-commerce,UK,Remote,Mid,4,Bachelor,0
907,AI Engineer,MNC,Healthcare,Singapore,Hybrid,Entry,1,PhD,1
908,AI Engineer,Medium,Education,USA,Remote,Senior,9,Bachelor,1
909,Machine Learning Engineer,Enterprise,Healthcare,India,Hybrid,Mid,7,PhD,0
910,Data Engineer,Medium,E-commerce,Australia,Remote,Entry,4,PhD,1
911,Data Scientist,Medium,Retail,USA,Remote,Senior,3,Bachelor,1
912,Business Analyst,MNC,Finance,Singapore,Hybrid,Senior,5,PhD,0
913,Business Analyst,Enterprise,Retail,UK,Hybrid,Senior,1,Master,1
914,Data Engineer,Enterprise,E-commerce,USA,Onsite,Mid,12,Bachelor,1
915,Data Analyst,Medium,Technology,India,Onsite,Senior,4,PhD,0
916,Data Scientist,Startup,Finance,Singapore,Onsite,Mid,10,PhD,0
917,Machine Learning Engineer,Medium,Technology,Germany,Onsite,Mid,12,Bachelor,1
918,AI Engineer,MNC,Retail,Canada,Onsite,Senior,14,Master,1
919,Data Engineer,Startup,Retail,Germany,Onsite,Entry,10,Bachelor,1
920,AI Engineer,Enterprise,Finance,USA,Onsite,Mid,2,PhD,0
921,Business Analyst,Medium,Education,Singapore,Hybrid,Mid,13,Master,1
922,Data Engineer,Enterprise,Technology,Germany,Remote,Mid,2,Bachelor,1
923,Business Analyst,Startup,Technology,USA,Remote,Entry,3,Bachelor,0
924,Data Scientist,MNC,Healthcare,USA,Onsite,Mid,10,Master,1
925,Data Scientist,Enterprise,Technology,Canada,Onsite,Mid,1,PhD,0
926,Business Analyst,Enterprise,Retail,Australia,Onsite,Senior,7,Bachelor,1
927,Data Scientist,Enterprise,Healthcare,USA,Hybrid,Entry,0,Master,1
928,Data Engineer,Medium,E-commerce,India,Hybrid,Senior,6,Bachelor,1
929,Data Engineer,Startup,Education,India,Hybrid,Mid,7,Master,0
930,Data Engineer,MNC,Healthcare,UK,Onsite,Senior,7,PhD,1
931,Business Analyst,Enterprise,Finance,Australia,Onsite,Senior,4,Bachelor,0
932,Data Scientist,MNC,Technology,UK,Hybrid,Mid,8,PhD,0
933,Machine Learning Engineer,Medium,Education,Canada,Onsite,Entry,13,PhD,1
934,Data Scientist,Medium,E-commerce,India,Onsite,Senior,14,PhD,0
935,Machine Learning Engineer,Startup,Retail,India,Remote,Mid,13,PhD,0
936,AI Engineer,Enterprise,Healthcare,Singapore,Onsite,Mid,0,Master,1
937,Business Analyst,MNC,Education,Singapore,Remote,Senior,8,Master,0
938,Data Scientist,Enterprise,E-commerce,Canada,Hybrid,Entry,10,PhD,0
939,Data Scientist,Medium,Finance,India,Onsite,Entry,7,Bachelor,1
940,Data Analyst,Medium,Technology,Singapore,Remote,Entry,2,Master,0
941,Data Analyst,MNC,Education,India,Hybrid,Entry,4,Bachelor,1
942,Data Analyst,MNC,Healthcare,Australia,Remote,Entry,0,PhD,0
943,Data Engineer,Enterprise,Education,India,Hybrid,Mid,14,PhD,1
944,Data Engineer,Enterprise,Healthcare,Canada,Remote,Mid,12,PhD,1
945,Business Analyst,Startup,Technology,Germany,Remote,Mid,10,Bachelor,0
946,Data Analyst,MNC,Finance,Canada,Remote,Senior,7,Bachelor,1
947,AI Engineer,Enterprise,Healthcare,Singapore,Hybrid,Entry,2,Bachelor,0
948,Machine Learning Engineer,Medium,Retail,Singapore,Onsite,Mid,8,Bachelor,0
949,Business Analyst,Medium,Retail,USA,Remote,Mid,3,Bachelor,1
950,Data Scientist,Enterprise,Finance,Canada,Remote,Senior,0,Master,1
951,Machine Learning Engineer,Enterprise,Education,Germany,Hybrid,Entry,4,PhD,0
952,Data Scientist,Enterprise,Healthcare,Canada,Onsite,Mid,5,Master,1
953,Business Analyst,Medium,Education,Singapore,Hybrid,Mid,7,PhD,0
954,Data Engineer,Enterprise,Retail,Germany,Hybrid,Senior,11,PhD,1
955,Data Engineer,Enterprise,Healthcare,Germany,Remote,Mid,10,PhD,1
956,Data Engineer,MNC,E-commerce,Germany,Remote,Mid,12,Master,1
957,Machine Learning Engineer,MNC,E-commerce,USA,Remote,Mid,5,Master,0
958,Business Analyst,Enterprise,Healthcare,Singapore,Remote,Entry,6,PhD,0
959,AI Engineer,Medium,Retail,Australia,Onsite,Entry,4,PhD,1
960,Data Scientist,Medium,Education,Germany,Hybrid,Senior,2,Bachelor,1
961,Business Analyst,Startup,E-commerce,USA,Onsite,Mid,12,PhD,1
962,Machine Learning Engineer,Startup,Education,Singapore,Onsite,Mid,8,Master,0
963,Machine Learning Engineer,Startup,E-commerce,USA,Remote,Senior,10,Master,1
964,Machine Learning Engineer,MNC,E-commerce,India,Hybrid,Entry,8,PhD,1
965,Data Analyst,Enterprise,Education,UK,Remote,Senior,10,PhD,1
966,Data Scientist,Startup,Retail,UK,Onsite,Mid,13,Master,1
967,Business Analyst,Enterprise,Education,India,Hybrid,Senior,1,Bachelor,0
968,Data Scientist,Startup,E-commerce,Singapore,Onsite,Mid,2,Bachelor,1
969,Data Analyst,Startup,Finance,Canada,Hybrid,Mid,1,Master,1
970,Data Engineer,MNC,E-commerce,Germany,Hybrid,Senior,5,Master,0
971,Data Engineer,Startup,Healthcare,Germany,Onsite,Senior,4,PhD,0
972,AI Engineer,Enterprise,Healthcare,Singapore,Onsite,Entry,6,PhD,1
973,Business Analyst,MNC,Finance,UK,Remote,Mid,13,PhD,0
974,AI Engineer,MNC,E-commerce,India,Remote,Entry,2,Bachelor,0
975,Machine Learning Engineer,MNC,Retail,India,Hybrid,Senior,0,Bachelor,0
976,AI Engineer,Enterprise,Finance,Australia,Remote,Mid,4,PhD,0
977,Data Engineer,Medium,E-commerce,Australia,Remote,Mid,0,Bachelor,1
978,Data Analyst,Enterprise,Retail,USA,Hybrid,Mid,4,Master,1
979,Data Engineer,MNC,E-commerce,UK,Onsite,Mid,4,Bachelor,0
980,Data Engineer,MNC,E-commerce,Singapore,Remote,Mid,1,PhD,1
981,Data Analyst,Enterprise,E-commerce,UK,Onsite,Senior,8,Bachelor,1
982,Business Analyst,MNC,Retail,Germany,Onsite,Senior,12,Bachelor,0
983,Machine Learning Engineer,MNC,E-commerce,Singapore,Hybrid,Entry,3,Master,0
984,Data Engineer,Enterprise,Retail,USA,Onsite,Entry,4,Master,1
985,Machine Learning Engineer,Medium,Retail,Singapore,Onsite,Entry,7,Master,0
986,AI Engineer,Enterprise,Technology,Canada,Remote,Senior,6,PhD,1
987,Machine Learning Engineer,MNC,Education,Australia,Hybrid,Mid,8,Master,1
988,AI Engineer,MNC,Education,Singapore,Remote,Entry,11,PhD,1
989,AI Engineer,Startup,Finance,Singapore,Onsite,Entry,13,Bachelor,0
990,Data Engineer,Enterprise,Technology,India,Remote,Mid,12,PhD,1
991,Data Engineer,Startup,Finance,Australia,Onsite,Mid,10,PhD,1
992,Business Analyst,Startup,Finance,USA,Remote,Mid,12,PhD,1
993,Data Engineer,MNC,Education,India,Remote,Mid,8,Master,0
994,Data Scientist,MNC,Education,UK,Onsite,Mid,9,PhD,1
995,Data Analyst,MNC,Finance,UK,Hybrid,Senior,12,Master,1
996,Machine Learning Engineer,MNC,Education,Germany,Hybrid,Senior,7,Master,1
997,Business Analyst,Startup,Retail,UK,Hybrid,Mid,11,PhD,0
998,Business Analyst,Startup,E-commerce,India,Onsite,Senior,2,Master,0
999,Business Analyst,Medium,Healthcare,UK,Onsite,Entry,3,Bachelor,1
1000,AI Engineer,Startup,Technology,India,Onsite,Senior,13,Master,0
1001,Business Analyst,Enterprise,Finance,UK,Onsite,Mid,10,Bachelor,1
1002,Machine Learning Engineer,Startup,Technology,USA,Remote,Senior,5,Master,0
1003,Data Scientist,Medium,Education,Germany,Onsite,Entry,11,Master,1
1004,Machine Learning Engineer,Enterprise,Retail,UK,Hybrid,Senior,11,PhD,1
1005,AI Engineer,Medium,E-commerce,Singapore,Hybrid,Entry,5,Master,1
1006,AI Engineer,Medium,Healthcare,UK,Hybrid,Entry,5,Bachelor,1
1007,Data Scientist,Medium,Healthcare,India,Onsite,Mid,13,PhD,1
1008,Machine Learning Engineer,Medium,Retail,Germany,Hybrid,Mid,10,Bachelor,0
1009,AI Engineer,MNC,Finance,Australia,Onsite,Entry,7,Bachelor,0
1010,Data Engineer,MNC,Finance,Singapore,Hybrid,Entry,7,Master,1
1011,Data Scientist,Medium,Finance,USA,Hybrid,Entry,6,Master,0
1012,Data Engineer,Enterprise,Finance,Singapore,Remote,Entry,14,Master,0
1013,AI Engineer,Startup,Technology,Australia,Hybrid,Entry,0,PhD,0
1014,Data Engineer,Enterprise,E-commerce,UK,Hybrid,Entry,0,PhD,1
1015,Data Scientist,MNC,Retail,UK,Hybrid,Senior,3,Bachelor,1
1016,Machine Learning Engineer,MNC,Technology,Germany,Remote,Senior,7,Bachelor,1
1017,AI Engineer,Enterprise,E-commerce,USA,Onsite,Mid,6,Bachelor,1
1018,Data Analyst,Startup,Finance,Germany,Onsite,Senior,5,Master,0
1019,Data Scientist,Startup,Technology,Canada,Onsite,Entry,3,Bachelor,1
1020,Data Engineer,Enterprise,Education,Singapore,Hybrid,Entry,2,Bachelor,1
1021,Data Scientist,MNC,Education,Germany,Onsite,Senior,4,Master,0
1022,Data Analyst,MNC,Education,USA,Onsite,Entry,5,Bachelor,1
1023,Data Engineer,Startup,Retail,USA,Hybrid,Entry,7,Master,1
1024,Data Engineer,MNC,Healthcare,Germany,Hybrid,Senior,14,Master,1
1025,Data Analyst,MNC,Retail,Singapore,Hybrid,Senior,0,PhD,0
1026,Machine Learning Engineer,MNC,Education,Canada,Hybrid,Senior,11,Bachelor,1
1027,Business Analyst,Enterprise,E-commerce,Canada,Remote,Entry,13,Master,1
1028,Data Engineer,Medium,E-commerce,USA,Remote,Senior,8,Master,0
1029,Data Scientist,Startup,Technology,India,Onsite,Senior,8,Bachelor,0
1030,Data Engineer,Startup,Education,Australia,Remote,Mid,13,Master,1
1031,AI Engineer,Medium,Technology,Australia,Onsite,Entry,5,Master,1
1032,AI Engineer,MNC,Finance,Germany,Onsite,Senior,1,PhD,1
1033,Data Analyst,Medium,Education,USA,Onsite,Entry,11,Master,1
1034,Data Engineer,MNC,Education,Singapore,Hybrid,Senior,6,Bachelor,0
1035,Business Analyst,Enterprise,Healthcare,Canada,Onsite,Mid,2,Master,0
1036,Data Engineer,MNC,Education,India,Onsite,Senior,9,Master,1
1037,Data Engineer,MNC,Education,Australia,Remote,Mid,5,Master,1
1038,Data Analyst,MNC,Education,India,Remote,Mid,12,Bachelor,1
1039,Data Analyst,Medium,Retail,Singapore,Remote,Senior,0,Bachelor,0
1040,Data Engineer,Medium,Education,Australia,Onsite,Mid,1,Bachelor,0
1041,Machine Learning Engineer,Startup,E-commerce,Canada,Remote,Senior,13,Bachelor,0
1042,Business Analyst,MNC,Education,USA,Onsite,Mid,14,Bachelor,0
1043,Machine Learning Engineer,MNC,Retail,Canada,Onsite,Senior,5,Master,0
1044,AI Engineer,Startup,Finance,Australia,Remote,Mid,4,Master,1
1045,Business Analyst,Startup,Finance,Australia,Hybrid,Entry,2,Bachelor,0
1046,Data Analyst,Enterprise,Finance,USA,Onsite,Mid,9,PhD,0
1047,Data Analyst,Startup,E-commerce,Australia,Hybrid,Entry,13,Master,1
1048,Machine Learning Engineer,MNC,Technology,UK,Hybrid,Senior,8,Master,0
1049,Data Engineer,MNC,Healthcare,USA,Hybrid,Entry,4,Bachelor,1
1050,AI Engineer,MNC,Retail,Singapore,Hybrid,Entry,13,Master,1
1051,Machine Learning Engineer,Startup,Education,India,Onsite,Mid,8,Master,0
1052,Data Analyst,MNC,E-commerce,Canada,Remote,Senior,10,Master,1
1053,Data Scientist,MNC,E-commerce,India,Remote,Entry,12,PhD,1
1054,Machine Learning Engineer,Startup,Retail,Singapore,Onsite,Mid,11,PhD,1
1055,Machine Learning Engineer,Enterprise,Technology,Germany,Hybrid,Senior,9,PhD,1
1056,Data Scientist,Startup,Finance,Singapore,Remote,Mid,3,PhD,0
1057,Data Analyst,Medium,Healthcare,USA,Hybrid,Senior,9,Bachelor,1
1058,Data Engineer,Startup,Technology,Germany,Hybrid,Senior,9,PhD,1
1059,Data Engineer,Enterprise,Retail,India,Remote,Mid,4,Bachelor,0
1060,Data Scientist,MNC,Healthcare,Singapore,Remote,Entry,12,Bachelor,1
1061,AI Engineer,Startup,E-commerce,Australia,Hybrid,Mid,4,PhD,1
1062,Machine Learning Engineer,MNC,E-commerce,Canada,Remote,Mid,11,Bachelor,0
1063,Data Scientist,Startup,E-commerce,Canada,Hybrid,Senior,7,PhD,0
1064,Business Analyst,Enterprise,Retail,Australia,Hybrid,Entry,0,Master,0
1065,AI Engineer,MNC,Retail,UK,Remote,Mid,4,Bachelor,1
1066,Data Engineer,MNC,Technology,Canada,Onsite,Mid,9,Master,1
1067,AI Engineer,Medium,Education,Canada,Remote,Senior,13,Bachelor,0
1068,AI Engineer,MNC,E-commerce,Germany,Remote,Entry,4,PhD,1
1069,Data Scientist,Startup,E-commerce,Singapore,Onsite,Entry,3,PhD,0
1070,Business Analyst,Enterprise,Healthcare,Germany,Remote,Entry,9,Bachelor,1
1071,Business Analyst,Enterprise,Education,Singapore,Remote,Mid,12,Bachelor,1
1072,Data Scientist,Startup,Retail,Singapore,Remote,Entry,9,Master,1
1073,AI Engineer,Medium,Retail,India,Remote,Senior,8,Master,0
1074,Machine Learning Engineer,Medium,Finance,Canada,Hybrid,Mid,11,Master,1
1075,Business Analyst,Medium,Technology,Canada,Onsite,Entry,3,Master,1
1076,Machine Learning Engineer,Enterprise,Education,USA,Hybrid,Mid,1,Master,0
1077,Business Analyst,MNC,Healthcare,UK,Hybrid,Senior,2,Bachelor,1
1078,Data Analyst,MNC,E-commerce,Australia,Hybrid,Mid,13,Master,0
1079,Data Analyst,Enterprise,Technology,Germany,Hybrid,Entry,12,Bachelor,1
1080,Machine Learning Engineer,MNC,Education,Canada,Remote,Senior,4,PhD,1
1081,Data Engineer,Startup,Retail,India,Hybrid,Entry,1,PhD,1
1082,Business Analyst,Startup,Education,Singapore,Remote,Senior,12,Master,0
1083,Business Analyst,Medium,Finance,India,Remote,Senior,10,PhD,0
1084,Business Analyst,Medium,Education,Singapore,Hybrid,Mid,7,Bachelor,1
1085,Data Scientist,MNC,Education,Canada,Onsite,Senior,6,Master,1
1086,Data Engineer,Enterprise,Technology,UK,Onsite,Entry,8,Master,0
1087,Data Scientist,Enterprise,Education,UK,Hybrid,Entry,1,Master,0
1088,Business Analyst,MNC,Education,Singapore,Hybrid,Mid,2,Master,0
1089,Data Engineer,Medium,Retail,Singapore,Hybrid,Senior,9,Master,1
1090,Data Analyst,Startup,Education,Australia,Hybrid,Senior,7,Master,1
1091,Business Analyst,MNC,Technology,Germany,Onsite,Mid,13,PhD,0
1092,Data Scientist,Enterprise,Retail,USA,Onsite,Senior,3,Bachelor,1
1093,Data Analyst,Enterprise,E-commerce,Singapore,Remote,Entry,2,PhD,0
1094,AI Engineer,Startup,Finance,Germany,Remote,Entry,5,Master,1
1095,AI Engineer,Enterprise,Finance,Canada,Remote,Senior,11,Master,1
1096,Business Analyst,Medium,Finance,Germany,Remote,Senior,5,Master,1
1097,Data Scientist,Startup,E-commerce,Germany,Hybrid,Senior,9,Bachelor,0
1098,Data Engineer,Startup,Technology,UK,Onsite,Senior,14,PhD,0
1099,AI Engineer,Enterprise,Technology,India,Hybrid,Entry,7,Bachelor,1
1100,Machine Learning Engineer,Startup,E-commerce,Germany,Remote,Entry,10,Master,1
1101,Data Scientist,Enterprise,Healthcare,Canada,Onsite,Entry,1,Master,0
1102,Data Engineer,MNC,Education,Canada,Remote,Entry,12,Master,1
1103,Data Scientist,Medium,Retail,Australia,Remote,Entry,13,Master,0
1104,Data Engineer,MNC,Healthcare,USA,Onsite,Entry,3,Master,1
1105,Data Scientist,Medium,Finance,Australia,Onsite,Senior,10,Master,0
1106,Business Analyst,Startup,Technology,UK,Hybrid,Entry,5,Master,0
1107,Business Analyst,Enterprise,Education,Germany,Onsite,Mid,13,PhD,1
1108,Machine Learning Engineer,Startup,Retail,Singapore,Remote,Mid,10,Master,0
1109,Data Analyst,MNC,Retail,Canada,Onsite,Mid,8,PhD,1
1110,AI Engineer,Medium,Education,Singapore,Hybrid,Senior,13,Bachelor,1
1111,Business Analyst,Medium,E-commerce,Singapore,Hybrid,Senior,9,PhD,1
1112,Data Scientist,MNC,E-commerce,India,Remote,Entry,14,Master,1
1113,Business Analyst,Startup,Finance,India,Onsite,Entry,1,Bachelor,1
1114,AI Engineer,Medium,Healthcare,Australia,Onsite,Mid,4,Bachelor,1
1115,AI Engineer,Startup,Healthcare,Australia,Onsite,Senior,10,Bachelor,1
1116,Business Analyst,Medium,Healthcare,Canada,Remote,Mid,9,Master,0
1117,Data Scientist,MNC,Finance,Australia,Remote,Entry,0,PhD,0
1118,AI Engineer,MNC,Retail,USA,Onsite,Mid,5,Bachelor,0
1119,Data Engineer,Enterprise,Technology,Germany,Remote,Mid,3,PhD,1
1120,Machine Learning Engineer,Medium,Education,USA,Hybrid,Mid,3,Master,1
1121,Business Analyst,Medium,Healthcare,Australia,Onsite,Mid,8,PhD,1
1122,Business Analyst,Medium,Technology,Australia,Remote,Entry,14,Bachelor,1
1123,Data Scientist,Startup,E-commerce,USA,Onsite,Entry,13,PhD,0
1124,Data Analyst,Startup,Retail,UK,Onsite,Senior,14,Bachelor,1
1125,Machine Learning Engineer,Startup,E-commerce,Singapore,Onsite,Entry,10,Bachelor,1
1126,Data Scientist,Startup,Healthcare,Singapore,Hybrid,Mid,12,PhD,1
1127,Business Analyst,MNC,E-commerce,Germany,Hybrid,Senior,3,Master,0
1128,AI Engineer,MNC,Healthcare,Australia,Onsite,Senior,4,PhD,0
1129,Business Analyst,Startup,Education,Germany,Hybrid,Entry,5,Master,1
1130,Business Analyst,Enterprise,Education,Australia,Remote,Entry,8,PhD,1
1131,Business Analyst,MNC,Finance,Canada,Hybrid,Mid,13,PhD,0
1132,Data Scientist,Medium,Education,USA,Onsite,Entry,14,PhD,1
1133,Business Analyst,Enterprise,Finance,Australia,Hybrid,Entry,10,Bachelor,0
1134,AI Engineer,MNC,Healthcare,UK,Remote,Senior,7,Bachelor,0
1135,Business Analyst,Medium,Technology,Canada,Hybrid,Senior,11,Bachelor,0
1136,Business Analyst,MNC,E-commerce,Canada,Onsite,Mid,14,PhD,0
1137,Data Scientist,Enterprise,Education,Canada,Onsite,Mid,4,Master,1
1138,AI Engineer,MNC,E-commerce,Singapore,Onsite,Mid,13,Master,1
1139,Data Analyst,Medium,Technology,USA,Remote,Senior,5,Master,1
1140,Machine Learning Engineer,Startup,E-commerce,Canada,Hybrid,Mid,7,Master,0
1141,Machine Learning Engineer,Startup,E-commerce,Australia,Hybrid,Senior,0,Bachelor,1
1142,Data Scientist,MNC,Education,India,Hybrid,Entry,9,PhD,0
1143,Data Analyst,MNC,Retail,USA,Onsite,Entry,1,Master,0
1144,Machine Learning Engineer,Startup,E-commerce,Singapore,Onsite,Entry,2,Bachelor,0
1145,Machine Learning Engineer,MNC,Education,Singapore,Hybrid,Mid,2,Bachelor,0
1146,AI Engineer,Enterprise,Finance,Singapore,Onsite,Entry,8,PhD,1
1147,Machine Learning Engineer,MNC,Technology,Singapore,Remote,Entry,8,PhD,0
1148,Business Analyst,Startup,Education,India,Hybrid,Mid,6,Master,0
1149,Machine Learning Engineer,Enterprise,E-commerce,Canada,Remote,Senior,11,Master,0
1150,Data Analyst,Startup,Finance,India,Hybrid,Senior,5,Bachelor,1
1151,Data Analyst,Enterprise,Finance,Singapore,Hybrid,Entry,13,Bachelor,1
1152,Business Analyst,MNC,Education,USA,Remote,Senior,9,Master,0
1153,Business Analyst,MNC,E-commerce,India,Onsite,Mid,5,PhD,0
1154,Data Engineer,Enterprise,Technology,India,Hybrid,Senior,9,Master,1
1155,AI Engineer,Enterprise,Healthcare,Singapore,Hybrid,Senior,4,PhD,1
1156,Machine Learning Engineer,MNC,E-commerce,USA,Onsite,Mid,8,Master,1
1157,Data Engineer,Startup,Healthcare,Germany,Hybrid,Mid,11,PhD,0
1158,Machine Learning Engineer,MNC,Retail,USA,Onsite,Mid,14,Master,1
1159,Machine Learning Engineer,Enterprise,Retail,Germany,Remote,Senior,12,PhD,1
1160,Data Scientist,Startup,Retail,Germany,Onsite,Senior,7,PhD,1
1161,Data Analyst,Startup,E-commerce,Germany,Onsite,Mid,9,Master,1
1162,AI Engineer,Medium,Retail,Australia,Remote,Entry,13,Master,1
1163,AI Engineer,Enterprise,Technology,UK,Onsite,Senior,4,PhD,1
1164,Business Analyst,Enterprise,Finance,Germany,Remote,Mid,14,Bachelor,0
1165,Business Analyst,MNC,E-commerce,Australia,Onsite,Senior,1,Master,1
1166,Data Analyst,MNC,Healthcare,Canada,Onsite,Senior,5,Bachelor,0
1167,Data Engineer,MNC,Healthcare,Singapore,Hybrid,Entry,11,PhD,1
1168,AI Engineer,Enterprise,Finance,Germany,Remote,Mid,6,Bachelor,1
1169,Data Scientist,Enterprise,E-commerce,UK,Onsite,Mid,13,Bachelor,0
1170,Data Engineer,Enterprise,Healthcare,Singapore,Hybrid,Entry,9,Master,0
1171,Machine Learning Engineer,Enterprise,Retail,USA,Remote,Senior,13,Master,1
1172,Business Analyst,Medium,Education,USA,Hybrid,Entry,9,PhD,1
1173,AI Engineer,Medium,Technology,UK,Remote,Senior,1,Master,0
1174,Data Engineer,Startup,Technology,Australia,Hybrid,Senior,2,Bachelor,0
1175,Machine Learning Engineer,Enterprise,Education,India,Remote,Entry,5,Master,1
1176,Business Analyst,Startup,Finance,USA,Onsite,Entry,8,PhD,1
1177,Data Scientist,Startup,Healthcare,Singapore,Onsite,Senior,12,PhD,0
1178,Data Analyst,Startup,Retail,India,Remote,Entry,8,Master,0
1179,AI Engineer,Enterprise,Education,UK,Remote,Entry,13,PhD,1
1180,Data Engineer,Startup,Finance,Canada,Remote,Entry,13,PhD,0
1181,Data Engineer,Medium,Technology,Germany,Onsite,Mid,14,PhD,0
1182,Data Engineer,Enterprise,Finance,Canada,Hybrid,Mid,6,Master,0
1183,Business Analyst,Startup,Technology,Canada,Onsite,Senior,7,Master,0
1184,Business Analyst,MNC,Technology,Australia,Onsite,Senior,2,Master,1
1185,Machine Learning Engineer,Medium,E-commerce,UK,Hybrid,Entry,14,Bachelor,0
1186,Machine Learning Engineer,MNC,Technology,USA,Hybrid,Entry,12,PhD,0
1187,Data Scientist,Startup,Healthcare,USA,Hybrid,Mid,8,Bachelor,1
1188,AI Engineer,MNC,Education,UK,Remote,Senior,8,PhD,1
1189,Business Analyst,Medium,E-commerce,USA,Hybrid,Entry,12,Master,0
1190,Business Analyst,Enterprise,E-commerce,Singapore,Remote,Senior,6,Master,0
1191,Data Scientist,Enterprise,Finance,Australia,Hybrid,Entry,1,PhD,1
1192,Data Engineer,Startup,Retail,USA,Remote,Senior,0,Bachelor,1
1193,Machine Learning Engineer,MNC,E-commerce,UK,Onsite,Mid,2,PhD,1
1194,Machine Learning Engineer,Enterprise,Technology,USA,Remote,Mid,6,PhD,1
1195,Data Engineer,MNC,E-commerce,UK,Remote,Entry,3,Master,1
1196,Data Scientist,Startup,Retail,India,Remote,Senior,4,Master,1
1197,Data Engineer,Enterprise,Education,Canada,Hybrid,Mid,8,Bachelor,1
1198,AI Engineer,Enterprise,E-commerce,UK,Hybrid,Mid,3,Bachelor,1
1199,Machine Learning Engineer,Medium,Retail,Australia,Remote,Mid,4,PhD,0
1200,Machine Learning Engineer,MNC,Finance,UK,Onsite,Entry,7,PhD,0
1201,AI Engineer,Medium,Finance,UK,Remote,Senior,5,Master,1
1202,Business Analyst,Medium,Technology,Canada,Hybrid,Mid,0,Bachelor,1
1203,Business Analyst,Medium,Healthcare,India,Hybrid,Mid,9,Bachelor,0
1204,Data Analyst,MNC,Finance,UK,Hybrid,Senior,14,Bachelor,1
1205,Data Engineer,Medium,Education,Canada,Remote,Mid,0,Master,0
1206,Data Engineer,MNC,Education,Canada,Hybrid,Senior,5,Master,1
1207,Machine Learning Engineer,Medium,Education,Canada,Hybrid,Senior,0,Master,0
1208,Data Scientist,MNC,Technology,USA,Remote,Mid,7,PhD,0
1209,AI Engineer,MNC,Finance,India,Remote,Mid,9,Bachelor,0
1210,Data Scientist,MNC,Healthcare,India,Remote,Senior,5,Bachelor,1
1211,Data Analyst,Medium,Education,Singapore,Remote,Entry,2,Master,0
1212,Business Analyst,MNC,E-commerce,Canada,Hybrid,Entry,9,PhD,1
1213,AI Engineer,Startup,Retail,India,Onsite,Mid,13,PhD,0
1214,Machine Learning Engineer,Startup,Education,Singapore,Remote,Entry,1,Master,1
1215,Machine Learning Engineer,MNC,Finance,Canada,Onsite,Mid,9,Bachelor,1
1216,Data Engineer,Startup,Education,Germany,Onsite,Entry,4,Bachelor,1
1217,Data Analyst,Enterprise,Finance,India,Hybrid,Senior,7,Bachelor,0
1218,Data Analyst,Medium,Retail,USA,Remote,Senior,12,PhD,0
1219,Machine Learning Engineer,Medium,E-commerce,Canada,Onsite,Mid,11,PhD,1
1220,Data Scientist,MNC,Retail,Australia,Remote,Mid,5,Bachelor,1
1221,Data Analyst,Medium,E-commerce,Australia,Onsite,Senior,11,PhD,0
1222,Business Analyst,Enterprise,Healthcare,UK,Onsite,Mid,8,Master,1
1223,Data Engineer,Enterprise,E-commerce,USA,Onsite,Entry,6,Bachelor,0
1224,Machine Learning Engineer,Enterprise,Technology,USA,Remote,Senior,13,Master,0
1225,Data Analyst,Startup,Healthcare,USA,Onsite,Mid,4,PhD,1
1226,Data Analyst,Startup,Technology,Canada,Remote,Entry,5,Master,1
1227,Machine Learning Engineer,Medium,Education,Canada,Onsite,Mid,5,Bachelor,1
1228,Data Engineer,MNC,Finance,USA,Hybrid,Senior,1,PhD,1
1229,Business Analyst,Medium,Retail,USA,Onsite,Mid,0,PhD,1
1230,Machine Learning Engineer,Startup,Technology,Australia,Onsite,Entry,13,PhD,0
1231,Data Engineer,Enterprise,E-commerce,Germany,Onsite,Senior,9,PhD,1
1232,Data Engineer,Enterprise,Technology,Germany,Hybrid,Mid,11,Master,0
1233,AI Engineer,MNC,E-commerce,Germany,Hybrid,Mid,13,Master,1
1234,Data Analyst,Medium,Education,Singapore,Remote,Entry,3,PhD,1
1235,Machine Learning Engineer,Startup,Healthcare,Canada,Hybrid,Entry,14,Master,0
1236,Machine Learning Engineer,Startup,Healthcare,USA,Hybrid,Mid,3,PhD,1
1237,Business Analyst,Medium,Healthcare,Germany,Remote,Mid,6,Bachelor,1
1238,Data Analyst,Medium,Healthcare,Singapore,Onsite,Entry,9,PhD,0
1239,AI Engineer,MNC,Retail,Germany,Onsite,Entry,9,PhD,0
1240,Business Analyst,Enterprise,Technology,Canada,Onsite,Senior,9,PhD,1
1241,Data Scientist,Enterprise,Healthcare,UK,Remote,Mid,9,Bachelor,0
1242,Data Engineer,Medium,Finance,Australia,Hybrid,Mid,2,Bachelor,0
1243,Data Engineer,MNC,E-commerce,Australia,Hybrid,Entry,6,PhD,1
1244,Data Engineer,Medium,Finance,India,Remote,Entry,7,PhD,0
1245,Machine Learning Engineer,Enterprise,E-commerce,Australia,Hybrid,Entry,5,PhD,0
1246,Data Engineer,Enterprise,Finance,USA,Remote,Senior,5,PhD,0
1247,Machine Learning Engineer,Enterprise,Retail,Germany,Onsite,Mid,7,Master,0
1248,AI Engineer,MNC,E-commerce,USA,Onsite,Senior,7,PhD,0
1249,Business Analyst,Enterprise,E-commerce,India,Remote,Mid,1,Master,0
1250,Business Analyst,Enterprise,Education,India,Onsite,Mid,6,Master,0
1251,Data Scientist,Startup,Healthcare,Canada,Remote,Entry,2,Master,0
1252,AI Engineer,Startup,Technology,Germany,Hybrid,Entry,9,PhD,1
1253,Business Analyst,MNC,Healthcare,Australia,Hybrid,Mid,12,PhD,1
1254,Business Analyst,Medium,Healthcare,Singapore,Remote,Mid,7,Bachelor,0
1255,Data Analyst,Medium,Retail,Singapore,Onsite,Senior,5,PhD,0
1256,Data Engineer,Enterprise,Healthcare,UK,Remote,Senior,14,Bachelor,1
1257,Machine Learning Engineer,Medium,Retail,USA,Hybrid,Mid,9,Bachelor,0
1258,Business Analyst,Enterprise,Finance,Australia,Remote,Senior,9,PhD,0
1259,AI Engineer,Startup,Education,USA,Remote,Mid,6,Bachelor,1
1260,Data Scientist,Enterprise,Technology,Canada,Onsite,Mid,10,Master,0
1261,Data Analyst,MNC,E-commerce,USA,Onsite,Senior,8,Bachelor,1
1262,Data Scientist,Medium,Healthcare,India,Remote,Entry,1,Bachelor,0
1263,Data Engineer,MNC,Healthcare,Singapore,Hybrid,Entry,2,PhD,0
1264,Data Scientist,MNC,Healthcare,India,Hybrid,Senior,6,Master,0
1265,Machine Learning Engineer,Medium,Technology,India,Onsite,Senior,1,Master,0
1266,Data Engineer,Medium,Retail,UK,Remote,Mid,14,PhD,0
1267,Business Analyst,Enterprise,Finance,Singapore,Remote,Mid,12,Bachelor,1
1268,Data Engineer,MNC,Technology,Canada,Hybrid,Senior,14,Bachelor,1
1269,Business Analyst,Startup,Healthcare,Germany,Remote,Entry,0,Bachelor,0
1270,Machine Learning Engineer,Startup,Finance,Canada,Hybrid,Senior,5,PhD,1
1271,Data Analyst,MNC,Education,Canada,Onsite,Senior,11,Master,0
1272,Business Analyst,Enterprise,Finance,USA,Onsite,Mid,10,Bachelor,0
1273,Machine Learning Engineer,Startup,Technology,India,Remote,Mid,9,Bachelor,0
1274,Business Analyst,Startup,E-commerce,India,Onsite,Entry,14,Master,1
1275,Data Scientist,MNC,Education,Australia,Hybrid,Mid,4,PhD,0
1276,Machine Learning Engineer,MNC,Finance,UK,Onsite,Senior,5,Master,0
1277,Data Engineer,Enterprise,E-commerce,India,Remote,Entry,3,Bachelor,0
1278,AI Engineer,Medium,Retail,USA,Remote,Entry,11,PhD,0
1279,Data Analyst,Medium,Finance,Singapore,Onsite,Mid,14,Bachelor,0
1280,Data Engineer,Startup,Healthcare,India,Hybrid,Senior,10,Master,0
1281,Data Scientist,Medium,Retail,USA,Hybrid,Senior,1,PhD,0
1282,Machine Learning Engineer,MNC,Finance,Australia,Remote,Senior,3,Bachelor,1
1283,Data Analyst,Enterprise,Healthcare,Singapore,Hybrid,Entry,13,Master,1
1284,Business Analyst,Medium,E-commerce,Australia,Remote,Mid,7,Master,0
1285,Data Engineer,Medium,Education,Germany,Remote,Entry,14,Bachelor,0
1286,Machine Learning Engineer,MNC,Technology,Germany,Remote,Mid,7,Master,0
1287,Data Analyst,Startup,Retail,Canada,Onsite,Senior,5,PhD,0
1288,Machine Learning Engineer,Enterprise,Retail,UK,Onsite,Senior,3,Master,0
1289,Business Analyst,Startup,E-commerce,Germany,Onsite,Mid,7,Master,1
1290,AI Engineer,MNC,Retail,USA,Hybrid,Entry,2,Bachelor,1
1291,Data Scientist,MNC,Education,UK,Onsite,Mid,9,Bachelor,1
1292,AI Engineer,Enterprise,Education,Australia,Onsite,Mid,0,Master,0
1293,Data Engineer,MNC,E-commerce,Australia,Remote,Senior,8,PhD,1
1294,Data Scientist,MNC,E-commerce,Singapore,Hybrid,Senior,3,Master,1
1295,Machine Learning Engineer,Enterprise,Retail,India,Remote,Mid,3,Master,1
1296,Business Analyst,Medium,E-commerce,UK,Onsite,Senior,2,Master,0
1297,Machine Learning Engineer,Medium,Healthcare,Singapore,Hybrid,Mid,2,Master,1
1298,Machine Learning Engineer,MNC,E-commerce,Canada,Remote,Mid,13,Master,0
1299,Data Engineer,Medium,Healthcare,UK,Onsite,Senior,4,PhD,1
1300,Machine Learning Engineer,Enterprise,Finance,India,Onsite,Senior,0,Bachelor,1
1301,AI Engineer,Medium,Healthcare,Australia,Onsite,Senior,13,Bachelor,1
1302,Data Engineer,Medium,Education,UK,Hybrid,Mid,4,Bachelor,0
1303,Data Scientist,Startup,Healthcare,USA,Onsite,Senior,7,Master,0
1304,Machine Learning Engineer,Startup,Technology,Australia,Hybrid,Entry,12,Bachelor,1
1305,AI Engineer,Medium,E-commerce,Singapore,Onsite,Senior,1,Bachelor,1
1306,Business Analyst,Startup,Retail,Singapore,Onsite,Entry,3,PhD,1
1307,Machine Learning Engineer,Medium,Healthcare,India,Remote,Mid,11,PhD,1
1308,Data Analyst,MNC,E-commerce,UK,Onsite,Entry,7,Bachelor,1
1309,Data Engineer,MNC,Healthcare,USA,Hybrid,Senior,11,Master,0
1310,AI Engineer,Medium,Finance,USA,Remote,Entry,13,Master,0
1311,AI Engineer,Medium,Finance,India,Hybrid,Entry,13,PhD,1
1312,Data Scientist,Startup,Technology,Germany,Onsite,Senior,13,Master,0
1313,Machine Learning Engineer,Startup,Finance,UK,Onsite,Mid,13,Bachelor,0
1314,Business Analyst,Startup,Retail,Singapore,Remote,Senior,7,Bachelor,0
1315,Business Analyst,Medium,Education,UK,Onsite,Senior,1,PhD,1
1316,AI Engineer,Enterprise,Healthcare,Australia,Remote,Mid,14,Master,1
1317,Business Analyst,Startup,Technology,USA,Onsite,Mid,11,Bachelor,1
1318,Machine Learning Engineer,MNC,Finance,UK,Hybrid,Mid,13,Bachelor,1
1319,Data Engineer,Startup,Finance,Germany,Onsite,Mid,5,Bachelor,0
1320,AI Engineer,Enterprise,E-commerce,India,Remote,Senior,11,Bachelor,1
1321,AI Engineer,Enterprise,Healthcare,Singapore,Remote,Senior,8,Bachelor,1
1322,Data Engineer,Enterprise,E-commerce,Singapore,Hybrid,Senior,10,Master,1
1323,Machine Learning Engineer,MNC,Education,USA,Onsite,Entry,5,Bachelor,0
1324,Machine Learning Engineer,Enterprise,Technology,Canada,Remote,Mid,3,Bachelor,1
1325,Machine Learning Engineer,MNC,Retail,Canada,Remote,Mid,11,Master,0
1326,Machine Learning Engineer,Medium,E-commerce,UK,Hybrid,Mid,7,Master,0
1327,Data Scientist,Medium,Retail,USA,Remote,Senior,10,Bachelor,1
1328,Data Analyst,Enterprise,Technology,UK,Remote,Mid,3,Bachelor,1
1329,Data Analyst,MNC,E-commerce,India,Onsite,Entry,7,Master,0
1330,Data Engineer,Enterprise,Retail,India,Onsite,Entry,12,Master,1
1331,Data Engineer,MNC,E-commerce,USA,Onsite,Mid,2,Master,1
1332,Data Analyst,Startup,Retail,Canada,Hybrid,Mid,9,PhD,1
1333,Business Analyst,Startup,E-commerce,India,Remote,Mid,9,PhD,0
1334,Data Scientist,Startup,Healthcare,Canada,Hybrid,Mid,5,Bachelor,0
1335,Business Analyst,Medium,Healthcare,Singapore,Onsite,Entry,6,Bachelor,1
1336,AI Engineer,Enterprise,Technology,India,Hybrid,Senior,8,Master,1
1337,Data Engineer,MNC,Technology,USA,Onsite,Senior,2,PhD,0
1338,Data Engineer,Startup,Healthcare,UK,Onsite,Mid,10,Bachelor,0
1339,Business Analyst,Startup,E-commerce,Canada,Remote,Senior,0,Bachelor,0
1340,Data Engineer,Startup,E-commerce,USA,Hybrid,Entry,14,Master,1
1341,Machine Learning Engineer,MNC,Finance,UK,Remote,Mid,10,Master,0
1342,Data Engineer,Medium,Healthcare,USA,Onsite,Senior,13,PhD,1
1343,AI Engineer,Enterprise,E-commerce,India,Remote,Senior,11,Bachelor,0
1344,Machine Learning Engineer,Medium,Education,Singapore,Hybrid,Entry,3,Bachelor,1
1345,Data Engineer,Medium,E-commerce,Canada,Hybrid,Mid,3,Master,1
1346,Business Analyst,Medium,Education,Germany,Onsite,Mid,7,Master,1
1347,Business Analyst,MNC,Technology,USA,Hybrid,Entry,5,Master,0
1348,Business Analyst,Medium,Education,India,Onsite,Senior,13,PhD,1
1349,Machine Learning Engineer,Startup,E-commerce,Canada,Remote,Entry,1,Master,0
1350,Data Engineer,Startup,Retail,UK,Onsite,Entry,14,Master,1
1351,Data Engineer,Startup,Education,Australia,Hybrid,Entry,4,PhD,0
1352,AI Engineer,Enterprise,Technology,Canada,Hybrid,Mid,5,Bachelor,1
1353,Data Analyst,Enterprise,E-commerce,USA,Onsite,Entry,14,Bachelor,1
1354,Data Analyst,Medium,Finance,USA,Hybrid,Mid,14,PhD,1
1355,Data Engineer,Enterprise,Education,India,Onsite,Senior,4,Master,1
1356,Data Scientist,MNC,Finance,USA,Remote,Entry,6,PhD,1
1357,Business Analyst,Enterprise,Education,Australia,Onsite,Entry,3,Master,1
1358,Data Scientist,Medium,Retail,Canada,Onsite,Entry,6,Master,0
1359,Machine Learning Engineer,Enterprise,E-commerce,Germany,Remote,Mid,6,Master,1
1360,Machine Learning Engineer,Enterprise,Healthcare,USA,Hybrid,Senior,12,Master,1
1361,Data Scientist,Medium,Education,USA,Remote,Mid,7,PhD,1
1362,Data Analyst,Medium,Finance,UK,Hybrid,Senior,10,PhD,0
1363,AI Engineer,Startup,Education,USA,Remote,Senior,7,Bachelor,1
1364,Machine Learning Engineer,Enterprise,Finance,Australia,Onsite,Senior,7,Bachelor,0
1365,Machine Learning Engineer,Enterprise,Finance,UK,Hybrid,Mid,1,Bachelor,1
1366,Data Analyst,Medium,Healthcare,Canada,Remote,Mid,6,Bachelor,0
1367,Data Analyst,Medium,Finance,Canada,Onsite,Senior,14,PhD,0
1368,Data Analyst,Startup,Retail,India,Remote,Senior,7,PhD,1
1369,Business Analyst,Startup,Finance,Australia,Hybrid,Mid,6,Bachelor,0
1370,Data Scientist,Enterprise,Technology,Germany,Onsite,Mid,8,Master,0
1371,Data Analyst,Startup,Education,Germany,Remote,Mid,5,Bachelor,0
1372,AI Engineer,MNC,Retail,USA,Hybrid,Mid,13,Bachelor,1
1373,Business Analyst,MNC,Healthcare,Canada,Remote,Mid,4,Bachelor,1
1374,Data Scientist,Enterprise,Technology,India,Remote,Mid,8,PhD,1
1375,AI Engineer,Enterprise,Finance,Germany,Onsite,Senior,3,Bachelor,1
1376,AI Engineer,MNC,E-commerce,Singapore,Onsite,Mid,1,Master,1
1377,Data Scientist,Medium,Retail,Germany,Remote,Entry,11,Master,0
1378,AI Engineer,Enterprise,E-commerce,Germany,Hybrid,Entry,3,Master,1
1379,Data Engineer,Enterprise,Technology,Australia,Hybrid,Entry,5,Master,0
1380,Machine Learning Engineer,Enterprise,Education,USA,Hybrid,Mid,1,PhD,1
1381,Data Engineer,Medium,Finance,UK,Onsite,Senior,9,Bachelor,1
1382,Data Analyst,MNC,E-commerce,UK,Onsite,Entry,4,PhD,0
1383,AI Engineer,Medium,E-commerce,Australia,Onsite,Mid,12,Master,1
1384,Machine Learning Engineer,Startup,Healthcare,Canada,Remote,Senior,9,PhD,0
1385,Data Analyst,Startup,E-commerce,Singapore,Hybrid,Entry,6,Master,1
1386,Data Scientist,MNC,Education,USA,Hybrid,Mid,3,Master,0
1387,Machine Learning Engineer,MNC,Healthcare,India,Onsite,Entry,2,Master,0
1388,Data Analyst,Medium,Retail,Germany,Remote,Mid,7,PhD,0
1389,AI Engineer,Enterprise,Education,USA,Hybrid,Entry,10,Master,1
1390,Business Analyst,Medium,Finance,Australia,Remote,Entry,6,Master,0
1391,Machine Learning Engineer,Medium,Education,USA,Hybrid,Entry,14,PhD,0
1392,AI Engineer,MNC,Retail,Germany,Onsite,Senior,10,Master,1
1393,Data Scientist,Medium,E-commerce,USA,Remote,Mid,2,Bachelor,0
1394,Business Analyst,Medium,Healthcare,Germany,Remote,Mid,2,Bachelor,0
1395,Data Analyst,MNC,E-commerce,Singapore,Remote,Entry,8,Bachelor,0
1396,AI Engineer,Enterprise,Healthcare,Australia,Remote,Senior,4,Bachelor,0
1397,Data Scientist,Startup,Technology,UK,Hybrid,Senior,11,Bachelor,1
1398,Data Engineer,Medium,E-commerce,Australia,Remote,Mid,11,PhD,0
1399,Data Engineer,Enterprise,Healthcare,UK,Remote,Entry,3,PhD,1
1400,AI Engineer,Enterprise,Healthcare,UK,Hybrid,Senior,12,Bachelor,0
1401,Data Analyst,Medium,Finance,Singapore,Onsite,Senior,9,Bachelor,1
1402,Business Analyst,MNC,Technology,USA,Onsite,Senior,11,PhD,1
1403,Data Engineer,MNC,E-commerce,Australia,Remote,Senior,2,Bachelor,0
1404,AI Engineer,Medium,Finance,Canada,Remote,Senior,11,Master,0
1405,AI Engineer,Medium,E-commerce,Singapore,Hybrid,Mid,14,Bachelor,0
1406,Data Engineer,MNC,Retail,USA,Hybrid,Mid,11,Bachelor,1
1407,AI Engineer,Medium,E-commerce,Australia,Hybrid,Mid,11,Master,0
1408,Data Scientist,Medium,Retail,India,Remote,Mid,3,Bachelor,0
1409,AI Engineer,Enterprise,Retail,India,Onsite,Mid,4,PhD,0
1410,Data Analyst,Startup,Education,USA,Remote,Entry,12,PhD,1
1411,Data Engineer,Startup,Finance,UK,Remote,Senior,4,PhD,1
1412,Data Scientist,MNC,Education,Canada,Hybrid,Entry,14,PhD,0
1413,Data Engineer,Medium,Finance,Singapore,Remote,Mid,10,Master,0
1414,Data Analyst,Enterprise,Finance,USA,Remote,Mid,8,Bachelor,0
1415,Data Engineer,Startup,Healthcare,UK,Remote,Mid,8,PhD,1
1416,Data Engineer,Medium,Technology,Canada,Hybrid,Entry,1,Master,0
1417,Data Analyst,Enterprise,Education,Singapore,Hybrid,Entry,9,Master,0
1418,Data Analyst,Startup,Finance,Canada,Hybrid,Mid,5,Master,1
1419,Machine Learning Engineer,Startup,Finance,Singapore,Remote,Mid,1,Bachelor,1
1420,Data Analyst,Startup,Healthcare,USA,Remote,Senior,13,PhD,1
1421,Data Scientist,Enterprise,Finance,UK,Hybrid,Senior,1,PhD,1
1422,Data Analyst,Startup,Retail,UK,Remote,Mid,6,Bachelor,1
1423,Machine Learning Engineer,MNC,Healthcare,Singapore,Onsite,Mid,1,Master,1
1424,AI Engineer,Startup,Finance,Australia,Onsite,Entry,14,Bachelor,0
1425,Data Scientist,Enterprise,Finance,Australia,Onsite,Mid,6,PhD,1
1426,Data Analyst,Startup,Healthcare,Singapore,Hybrid,Senior,1,Bachelor,1
1427,Data Analyst,Medium,Education,Canada,Remote,Mid,4,PhD,1
1428,Machine Learning Engineer,Enterprise,Technology,Canada,Onsite,Senior,2,Master,1
1429,Data Analyst,Enterprise,Education,UK,Hybrid,Senior,7,PhD,0
1430,Data Engineer,MNC,Retail,UK,Onsite,Senior,13,Master,1
1431,Business Analyst,Enterprise,Retail,Australia,Onsite,Mid,11,Master,0
1432,Data Engineer,MNC,Healthcare,UK,Hybrid,Senior,6,PhD,1
1433,Data Engineer,Medium,Technology,Germany,Onsite,Senior,9,Master,0
1434,Data Scientist,Enterprise,Healthcare,Canada,Remote,Senior,2,Bachelor,0
1435,Data Scientist,Medium,Finance,Singapore,Remote,Entry,2,Bachelor,1
1436,Data Scientist,Startup,Healthcare,India,Hybrid,Mid,5,Bachelor,1
1437,AI Engineer,Enterprise,Technology,Australia,Remote,Entry,1,Master,0
1438,Data Analyst,Startup,Healthcare,USA,Hybrid,Mid,10,Bachelor,1
1439,Data Engineer,Enterprise,Finance,India,Hybrid,Senior,2,Bachelor,0
1440,Data Analyst,MNC,Finance,Germany,Remote,Senior,12,Master,1
1441,Business Analyst,Medium,Healthcare,Germany,Hybrid,Senior,14,PhD,1
1442,Machine Learning Engineer,Enterprise,Technology,India,Remote,Mid,5,PhD,0
1443,AI Engineer,Startup,Technology,USA,Remote,Senior,1,Master,0
1444,Business Analyst,Enterprise,E-commerce,UK,Remote,Senior,12,PhD,0
1445,Data Scientist,Startup,Retail,USA,Remote,Entry,8,PhD,1
1446,Data Analyst,Medium,Finance,UK,Onsite,Mid,10,Master,1
1447,Business Analyst,Medium,E-commerce,Germany,Hybrid,Entry,5,Master,1
1448,Data Scientist,Enterprise,E-commerce,USA,Hybrid,Senior,12,Master,1
1449,Business Analyst,Enterprise,E-commerce,Canada,Hybrid,Entry,13,Master,1
1450,Data Analyst,Medium,Healthcare,USA,Hybrid,Mid,2,Master,0
1451,Data Analyst,Startup,Healthcare,India,Remote,Entry,9,Bachelor,1
1452,Machine Learning Engineer,Medium,Technology,Canada,Hybrid,Entry,13,Bachelor,0
1453,Data Engineer,Enterprise,Technology,USA,Hybrid,Mid,5,PhD,0
1454,Business Analyst,Enterprise,Education,India,Remote,Mid,8,Bachelor,0
1455,Machine Learning Engineer,Startup,Retail,India,Onsite,Mid,12,Bachelor,1
1456,Business Analyst,MNC,Healthcare,USA,Onsite,Mid,11,Bachelor,1
1457,Data Analyst,Medium,E-commerce,Australia,Hybrid,Entry,12,PhD,0
1458,Data Scientist,Enterprise,Education,UK,Hybrid,Senior,3,Bachelor,1
1459,Data Analyst,Medium,Technology,Singapore,Hybrid,Mid,10,Master,1
1460,Data Analyst,Medium,Finance,Germany,Hybrid,Entry,0,Master,0
1461,Business Analyst,Startup,Healthcare,UK,Hybrid,Mid,7,Bachelor,0
1462,Data Scientist,Enterprise,E-commerce,India,Remote,Senior,14,PhD,1
1463,Business Analyst,Enterprise,E-commerce,USA,Hybrid,Senior,12,Bachelor,1
1464,Data Engineer,Medium,Education,Australia,Remote,Mid,5,PhD,0
1465,Data Scientist,MNC,Technology,Australia,Onsite,Mid,0,PhD,1
1466,Data Scientist,Enterprise,Finance,Germany,Onsite,Entry,12,Bachelor,0
1467,Business Analyst,Enterprise,Retail,Canada,Hybrid,Mid,7,PhD,0
1468,AI Engineer,MNC,Education,Singapore,Onsite,Mid,2,Bachelor,1
1469,Data Scientist,Medium,Technology,Germany,Hybrid,Entry,11,Master,0
1470,AI Engineer,MNC,Retail,India,Remote,Senior,6,PhD,0
1471,Data Analyst,MNC,Technology,USA,Hybrid,Senior,13,PhD,0
1472,AI Engineer,MNC,Finance,Germany,Onsite,Senior,12,Master,0
1473,AI Engineer,Enterprise,E-commerce,India,Onsite,Senior,11,Bachelor,1
1474,Data Analyst,Startup,Finance,Singapore,Hybrid,Entry,6,Master,1
1475,Data Scientist,Medium,E-commerce,Canada,Hybrid,Senior,4,Master,0
1476,Data Analyst,Startup,Finance,India,Onsite,Entry,14,Bachelor,0
1477,Data Scientist,Medium,Education,Germany,Remote,Senior,3,PhD,1
1478,AI Engineer,MNC,Finance,India,Hybrid,Senior,5,Bachelor,0
1479,Machine Learning Engineer,Medium,Finance,UK,Onsite,Mid,7,Bachelor,1
1480,Business Analyst,MNC,Finance,Singapore,Onsite,Entry,9,Bachelor,0
1481,Data Scientist,Startup,Education,Germany,Onsite,Senior,7,Master,0
1482,Data Analyst,Medium,Education,Singapore,Hybrid,Senior,4,PhD,0
1483,Business Analyst,Enterprise,Education,Singapore,Hybrid,Entry,1,PhD,0
1484,Data Analyst,Startup,E-commerce,Germany,Remote,Entry,2,Bachelor,0
1485,Machine Learning Engineer,Enterprise,Healthcare,Germany,Hybrid,Mid,10,Bachelor,0
1486,Machine Learning Engineer,Enterprise,Finance,Germany,Hybrid,Mid,0,PhD,1
1487,AI Engineer,Medium,Healthcare,USA,Hybrid,Entry,14,Bachelor,1
1488,Data Analyst,Medium,Education,Singapore,Remote,Entry,11,PhD,1
1489,Data Scientist,MNC,Finance,Australia,Remote,Mid,11,PhD,0
1490,AI Engineer,Enterprise,Finance,USA,Remote,Mid,8,PhD,0
1491,Data Engineer,MNC,Retail,Singapore,Remote,Senior,1,Bachelor,0
1492,Data Engineer,Startup,E-commerce,Germany,Onsite,Entry,10,Master,1
1493,Business Analyst,MNC,Technology,USA,Onsite,Entry,11,Bachelor,0
1494,Data Engineer,Startup,Healthcare,UK,Remote,Mid,4,Master,1
1495,Business Analyst,Startup,Technology,Canada,Onsite,Entry,8,PhD,1
1496,Business Analyst,Startup,Retail,Canada,Onsite,Senior,12,Bachelor,0
1497,Data Scientist,Startup,Finance,Germany,Onsite,Mid,7,Master,0
1498,Machine Learning Engineer,MNC,Education,India,Remote,Entry,4,Bachelor,1
1499,Business Analyst,Startup,Finance,India,Remote,Senior,9,Master,0
1500,Machine Learning Engineer,Startup,Retail,UK,Remote,Senior,13,Master,1
1501,Data Analyst,Startup,Technology,Australia,Hybrid,Senior,4,PhD,1
1502,Data Analyst,MNC,Retail,Germany,Hybrid,Entry,0,Bachelor,0
1503,AI Engineer,Enterprise,E-commerce,India,Remote,Senior,5,Master,0
1504,Data Engineer,Startup,E-commerce,UK,Hybrid,Mid,11,Bachelor,0
1505,Machine Learning Engineer,MNC,Education,Germany,Onsite,Senior,4,PhD,1
1506,Data Engineer,MNC,Finance,Australia,Hybrid,Mid,0,Bachelor,0
1507,Data Scientist,Medium,Retail,UK,Onsite,Senior,5,Master,0
1508,Data Analyst,Medium,E-commerce,India,Hybrid,Senior,10,Master,0
1509,Business Analyst,Medium,Healthcare,Germany,Onsite,Mid,7,Bachelor,1
1510,Data Scientist,Startup,Technology,UK,Remote,Entry,10,PhD,0
1511,Machine Learning Engineer,Enterprise,Technology,Germany,Onsite,Mid,2,Bachelor,1
1512,Data Scientist,Enterprise,Healthcare,Canada,Hybrid,Mid,7,PhD,0
1513,Data Engineer,Startup,Finance,Australia,Onsite,Senior,14,Master,1
1514,Data Engineer,MNC,Healthcare,Canada,Remote,Mid,7,Bachelor,1
1515,Data Engineer,Startup,Education,Australia,Remote,Senior,7,Master,1
1516,Data Analyst,Enterprise,Healthcare,USA,Onsite,Senior,4,Bachelor,1
1517,AI Engineer,Startup,Finance,India,Hybrid,Mid,3,Master,0
1518,Data Scientist,MNC,Education,Australia,Remote,Mid,5,PhD,1
1519,Data Analyst,MNC,Education,Australia,Hybrid,Senior,7,PhD,1
1520,Data Analyst,Medium,Technology,Canada,Hybrid,Entry,2,Bachelor,0
1521,Data Analyst,MNC,Healthcare,UK,Hybrid,Mid,2,Master,0
1522,Machine Learning Engineer,Startup,Healthcare,Singapore,Onsite,Mid,9,Master,0
1523,Business Analyst,MNC,Finance,India,Remote,Entry,9,PhD,0
1524,Data Engineer,Medium,Retail,India,Remote,Mid,2,Bachelor,1
1525,Data Analyst,Startup,Education,India,Onsite,Entry,13,PhD,0
1526,AI Engineer,Startup,Retail,India,Remote,Senior,6,PhD,0
1527,Data Scientist,Medium,E-commerce,UK,Onsite,Mid,1,Bachelor,1
1528,Data Scientist,Startup,Education,USA,Remote,Mid,11,PhD,0
1529,Business Analyst,Medium,Technology,UK,Onsite,Mid,1,Master,1
1530,Data Scientist,Medium,E-commerce,Singapore,Remote,Entry,9,Bachelor,0
1531,Data Scientist,Medium,Healthcare,Singapore,Hybrid,Senior,11,PhD,1
1532,AI Engineer,MNC,Finance,Canada,Onsite,Senior,12,Master,1
1533,Data Scientist,Enterprise,Technology,Australia,Hybrid,Entry,11,PhD,1
1534,AI Engineer,Startup,Finance,Canada,Hybrid,Entry,1,Master,1
1535,Business Analyst,MNC,Technology,India,Remote,Entry,1,Master,0
1536,Business Analyst,Startup,E-commerce,Canada,Onsite,Entry,4,PhD,0
1537,Data Analyst,Startup,Retail,Germany,Onsite,Senior,6,PhD,0
1538,Machine Learning Engineer,MNC,E-commerce,Germany,Onsite,Senior,10,PhD,0
1539,Business Analyst,Enterprise,Finance,USA,Hybrid,Entry,5,Bachelor,0
1540,Business Analyst,Startup,Retail,Australia,Onsite,Entry,3,Master,1
1541,Data Analyst,Startup,Healthcare,Germany,Onsite,Mid,7,Master,0
1542,AI Engineer,Medium,E-commerce,Singapore,Remote,Entry,12,PhD,0
1543,Machine Learning Engineer,Startup,Retail,Germany,Onsite,Mid,0,PhD,0
1544,Machine Learning Engineer,Enterprise,E-commerce,Canada,Hybrid,Entry,11,Bachelor,1
1545,Data Scientist,Enterprise,Finance,USA,Hybrid,Entry,11,Bachelor,1
1546,AI Engineer,Medium,Healthcare,Canada,Remote,Entry,1,Bachelor,0
1547,Machine Learning Engineer,Enterprise,Technology,UK,Remote,Mid,3,Bachelor,1
1548,Data Scientist,MNC,Technology,Australia,Onsite,Senior,6,PhD,0
1549,Business Analyst,Enterprise,Finance,UK,Hybrid,Mid,4,PhD,1
1550,Business Analyst,Medium,Technology,Singapore,Hybrid,Entry,11,PhD,0
1551,Machine Learning Engineer,Enterprise,Retail,Germany,Hybrid,Mid,7,PhD,0
1552,Data Analyst,Startup,E-commerce,UK,Remote,Mid,10,Master,1
1553,Machine Learning Engineer,Startup,E-commerce,India,Onsite,Senior,11,Master,0
1554,Data Analyst,Enterprise,Technology,USA,Onsite,Mid,13,Master,1
1555,Data Scientist,MNC,Retail,USA,Remote,Mid,12,PhD,0
1556,AI Engineer,MNC,Retail,UK,Remote,Senior,10,Bachelor,1
1557,Data Engineer,Medium,Technology,India,Hybrid,Senior,3,Master,0
1558,Business Analyst,Startup,Retail,Australia,Hybrid,Entry,6,Master,1
1559,Data Engineer,Enterprise,E-commerce,Australia,Hybrid,Entry,11,Bachelor,0
1560,Data Analyst,Startup,E-commerce,UK,Remote,Entry,9,Bachelor,0
1561,Business Analyst,Enterprise,E-commerce,Canada,Onsite,Senior,12,Master,0
1562,Business Analyst,Startup,Healthcare,UK,Remote,Senior,4,PhD,1
1563,Data Scientist,Medium,Finance,Canada,Remote,Mid,7,Bachelor,0
1564,Data Analyst,MNC,Finance,Australia,Hybrid,Mid,7,Bachelor,0
1565,Machine Learning Engineer,MNC,Retail,Singapore,Remote,Entry,4,Bachelor,0
1566,AI Engineer,MNC,Education,Singapore,Hybrid,Entry,10,PhD,1
1567,Machine Learning Engineer,Startup,Finance,Singapore,Hybrid,Mid,3,PhD,1
1568,AI Engineer,Medium,Healthcare,Australia,Hybrid,Entry,13,Master,1
1569,Machine Learning Engineer,Startup,Education,Germany,Hybrid,Mid,10,PhD,0
1570,AI Engineer,Enterprise,Education,USA,Hybrid,Mid,7,Bachelor,1
1571,Data Scientist,Enterprise,E-commerce,UK,Hybrid,Entry,1,PhD,0
1572,Business Analyst,Medium,Retail,Canada,Hybrid,Mid,13,PhD,1
1573,Data Scientist,Medium,Finance,Australia,Hybrid,Entry,7,Bachelor,1
1574,Data Scientist,MNC,Retail,Canada,Remote,Mid,13,PhD,1
1575,Data Analyst,Enterprise,Healthcare,UK,Onsite,Entry,0,Master,1
1576,Business Analyst,Enterprise,Technology,Australia,Onsite,Senior,6,PhD,1
1577,Business Analyst,Enterprise,E-commerce,Canada,Remote,Senior,8,Bachelor,0
1578,Data Engineer,MNC,Retail,Germany,Hybrid,Mid,11,Bachelor,0
1579,Data Analyst,Enterprise,Technology,USA,Onsite,Mid,3,Bachelor,1
1580,Machine Learning Engineer,MNC,Healthcare,India,Onsite,Mid,6,PhD,0
1581,Business Analyst,Medium,Healthcare,Germany,Remote,Senior,8,Bachelor,1
1582,AI Engineer,Startup,Healthcare,India,Remote,Mid,3,Bachelor,0
1583,AI Engineer,Medium,Retail,USA,Remote,Entry,3,Bachelor,0
1584,Data Analyst,Medium,E-commerce,Australia,Remote,Senior,10,Bachelor,1
1585,Business Analyst,Medium,Technology,India,Remote,Entry,11,Bachelor,1
1586,Data Engineer,Startup,Education,Singapore,Hybrid,Entry,1,Master,1
1587,Data Analyst,Medium,Technology,Canada,Hybrid,Senior,4,PhD,1
1588,Data Engineer,Medium,Healthcare,UK,Hybrid,Entry,4,PhD,1
1589,AI Engineer,Enterprise,Technology,Canada,Hybrid,Entry,0,Bachelor,0
1590,Data Analyst,MNC,Technology,Australia,Onsite,Entry,3,Bachelor,1
1591,AI Engineer,Enterprise,Healthcare,Singapore,Remote,Mid,11,Bachelor,1
1592,Machine Learning Engineer,Enterprise,Education,Germany,Hybrid,Senior,0,Bachelor,0
1593,AI Engineer,Medium,Technology,UK,Onsite,Senior,5,Master,1
1594,Business Analyst,Enterprise,Technology,Australia,Onsite,Mid,3,Bachelor,1
1595,Machine Learning Engineer,Medium,Healthcare,Singapore,Hybrid,Mid,14,PhD,0
1596,Business Analyst,Medium,Finance,Australia,Hybrid,Senior,1,Bachelor,1
1597,Data Scientist,MNC,Finance,USA,Onsite,Entry,8,PhD,0
1598,Machine Learning Engineer,Enterprise,Healthcare,Singapore,Onsite,Entry,9,Bachelor,1
1599,Data Analyst,Enterprise,E-commerce,Australia,Hybrid,Mid,6,Master,1
1600,Data Engineer,Startup,Healthcare,Australia,Remote,Entry,2,Master,0
1601,Machine Learning Engineer,Enterprise,E-commerce,India,Onsite,Senior,13,Bachelor,0
1602,Machine Learning Engineer,Medium,E-commerce,Australia,Remote,Mid,5,Bachelor,0
1603,Data Scientist,Enterprise,Finance,Germany,Hybrid,Senior,10,Master,0
1604,Data Scientist,Startup,Finance,UK,Remote,Mid,5,PhD,0
1605,Data Engineer,Startup,Retail,Australia,Hybrid,Senior,0,Master,1
1606,AI Engineer,Medium,Finance,Australia,Hybrid,Mid,14,Master,1
1607,AI Engineer,Startup,Education,Germany,Onsite,Senior,8,PhD,1
1608,Data Engineer,Startup,Education,Canada,Onsite,Mid,3,Master,0
1609,Data Analyst,Enterprise,E-commerce,UK,Hybrid,Entry,2,PhD,0
1610,Data Engineer,Startup,E-commerce,Singapore,Hybrid,Mid,14,Master,1
1611,Business Analyst,Startup,Finance,USA,Hybrid,Mid,3,Master,1
1612,Business Analyst,MNC,Retail,USA,Onsite,Entry,4,PhD,0
1613,Machine Learning Engineer,Startup,Finance,Canada,Remote,Entry,13,Master,1
1614,Data Analyst,Enterprise,E-commerce,USA,Onsite,Mid,6,PhD,0
1615,Data Engineer,Medium,Healthcare,Canada,Hybrid,Entry,2,Bachelor,0
1616,Machine Learning Engineer,Medium,Healthcare,UK,Onsite,Senior,13,Master,0
1617,Data Analyst,Startup,Finance,India,Hybrid,Senior,10,PhD,1
1618,Data Analyst,MNC,Healthcare,Canada,Remote,Mid,10,Master,0
1619,AI Engineer,Enterprise,E-commerce,India,Remote,Senior,9,Bachelor,1
1620,Machine Learning Engineer,Enterprise,Technology,UK,Hybrid,Entry,4,Bachelor,1
1621,AI Engineer,Enterprise,E-commerce,Canada,Remote,Mid,8,Master,0
1622,Machine Learning Engineer,MNC,Healthcare,Canada,Hybrid,Mid,8,Bachelor,1
1623,AI Engineer,MNC,Education,India,Hybrid,Entry,2,PhD,1
1624,Machine Learning Engineer,Medium,Education,Australia,Hybrid,Mid,9,Bachelor,0
1625,Data Analyst,Enterprise,Technology,Australia,Remote,Senior,11,PhD,1
1626,AI Engineer,Enterprise,Healthcare,Singapore,Remote,Entry,14,Bachelor,1
1627,Data Engineer,Enterprise,Education,Australia,Remote,Entry,12,Master,0
1628,Data Analyst,MNC,Finance,USA,Remote,Entry,3,Master,0
1629,Data Analyst,Enterprise,Retail,India,Remote,Senior,8,Bachelor,0
1630,AI Engineer,Startup,Healthcare,Germany,Remote,Senior,5,Master,1
1631,Data Scientist,Medium,Technology,Canada,Remote,Mid,4,PhD,0
1632,Data Engineer,Enterprise,E-commerce,Singapore,Hybrid,Entry,3,PhD,1
1633,Data Analyst,Startup,E-commerce,Singapore,Remote,Senior,14,Bachelor,1
1634,Data Analyst,Medium,Finance,USA,Remote,Senior,6,Bachelor,1
1635,AI Engineer,Startup,Finance,USA,Hybrid,Mid,5,Master,0
1636,AI Engineer,Medium,Healthcare,India,Remote,Mid,11,Bachelor,1
1637,Business Analyst,Medium,E-commerce,Germany,Hybrid,Senior,2,Master,1
1638,AI Engineer,Startup,E-commerce,India,Onsite,Entry,8,Bachelor,0
1639,Machine Learning Engineer,MNC,E-commerce,UK,Remote,Senior,8,Bachelor,0
1640,Machine Learning Engineer,Enterprise,Healthcare,Singapore,Remote,Mid,3,PhD,1
1641,AI Engineer,Startup,Finance,UK,Onsite,Mid,0,Master,0
1642,Business Analyst,Startup,Education,Australia,Remote,Entry,6,Master,1
1643,Data Engineer,Enterprise,E-commerce,India,Hybrid,Senior,7,Master,0
1644,Machine Learning Engineer,Medium,Technology,Australia,Hybrid,Mid,1,PhD,0
1645,AI Engineer,Enterprise,Technology,UK,Remote,Entry,9,Master,1
1646,Business Analyst,Startup,Healthcare,Singapore,Hybrid,Senior,5,Master,1
1647,AI Engineer,MNC,Retail,Australia,Remote,Mid,8,Bachelor,1
1648,AI Engineer,MNC,Retail,Australia,Onsite,Entry,8,Master,0
1649,Machine Learning Engineer,Medium,Finance,USA,Hybrid,Mid,4,PhD,1
1650,Data Scientist,Enterprise,Healthcare,India,Onsite,Mid,8,Master,0
1651,Machine Learning Engineer,Enterprise,E-commerce,UK,Remote,Entry,6,PhD,0
1652,Machine Learning Engineer,Startup,Finance,USA,Onsite,Entry,13,Master,1
1653,Data Analyst,MNC,Education,Canada,Hybrid,Entry,1,PhD,1
1654,Business Analyst,Startup,Education,India,Remote,Mid,2,PhD,0
1655,AI Engineer,Startup,Finance,UK,Hybrid,Mid,2,PhD,1
1656,Business Analyst,MNC,Finance,Australia,Remote,Entry,12,Bachelor,1
1657,Machine Learning Engineer,MNC,Technology,Germany,Remote,Mid,9,Master,0
1658,Business Analyst,Enterprise,Education,USA,Hybrid,Entry,12,Bachelor,1
1659,AI Engineer,Enterprise,Education,Germany,Remote,Mid,14,Bachelor,1
1660,AI Engineer,Enterprise,Healthcare,India,Onsite,Senior,9,PhD,1
1661,Business Analyst,MNC,E-commerce,Australia,Hybrid,Entry,10,PhD,0
1662,Data Engineer,Enterprise,Healthcare,Australia,Hybrid,Entry,10,Bachelor,1
1663,Data Scientist,Startup,Retail,USA,Hybrid,Mid,4,PhD,1
1664,Data Engineer,Enterprise,Education,Canada,Remote,Entry,14,Master,0
1665,Data Scientist,MNC,Retail,UK,Remote,Senior,14,Bachelor,1
1666,Data Analyst,Startup,Healthcare,India,Hybrid,Entry,9,PhD,1
1667,Data Engineer,Startup,Healthcare,India,Remote,Senior,5,Bachelor,0
1668,AI Engineer,Medium,Retail,Singapore,Onsite,Entry,7,PhD,0
1669,Data Analyst,Medium,Finance,Germany,Onsite,Mid,14,Bachelor,0
1670,AI Engineer,Enterprise,E-commerce,USA,Onsite,Entry,8,PhD,1
1671,Machine Learning Engineer,Enterprise,Healthcare,Singapore,Hybrid,Mid,6,PhD,1
1672,Data Engineer,Startup,Healthcare,Germany,Onsite,Entry,11,Bachelor,0
1673,AI Engineer,Medium,Education,Singapore,Onsite,Entry,8,Master,1
1674,Machine Learning Engineer,Medium,Retail,Germany,Hybrid,Senior,7,PhD,1
1675,Data Scientist,Startup,Healthcare,Canada,Hybrid,Mid,4,Master,0
1676,Data Scientist,Startup,Finance,USA,Remote,Entry,0,Bachelor,1
1677,Data Engineer,Startup,Retail,India,Remote,Entry,10,Bachelor,0
1678,Data Analyst,Medium,Technology,UK,Onsite,Senior,4,Master,0
1679,Business Analyst,Enterprise,Education,UK,Hybrid,Entry,3,Bachelor,0
1680,Machine Learning Engineer,Enterprise,Education,Singapore,Remote,Mid,8,Master,0
1681,AI Engineer,Enterprise,Healthcare,Germany,Onsite,Senior,10,PhD,0
1682,Data Engineer,MNC,E-commerce,USA,Onsite,Mid,3,PhD,1
1683,AI Engineer,Enterprise,Technology,Australia,Remote,Entry,0,PhD,0
1684,Data Analyst,Enterprise,E-commerce,Germany,Hybrid,Entry,10,Master,0
1685,Data Analyst,Startup,E-commerce,Australia,Onsite,Senior,8,Master,1
1686,Data Analyst,Medium,Retail,UK,Hybrid,Senior,10,PhD,0
1687,AI Engineer,Enterprise,Technology,Germany,Hybrid,Entry,0,Bachelor,0
1688,Data Scientist,MNC,Technology,Canada,Hybrid,Senior,9,Bachelor,0
1689,Data Analyst,MNC,Healthcare,Canada,Onsite,Senior,13,PhD,1
1690,Business Analyst,Medium,Finance,India,Hybrid,Entry,12,PhD,0
1691,Data Scientist,Enterprise,E-commerce,Australia,Remote,Senior,2,Bachelor,1
1692,AI Engineer,Startup,Education,UK,Remote,Senior,3,Bachelor,0
1693,Data Engineer,MNC,Healthcare,UK,Remote,Senior,7,PhD,1
1694,AI Engineer,Startup,Technology,Germany,Onsite,Entry,4,PhD,0
1695,Machine Learning Engineer,MNC,Retail,India,Remote,Mid,10,PhD,1
1696,Data Scientist,Startup,Healthcare,UK,Hybrid,Mid,11,Master,1
1697,Data Analyst,MNC,Technology,UK,Onsite,Mid,4,PhD,1
1698,Machine Learning Engineer,MNC,Education,India,Hybrid,Mid,6,PhD,1
1699,Data Engineer,MNC,Retail,Canada,Hybrid,Entry,5,Bachelor,1
1700,Data Scientist,Startup,Education,USA,Hybrid,Mid,2,PhD,1
1701,Machine Learning Engineer,Enterprise,Education,Australia,Hybrid,Mid,11,Bachelor,1
1702,Business Analyst,MNC,Retail,Australia,Remote,Senior,7,Master,1
1703,AI Engineer,MNC,Technology,Singapore,Onsite,Senior,4,Bachelor,0
1704,Business Analyst,MNC,E-commerce,India,Remote,Entry,7,Bachelor,0
1705,Data Engineer,Startup,E-commerce,Singapore,Hybrid,Mid,9,PhD,0
1706,Data Analyst,Startup,Retail,Australia,Hybrid,Entry,8,Master,0
1707,Data Scientist,Startup,Technology,Australia,Remote,Mid,0,Bachelor,0
1708,Data Analyst,MNC,E-commerce,Canada,Onsite,Senior,14,PhD,0
1709,Data Analyst,Medium,Education,India,Remote,Mid,1,Master,0
1710,Machine Learning Engineer,Medium,Technology,Australia,Hybrid,Mid,7,Bachelor,1
1711,Business Analyst,Startup,Education,Singapore,Remote,Senior,4,PhD,1
1712,AI Engineer,Startup,Education,USA,Onsite,Senior,3,Bachelor,0
1713,AI Engineer,MNC,Technology,Germany,Hybrid,Mid,13,PhD,1
1714,Business Analyst,MNC,E-commerce,Singapore,Remote,Mid,6,PhD,1
1715,Machine Learning Engineer,Startup,Finance,USA,Onsite,Mid,6,PhD,1
1716,Data Scientist,Enterprise,Healthcare,Australia,Remote,Senior,6,Bachelor,0
1717,Data Engineer,Startup,E-commerce,UK,Remote,Entry,11,Bachelor,1
1718,Business Analyst,Medium,Finance,Canada,Onsite,Senior,12,PhD,1
1719,Data Engineer,Medium,Technology,Australia,Remote,Senior,6,Master,1
1720,Business Analyst,Medium,Retail,Singapore,Onsite,Senior,9,Bachelor,0
1721,Business Analyst,Medium,Retail,Germany,Onsite,Entry,0,Bachelor,1
1722,AI Engineer,Startup,Healthcare,USA,Onsite,Entry,13,Master,1
1723,Machine Learning Engineer,Enterprise,Technology,Canada,Hybrid,Mid,14,Bachelor,0
1724,Business Analyst,Medium,Healthcare,Germany,Remote,Senior,7,Master,0
1725,Data Scientist,Startup,Technology,India,Hybrid,Senior,11,PhD,0
1726,Data Engineer,Startup,Retail,Canada,Remote,Senior,3,PhD,0
1727,Data Engineer,Enterprise,Finance,UK,Remote,Senior,13,PhD,0
1728,Data Engineer,Enterprise,Finance,Germany,Onsite,Senior,13,Master,0
1729,AI Engineer,MNC,Healthcare,India,Remote,Entry,10,Bachelor,0
1730,AI Engineer,Startup,Technology,Singapore,Onsite,Senior,1,Bachelor,1
1731,AI Engineer,MNC,Retail,Australia,Remote,Entry,4,PhD,0
1732,AI Engineer,Startup,Education,Singapore,Remote,Entry,3,Bachelor,0
1733,Machine Learning Engineer,Enterprise,E-commerce,UK,Onsite,Mid,12,PhD,1
1734,AI Engineer,Enterprise,Healthcare,USA,Hybrid,Senior,10,Bachelor,0
1735,Business Analyst,Enterprise,E-commerce,Australia,Remote,Entry,1,Bachelor,0
1736,AI Engineer,Startup,Retail,India,Onsite,Mid,3,Bachelor,0
1737,Data Engineer,Medium,E-commerce,Canada,Remote,Entry,7,Master,1
1738,Data Engineer,MNC,Healthcare,India,Onsite,Mid,9,PhD,0
1739,AI Engineer,Medium,Retail,Germany,Remote,Entry,13,Bachelor,1
1740,Business Analyst,Startup,Education,UK,Hybrid,Senior,12,Bachelor,1
1741,Data Engineer,Medium,Technology,India,Onsite,Entry,2,PhD,0
1742,Data Engineer,Medium,Retail,Germany,Remote,Senior,7,Bachelor,1
1743,Data Analyst,Startup,Finance,USA,Remote,Entry,1,Bachelor,0
1744,Business Analyst,Startup,Education,Singapore,Remote,Senior,5,PhD,0
1745,Data Engineer,MNC,E-commerce,Australia,Hybrid,Entry,7,Master,1
1746,Data Analyst,Enterprise,Education,Germany,Hybrid,Mid,0,Master,1
1747,Data Engineer,Startup,E-commerce,Germany,Onsite,Mid,14,Master,1
1748,Machine Learning Engineer,Enterprise,Healthcare,Germany,Remote,Mid,11,Bachelor,0
1749,Data Engineer,Enterprise,Education,Australia,Onsite,Senior,14,Master,1
1750,Machine Learning Engineer,Enterprise,E-commerce,Canada,Hybrid,Entry,9,Bachelor,1
1751,Business Analyst,Startup,Healthcare,Canada,Remote,Senior,5,Bachelor,0
1752,AI Engineer,MNC,Education,Australia,Onsite,Entry,8,Bachelor,1
1753,Business Analyst,Startup,E-commerce,UK,Remote,Senior,11,PhD,0
1754,Data Analyst,Enterprise,E-commerce,Singapore,Hybrid,Mid,9,Bachelor,0
1755,Data Scientist,Medium,Finance,Singapore,Hybrid,Senior,8,PhD,0
1756,Machine Learning Engineer,Enterprise,Healthcare,UK,Remote,Entry,12,Bachelor,0
1757,Data Engineer,MNC,Retail,Australia,Onsite,Senior,3,Bachelor,1
1758,Data Analyst,MNC,Healthcare,Canada,Onsite,Entry,6,Master,0
1759,Machine Learning Engineer,MNC,E-commerce,Germany,Remote,Senior,6,Master,0
1760,Data Analyst,Enterprise,E-commerce,Canada,Hybrid,Mid,14,Master,1
1761,Business Analyst,Enterprise,Retail,Germany,Hybrid,Senior,4,PhD,1
1762,Data Engineer,Medium,Technology,Singapore,Hybrid,Senior,1,PhD,0
1763,Data Analyst,MNC,Finance,Canada,Hybrid,Senior,2,Bachelor,0
1764,AI Engineer,MNC,Technology,Singapore,Onsite,Entry,1,Bachelor,1
1765,Machine Learning Engineer,Startup,Education,UK,Remote,Mid,0,Master,1
1766,Machine Learning Engineer,Enterprise,Finance,UK,Remote,Entry,7,Master,1
1767,Business Analyst,Enterprise,Finance,India,Remote,Senior,13,PhD,1
1768,AI Engineer,Startup,Healthcare,Canada,Onsite,Senior,0,Master,1
1769,Business Analyst,Enterprise,Technology,Germany,Hybrid,Entry,0,PhD,0
1770,Data Analyst,Medium,Technology,UK,Onsite,Mid,2,Master,1
1771,Data Scientist,Medium,Technology,UK,Remote,Senior,11,PhD,0
1772,Data Analyst,MNC,Technology,Australia,Hybrid,Entry,3,Bachelor,0
1773,Business Analyst,Enterprise,Technology,Canada,Hybrid,Mid,11,Bachelor,1
1774,Data Scientist,MNC,Education,USA,Remote,Senior,5,Bachelor,0
1775,Business Analyst,Startup,E-commerce,UK,Hybrid,Entry,12,Bachelor,0
1776,Data Scientist,Enterprise,Retail,Australia,Remote,Senior,3,Master,1
1777,Machine Learning Engineer,MNC,Healthcare,UK,Hybrid,Mid,14,Master,0
1778,Business Analyst,Enterprise,Healthcare,Australia,Hybrid,Mid,7,Master,1
1779,Machine Learning Engineer,Medium,Technology,Australia,Remote,Mid,6,PhD,1
1780,Business Analyst,Startup,Education,UK,Remote,Senior,10,Master,1
1781,Data Scientist,Enterprise,Technology,Singapore,Remote,Senior,0,Master,1
1782,Business Analyst,Enterprise,Healthcare,UK,Onsite,Mid,2,PhD,1
1783,Business Analyst,Enterprise,Education,Germany,Onsite,Mid,5,Master,0
1784,Business Analyst,Medium,Retail,USA,Remote,Senior,3,PhD,1
1785,Data Scientist,Medium,Technology,Australia,Onsite,Mid,12,PhD,0
1786,Data Scientist,MNC,Healthcare,USA,Onsite,Mid,0,Master,1
1787,Data Analyst,Medium,Finance,Australia,Onsite,Entry,9,Master,1
1788,AI Engineer,Enterprise,Technology,USA,Remote,Entry,5,Bachelor,0
1789,AI Engineer,MNC,E-commerce,India,Hybrid,Senior,12,PhD,0
1790,AI Engineer,MNC,E-commerce,UK,Remote,Mid,13,Master,0
1791,Data Analyst,Startup,E-commerce,UK,Onsite,Mid,5,PhD,0
1792,Data Analyst,Medium,Education,Singapore,Remote,Mid,14,PhD,1
1793,Data Engineer,Startup,Technology,USA,Onsite,Mid,14,Master,1
1794,Data Analyst,MNC,Technology,India,Hybrid,Entry,8,Bachelor,0
1795,Business Analyst,Enterprise,Finance,Singapore,Onsite,Senior,1,PhD,0
1796,Machine Learning Engineer,Enterprise,Education,India,Remote,Senior,9,Bachelor,0
1797,Data Scientist,Startup,Retail,Germany,Onsite,Entry,5,Master,1
1798,AI Engineer,Medium,Healthcare,UK,Onsite,Mid,2,Master,0
1799,Machine Learning Engineer,Enterprise,E-commerce,Canada,Onsite,Mid,4,Master,1
1800,AI Engineer,Medium,Finance,UK,Remote,Entry,6,PhD,1
1801,Business Analyst,MNC,Retail,UK,Onsite,Senior,1,Bachelor,1
1802,Data Analyst,Startup,E-commerce,India,Onsite,Mid,2,PhD,1
1803,Business Analyst,MNC,Retail,Singapore,Hybrid,Mid,11,Master,0
1804,Business Analyst,Medium,Finance,India,Hybrid,Entry,1,PhD,1
1805,Business Analyst,Medium,Retail,Australia,Remote,Mid,11,PhD,1
1806,Data Engineer,MNC,Technology,UK,Hybrid,Mid,12,Bachelor,0
1807,Data Analyst,Startup,Technology,USA,Hybrid,Mid,7,Bachelor,0
1808,Data Analyst,Startup,Finance,Singapore,Hybrid,Mid,12,Master,0
1809,Data Analyst,MNC,Education,Australia,Onsite,Entry,8,Bachelor,0
1810,Data Scientist,Startup,Healthcare,Singapore,Hybrid,Entry,0,Bachelor,1
1811,Data Analyst,MNC,Retail,Germany,Onsite,Mid,0,Bachelor,0
1812,Data Analyst,MNC,Retail,Germany,Remote,Entry,2,PhD,1
1813,Data Analyst,Enterprise,Healthcare,Canada,Onsite,Senior,6,Master,1
1814,Data Engineer,Enterprise,Technology,Singapore,Onsite,Senior,7,Bachelor,1
1815,Data Engineer,Enterprise,Healthcare,UK,Remote,Senior,4,Master,1
1816,Data Scientist,Medium,E-commerce,USA,Onsite,Mid,9,Master,1
1817,Business Analyst,Medium,Education,USA,Onsite,Entry,3,PhD,0
1818,Machine Learning Engineer,Startup,Retail,UK,Onsite,Senior,9,PhD,1
1819,Data Scientist,Medium,Finance,Australia,Onsite,Mid,14,Bachelor,0
1820,Machine Learning Engineer,Enterprise,Retail,Australia,Onsite,Entry,0,PhD,0
1821,Data Analyst,Startup,Education,UK,Remote,Mid,10,Master,0
1822,Data Engineer,Medium,Healthcare,India,Hybrid,Entry,14,Master,0
1823,AI Engineer,Startup,Education,USA,Hybrid,Mid,9,Bachelor,0
1824,Machine Learning Engineer,Startup,Technology,Germany,Remote,Entry,13,PhD,0
1825,AI Engineer,MNC,Technology,USA,Remote,Senior,12,Bachelor,0
1826,Business Analyst,Medium,Retail,Germany,Onsite,Senior,7,PhD,0
1827,Business Analyst,MNC,E-commerce,Singapore,Onsite,Mid,3,PhD,0
1828,Data Engineer,Startup,Education,India,Hybrid,Senior,8,Master,1
1829,Machine Learning Engineer,MNC,E-commerce,Germany,Onsite,Senior,8,Bachelor,1
1830,Data Analyst,MNC,Education,Canada,Onsite,Entry,7,Master,1
1831,AI Engineer,Startup,Education,India,Onsite,Senior,5,Bachelor,0
1832,AI Engineer,Medium,E-commerce,USA,Remote,Senior,8,Master,1
1833,Data Analyst,Enterprise,Retail,UK,Onsite,Mid,8,PhD,1
1834,Data Scientist,Enterprise,Technology,Germany,Onsite,Senior,1,PhD,0
1835,Business Analyst,Enterprise,E-commerce,USA,Remote,Senior,5,Bachelor,1
1836,Data Analyst,MNC,Technology,Singapore,Onsite,Mid,0,Master,1
1837,Data Scientist,MNC,Finance,USA,Onsite,Senior,13,Bachelor,0
1838,Data Scientist,Enterprise,Technology,Singapore,Onsite,Senior,8,Master,1
1839,Machine Learning Engineer,MNC,Technology,USA,Remote,Senior,11,Master,1
1840,Machine Learning Engineer,MNC,Education,UK,Onsite,Senior,7,Master,1
1841,Business Analyst,Enterprise,Technology,USA,Remote,Entry,3,Master,1
1842,Data Scientist,MNC,E-commerce,UK,Onsite,Entry,6,Master,0
1843,Machine Learning Engineer,Medium,Finance,Australia,Hybrid,Senior,8,Master,0
1844,Machine Learning Engineer,Startup,Healthcare,USA,Onsite,Senior,9,Master,1
1845,Data Analyst,Startup,Education,UK,Remote,Senior,5,PhD,1
1846,AI Engineer,Startup,Healthcare,Canada,Onsite,Entry,0,Master,1
1847,Business Analyst,MNC,Finance,Australia,Onsite,Entry,1,PhD,1
1848,Data Engineer,MNC,E-commerce,Germany,Remote,Senior,6,Master,1
1849,Data Engineer,Medium,Healthcare,India,Hybrid,Entry,4,PhD,0
1850,AI Engineer,MNC,Finance,Singapore,Remote,Mid,0,PhD,0
1851,Machine Learning Engineer,Startup,Healthcare,Australia,Hybrid,Entry,2,Master,1
1852,Data Analyst,Enterprise,Technology,USA,Onsite,Senior,11,PhD,0
1853,Data Engineer,Enterprise,E-commerce,India,Onsite,Mid,1,Master,1
1854,Data Analyst,Medium,E-commerce,USA,Onsite,Mid,10,Master,1
1855,Business Analyst,Medium,E-commerce,Singapore,Onsite,Entry,6,PhD,0
1856,Machine Learning Engineer,Medium,Healthcare,USA,Hybrid,Entry,8,PhD,1
1857,AI Engineer,Medium,Finance,Singapore,Onsite,Entry,10,Bachelor,0
1858,Data Analyst,Medium,Technology,Australia,Onsite,Senior,6,Bachelor,0
1859,AI Engineer,Startup,E-commerce,India,Hybrid,Senior,2,PhD,0
1860,Business Analyst,Enterprise,E-commerce,USA,Remote,Entry,5,Bachelor,1
1861,Data Engineer,Medium,Retail,Australia,Hybrid,Entry,8,PhD,1
1862,Machine Learning Engineer,Medium,Healthcare,UK,Remote,Entry,2,Master,0
1863,Machine Learning Engineer,Enterprise,Healthcare,India,Remote,Entry,4,Bachelor,0
1864,Business Analyst,Enterprise,Finance,Australia,Onsite,Entry,5,Master,0
1865,Data Scientist,MNC,Retail,UK,Hybrid,Senior,8,Bachelor,0
1866,Data Analyst,MNC,Finance,India,Onsite,Entry,1,Bachelor,0
1867,Business Analyst,Medium,Finance,UK,Remote,Mid,12,Master,0
1868,Data Analyst,Startup,Healthcare,India,Remote,Senior,14,Master,1
1869,Data Scientist,Medium,Healthcare,USA,Onsite,Senior,9,Master,0
1870,Data Analyst,Startup,Education,Australia,Onsite,Mid,2,Bachelor,0
1871,Data Engineer,Startup,Technology,Australia,Hybrid,Entry,12,Master,0
1872,Business Analyst,Medium,Finance,Canada,Hybrid,Entry,13,PhD,0
1873,AI Engineer,Enterprise,Healthcare,Canada,Hybrid,Entry,0,Bachelor,0
1874,Machine Learning Engineer,Medium,Healthcare,USA,Hybrid,Entry,12,Bachelor,1
1875,Machine Learning Engineer,Startup,Technology,Australia,Onsite,Mid,3,Bachelor,1
1876,Business Analyst,Startup,Education,Singapore,Remote,Senior,7,PhD,0
1877,Machine Learning Engineer,MNC,Technology,Singapore,Hybrid,Entry,14,PhD,1
1878,Data Scientist,Startup,Education,UK,Hybrid,Mid,5,PhD,1
1879,Data Analyst,Startup,Healthcare,India,Remote,Entry,1,PhD,1
1880,Business Analyst,Enterprise,Healthcare,Germany,Remote,Entry,9,Bachelor,1
1881,Data Scientist,Startup,Retail,Singapore,Onsite,Senior,6,Master,1
1882,Data Scientist,Medium,Healthcare,Australia,Onsite,Entry,13,Bachelor,1
1883,Data Engineer,Enterprise,Technology,Germany,Onsite,Senior,6,PhD,0
1884,Business Analyst,Enterprise,Technology,Australia,Onsite,Senior,0,Master,0
1885,AI Engineer,MNC,E-commerce,Germany,Onsite,Senior,13,Bachelor,0
1886,Business Analyst,MNC,Finance,USA,Onsite,Entry,7,Bachelor,0
1887,Data Engineer,Enterprise,Technology,Germany,Onsite,Mid,9,Master,1
1888,Business Analyst,Medium,Healthcare,Australia,Onsite,Entry,4,PhD,1
1889,Data Engineer,Startup,Finance,Australia,Onsite,Senior,9,Master,1
1890,AI Engineer,Medium,E-commerce,Germany,Onsite,Entry,9,PhD,1
1891,Data Engineer,MNC,Finance,Australia,Remote,Senior,6,Master,1
1892,Data Engineer,MNC,Retail,Germany,Onsite,Entry,13,Bachelor,1
1893,Machine Learning Engineer,Startup,Retail,USA,Hybrid,Entry,14,PhD,1
1894,AI Engineer,Medium,Retail,Canada,Remote,Entry,11,Master,1
1895,Business Analyst,Enterprise,Education,Canada,Onsite,Mid,9,PhD,1
1896,AI Engineer,Medium,E-commerce,USA,Onsite,Entry,13,Bachelor,1
1897,Business Analyst,Medium,E-commerce,Germany,Onsite,Mid,1,Bachelor,0
1898,AI Engineer,Medium,Finance,Germany,Onsite,Entry,11,Master,1
1899,Machine Learning Engineer,Enterprise,Technology,India,Hybrid,Mid,7,PhD,0
1900,Data Analyst,Startup,Retail,Germany,Remote,Senior,12,PhD,1
1901,Business Analyst,Medium,Finance,India,Hybrid,Entry,7,PhD,1
1902,Machine Learning Engineer,MNC,E-commerce,Australia,Onsite,Senior,2,Bachelor,1
1903,Machine Learning Engineer,Enterprise,Healthcare,Germany,Onsite,Mid,3,PhD,1
1904,Data Analyst,MNC,Education,Germany,Hybrid,Senior,6,PhD,0
1905,Machine Learning Engineer,Enterprise,Education,USA,Hybrid,Senior,12,Master,0
1906,Data Engineer,Enterprise,Education,Germany,Remote,Entry,12,Master,0
1907,Machine Learning Engineer,MNC,Education,India,Hybrid,Entry,10,Bachelor,1
1908,Machine Learning Engineer,Startup,E-commerce,UK,Hybrid,Mid,6,Master,0
1909,Data Engineer,MNC,E-commerce,USA,Remote,Senior,5,Bachelor,0
1910,Data Analyst,Enterprise,E-commerce,USA,Remote,Senior,5,Master,1
1911,Data Scientist,Enterprise,Finance,Australia,Remote,Senior,7,Bachelor,0
1912,Data Scientist,Startup,Finance,Singapore,Hybrid,Mid,6,Master,1
1913,AI Engineer,Startup,Technology,Singapore,Remote,Senior,5,Bachelor,0
1914,Business Analyst,Enterprise,Education,Australia,Hybrid,Mid,11,PhD,0
1915,Business Analyst,Startup,Finance,India,Hybrid,Entry,12,PhD,0
1916,Business Analyst,Startup,E-commerce,India,Remote,Entry,10,Bachelor,1
1917,Business Analyst,MNC,Education,USA,Remote,Entry,3,Master,0
1918,Data Analyst,MNC,Healthcare,Canada,Onsite,Senior,4,Master,0
1919,Machine Learning Engineer,Medium,Technology,Singapore,Remote,Entry,1,Bachelor,0
1920,Data Scientist,Medium,E-commerce,Canada,Hybrid,Mid,5,PhD,1
1921,Data Engineer,Startup,Healthcare,USA,Remote,Entry,11,PhD,0
1922,AI Engineer,Medium,Healthcare,Australia,Onsite,Senior,11,PhD,0
1923,Data Analyst,Startup,Healthcare,Canada,Onsite,Entry,9,PhD,1
1924,Data Engineer,MNC,Healthcare,USA,Hybrid,Senior,10,PhD,1
1925,AI Engineer,MNC,Healthcare,Singapore,Onsite,Mid,1,Master,1
1926,Data Scientist,Startup,Technology,USA,Remote,Entry,10,PhD,0
1927,Data Analyst,Enterprise,Retail,Canada,Onsite,Entry,5,PhD,1
1928,Data Scientist,Medium,Technology,India,Onsite,Senior,5,Bachelor,1
1929,Data Analyst,Enterprise,Healthcare,Canada,Remote,Entry,1,PhD,1
1930,AI Engineer,Enterprise,Healthcare,Canada,Remote,Mid,8,Bachelor,1
1931,Data Analyst,Startup,Finance,India,Remote,Senior,14,PhD,0
1932,Machine Learning Engineer,Startup,Healthcare,USA,Onsite,Senior,2,Master,1
1933,AI Engineer,Startup,Healthcare,Singapore,Hybrid,Entry,8,Master,0
1934,Business Analyst,Enterprise,E-commerce,Australia,Onsite,Entry,3,Bachelor,0
1935,AI Engineer,Medium,E-commerce,India,Remote,Senior,0,Bachelor,0
1936,Data Analyst,Enterprise,Retail,India,Remote,Senior,4,Master,1
1937,Business Analyst,Startup,Healthcare,Singapore,Onsite,Mid,3,Bachelor,0
1938,Machine Learning Engineer,Enterprise,E-commerce,Singapore,Remote,Mid,0,PhD,0
1939,Data Engineer,MNC,Education,Canada,Remote,Senior,10,Master,0
1940,Data Analyst,Enterprise,Education,UK,Onsite,Senior,14,PhD,1
1941,Data Scientist,MNC,Finance,UK,Remote,Mid,12,Master,1
1942,Data Engineer,Medium,Education,Germany,Remote,Senior,10,Bachelor,0
1943,Data Analyst,Medium,E-commerce,India,Onsite,Senior,11,Master,0
1944,Data Analyst,MNC,Retail,India,Hybrid,Senior,10,Master,0
1945,Business Analyst,MNC,Healthcare,Germany,Hybrid,Senior,13,Master,0
1946,Data Analyst,MNC,Education,Germany,Hybrid,Mid,12,Bachelor,0
1947,Business Analyst,MNC,Healthcare,UK,Hybrid,Senior,1,PhD,0
1948,Data Engineer,Medium,Technology,India,Hybrid,Senior,9,PhD,0
1949,Data Engineer,Startup,Healthcare,USA,Hybrid,Senior,7,PhD,1
1950,Data Engineer,MNC,E-commerce,Germany,Onsite,Entry,9,Bachelor,1
1951,Machine Learning Engineer,Startup,E-commerce,Germany,Remote,Mid,8,Bachelor,0
1952,Business Analyst,MNC,Education,Germany,Onsite,Entry,8,Bachelor,0
1953,Data Engineer,Startup,Retail,UK,Hybrid,Senior,2,Master,0
1954,Business Analyst,Startup,Healthcare,India,Hybrid,Entry,0,Master,0
1955,Data Scientist,Medium,Healthcare,USA,Onsite,Entry,0,Master,0
1956,Data Engineer,MNC,Finance,USA,Hybrid,Senior,1,Master,0
1957,Machine Learning Engineer,Startup,Finance,Australia,Remote,Senior,0,Master,1
1958,Business Analyst,Medium,Healthcare,Germany,Remote,Entry,12,PhD,1
1959,Data Scientist,Enterprise,Healthcare,UK,Hybrid,Mid,0,Master,0
1960,Machine Learning Engineer,Startup,Finance,Australia,Hybrid,Mid,3,Bachelor,0
1961,Data Engineer,Medium,E-commerce,India,Onsite,Entry,11,PhD,1
1962,Machine Learning Engineer,MNC,Finance,Canada,Onsite,Mid,8,Bachelor,0
1963,Data Analyst,Enterprise,Finance,USA,Onsite,Mid,1,PhD,0
1964,AI Engineer,Enterprise,Finance,India,Remote,Mid,0,Master,0
1965,Data Scientist,Startup,Finance,India,Hybrid,Mid,3,Bachelor,0
1966,Machine Learning Engineer,Medium,Technology,UK,Hybrid,Senior,13,Bachelor,0
1967,Data Analyst,Startup,Finance,Australia,Hybrid,Senior,6,Bachelor,0
1968,Data Analyst,MNC,Finance,Singapore,Onsite,Entry,4,PhD,1
1969,Data Analyst,MNC,Technology,Germany,Hybrid,Entry,7,Bachelor,1
1970,Machine Learning Engineer,Enterprise,Finance,USA,Remote,Senior,9,Master,1
1971,Business Analyst,Startup,Technology,India,Remote,Entry,11,PhD,1
1972,Data Analyst,Enterprise,Healthcare,USA,Remote,Senior,8,Master,0
1973,AI Engineer,Enterprise,Technology,Australia,Hybrid,Senior,3,Bachelor,1
1974,AI Engineer,Enterprise,Finance,USA,Onsite,Senior,4,Bachelor,0
1975,Machine Learning Engineer,Enterprise,E-commerce,UK,Remote,Senior,11,Bachelor,1
1976,Data Analyst,Enterprise,E-commerce,Canada,Remote,Entry,7,Master,0
1977,Data Analyst,MNC,Education,Canada,Hybrid,Entry,1,Master,0
1978,Data Analyst,Medium,Technology,Canada,Hybrid,Mid,8,Bachelor,0
1979,Machine Learning Engineer,Enterprise,E-commerce,UK,Hybrid,Senior,13,PhD,1
1980,Data Engineer,Enterprise,Education,Canada,Remote,Entry,12,PhD,1
1981,Data Scientist,MNC,Finance,Singapore,Hybrid,Entry,2,PhD,0
1982,Data Scientist,Startup,Technology,Singapore,Hybrid,Senior,1,Bachelor,1
1983,Machine Learning Engineer,Medium,Retail,USA,Remote,Senior,4,PhD,0
1984,Machine Learning Engineer,Medium,E-commerce,India,Onsite,Senior,3,PhD,0
1985,Business Analyst,MNC,Technology,Canada,Onsite,Entry,2,Master,1
1986,Data Analyst,Startup,Technology,Germany,Remote,Entry,14,Bachelor,0
1987,Machine Learning Engineer,Startup,Education,USA,Remote,Senior,5,Master,1
1988,Business Analyst,Startup,Healthcare,USA,Onsite,Mid,6,PhD,1
1989,Data Scientist,MNC,E-commerce,Germany,Hybrid,Mid,12,Bachelor,1
1990,Data Engineer,Startup,Education,USA,Hybrid,Senior,3,Bachelor,0
1991,Business Analyst,MNC,Technology,India,Hybrid,Entry,9,Master,0
1992,AI Engineer,Enterprise,Healthcare,India,Onsite,Entry,12,Bachelor,0
1993,Data Scientist,Medium,Retail,UK,Remote,Senior,10,Bachelor,0
1994,Data Engineer,Startup,Retail,Canada,Remote,Senior,7,Master,1
1995,Data Engineer,Enterprise,Finance,Australia,Remote,Senior,8,Bachelor,1
1996,Data Analyst,Startup,Finance,USA,Remote,Mid,14,PhD,0
1997,Machine Learning Engineer,Enterprise,Education,Canada,Remote,Senior,1,Master,1
1998,Machine Learning Engineer,Medium,Retail,India,Hybrid,Mid,12,PhD,1
1999,Data Scientist,Startup,E-commerce,India,Hybrid,Mid,0,Master,0
2000,Data Scientist,Enterprise,E-commerce,USA,Onsite,Mid,8,PhD,1
2001,Business Analyst,Medium,E-commerce,Germany,Remote,Entry,13,Master,0
2002,Data Scientist,Enterprise,Education,UK,Hybrid,Entry,3,PhD,0
2003,Data Analyst,MNC,Education,Canada,Remote,Senior,6,Bachelor,0
2004,Data Scientist,Enterprise,E-commerce,UK,Onsite,Senior,0,Master,1
2005,AI Engineer,Startup,Retail,India,Onsite,Entry,3,PhD,0
2006,Data Engineer,Enterprise,Technology,UK,Onsite,Mid,4,PhD,1
2007,Data Engineer,Startup,Healthcare,Canada,Onsite,Entry,13,PhD,1
2008,Machine Learning Engineer,Enterprise,E-commerce,India,Onsite,Senior,2,Master,1
2009,Data Engineer,Enterprise,Retail,Canada,Hybrid,Mid,1,Bachelor,0
2010,Machine Learning Engineer,Enterprise,Retail,Canada,Onsite,Mid,0,PhD,1
2011,Data Engineer,Medium,E-commerce,Singapore,Onsite,Entry,8,PhD,0
2012,Data Engineer,Enterprise,Finance,Australia,Onsite,Mid,12,Master,0
2013,Data Scientist,Enterprise,Finance,India,Hybrid,Entry,7,PhD,1
2014,Data Engineer,MNC,Retail,USA,Remote,Senior,9,Bachelor,0
2015,Data Scientist,MNC,Retail,India,Hybrid,Mid,3,Master,1
2016,Data Scientist,Enterprise,E-commerce,USA,Onsite,Mid,8,Master,0
2017,Data Analyst,MNC,Finance,Canada,Onsite,Senior,8,PhD,0
2018,Business Analyst,Enterprise,Education,Germany,Hybrid,Mid,1,Master,1
2019,AI Engineer,Medium,E-commerce,Germany,Remote,Entry,6,PhD,0
2020,Business Analyst,Startup,Finance,India,Onsite,Entry,7,PhD,0
2021,AI Engineer,Startup,Finance,Germany,Onsite,Senior,12,PhD,1
2022,Data Scientist,Medium,E-commerce,Germany,Remote,Mid,14,Bachelor,0
2023,Data Engineer,Startup,Healthcare,USA,Remote,Mid,5,Bachelor,1
2024,Machine Learning Engineer,Startup,Education,Singapore,Hybrid,Entry,6,Bachelor,1
2025,Machine Learning Engineer,Startup,Technology,UK,Remote,Mid,6,Bachelor,1
2026,Business Analyst,Medium,Technology,Australia,Remote,Senior,12,PhD,0
2027,Business Analyst,MNC,E-commerce,USA,Hybrid,Mid,10,Bachelor,1
2028,Data Analyst,Medium,E-commerce,Germany,Onsite,Senior,4,Bachelor,1
2029,Data Scientist,Medium,Healthcare,India,Remote,Senior,11,Bachelor,1
2030,Machine Learning Engineer,Medium,Finance,India,Remote,Entry,3,Bachelor,1
2031,Business Analyst,Startup,Healthcare,Canada,Hybrid,Mid,14,Bachelor,0
2032,Business Analyst,Enterprise,Finance,Singapore,Remote,Senior,0,Master,1
2033,Data Scientist,MNC,Technology,India,Hybrid,Senior,14,Bachelor,0
2034,Data Scientist,MNC,E-commerce,Singapore,Remote,Entry,6,Bachelor,1
2035,Machine Learning Engineer,Enterprise,Retail,USA,Hybrid,Entry,5,Master,1
2036,Machine Learning Engineer,Enterprise,Education,Australia,Hybrid,Entry,3,PhD,0
2037,Data Scientist,MNC,Healthcare,India,Onsite,Entry,9,Master,1
2038,AI Engineer,Startup,Healthcare,UK,Remote,Entry,12,Bachelor,0
2039,Data Engineer,Startup,Finance,Singapore,Remote,Entry,4,Master,0
2040,Business Analyst,MNC,Finance,Singapore,Remote,Entry,7,PhD,0
2041,Business Analyst,Medium,Technology,India,Onsite,Senior,9,Master,0
2042,Data Scientist,Enterprise,Education,UK,Remote,Mid,0,Bachelor,0
2043,Data Scientist,Medium,Technology,Canada,Remote,Entry,3,Master,1
2044,AI Engineer,Startup,Finance,USA,Hybrid,Entry,9,Master,1
2045,Business Analyst,MNC,Technology,Singapore,Remote,Senior,12,PhD,1
2046,AI Engineer,Enterprise,Technology,Australia,Onsite,Senior,13,Master,1
2047,Machine Learning Engineer,Enterprise,Retail,Germany,Remote,Senior,9,Master,1
2048,Data Engineer,MNC,Healthcare,Singapore,Remote,Entry,10,Bachelor,0
2049,Data Engineer,Startup,Retail,USA,Onsite,Senior,14,Bachelor,0
2050,Data Scientist,Startup,E-commerce,USA,Onsite,Mid,14,Master,0
2051,AI Engineer,Medium,Technology,Germany,Remote,Senior,5,Master,0
2052,Data Analyst,Startup,Healthcare,USA,Hybrid,Senior,1,PhD,0
2053,AI Engineer,MNC,E-commerce,USA,Hybrid,Senior,14,PhD,1
2054,Data Engineer,Enterprise,E-commerce,Australia,Remote,Entry,1,Bachelor,0
2055,Data Engineer,Medium,Finance,Australia,Hybrid,Mid,4,PhD,1
2056,Machine Learning Engineer,Enterprise,Education,Canada,Onsite,Mid,2,PhD,1
2057,Business Analyst,Enterprise,Education,UK,Hybrid,Entry,14,Bachelor,0
2058,Business Analyst,Medium,Technology,Australia,Remote,Senior,12,PhD,1
2059,Data Engineer,MNC,E-commerce,India,Hybrid,Senior,9,Master,1
2060,Machine Learning Engineer,Medium,Technology,Singapore,Remote,Senior,5,PhD,0
2061,Business Analyst,Startup,E-commerce,USA,Hybrid,Entry,11,Master,1
2062,Business Analyst,MNC,Technology,Australia,Onsite,Mid,6,PhD,0
2063,Business Analyst,Medium,Healthcare,USA,Remote,Mid,7,PhD,1
2064,Machine Learning Engineer,Startup,Education,USA,Hybrid,Senior,6,Master,1
2065,Data Analyst,Medium,E-commerce,USA,Onsite,Mid,11,PhD,1
2066,Machine Learning Engineer,Enterprise,Education,Singapore,Onsite,Senior,11,PhD,0
2067,Data Engineer,Enterprise,Healthcare,Australia,Hybrid,Senior,8,Master,0
2068,Data Analyst,Startup,Technology,USA,Remote,Mid,9,PhD,0
2069,Data Analyst,Startup,Technology,Germany,Onsite,Mid,1,PhD,1
2070,Machine Learning Engineer,Enterprise,Education,Singapore,Hybrid,Senior,14,Master,0
2071,Data Engineer,Medium,Technology,Germany,Hybrid,Entry,6,Bachelor,1
2072,Business Analyst,Medium,Technology,UK,Onsite,Mid,9,Master,0
2073,Data Analyst,Medium,Finance,India,Hybrid,Senior,6,Master,1
2074,Machine Learning Engineer,Startup,E-commerce,Germany,Onsite,Entry,11,Master,0
2075,Data Engineer,Medium,Retail,Germany,Onsite,Senior,14,Master,1
2076,Data Scientist,MNC,Technology,UK,Remote,Mid,6,PhD,0
2077,Data Scientist,Enterprise,Healthcare,India,Remote,Entry,10,Bachelor,1
2078,Data Scientist,Medium,Finance,Singapore,Remote,Senior,6,Master,1
2079,Machine Learning Engineer,MNC,Healthcare,UK,Hybrid,Entry,0,Bachelor,0
2080,Data Engineer,MNC,Healthcare,Singapore,Remote,Entry,6,Master,1
2081,Data Scientist,Enterprise,Technology,Singapore,Hybrid,Mid,10,Bachelor,1
2082,Data Scientist,Medium,Healthcare,Germany,Remote,Mid,11,Bachelor,1
2083,Machine Learning Engineer,Startup,Technology,India,Onsite,Senior,6,Master,0
2084,Data Engineer,Startup,Education,India,Hybrid,Mid,1,Bachelor,1
2085,Data Scientist,Startup,Finance,USA,Hybrid,Senior,0,Master,0
2086,Business Analyst,Medium,Finance,Singapore,Onsite,Mid,11,Master,0
2087,Data Scientist,Enterprise,Finance,Singapore,Hybrid,Mid,4,Bachelor,1
2088,Data Analyst,Enterprise,Technology,India,Hybrid,Entry,1,Bachelor,1
2089,Data Engineer,MNC,Education,India,Hybrid,Entry,1,Bachelor,1
2090,AI Engineer,Enterprise,Education,USA,Hybrid,Senior,1,PhD,1
2091,Data Analyst,Medium,E-commerce,Germany,Remote,Senior,14,PhD,0
2092,AI Engineer,MNC,Technology,USA,Remote,Entry,5,PhD,0
2093,Data Engineer,Startup,Technology,Germany,Onsite,Entry,0,Bachelor,1
2094,Business Analyst,Medium,Healthcare,Australia,Hybrid,Mid,5,Bachelor,0
2095,Machine Learning Engineer,Startup,Technology,UK,Hybrid,Senior,14,PhD,1
2096,Data Engineer,MNC,Education,India,Hybrid,Mid,4,PhD,0
2097,Business Analyst,Enterprise,Education,USA,Hybrid,Entry,4,PhD,1
2098,Data Analyst,Medium,E-commerce,Germany,Remote,Mid,10,Master,1
2099,Data Analyst,Startup,Healthcare,Germany,Remote,Senior,2,Master,1
2100,Data Analyst,Enterprise,E-commerce,USA,Remote,Senior,8,Bachelor,0
2101,Data Analyst,Enterprise,Healthcare,USA,Remote,Entry,12,Master,1
2102,AI Engineer,MNC,Finance,Singapore,Remote,Entry,13,Master,1
2103,AI Engineer,MNC,Finance,Canada,Hybrid,Entry,14,Master,1
2104,Business Analyst,Startup,Retail,Australia,Hybrid,Entry,12,Bachelor,1
2105,AI Engineer,Enterprise,Education,Singapore,Onsite,Mid,7,Bachelor,0
2106,Data Engineer,Startup,Technology,Singapore,Hybrid,Senior,12,Master,0
2107,Business Analyst,Medium,E-commerce,Canada,Remote,Mid,13,PhD,0
2108,Machine Learning Engineer,Medium,Retail,India,Hybrid,Entry,5,Master,1
2109,AI Engineer,MNC,Technology,USA,Hybrid,Entry,13,Bachelor,1
2110,Machine Learning Engineer,Startup,Education,Australia,Hybrid,Senior,4,Master,0
2111,Data Analyst,Enterprise,Retail,Germany,Hybrid,Entry,10,Master,1
2112,Machine Learning Engineer,Enterprise,E-commerce,Australia,Hybrid,Entry,4,Master,0
2113,Machine Learning Engineer,Medium,Healthcare,USA,Onsite,Senior,11,Bachelor,0
2114,AI Engineer,Startup,Healthcare,UK,Remote,Senior,5,Master,1
2115,Business Analyst,Enterprise,Healthcare,Australia,Hybrid,Senior,7,Bachelor,1
2116,Business Analyst,Medium,Finance,UK,Onsite,Senior,0,Bachelor,1
2117,Data Engineer,Enterprise,Healthcare,UK,Hybrid,Entry,12,Bachelor,0
2118,Data Analyst,MNC,Retail,India,Hybrid,Senior,6,PhD,1
2119,Business Analyst,Medium,E-commerce,Germany,Onsite,Mid,1,Bachelor,1
2120,Business Analyst,Medium,Retail,USA,Hybrid,Senior,1,Bachelor,0
2121,Data Analyst,MNC,Healthcare,Canada,Remote,Mid,5,Master,0
2122,Data Analyst,Medium,Education,Canada,Remote,Entry,1,PhD,0
2123,Business Analyst,Enterprise,E-commerce,Canada,Hybrid,Entry,9,Master,0
2124,Data Engineer,Startup,Retail,Australia,Hybrid,Mid,9,PhD,0
2125,Machine Learning Engineer,Medium,Education,Germany,Hybrid,Entry,12,Master,1
2126,Data Engineer,MNC,Education,India,Remote,Senior,10,PhD,0
2127,Data Analyst,MNC,Finance,USA,Onsite,Senior,6,Bachelor,1
2128,Data Analyst,Medium,E-commerce,Canada,Hybrid,Senior,7,PhD,0
2129,Machine Learning Engineer,Medium,Education,India,Remote,Senior,7,PhD,0
2130,Data Scientist,Medium,Education,Germany,Remote,Entry,12,Master,0
2131,AI Engineer,Medium,E-commerce,India,Onsite,Senior,7,PhD,1
2132,Machine Learning Engineer,Enterprise,Education,UK,Hybrid,Mid,3,Bachelor,0
2133,AI Engineer,Startup,Technology,Germany,Onsite,Senior,7,Bachelor,0
2134,Data Engineer,Enterprise,Technology,Australia,Hybrid,Mid,4,PhD,0
2135,Data Scientist,MNC,Retail,Singapore,Hybrid,Mid,1,PhD,0
2136,AI Engineer,Medium,Technology,USA,Remote,Entry,5,Bachelor,1
2137,Data Engineer,Medium,Education,Germany,Onsite,Senior,5,Master,0
2138,Data Engineer,Medium,E-commerce,Australia,Onsite,Mid,2,Bachelor,0
2139,Data Engineer,Medium,Finance,Australia,Onsite,Mid,1,Bachelor,1
2140,Data Engineer,Enterprise,Education,Canada,Remote,Entry,12,Bachelor,0
2141,Machine Learning Engineer,Enterprise,Finance,Canada,Onsite,Entry,9,PhD,0
2142,Data Analyst,MNC,Healthcare,Germany,Remote,Entry,4,Bachelor,0
2143,Data Analyst,Startup,Retail,Germany,Hybrid,Entry,8,Bachelor,0
2144,Data Scientist,MNC,E-commerce,USA,Hybrid,Entry,0,PhD,1
2145,Data Engineer,Medium,Technology,UK,Onsite,Senior,3,Master,0
2146,Business Analyst,MNC,Healthcare,India,Hybrid,Senior,13,Master,0
2147,Data Engineer,Medium,Education,Canada,Onsite,Mid,8,PhD,1
2148,Machine Learning Engineer,Startup,Technology,Canada,Hybrid,Entry,11,Master,1
2149,Data Scientist,MNC,Healthcare,USA,Remote,Entry,7,Master,0
2150,Business Analyst,Medium,Education,Canada,Onsite,Entry,10,Bachelor,1
2151,AI Engineer,Enterprise,E-commerce,Singapore,Onsite,Mid,2,Master,0
2152,Machine Learning Engineer,Startup,Healthcare,Canada,Hybrid,Senior,3,Bachelor,1
2153,AI Engineer,MNC,Technology,UK,Onsite,Entry,3,Bachelor,0
2154,Data Analyst,Enterprise,E-commerce,Canada,Onsite,Senior,12,Master,0
2155,AI Engineer,Medium,Technology,UK,Remote,Entry,7,PhD,0
2156,AI Engineer,Startup,Technology,Australia,Hybrid,Senior,4,Bachelor,0
2157,Data Analyst,Medium,Healthcare,Canada,Hybrid,Entry,14,Master,0
2158,Data Engineer,Enterprise,Retail,UK,Onsite,Entry,4,PhD,0
2159,Data Analyst,Startup,Education,Germany,Hybrid,Entry,8,Master,1
2160,Data Analyst,Medium,Finance,Australia,Remote,Entry,6,Bachelor,0
2161,AI Engineer,Medium,E-commerce,Germany,Onsite,Mid,11,PhD,0
2162,AI Engineer,MNC,E-commerce,USA,Onsite,Mid,0,PhD,1
2163,Data Scientist,Startup,Education,UK,Onsite,Senior,14,Master,0
2164,Data Analyst,Enterprise,Technology,USA,Hybrid,Entry,7,PhD,1
2165,Data Engineer,Startup,E-commerce,UK,Onsite,Entry,6,PhD,0
2166,Data Scientist,Medium,Retail,Australia,Hybrid,Senior,14,Bachelor,1
2167,Data Analyst,Startup,E-commerce,Australia,Hybrid,Entry,13,Master,1
2168,Machine Learning Engineer,Startup,Retail,Canada,Onsite,Mid,10,Bachelor,0
2169,Business Analyst,MNC,Retail,Australia,Onsite,Mid,4,PhD,0
2170,Machine Learning Engineer,Startup,Education,Germany,Remote,Entry,1,PhD,1
2171,AI Engineer,MNC,Retail,Australia,Onsite,Entry,1,PhD,1
2172,Data Engineer,Enterprise,Healthcare,Singapore,Onsite,Senior,0,PhD,1
2173,Data Analyst,Medium,Healthcare,Singapore,Remote,Entry,6,Master,1
2174,Business Analyst,Enterprise,Healthcare,India,Hybrid,Entry,8,Master,0
2175,Data Engineer,Enterprise,Retail,Australia,Hybrid,Mid,4,Bachelor,0
2176,Data Analyst,Enterprise,Retail,USA,Remote,Mid,0,PhD,0
2177,Business Analyst,Startup,Retail,Singapore,Remote,Mid,8,PhD,0
2178,AI Engineer,MNC,Education,Canada,Remote,Entry,1,Bachelor,0
2179,Data Analyst,MNC,E-commerce,Canada,Hybrid,Senior,9,PhD,1
2180,Data Analyst,Enterprise,Education,UK,Onsite,Mid,5,Bachelor,1
2181,AI Engineer,Startup,Healthcare,Singapore,Onsite,Entry,0,Bachelor,1
2182,AI Engineer,Startup,Healthcare,Singapore,Onsite,Mid,6,Bachelor,1
2183,Data Scientist,Medium,Technology,India,Remote,Entry,12,PhD,1
2184,AI Engineer,Medium,E-commerce,Germany,Remote,Entry,11,Bachelor,0
2185,Machine Learning Engineer,MNC,Education,Australia,Hybrid,Mid,4,Bachelor,0
2186,Machine Learning Engineer,Enterprise,Technology,Singapore,Onsite,Senior,8,PhD,1
2187,Machine Learning Engineer,Startup,Technology,Singapore,Remote,Mid,6,Master,0
2188,Business Analyst,Enterprise,Finance,India,Hybrid,Senior,4,Master,0
2189,Data Engineer,Startup,Education,UK,Onsite,Entry,13,Bachelor,0
2190,Data Scientist,Startup,Education,Germany,Hybrid,Mid,0,Bachelor,0
2191,Data Analyst,MNC,Healthcare,UK,Onsite,Senior,13,Bachelor,0
2192,Machine Learning Engineer,Medium,Finance,USA,Onsite,Mid,5,PhD,0
2193,Data Engineer,MNC,Technology,UK,Hybrid,Senior,9,PhD,0
2194,Data Engineer,Startup,Finance,Germany,Hybrid,Senior,10,Master,1
2195,Data Analyst,Startup,Finance,Germany,Onsite,Senior,12,Master,0
2196,Data Scientist,Enterprise,E-commerce,India,Onsite,Senior,14,Bachelor,1
2197,Data Analyst,Startup,E-commerce,Australia,Onsite,Senior,5,Bachelor,0
2198,Data Scientist,Startup,Retail,USA,Hybrid,Senior,9,Bachelor,1
2199,Data Analyst,MNC,Education,Australia,Remote,Entry,7,PhD,0
2200,Business Analyst,Enterprise,Finance,Singapore,Hybrid,Senior,8,Master,1
2201,Business Analyst,Startup,Retail,India,Remote,Mid,14,Bachelor,1
2202,Business Analyst,Startup,E-commerce,UK,Onsite,Senior,1,Bachelor,1
2203,Data Engineer,Startup,Retail,UK,Onsite,Mid,7,Bachelor,0
2204,Data Analyst,MNC,Retail,Singapore,Hybrid,Mid,5,PhD,1
2205,AI Engineer,Startup,Education,Canada,Remote,Senior,6,Master,1
2206,Machine Learning Engineer,Medium,Technology,Singapore,Onsite,Entry,12,Bachelor,1
2207,AI Engineer,Startup,Retail,Australia,Remote,Entry,3,Bachelor,0
2208,Data Engineer,Medium,Education,India,Hybrid,Entry,0,Master,1
2209,Machine Learning Engineer,Medium,Retail,Australia,Remote,Senior,0,Master,0
2210,Business Analyst,Enterprise,Finance,India,Onsite,Mid,10,Bachelor,1
2211,Data Analyst,Medium,Healthcare,UK,Hybrid,Mid,1,Bachelor,1
2212,Data Scientist,Medium,Education,India,Remote,Entry,0,Master,1
2213,Data Analyst,Startup,Education,India,Onsite,Senior,3,Bachelor,0
2214,Data Scientist,MNC,Education,Singapore,Onsite,Senior,14,Bachelor,1
2215,Data Scientist,Enterprise,Finance,USA,Hybrid,Mid,2,Master,1
2216,Data Scientist,Startup,Education,UK,Onsite,Entry,14,Master,0
2217,Business Analyst,Startup,Technology,Germany,Onsite,Senior,7,Master,1
2218,Data Engineer,Startup,Retail,Australia,Onsite,Entry,10,Bachelor,0
2219,Machine Learning Engineer,Medium,Finance,UK,Remote,Mid,9,Bachelor,1
2220,Business Analyst,MNC,Healthcare,UK,Hybrid,Entry,6,Master,1
2221,Data Engineer,Enterprise,Education,USA,Onsite,Senior,7,Master,0
2222,Data Analyst,Medium,Retail,Germany,Hybrid,Entry,3,Master,0
2223,Data Analyst,Startup,Education,Singapore,Onsite,Senior,13,Bachelor,1
2224,Data Analyst,Startup,Healthcare,India,Remote,Senior,4,Master,0
2225,Business Analyst,Startup,Retail,Australia,Onsite,Senior,12,PhD,1
2226,AI Engineer,Enterprise,E-commerce,Singapore,Onsite,Senior,13,Bachelor,1
2227,Data Engineer,Startup,Healthcare,USA,Remote,Senior,8,Master,0
2228,Data Scientist,Startup,Healthcare,Singapore,Hybrid,Entry,1,PhD,1
2229,Data Engineer,MNC,Finance,Singapore,Remote,Entry,7,PhD,1
2230,Data Engineer,MNC,Healthcare,Canada,Hybrid,Senior,1,PhD,1
2231,Data Scientist,Enterprise,Retail,USA,Hybrid,Mid,4,Bachelor,1
2232,Data Engineer,Enterprise,Healthcare,Germany,Remote,Mid,0,Master,0
2233,AI Engineer,MNC,Healthcare,UK,Hybrid,Senior,6,Master,0
2234,Machine Learning Engineer,Medium,Education,Australia,Onsite,Mid,9,Master,1
2235,Data Scientist,Enterprise,Education,Australia,Onsite,Entry,14,Master,1
2236,Business Analyst,MNC,Education,USA,Remote,Senior,2,Bachelor,0
2237,Data Engineer,Startup,Technology,Canada,Hybrid,Entry,7,Bachelor,1
2238,Data Scientist,MNC,Technology,Singapore,Remote,Entry,14,Master,1
2239,Data Engineer,Startup,E-commerce,Canada,Onsite,Senior,0,PhD,0
2240,AI Engineer,Enterprise,Technology,Australia,Remote,Senior,4,Bachelor,0
2241,Machine Learning Engineer,Startup,E-commerce,Singapore,Onsite,Mid,10,Bachelor,1
2242,Data Engineer,MNC,E-commerce,UK,Hybrid,Senior,8,PhD,0
2243,Data Analyst,Medium,Technology,UK,Hybrid,Mid,1,Bachelor,1
2244,Data Scientist,Startup,Finance,Canada,Hybrid,Mid,9,PhD,1
2245,AI Engineer,Startup,Retail,Canada,Remote,Entry,9,Bachelor,1
2246,Machine Learning Engineer,Medium,Healthcare,Australia,Remote,Mid,4,PhD,1
2247,Data Engineer,Medium,Finance,Canada,Hybrid,Mid,9,PhD,1
2248,AI Engineer,Enterprise,Technology,Singapore,Onsite,Senior,11,PhD,0
2249,Machine Learning Engineer,MNC,Technology,Canada,Hybrid,Senior,10,Bachelor,0
2250,AI Engineer,Enterprise,E-commerce,Singapore,Onsite,Senior,6,PhD,1
2251,Data Engineer,Enterprise,Technology,Singapore,Remote,Mid,9,Master,1
2252,Data Engineer,Medium,Healthcare,Singapore,Remote,Mid,2,Master,0
2253,Data Scientist,Medium,Education,USA,Hybrid,Senior,13,Master,0
2254,Machine Learning Engineer,MNC,Retail,UK,Onsite,Entry,6,PhD,1
2255,Data Scientist,Medium,Education,USA,Hybrid,Mid,6,Bachelor,1
2256,Data Analyst,MNC,Finance,Australia,Onsite,Senior,11,Master,1
2257,AI Engineer,Medium,Education,Germany,Remote,Mid,2,Bachelor,0
2258,AI Engineer,MNC,Education,India,Remote,Mid,3,Master,1
2259,Data Scientist,Medium,Finance,Germany,Onsite,Mid,5,PhD,1
2260,AI Engineer,Startup,E-commerce,Singapore,Hybrid,Mid,4,PhD,0
2261,Business Analyst,Enterprise,Education,Germany,Remote,Entry,14,Bachelor,0
2262,Data Scientist,Medium,Healthcare,Australia,Onsite,Entry,13,PhD,0
2263,Machine Learning Engineer,MNC,Retail,Australia,Remote,Senior,10,PhD,1
2264,Data Analyst,Medium,Retail,Singapore,Onsite,Mid,3,Master,1
2265,AI Engineer,MNC,Healthcare,UK,Onsite,Senior,5,PhD,0
2266,Data Engineer,MNC,Technology,Australia,Remote,Entry,0,Bachelor,1
2267,Machine Learning Engineer,Medium,Finance,India,Hybrid,Senior,3,Master,0
2268,Data Scientist,Enterprise,Retail,Australia,Hybrid,Entry,0,Bachelor,0
2269,Data Analyst,Medium,Education,Singapore,Onsite,Entry,13,PhD,1
2270,Data Scientist,Startup,Technology,Singapore,Remote,Senior,5,Master,0
2271,Machine Learning Engineer,Enterprise,Retail,India,Hybrid,Entry,13,PhD,0
2272,Business Analyst,Startup,Technology,Germany,Onsite,Mid,8,Master,0
2273,AI Engineer,Medium,Technology,Canada,Hybrid,Entry,4,PhD,0
2274,Machine Learning Engineer,Medium,Technology,Canada,Hybrid,Entry,3,Bachelor,0
2275,Machine Learning Engineer,Medium,Education,USA,Remote,Entry,9,Master,0
2276,Data Engineer,Enterprise,Finance,Singapore,Remote,Entry,10,Bachelor,1
2277,Machine Learning Engineer,Startup,E-commerce,Singapore,Hybrid,Entry,7,Master,1
2278,Data Scientist,Enterprise,Healthcare,Germany,Onsite,Entry,11,Bachelor,1
2279,Business Analyst,MNC,Technology,Canada,Remote,Senior,12,Master,1
2280,Data Analyst,MNC,E-commerce,India,Remote,Mid,2,Master,0
2281,Business Analyst,Startup,Education,India,Remote,Mid,11,Master,1
2282,Data Scientist,Startup,Healthcare,Australia,Onsite,Entry,1,Master,0
2283,AI Engineer,Enterprise,Technology,Canada,Remote,Mid,7,PhD,0
2284,Data Engineer,Enterprise,Technology,Germany,Remote,Mid,3,PhD,1
2285,AI Engineer,Medium,E-commerce,USA,Remote,Mid,7,Master,1
2286,Machine Learning Engineer,MNC,Education,USA,Onsite,Senior,9,Master,0
2287,Data Scientist,Startup,Technology,USA,Remote,Senior,14,Master,0
2288,Data Analyst,MNC,Retail,Singapore,Hybrid,Entry,4,Master,1
2289,Data Engineer,Startup,Technology,Canada,Onsite,Entry,12,PhD,0
2290,AI Engineer,Enterprise,E-commerce,India,Hybrid,Mid,6,Master,0
2291,Business Analyst,MNC,E-commerce,Canada,Remote,Mid,12,Bachelor,1
2292,Data Analyst,Medium,Technology,Australia,Onsite,Senior,8,PhD,1
2293,Data Analyst,Medium,Education,Australia,Remote,Entry,4,Bachelor,0
2294,Data Scientist,Startup,Finance,India,Remote,Mid,12,Master,1
2295,Machine Learning Engineer,Startup,Retail,Singapore,Onsite,Senior,2,Bachelor,0
2296,Machine Learning Engineer,Medium,Retail,Australia,Hybrid,Mid,7,PhD,0
2297,Data Engineer,MNC,Education,Canada,Onsite,Entry,3,PhD,0
2298,Machine Learning Engineer,Startup,Education,USA,Remote,Entry,0,Bachelor,1
2299,Data Scientist,Enterprise,E-commerce,USA,Hybrid,Entry,11,PhD,1
2300,Data Scientist,Startup,Education,USA,Remote,Mid,12,Bachelor,0
2301,Data Engineer,Enterprise,E-commerce,India,Remote,Senior,9,PhD,0
2302,Data Analyst,Medium,E-commerce,Canada,Remote,Entry,11,PhD,0
2303,Data Scientist,Enterprise,E-commerce,USA,Hybrid,Entry,14,Bachelor,1
2304,Data Scientist,Medium,Education,Singapore,Onsite,Entry,12,Bachelor,1
2305,Business Analyst,MNC,Healthcare,USA,Remote,Senior,14,Bachelor,1
2306,Data Scientist,MNC,Education,Singapore,Hybrid,Mid,1,Bachelor,1
2307,Data Scientist,Medium,Retail,USA,Onsite,Entry,9,PhD,0
2308,Machine Learning Engineer,Startup,Finance,Singapore,Remote,Mid,1,Master,1
2309,Data Engineer,Startup,Retail,Canada,Remote,Senior,6,Bachelor,1
2310,AI Engineer,Startup,Retail,UK,Onsite,Mid,6,PhD,1
2311,Data Engineer,MNC,E-commerce,UK,Remote,Senior,4,Master,1
2312,Business Analyst,Startup,Finance,UK,Onsite,Mid,14,Master,1
2313,AI Engineer,MNC,Healthcare,UK,Onsite,Senior,1,PhD,1
2314,Machine Learning Engineer,Startup,Education,Australia,Hybrid,Entry,6,PhD,1
2315,Data Scientist,Enterprise,E-commerce,Germany,Hybrid,Senior,9,Bachelor,1
2316,Machine Learning Engineer,Enterprise,Healthcare,Canada,Onsite,Senior,2,PhD,0
2317,Data Scientist,MNC,Retail,Germany,Hybrid,Senior,13,Bachelor,0
2318,Machine Learning Engineer,Startup,Healthcare,Germany,Onsite,Entry,8,PhD,1
2319,Business Analyst,Enterprise,Technology,India,Remote,Mid,14,PhD,1
2320,Data Scientist,Startup,Healthcare,India,Onsite,Senior,1,Bachelor,0
2321,Data Analyst,Enterprise,Education,India,Remote,Mid,13,PhD,0
2322,Data Scientist,MNC,Finance,India,Onsite,Entry,1,Bachelor,0
2323,Machine Learning Engineer,MNC,Technology,Singapore,Hybrid,Senior,0,Master,1
2324,Data Analyst,Enterprise,Education,India,Hybrid,Senior,14,Master,0
2325,AI Engineer,Enterprise,Retail,Canada,Onsite,Senior,12,Bachelor,0
2326,Data Analyst,Startup,Retail,UK,Onsite,Entry,4,Bachelor,1
2327,Data Analyst,Medium,Technology,Singapore,Hybrid,Mid,12,PhD,1
2328,AI Engineer,Startup,Healthcare,Germany,Hybrid,Mid,13,PhD,0
2329,Data Scientist,Startup,Finance,India,Remote,Senior,4,Master,1
2330,Business Analyst,Medium,Finance,Germany,Remote,Senior,3,PhD,1
2331,Machine Learning Engineer,MNC,Technology,UK,Remote,Senior,5,Bachelor,1
2332,AI Engineer,Enterprise,Retail,Germany,Hybrid,Senior,11,Bachelor,0
2333,Business Analyst,Medium,E-commerce,Australia,Onsite,Senior,6,Master,0
2334,Data Scientist,Startup,Healthcare,USA,Hybrid,Mid,1,PhD,1
2335,AI Engineer,Enterprise,Retail,UK,Onsite,Senior,0,PhD,0
2336,AI Engineer,Medium,E-commerce,Canada,Onsite,Senior,5,Bachelor,1
2337,Machine Learning Engineer,MNC,Retail,Germany,Hybrid,Senior,0,PhD,1
2338,Data Engineer,Medium,Healthcare,Germany,Hybrid,Entry,9,Bachelor,1
2339,Machine Learning Engineer,MNC,Technology,Australia,Hybrid,Entry,3,PhD,1
2340,Business Analyst,Enterprise,Education,Singapore,Remote,Senior,1,PhD,0
2341,Data Analyst,MNC,E-commerce,Australia,Onsite,Senior,1,Bachelor,0
2342,Data Engineer,Startup,Education,USA,Onsite,Mid,13,Bachelor,0
2343,Business Analyst,MNC,Finance,Canada,Remote,Mid,5,PhD,1
2344,Machine Learning Engineer,Medium,Retail,Singapore,Hybrid,Mid,0,Master,0
2345,Business Analyst,Medium,Retail,Canada,Hybrid,Mid,0,Bachelor,0
2346,AI Engineer,Startup,Technology,Singapore,Remote,Mid,3,Master,1
2347,Business Analyst,Medium,Finance,Singapore,Hybrid,Senior,4,Master,1
2348,Business Analyst,Medium,Education,Australia,Hybrid,Mid,0,Bachelor,0
2349,AI Engineer,Startup,E-commerce,USA,Remote,Senior,14,Bachelor,0
2350,Data Engineer,MNC,Retail,USA,Onsite,Senior,13,Master,1
2351,Data Scientist,Medium,Finance,Australia,Hybrid,Senior,12,Bachelor,1
2352,Business Analyst,Enterprise,Healthcare,Germany,Onsite,Senior,14,Bachelor,0
2353,Data Analyst,Enterprise,Technology,Australia,Onsite,Senior,4,PhD,0
2354,Data Analyst,MNC,E-commerce,Canada,Onsite,Senior,4,PhD,0
2355,Data Scientist,MNC,Finance,Australia,Remote,Senior,8,Bachelor,1
2356,Data Scientist,Startup,Retail,Germany,Onsite,Mid,5,Master,0
2357,Data Analyst,Startup,Finance,Germany,Onsite,Entry,6,Master,1
2358,Machine Learning Engineer,Enterprise,E-commerce,USA,Hybrid,Entry,10,PhD,1
2359,Data Analyst,Enterprise,E-commerce,Germany,Hybrid,Senior,10,Bachelor,0
2360,AI Engineer,Enterprise,Technology,India,Onsite,Mid,14,Bachelor,0
2361,Business Analyst,Startup,E-commerce,USA,Remote,Mid,8,Master,1
2362,Business Analyst,Startup,Technology,Canada,Hybrid,Mid,10,PhD,0
2363,Business Analyst,Medium,Finance,India,Onsite,Entry,1,PhD,1
2364,Machine Learning Engineer,Medium,E-commerce,India,Hybrid,Entry,13,Bachelor,0
2365,Data Engineer,Medium,E-commerce,Australia,Hybrid,Senior,5,Bachelor,0
2366,Machine Learning Engineer,Medium,Healthcare,UK,Onsite,Mid,1,Bachelor,1
2367,Data Analyst,MNC,Education,Singapore,Remote,Mid,4,Master,1
2368,Machine Learning Engineer,Startup,Retail,Australia,Onsite,Entry,14,Bachelor,0
2369,Machine Learning Engineer,MNC,Healthcare,Singapore,Onsite,Senior,9,Bachelor,1
2370,Business Analyst,Enterprise,E-commerce,USA,Remote,Entry,12,Bachelor,1
2371,Data Scientist,Medium,Retail,Australia,Onsite,Entry,12,Master,0
2372,Business Analyst,Enterprise,Technology,USA,Remote,Senior,8,PhD,0
2373,Data Scientist,MNC,Healthcare,India,Hybrid,Senior,5,Bachelor,0
2374,Data Engineer,Enterprise,Technology,UK,Onsite,Entry,1,Master,0
2375,Data Engineer,MNC,Retail,Germany,Remote,Senior,12,PhD,0
2376,AI Engineer,Enterprise,Retail,India,Remote,Senior,13,Master,0
2377,Machine Learning Engineer,Medium,Technology,UK,Remote,Senior,4,Master,1
2378,Machine Learning Engineer,Medium,Retail,Canada,Remote,Senior,14,PhD,0
2379,Data Scientist,Enterprise,Retail,Singapore,Remote,Senior,3,Bachelor,1
2380,Data Scientist,MNC,Healthcare,Australia,Hybrid,Entry,1,Bachelor,0
2381,Data Engineer,Startup,Technology,USA,Hybrid,Mid,1,Bachelor,1
2382,Data Analyst,Enterprise,Education,UK,Hybrid,Mid,12,Bachelor,0
2383,Data Engineer,Medium,Technology,Australia,Hybrid,Senior,4,PhD,1
2384,Machine Learning Engineer,Enterprise,Retail,Singapore,Hybrid,Senior,6,PhD,0
2385,Data Scientist,Startup,Retail,Singapore,Hybrid,Entry,13,Master,0
2386,AI Engineer,Startup,Education,Germany,Hybrid,Entry,5,PhD,0
2387,Data Engineer,Startup,E-commerce,India,Hybrid,Entry,14,PhD,1
2388,AI Engineer,MNC,Technology,UK,Onsite,Mid,1,Bachelor,0
2389,Data Engineer,MNC,E-commerce,Canada,Hybrid,Senior,8,Master,1
2390,AI Engineer,Startup,Finance,USA,Remote,Entry,10,PhD,1
2391,Business Analyst,MNC,Finance,Singapore,Onsite,Mid,2,Bachelor,0
2392,Data Scientist,Enterprise,Retail,USA,Onsite,Mid,0,Bachelor,0
2393,Business Analyst,MNC,Healthcare,India,Hybrid,Senior,7,PhD,1
2394,Machine Learning Engineer,MNC,Healthcare,Canada,Hybrid,Entry,1,Bachelor,0
2395,Data Engineer,Enterprise,Retail,Australia,Remote,Senior,9,PhD,0
2396,Data Engineer,Medium,Healthcare,UK,Hybrid,Entry,0,Bachelor,0
2397,Data Engineer,MNC,Retail,UK,Onsite,Mid,14,PhD,1
2398,AI Engineer,MNC,Technology,Canada,Remote,Entry,8,PhD,1
2399,Business Analyst,Medium,Healthcare,Germany,Onsite,Entry,5,Master,1
2400,Machine Learning Engineer,Startup,Technology,UK,Remote,Senior,4,PhD,0
2401,AI Engineer,MNC,E-commerce,Australia,Remote,Senior,2,Master,1
2402,Business Analyst,Medium,Education,Australia,Remote,Mid,12,Bachelor,1
2403,AI Engineer,Startup,Finance,Singapore,Remote,Entry,9,Master,1
2404,AI Engineer,Medium,Finance,Australia,Hybrid,Mid,2,PhD,0
2405,AI Engineer,Startup,E-commerce,India,Hybrid,Mid,9,PhD,1
2406,Business Analyst,Medium,Healthcare,Australia,Onsite,Senior,8,Bachelor,0
2407,Machine Learning Engineer,Startup,Retail,India,Remote,Mid,9,Master,0
2408,Business Analyst,Medium,Technology,Singapore,Remote,Senior,11,PhD,0
2409,Data Engineer,Medium,Technology,Canada,Hybrid,Entry,7,PhD,1
2410,Data Analyst,MNC,Finance,USA,Onsite,Entry,7,Master,1
2411,Business Analyst,MNC,Retail,Singapore,Onsite,Entry,1,Master,1
2412,Business Analyst,Medium,Finance,India,Onsite,Mid,3,PhD,0
2413,Business Analyst,Medium,Education,India,Hybrid,Mid,12,Bachelor,1
2414,Data Analyst,Enterprise,Healthcare,UK,Hybrid,Senior,3,Master,1
2415,Business Analyst,MNC,Finance,Germany,Remote,Mid,9,PhD,1
2416,Business Analyst,Enterprise,Retail,Germany,Remote,Senior,6,PhD,0
2417,Business Analyst,Enterprise,Healthcare,Germany,Onsite,Entry,8,PhD,0
2418,Data Engineer,MNC,Technology,Germany,Remote,Entry,6,PhD,1
2419,Data Analyst,Startup,Education,USA,Onsite,Entry,14,Bachelor,0
2420,Machine Learning Engineer,Medium,Retail,USA,Remote,Mid,0,PhD,0
2421,Data Analyst,Startup,E-commerce,Canada,Hybrid,Senior,10,Master,0
2422,Business Analyst,Medium,Technology,USA,Onsite,Mid,11,PhD,0
2423,Data Analyst,MNC,Technology,Germany,Onsite,Mid,12,Bachelor,1
2424,Data Analyst,Startup,E-commerce,Singapore,Hybrid,Senior,2,Bachelor,1
2425,Data Analyst,Medium,Healthcare,Singapore,Onsite,Senior,6,Master,0
2426,Data Analyst,Startup,E-commerce,Canada,Remote,Senior,0,Master,1
2427,Business Analyst,Startup,Finance,Canada,Remote,Mid,6,Master,0
2428,Machine Learning Engineer,Startup,Healthcare,USA,Hybrid,Mid,12,Bachelor,1
2429,Business Analyst,Enterprise,Finance,UK,Hybrid,Entry,4,Master,1
2430,AI Engineer,Enterprise,Retail,Australia,Onsite,Mid,3,Master,0
2431,Machine Learning Engineer,Startup,E-commerce,UK,Remote,Mid,13,PhD,0
2432,Business Analyst,Enterprise,Healthcare,Australia,Remote,Senior,6,PhD,1
2433,Data Scientist,Medium,Education,USA,Remote,Mid,4,Master,1
2434,Data Analyst,Enterprise,Technology,India,Hybrid,Senior,9,Bachelor,0
2435,Machine Learning Engineer,Medium,Healthcare,Canada,Onsite,Entry,9,Bachelor,1
2436,AI Engineer,MNC,Technology,Singapore,Remote,Senior,2,Master,0
2437,Data Engineer,Startup,Technology,Canada,Onsite,Entry,6,Bachelor,1
2438,Business Analyst,Startup,Retail,UK,Hybrid,Senior,12,PhD,1
2439,AI Engineer,Startup,Healthcare,Singapore,Hybrid,Mid,5,PhD,0
2440,Machine Learning Engineer,Medium,Education,Canada,Onsite,Entry,14,Bachelor,0
2441,Data Scientist,Medium,Technology,India,Hybrid,Entry,8,PhD,0
2442,AI Engineer,Startup,Retail,Germany,Hybrid,Senior,8,PhD,1
2443,Business Analyst,MNC,E-commerce,UK,Hybrid,Mid,8,Master,0
2444,Data Engineer,Enterprise,Healthcare,UK,Remote,Entry,8,PhD,1
2445,Data Scientist,MNC,E-commerce,Germany,Onsite,Mid,2,Bachelor,1
2446,Business Analyst,Enterprise,Retail,Australia,Remote,Mid,9,Bachelor,1
2447,Machine Learning Engineer,Medium,Retail,Australia,Onsite,Mid,12,Bachelor,1
2448,AI Engineer,Medium,E-commerce,Canada,Hybrid,Entry,10,PhD,1
2449,Machine Learning Engineer,Enterprise,Healthcare,USA,Remote,Mid,8,Master,0
2450,AI Engineer,MNC,Technology,Australia,Onsite,Entry,11,Bachelor,0
2451,Data Analyst,MNC,E-commerce,Singapore,Remote,Mid,6,Master,1
2452,Data Engineer,MNC,E-commerce,India,Hybrid,Entry,1,Bachelor,1
2453,Business Analyst,Medium,E-commerce,USA,Hybrid,Mid,2,Master,1
2454,AI Engineer,Startup,E-commerce,Germany,Remote,Senior,0,Master,0
2455,Business Analyst,Medium,Technology,Australia,Hybrid,Senior,6,Master,0
2456,Data Analyst,Startup,Finance,India,Remote,Senior,3,Master,1
2457,Data Scientist,MNC,Retail,India,Hybrid,Senior,8,PhD,0
2458,Data Analyst,MNC,Finance,USA,Onsite,Entry,1,PhD,1
2459,Data Scientist,MNC,E-commerce,Singapore,Hybrid,Mid,3,Bachelor,1
2460,AI Engineer,Enterprise,Healthcare,USA,Remote,Entry,10,Bachelor,1
2461,Business Analyst,Startup,Healthcare,India,Hybrid,Senior,11,Master,1
2462,Data Scientist,Startup,E-commerce,Germany,Remote,Senior,11,Bachelor,0
2463,Data Analyst,Medium,Technology,India,Onsite,Senior,7,Master,1
2464,Data Engineer,Enterprise,Healthcare,Canada,Remote,Senior,9,Master,1
2465,Data Engineer,MNC,Finance,Germany,Remote,Entry,14,Master,1
2466,Data Scientist,Startup,Retail,Singapore,Hybrid,Mid,8,Master,1
2467,AI Engineer,Startup,Finance,Canada,Remote,Entry,4,Master,1
2468,Data Engineer,Enterprise,E-commerce,UK,Remote,Mid,11,PhD,1
2469,Data Analyst,Medium,Healthcare,Australia,Hybrid,Entry,6,Bachelor,0
2470,Data Engineer,Enterprise,Retail,Canada,Hybrid,Entry,8,PhD,0
2471,Data Analyst,MNC,Finance,UK,Onsite,Mid,12,PhD,0
2472,Business Analyst,Enterprise,Education,India,Remote,Mid,8,Bachelor,1
2473,Business Analyst,Startup,Healthcare,Germany,Onsite,Entry,1,Master,1
2474,AI Engineer,Medium,Retail,India,Hybrid,Entry,0,Master,0
2475,Business Analyst,Startup,Finance,Australia,Onsite,Senior,9,Bachelor,1
2476,Data Engineer,Startup,Healthcare,Singapore,Remote,Mid,1,Bachelor,1
2477,Business Analyst,Medium,Finance,Australia,Onsite,Senior,0,Bachelor,1
2478,AI Engineer,Startup,E-commerce,Australia,Remote,Entry,3,PhD,1
2479,Data Engineer,Startup,Education,Singapore,Remote,Mid,7,PhD,0
2480,Data Analyst,Enterprise,Retail,Germany,Onsite,Entry,7,PhD,0
2481,Data Engineer,MNC,Retail,Germany,Onsite,Entry,3,Bachelor,1
2482,AI Engineer,Startup,Education,India,Onsite,Entry,2,Bachelor,0
2483,Machine Learning Engineer,MNC,Finance,India,Remote,Entry,14,Master,1
2484,Data Engineer,Enterprise,E-commerce,Australia,Hybrid,Senior,2,Bachelor,1
2485,Data Analyst,MNC,Education,Canada,Remote,Mid,8,Bachelor,1
2486,Data Analyst,MNC,Retail,India,Onsite,Entry,12,Bachelor,0
2487,Business Analyst,Startup,Finance,Canada,Onsite,Senior,8,Bachelor,1
2488,Data Engineer,Startup,Healthcare,Australia,Hybrid,Mid,13,Bachelor,0
2489,Machine Learning Engineer,MNC,Healthcare,India,Hybrid,Entry,1,PhD,0
2490,AI Engineer,Enterprise,Healthcare,UK,Hybrid,Entry,5,PhD,0
2491,Machine Learning Engineer,Enterprise,Retail,India,Hybrid,Entry,14,Bachelor,1
2492,AI Engineer,Enterprise,Retail,Singapore,Onsite,Mid,8,PhD,0
2493,Data Analyst,MNC,E-commerce,Germany,Onsite,Senior,6,PhD,0
2494,Business Analyst,MNC,Healthcare,Singapore,Remote,Mid,11,PhD,1
2495,AI Engineer,Medium,Finance,Australia,Onsite,Entry,14,Bachelor,0
2496,Business Analyst,MNC,Technology,Canada,Onsite,Mid,9,Master,0
2497,Data Analyst,Enterprise,Healthcare,Germany,Hybrid,Senior,1,Bachelor,1
2498,Business Analyst,Startup,E-commerce,Germany,Remote,Entry,4,PhD,1
2499,Machine Learning Engineer,Enterprise,Retail,Germany,Remote,Mid,4,Master,0
2500,Data Engineer,Medium,E-commerce,Singapore,Onsite,Entry,9,PhD,1
2501,Data Analyst,Enterprise,Retail,Australia,Onsite,Senior,10,Master,1
2502,Business Analyst,MNC,Healthcare,UK,Onsite,Mid,13,PhD,0
2503,Data Scientist,MNC,Finance,Germany,Onsite,Mid,6,Master,1
2504,Machine Learning Engineer,Enterprise,Education,India,Onsite,Entry,1,Bachelor,0
2505,Data Engineer,Startup,Retail,Germany,Remote,Senior,13,Bachelor,1
2506,Data Engineer,Enterprise,E-commerce,India,Remote,Senior,12,PhD,0
2507,Data Engineer,Startup,E-commerce,Canada,Remote,Senior,0,PhD,1
2508,Data Engineer,Startup,E-commerce,UK,Onsite,Entry,10,Bachelor,0
2509,Business Analyst,Startup,Technology,Australia,Hybrid,Mid,2,PhD,0
2510,AI Engineer,Startup,Technology,Australia,Remote,Mid,5,PhD,0
2511,Data Scientist,Medium,Education,Germany,Onsite,Senior,4,Bachelor,0
2512,Business Analyst,MNC,Healthcare,India,Remote,Senior,0,Master,0
2513,Data Scientist,Startup,Healthcare,Germany,Onsite,Mid,13,PhD,0
2514,Data Engineer,Medium,E-commerce,USA,Onsite,Mid,2,Master,1
2515,AI Engineer,Medium,Education,USA,Hybrid,Mid,7,Master,0
2516,Data Analyst,Medium,Retail,Germany,Onsite,Senior,13,Master,1
2517,AI Engineer,MNC,Retail,Singapore,Hybrid,Mid,8,Bachelor,1
2518,Data Analyst,Startup,Finance,Australia,Remote,Mid,9,PhD,1
2519,AI Engineer,Enterprise,Finance,Singapore,Remote,Senior,10,Master,1
2520,Business Analyst,Medium,Healthcare,UK,Remote,Senior,5,Bachelor,1
2521,Data Engineer,MNC,Healthcare,Australia,Hybrid,Mid,6,PhD,1
2522,AI Engineer,Startup,E-commerce,Australia,Hybrid,Mid,10,Master,1
2523,Machine Learning Engineer,MNC,E-commerce,India,Hybrid,Entry,5,Bachelor,1
2524,Data Engineer,Enterprise,Education,Canada,Remote,Entry,14,Master,0
2525,Data Engineer,Medium,E-commerce,USA,Remote,Mid,1,Bachelor,1
2526,Data Analyst,Startup,Finance,Canada,Remote,Senior,6,Master,0
2527,AI Engineer,Startup,E-commerce,Germany,Onsite,Mid,4,PhD,1
2528,Data Scientist,Enterprise,E-commerce,Australia,Onsite,Mid,12,Master,1
2529,Data Analyst,Enterprise,Retail,Singapore,Hybrid,Senior,1,Master,0
2530,AI Engineer,Medium,Retail,UK,Remote,Senior,13,Bachelor,0
2531,Business Analyst,MNC,Technology,Germany,Onsite,Senior,5,PhD,1
2532,Data Scientist,Medium,Education,India,Remote,Senior,5,PhD,1
2533,AI Engineer,Startup,Technology,USA,Hybrid,Mid,8,PhD,0
2534,Data Engineer,Medium,Education,Singapore,Remote,Senior,10,Bachelor,0
2535,Business Analyst,Startup,Technology,Singapore,Remote,Entry,13,Master,0
2536,AI Engineer,MNC,Finance,UK,Hybrid,Senior,3,Master,0
2537,Data Scientist,Enterprise,Finance,USA,Onsite,Senior,0,Bachelor,0
2538,AI Engineer,Startup,Education,Germany,Onsite,Mid,3,Bachelor,0
2539,Business Analyst,Startup,Retail,India,Remote,Entry,2,PhD,0
2540,Data Analyst,Enterprise,Healthcare,Canada,Remote,Entry,7,PhD,0
2541,Data Scientist,Medium,Retail,Singapore,Onsite,Mid,3,Master,1
2542,AI Engineer,Enterprise,Education,UK,Hybrid,Entry,0,Bachelor,0
2543,Data Scientist,Startup,E-commerce,Germany,Hybrid,Mid,6,Bachelor,0
2544,Data Engineer,Startup,Finance,Germany,Hybrid,Senior,4,PhD,0
2545,AI Engineer,Enterprise,Retail,USA,Remote,Entry,7,Bachelor,0
2546,Machine Learning Engineer,Medium,Finance,Germany,Hybrid,Entry,0,Bachelor,1
2547,AI Engineer,MNC,Technology,Canada,Remote,Senior,12,Master,1
2548,Data Analyst,Medium,Finance,Germany,Remote,Senior,2,Master,0
2549,Machine Learning Engineer,Startup,Technology,India,Onsite,Senior,7,PhD,1
2550,Data Engineer,Medium,Healthcare,Germany,Onsite,Entry,0,PhD,0
2551,Data Engineer,Medium,Education,India,Onsite,Entry,11,Bachelor,1
2552,Data Scientist,Enterprise,Healthcare,Canada,Remote,Entry,4,Master,0
2553,AI Engineer,Medium,Education,India,Hybrid,Entry,8,PhD,1
2554,AI Engineer,Enterprise,Finance,USA,Remote,Senior,0,Bachelor,1
2555,Data Scientist,Enterprise,Healthcare,Canada,Remote,Entry,7,Master,0
2556,AI Engineer,Startup,Retail,USA,Remote,Entry,10,PhD,1
2557,Machine Learning Engineer,Startup,E-commerce,Canada,Remote,Entry,14,PhD,0
2558,AI Engineer,Medium,E-commerce,Australia,Remote,Senior,12,PhD,0
2559,Machine Learning Engineer,MNC,Technology,UK,Onsite,Mid,2,Bachelor,0
2560,AI Engineer,MNC,Healthcare,Singapore,Onsite,Mid,10,PhD,0
2561,Data Engineer,Startup,Technology,Singapore,Onsite,Senior,9,Bachelor,1
2562,Data Engineer,Startup,Education,Canada,Onsite,Senior,0,Bachelor,1
2563,AI Engineer,Medium,Education,Germany,Onsite,Entry,1,Bachelor,0
2564,Data Engineer,Startup,E-commerce,India,Remote,Mid,6,Master,0
2565,Data Analyst,Startup,E-commerce,USA,Remote,Senior,7,PhD,1
2566,Machine Learning Engineer,MNC,Education,Singapore,Remote,Senior,1,Master,1
2567,Data Scientist,MNC,Healthcare,Singapore,Onsite,Mid,10,Bachelor,1
2568,AI Engineer,Enterprise,Healthcare,Germany,Onsite,Senior,14,Bachelor,1
2569,Data Analyst,Enterprise,E-commerce,Canada,Hybrid,Senior,10,PhD,0
2570,Data Engineer,Enterprise,E-commerce,Germany,Remote,Senior,6,PhD,1
2571,Data Analyst,MNC,Retail,Canada,Hybrid,Senior,9,PhD,0
2572,Business Analyst,MNC,Technology,Australia,Remote,Mid,10,Master,0
2573,Business Analyst,Enterprise,Education,Canada,Onsite,Senior,2,Bachelor,1
2574,Data Scientist,Startup,Education,Canada,Hybrid,Entry,3,Bachelor,1
2575,Data Scientist,Startup,Retail,USA,Hybrid,Entry,10,Bachelor,1
2576,AI Engineer,Medium,Healthcare,UK,Remote,Senior,3,Master,0
2577,Data Scientist,Enterprise,E-commerce,UK,Onsite,Mid,9,PhD,0
2578,Business Analyst,Enterprise,E-commerce,India,Remote,Entry,12,Bachelor,0
2579,AI Engineer,Medium,Finance,Canada,Onsite,Mid,5,Master,0
2580,Business Analyst,Startup,Healthcare,UK,Hybrid,Entry,12,Master,0
2581,AI Engineer,Medium,Technology,Canada,Hybrid,Entry,3,PhD,1
2582,AI Engineer,Medium,Retail,USA,Onsite,Entry,8,PhD,0
2583,Business Analyst,MNC,Retail,Singapore,Remote,Entry,4,PhD,1
2584,Data Analyst,Medium,Education,India,Hybrid,Mid,3,Bachelor,0
2585,AI Engineer,Startup,Finance,Australia,Onsite,Mid,9,Bachelor,0
2586,Machine Learning Engineer,Startup,Education,Canada,Hybrid,Mid,10,Bachelor,1
2587,Business Analyst,Enterprise,Finance,Singapore,Onsite,Entry,0,PhD,0
2588,Data Scientist,MNC,Retail,UK,Onsite,Entry,11,PhD,1
2589,Data Scientist,Startup,Education,UK,Hybrid,Senior,11,PhD,0
2590,AI Engineer,Startup,Finance,India,Remote,Mid,10,PhD,1
2591,Data Analyst,Enterprise,E-commerce,India,Remote,Entry,8,Master,1
2592,Data Engineer,Medium,E-commerce,Canada,Remote,Mid,1,Bachelor,1
2593,AI Engineer,MNC,Education,Australia,Onsite,Mid,4,Master,1
2594,AI Engineer,Enterprise,E-commerce,Singapore,Remote,Entry,6,PhD,0
2595,Business Analyst,Startup,Retail,USA,Remote,Entry,6,PhD,0
2596,AI Engineer,Medium,E-commerce,Canada,Remote,Senior,14,Master,1
2597,Data Scientist,MNC,Education,Singapore,Hybrid,Entry,1,PhD,1
2598,Data Scientist,MNC,Finance,Australia,Onsite,Mid,10,PhD,0
2599,Data Engineer,Startup,Technology,Germany,Remote,Entry,1,Master,0
2600,Data Analyst,Enterprise,Healthcare,Canada,Onsite,Senior,7,PhD,1
2601,Business Analyst,Medium,Healthcare,Australia,Remote,Senior,8,Bachelor,1
2602,AI Engineer,MNC,Healthcare,Germany,Onsite,Mid,11,PhD,0
2603,Data Scientist,Startup,Education,Canada,Remote,Senior,8,Master,1
2604,Data Analyst,Startup,Technology,UK,Onsite,Senior,8,Bachelor,1
2605,Machine Learning Engineer,Enterprise,Technology,Canada,Hybrid,Senior,13,PhD,1
2606,Machine Learning Engineer,Enterprise,Healthcare,India,Remote,Entry,4,PhD,0
2607,Machine Learning Engineer,Medium,Healthcare,Germany,Onsite,Senior,11,Bachelor,0
2608,Machine Learning Engineer,Startup,Education,UK,Onsite,Entry,10,Master,0
2609,Business Analyst,Medium,E-commerce,USA,Hybrid,Entry,5,PhD,1
2610,Data Engineer,Enterprise,Healthcare,USA,Hybrid,Entry,4,Master,1
2611,Machine Learning Engineer,Enterprise,Finance,Singapore,Onsite,Senior,9,Bachelor,0
2612,Data Scientist,Medium,Healthcare,USA,Remote,Mid,3,Master,0
2613,Data Scientist,Enterprise,Technology,Germany,Onsite,Mid,2,Master,0
2614,Data Scientist,MNC,Education,Canada,Remote,Mid,8,PhD,1
2615,Business Analyst,MNC,Education,Singapore,Onsite,Mid,7,Bachelor,1
2616,Data Engineer,MNC,E-commerce,Germany,Remote,Entry,4,Master,0
2617,Machine Learning Engineer,Startup,Healthcare,USA,Remote,Senior,11,Master,0
2618,Business Analyst,Startup,E-commerce,Singapore,Hybrid,Entry,4,Bachelor,1
2619,Machine Learning Engineer,Enterprise,Education,UK,Hybrid,Entry,1,PhD,0
2620,AI Engineer,Enterprise,E-commerce,Australia,Hybrid,Senior,8,PhD,1
2621,Business Analyst,MNC,Education,USA,Remote,Senior,5,Master,0
2622,Data Analyst,Enterprise,Healthcare,Australia,Hybrid,Senior,3,Master,1
2623,AI Engineer,Medium,Education,Singapore,Remote,Entry,7,Bachelor,0
2624,AI Engineer,Enterprise,E-commerce,Singapore,Hybrid,Senior,7,PhD,0
2625,Machine Learning Engineer,MNC,Healthcare,India,Remote,Entry,7,Master,0
2626,Data Analyst,MNC,Retail,Singapore,Remote,Entry,1,Master,1
2627,Data Engineer,Enterprise,Technology,India,Hybrid,Senior,5,Bachelor,1
2628,Business Analyst,Startup,Finance,USA,Onsite,Entry,4,Bachelor,0
2629,Business Analyst,Enterprise,Education,India,Onsite,Senior,1,PhD,0
2630,Business Analyst,MNC,E-commerce,Canada,Onsite,Senior,2,Master,1
2631,Data Scientist,Startup,Finance,UK,Remote,Mid,14,Bachelor,0
2632,Machine Learning Engineer,Startup,Technology,Australia,Onsite,Senior,8,Master,1
2633,Data Analyst,MNC,Retail,Australia,Remote,Senior,1,Master,1
2634,AI Engineer,Medium,Education,Singapore,Remote,Senior,11,Bachelor,1
2635,Data Analyst,Medium,Healthcare,Australia,Remote,Entry,4,PhD,0
2636,Machine Learning Engineer,Medium,Retail,Germany,Onsite,Senior,3,PhD,0
2637,AI Engineer,Startup,Healthcare,USA,Remote,Senior,14,PhD,1
2638,Data Scientist,Medium,Healthcare,Australia,Remote,Entry,13,Bachelor,0
2639,Data Scientist,Startup,Retail,Canada,Onsite,Entry,9,Master,1
2640,Data Engineer,Medium,Healthcare,UK,Remote,Mid,8,Master,0
2641,Data Scientist,Enterprise,E-commerce,Germany,Hybrid,Mid,13,Bachelor,1
2642,Business Analyst,Medium,Technology,Singapore,Remote,Mid,1,PhD,0
2643,Data Analyst,Enterprise,Education,India,Hybrid,Senior,3,PhD,1
2644,Data Engineer,Enterprise,Education,Singapore,Remote,Entry,3,Master,0
2645,Business Analyst,Startup,E-commerce,Australia,Remote,Senior,0,Bachelor,1
2646,Data Scientist,Enterprise,E-commerce,India,Remote,Entry,10,Bachelor,0
2647,Business Analyst,Enterprise,Technology,Singapore,Remote,Mid,8,Bachelor,0
2648,Data Analyst,MNC,Retail,India,Onsite,Senior,0,PhD,0
2649,Data Engineer,Medium,Healthcare,UK,Onsite,Entry,5,PhD,1
2650,AI Engineer,Startup,Education,Australia,Onsite,Senior,6,Bachelor,0
2651,AI Engineer,MNC,Education,Germany,Remote,Senior,2,Bachelor,1
2652,Data Scientist,Startup,Technology,Canada,Onsite,Entry,2,PhD,0
2653,Machine Learning Engineer,Startup,Healthcare,Germany,Onsite,Mid,8,Master,1
2654,Data Engineer,Enterprise,Healthcare,Germany,Onsite,Entry,2,Bachelor,0
2655,Data Analyst,Medium,Technology,Singapore,Remote,Senior,6,PhD,1
2656,Data Analyst,Startup,E-commerce,Australia,Remote,Senior,3,PhD,1
2657,Business Analyst,Enterprise,Finance,USA,Remote,Mid,13,Bachelor,1
2658,Business Analyst,Medium,Education,Australia,Remote,Mid,2,Bachelor,1
2659,Data Scientist,Medium,Retail,India,Onsite,Mid,14,Master,0
2660,Machine Learning Engineer,Medium,Education,Singapore,Remote,Senior,8,PhD,0
2661,AI Engineer,Enterprise,Healthcare,Canada,Hybrid,Entry,1,Bachelor,0
2662,Data Scientist,MNC,Technology,Canada,Hybrid,Mid,1,PhD,0
2663,Business Analyst,Startup,Healthcare,USA,Hybrid,Mid,14,PhD,0
2664,Data Analyst,Medium,Retail,Singapore,Remote,Entry,5,Master,1
2665,Data Scientist,MNC,E-commerce,Canada,Remote,Mid,7,PhD,1
2666,Data Scientist,Medium,Education,UK,Remote,Entry,7,PhD,0
2667,Data Engineer,Enterprise,Education,India,Remote,Mid,12,PhD,0
2668,Machine Learning Engineer,Startup,Education,UK,Remote,Senior,10,PhD,0
2669,Business Analyst,MNC,E-commerce,Canada,Remote,Mid,7,Master,1
2670,Data Analyst,Medium,Finance,USA,Hybrid,Senior,10,Master,0
2671,Data Engineer,Enterprise,Education,India,Hybrid,Entry,11,PhD,1
2672,Business Analyst,Enterprise,E-commerce,India,Onsite,Senior,2,PhD,0
2673,Data Scientist,Medium,Healthcare,Australia,Onsite,Entry,0,Master,0
2674,Machine Learning Engineer,Enterprise,Finance,UK,Onsite,Entry,9,Bachelor,0
2675,Machine Learning Engineer,MNC,Retail,Germany,Remote,Senior,11,PhD,1
2676,Data Analyst,Startup,Technology,India,Onsite,Senior,14,PhD,0
2677,Data Analyst,MNC,E-commerce,USA,Remote,Entry,1,Master,0
2678,AI Engineer,Medium,Retail,Germany,Remote,Senior,13,PhD,0
2679,Data Scientist,Medium,E-commerce,USA,Remote,Senior,5,Bachelor,1
2680,Data Engineer,MNC,Healthcare,Germany,Onsite,Mid,7,Master,0
2681,AI Engineer,Startup,Technology,Germany,Remote,Entry,9,PhD,0
2682,Business Analyst,Enterprise,Education,India,Onsite,Entry,11,PhD,1
2683,Business Analyst,MNC,Retail,UK,Onsite,Entry,6,PhD,0
2684,Data Analyst,Enterprise,Healthcare,USA,Remote,Mid,7,Master,0
2685,Business Analyst,Medium,Education,Australia,Hybrid,Mid,4,Bachelor,1
2686,Business Analyst,Medium,Healthcare,India,Remote,Senior,14,PhD,1
2687,Data Analyst,MNC,E-commerce,UK,Hybrid,Senior,0,Bachelor,0
2688,Data Engineer,Startup,Retail,Singapore,Onsite,Entry,5,Master,1
2689,Data Analyst,MNC,Retail,Canada,Onsite,Senior,2,PhD,0
2690,AI Engineer,Startup,Education,UK,Remote,Senior,13,Bachelor,0
2691,Machine Learning Engineer,Medium,Retail,Canada,Onsite,Senior,5,Bachelor,0
2692,Data Scientist,MNC,E-commerce,Germany,Hybrid,Senior,12,PhD,1
2693,Data Analyst,Startup,Finance,India,Remote,Mid,10,Bachelor,0
2694,AI Engineer,Enterprise,Finance,Germany,Hybrid,Senior,9,Master,1
2695,Data Engineer,Medium,E-commerce,USA,Hybrid,Entry,8,Bachelor,1
2696,Business Analyst,Startup,Education,Germany,Onsite,Mid,9,Master,0
2697,Data Scientist,MNC,E-commerce,UK,Hybrid,Entry,12,PhD,1
2698,Machine Learning Engineer,Enterprise,E-commerce,Canada,Hybrid,Senior,6,Master,1
2699,Machine Learning Engineer,Medium,E-commerce,Singapore,Hybrid,Senior,0,Master,1
2700,Data Engineer,Enterprise,Retail,Germany,Onsite,Entry,7,Bachelor,0
2701,AI Engineer,Medium,Technology,India,Onsite,Entry,2,Bachelor,0
2702,AI Engineer,Enterprise,Retail,UK,Hybrid,Senior,6,Master,0
2703,AI Engineer,Startup,Healthcare,Canada,Hybrid,Entry,4,PhD,1
2704,Business Analyst,Medium,Technology,USA,Hybrid,Senior,6,Master,1
2705,Data Scientist,Medium,Technology,Australia,Onsite,Mid,14,Bachelor,1
2706,Machine Learning Engineer,Medium,Education,India,Hybrid,Entry,1,PhD,0
2707,Data Analyst,MNC,Technology,Germany,Remote,Entry,3,Master,1
2708,Business Analyst,MNC,E-commerce,Australia,Hybrid,Senior,14,Master,0
2709,AI Engineer,Startup,Finance,Singapore,Hybrid,Senior,13,Master,0
2710,Business Analyst,Medium,Finance,USA,Hybrid,Entry,6,Master,1
2711,Data Engineer,MNC,Finance,UK,Remote,Entry,1,PhD,1
2712,Data Scientist,Startup,Finance,Singapore,Hybrid,Entry,5,Master,1
2713,Machine Learning Engineer,Enterprise,Retail,Canada,Hybrid,Entry,13,Bachelor,1
2714,AI Engineer,Enterprise,Technology,Germany,Hybrid,Senior,6,Master,1
2715,Data Scientist,Startup,Finance,Singapore,Remote,Entry,5,Bachelor,1
2716,AI Engineer,Startup,Technology,UK,Onsite,Senior,5,Master,1
2717,Machine Learning Engineer,Medium,Healthcare,Australia,Onsite,Mid,14,PhD,1
2718,Data Engineer,Medium,Education,Singapore,Onsite,Entry,4,PhD,1
2719,Data Engineer,Enterprise,E-commerce,Germany,Remote,Mid,9,Master,0
2720,Machine Learning Engineer,MNC,Technology,UK,Onsite,Entry,12,PhD,1
2721,Business Analyst,Startup,E-commerce,India,Onsite,Mid,6,Bachelor,0
2722,Machine Learning Engineer,MNC,Technology,Canada,Remote,Mid,1,Master,0
2723,Data Engineer,Medium,Retail,Australia,Onsite,Entry,8,Bachelor,1
2724,Business Analyst,Enterprise,Education,Canada,Remote,Entry,13,PhD,0
2725,Business Analyst,MNC,E-commerce,Australia,Remote,Mid,12,Bachelor,0
2726,Machine Learning Engineer,Medium,Retail,Singapore,Hybrid,Mid,12,PhD,1
2727,Data Scientist,MNC,Technology,India,Remote,Mid,4,Bachelor,1
2728,Data Analyst,Enterprise,Healthcare,Singapore,Hybrid,Mid,5,Bachelor,0
2729,Data Engineer,Medium,Healthcare,Singapore,Remote,Mid,14,Master,0
2730,Data Scientist,Startup,Finance,USA,Remote,Senior,13,Master,1
2731,AI Engineer,Startup,Education,Germany,Remote,Senior,11,PhD,1
2732,AI Engineer,MNC,Technology,UK,Onsite,Entry,1,Master,0
2733,AI Engineer,Startup,Retail,Canada,Onsite,Entry,0,Bachelor,0
2734,Data Engineer,MNC,Retail,Singapore,Remote,Mid,3,Bachelor,1
2735,Data Engineer,Enterprise,E-commerce,USA,Onsite,Mid,13,Master,1
2736,Machine Learning Engineer,Medium,Finance,USA,Onsite,Entry,5,PhD,1
2737,Data Analyst,MNC,Education,India,Hybrid,Mid,7,Bachelor,1
2738,Data Engineer,Medium,Retail,Canada,Hybrid,Senior,6,PhD,0
2739,Business Analyst,Medium,Retail,USA,Hybrid,Mid,1,PhD,0
2740,Data Scientist,Medium,Retail,India,Remote,Senior,11,Bachelor,1
2741,Machine Learning Engineer,MNC,Retail,USA,Onsite,Mid,12,Master,0
2742,Data Engineer,Startup,Finance,India,Hybrid,Mid,2,Bachelor,1
2743,Machine Learning Engineer,Medium,Education,Canada,Remote,Entry,5,PhD,1
2744,AI Engineer,Enterprise,Technology,Germany,Onsite,Senior,2,Bachelor,1
2745,Data Engineer,Startup,Education,Australia,Hybrid,Entry,0,Bachelor,1
2746,Business Analyst,Enterprise,Retail,UK,Remote,Senior,8,Master,1
2747,Machine Learning Engineer,Startup,Technology,USA,Onsite,Entry,11,Master,0
2748,Data Analyst,Enterprise,E-commerce,UK,Hybrid,Senior,0,PhD,1
2749,Data Engineer,MNC,Education,Canada,Remote,Entry,4,Master,0
2750,Data Analyst,Enterprise,E-commerce,India,Onsite,Entry,3,PhD,0
2751,Business Analyst,MNC,Education,Canada,Remote,Mid,8,Master,1
2752,Business Analyst,Medium,Technology,India,Onsite,Mid,2,Bachelor,1
2753,AI Engineer,Startup,Retail,India,Hybrid,Entry,3,Master,1
2754,Data Scientist,Startup,Technology,Singapore,Remote,Entry,7,Bachelor,0
2755,AI Engineer,Medium,E-commerce,UK,Hybrid,Entry,3,PhD,1
2756,Business Analyst,Medium,Finance,India,Hybrid,Senior,4,Bachelor,0
2757,AI Engineer,Enterprise,Education,Australia,Hybrid,Entry,13,PhD,0
2758,Data Scientist,MNC,Healthcare,Canada,Onsite,Senior,1,PhD,1
2759,Data Scientist,Medium,E-commerce,Canada,Hybrid,Entry,0,Master,0
2760,AI Engineer,Startup,Finance,India,Hybrid,Entry,8,PhD,0
2761,Data Analyst,Medium,Healthcare,India,Hybrid,Entry,13,PhD,0
2762,AI Engineer,MNC,E-commerce,Singapore,Remote,Senior,6,PhD,1
2763,Business Analyst,MNC,Finance,UK,Hybrid,Mid,4,Bachelor,1
2764,Business Analyst,Startup,Technology,India,Hybrid,Mid,7,Master,0
2765,Business Analyst,Medium,Retail,Singapore,Onsite,Entry,2,Bachelor,1
2766,Machine Learning Engineer,Startup,Technology,Germany,Onsite,Entry,12,Bachelor,0
2767,Data Analyst,MNC,Healthcare,Canada,Hybrid,Mid,8,PhD,1
2768,Machine Learning Engineer,Enterprise,Finance,UK,Onsite,Mid,3,PhD,0
2769,Data Analyst,Medium,Healthcare,Australia,Onsite,Senior,1,Bachelor,0
2770,Data Engineer,Enterprise,E-commerce,Singapore,Onsite,Mid,10,PhD,0
2771,Machine Learning Engineer,Medium,Education,India,Hybrid,Entry,6,Master,0
2772,Data Scientist,Startup,E-commerce,Singapore,Remote,Mid,5,PhD,1
2773,Data Analyst,MNC,Retail,USA,Hybrid,Senior,11,Master,1
2774,Data Scientist,Enterprise,Education,Singapore,Onsite,Entry,13,PhD,1
2775,Data Engineer,Enterprise,Technology,Canada,Hybrid,Entry,2,PhD,1
2776,Data Scientist,Medium,Education,Germany,Remote,Senior,11,PhD,0
2777,Machine Learning Engineer,Startup,Finance,Australia,Hybrid,Entry,13,Master,1
2778,Data Analyst,Enterprise,Healthcare,India,Onsite,Entry,13,PhD,1
2779,Business Analyst,Enterprise,Retail,Germany,Remote,Senior,14,PhD,0
2780,Data Analyst,Startup,Technology,Singapore,Hybrid,Entry,9,Bachelor,1
2781,Business Analyst,Enterprise,Education,Australia,Hybrid,Entry,14,Master,1
2782,Machine Learning Engineer,Enterprise,E-commerce,USA,Remote,Mid,1,Master,0
2783,Data Analyst,Startup,Retail,Singapore,Remote,Entry,14,PhD,1
2784,Data Engineer,MNC,Retail,Singapore,Hybrid,Entry,4,PhD,0
2785,AI Engineer,MNC,Technology,Singapore,Hybrid,Mid,13,Bachelor,0
2786,Machine Learning Engineer,Enterprise,E-commerce,Australia,Remote,Entry,7,Bachelor,0
2787,Business Analyst,Startup,E-commerce,Germany,Remote,Senior,3,PhD,1
2788,Data Scientist,MNC,Technology,Canada,Remote,Mid,7,PhD,0
2789,AI Engineer,MNC,Education,UK,Remote,Mid,14,Master,0
2790,Data Engineer,Medium,Finance,UK,Onsite,Entry,6,Master,0
2791,Machine Learning Engineer,Enterprise,Finance,Canada,Onsite,Entry,6,Bachelor,1
2792,Data Engineer,Enterprise,Technology,Singapore,Remote,Senior,2,PhD,0
2793,Business Analyst,MNC,Healthcare,Germany,Remote,Senior,1,Master,1
2794,Machine Learning Engineer,Enterprise,Retail,India,Remote,Senior,1,PhD,0
2795,Data Analyst,Enterprise,Education,Germany,Onsite,Mid,6,PhD,1
2796,Machine Learning Engineer,MNC,Healthcare,Canada,Onsite,Entry,12,Master,1
2797,Data Analyst,Medium,Retail,India,Hybrid,Senior,13,PhD,0
2798,Machine Learning Engineer,Startup,Retail,Singapore,Hybrid,Mid,0,PhD,1
2799,AI Engineer,Startup,Technology,India,Remote,Mid,0,PhD,0
2800,Machine Learning Engineer,Enterprise,E-commerce,Germany,Remote,Entry,11,Master,1
2801,Data Engineer,Enterprise,Healthcare,India,Hybrid,Senior,8,Master,0
2802,Business Analyst,MNC,E-commerce,India,Hybrid,Senior,6,Bachelor,1
2803,Business Analyst,Medium,Education,Canada,Hybrid,Senior,7,Master,0
2804,Data Scientist,MNC,Technology,Singapore,Remote,Mid,3,Master,0
2805,Machine Learning Engineer,Startup,Retail,India,Onsite,Senior,3,PhD,0
2806,AI Engineer,MNC,Healthcare,Germany,Remote,Entry,10,Master,1
2807,AI Engineer,MNC,Finance,Australia,Remote,Entry,2,PhD,1
2808,Data Engineer,Medium,Education,Australia,Remote,Mid,6,Master,1
2809,Business Analyst,Medium,Technology,Singapore,Remote,Senior,10,Bachelor,1
2810,Data Analyst,MNC,Healthcare,Singapore,Hybrid,Mid,6,Bachelor,0
2811,Data Engineer,Startup,Education,UK,Hybrid,Mid,1,PhD,0
2812,Data Scientist,MNC,Education,UK,Onsite,Mid,10,Bachelor,0
2813,Data Engineer,Startup,Retail,Germany,Onsite,Senior,1,Bachelor,1
2814,Data Scientist,Medium,Healthcare,Canada,Hybrid,Senior,14,Master,0
2815,Data Engineer,Medium,Finance,Singapore,Onsite,Mid,6,PhD,0
2816,Machine Learning Engineer,MNC,Retail,Australia,Hybrid,Mid,10,Bachelor,1
2817,Business Analyst,Enterprise,Technology,Australia,Onsite,Entry,10,Bachelor,1
2818,Data Engineer,Medium,Finance,Singapore,Onsite,Senior,1,PhD,0
2819,Data Analyst,Startup,Finance,Canada,Hybrid,Entry,3,Bachelor,1
2820,Data Analyst,Startup,Healthcare,Germany,Remote,Mid,4,Bachelor,0
2821,Data Analyst,Medium,Retail,Germany,Hybrid,Mid,3,Bachelor,0
2822,AI Engineer,MNC,Finance,UK,Hybrid,Mid,11,Bachelor,1
2823,Business Analyst,Enterprise,Finance,USA,Onsite,Entry,1,Master,0
2824,Data Analyst,Startup,Retail,Singapore,Hybrid,Mid,4,PhD,1
2825,Data Scientist,Enterprise,Healthcare,UK,Remote,Mid,0,Master,1
2826,Data Scientist,Startup,Retail,Singapore,Onsite,Senior,4,Bachelor,1
2827,Data Scientist,MNC,Healthcare,Germany,Onsite,Entry,11,PhD,0
2828,Data Analyst,Startup,Technology,India,Remote,Mid,5,PhD,1
2829,Data Scientist,MNC,Education,India,Hybrid,Senior,2,Master,0
2830,Data Analyst,Medium,Retail,USA,Remote,Mid,7,Master,1
2831,Data Engineer,Medium,Finance,Singapore,Onsite,Entry,2,PhD,0
2832,Data Engineer,Startup,Technology,Canada,Onsite,Senior,8,Bachelor,1
2833,Machine Learning Engineer,MNC,Education,India,Hybrid,Senior,6,Master,1
2834,Machine Learning Engineer,MNC,Retail,Germany,Hybrid,Mid,1,Bachelor,0
2835,Data Scientist,Medium,Technology,Canada,Remote,Senior,12,Bachelor,1
2836,Data Analyst,Medium,Technology,Australia,Onsite,Entry,8,PhD,0
2837,Data Scientist,MNC,Healthcare,UK,Hybrid,Mid,3,PhD,1
2838,Data Scientist,Startup,Education,Singapore,Remote,Senior,9,Bachelor,0
2839,AI Engineer,Medium,Finance,India,Onsite,Entry,0,PhD,0
2840,Machine Learning Engineer,Startup,Finance,Singapore,Onsite,Entry,1,Master,1
2841,Machine Learning Engineer,Enterprise,Retail,Singapore,Onsite,Mid,9,Bachelor,1
2842,Data Engineer,Medium,Finance,Canada,Onsite,Mid,8,PhD,1
2843,Business Analyst,Startup,Healthcare,India,Onsite,Senior,12,Bachelor,1
2844,Data Scientist,Medium,Education,Canada,Hybrid,Senior,6,PhD,0
2845,Data Analyst,Medium,Finance,UK,Hybrid,Entry,2,Bachelor,0
2846,Data Analyst,Startup,Technology,Germany,Hybrid,Mid,4,PhD,0
2847,AI Engineer,MNC,E-commerce,Singapore,Hybrid,Senior,14,Bachelor,1
2848,Data Engineer,Startup,E-commerce,Germany,Onsite,Entry,13,PhD,0
2849,Data Analyst,Startup,Healthcare,Singapore,Remote,Mid,7,PhD,0
2850,Data Scientist,MNC,Finance,Singapore,Onsite,Senior,11,Master,0
2851,Machine Learning Engineer,Enterprise,Technology,Germany,Hybrid,Entry,12,PhD,1
2852,Data Engineer,Medium,Technology,Canada,Remote,Entry,2,PhD,1
2853,Machine Learning Engineer,Medium,Retail,Germany,Onsite,Senior,0,PhD,0
2854,Data Scientist,MNC,Education,Singapore,Onsite,Senior,5,PhD,1
2855,Data Engineer,MNC,Retail,Canada,Hybrid,Mid,7,Bachelor,0
2856,Machine Learning Engineer,Startup,Education,Canada,Hybrid,Senior,12,Master,1
2857,Data Engineer,Startup,Technology,Germany,Remote,Mid,9,Master,1
2858,AI Engineer,Enterprise,Retail,India,Onsite,Entry,0,Bachelor,0
2859,Data Analyst,MNC,Finance,Singapore,Hybrid,Senior,0,PhD,1
2860,Machine Learning Engineer,Medium,Healthcare,USA,Hybrid,Entry,14,Master,1
2861,Data Engineer,Enterprise,E-commerce,USA,Remote,Mid,0,Bachelor,0
2862,Data Engineer,Medium,Education,USA,Onsite,Mid,6,Master,1
2863,Data Scientist,MNC,Healthcare,Canada,Remote,Entry,8,Master,0
2864,Machine Learning Engineer,Medium,Technology,India,Hybrid,Entry,8,PhD,1
2865,Machine Learning Engineer,Medium,Retail,Australia,Hybrid,Senior,11,PhD,1
2866,Machine Learning Engineer,Medium,E-commerce,Canada,Hybrid,Mid,6,Bachelor,1
2867,Data Engineer,MNC,Retail,UK,Remote,Senior,5,Master,0
2868,AI Engineer,Startup,Retail,Australia,Remote,Senior,2,PhD,1
2869,Machine Learning Engineer,MNC,Healthcare,Australia,Onsite,Senior,7,Master,1
2870,AI Engineer,Enterprise,E-commerce,USA,Hybrid,Senior,9,Bachelor,1
2871,Business Analyst,Medium,E-commerce,Germany,Remote,Senior,5,PhD,1
2872,AI Engineer,Enterprise,Technology,Canada,Hybrid,Mid,2,Bachelor,0
2873,Machine Learning Engineer,MNC,Finance,UK,Remote,Mid,9,Master,1
2874,Data Engineer,Enterprise,Retail,Canada,Onsite,Senior,4,Master,1
2875,Machine Learning Engineer,Enterprise,Technology,USA,Onsite,Entry,13,Bachelor,1
2876,Business Analyst,Startup,Technology,Singapore,Onsite,Entry,5,Master,1
2877,Data Engineer,Enterprise,Retail,Singapore,Hybrid,Entry,1,Master,1
2878,Data Analyst,Startup,E-commerce,India,Hybrid,Senior,7,PhD,1
2879,Business Analyst,Enterprise,Retail,Australia,Hybrid,Entry,11,PhD,1
2880,Machine Learning Engineer,Enterprise,Education,Australia,Hybrid,Senior,9,PhD,1
2881,Data Scientist,Medium,Education,Germany,Onsite,Entry,11,PhD,1
2882,AI Engineer,Startup,E-commerce,Australia,Hybrid,Entry,4,Bachelor,0
2883,Data Engineer,MNC,E-commerce,USA,Remote,Entry,9,Bachelor,1
2884,Data Scientist,Medium,Education,Germany,Hybrid,Mid,13,Bachelor,1
2885,Data Engineer,Startup,Finance,USA,Remote,Senior,14,Master,1
2886,Business Analyst,Enterprise,Technology,Canada,Remote,Mid,2,PhD,1
2887,Data Analyst,Medium,Finance,USA,Onsite,Senior,7,Master,1
2888,Data Scientist,Startup,Retail,UK,Hybrid,Senior,4,Bachelor,0
2889,Data Scientist,Medium,Education,India,Remote,Senior,6,Master,1
2890,AI Engineer,Enterprise,Technology,Singapore,Hybrid,Mid,1,Master,1
2891,Machine Learning Engineer,Enterprise,Technology,Canada,Onsite,Mid,3,Master,1
2892,Business Analyst,Startup,Technology,Australia,Remote,Senior,8,PhD,0
2893,Data Analyst,Startup,Finance,USA,Hybrid,Entry,12,PhD,1
2894,Data Analyst,Enterprise,E-commerce,Singapore,Onsite,Mid,6,Bachelor,1
2895,Business Analyst,MNC,E-commerce,USA,Onsite,Mid,9,Master,0
2896,Business Analyst,Startup,Technology,Germany,Hybrid,Entry,8,PhD,1
2897,Data Scientist,MNC,Finance,UK,Onsite,Senior,0,PhD,1
2898,Data Analyst,MNC,Retail,Canada,Onsite,Senior,10,Bachelor,1
2899,Data Analyst,MNC,Technology,Singapore,Hybrid,Senior,8,PhD,1
2900,Data Analyst,Medium,Finance,Germany,Hybrid,Senior,8,PhD,1
2901,Machine Learning Engineer,Medium,Technology,USA,Remote,Mid,6,PhD,0
2902,Data Scientist,Startup,Retail,Singapore,Hybrid,Entry,10,PhD,0
2903,Data Analyst,Startup,Technology,Singapore,Remote,Mid,7,Master,0
2904,Data Analyst,Startup,Healthcare,UK,Hybrid,Mid,11,Master,0
2905,Business Analyst,MNC,Finance,India,Hybrid,Senior,12,PhD,0
2906,AI Engineer,Startup,Education,UK,Hybrid,Mid,12,Master,0
2907,Machine Learning Engineer,Enterprise,E-commerce,USA,Remote,Senior,11,PhD,1
2908,Data Engineer,Startup,Retail,UK,Onsite,Senior,3,Master,1
2909,Data Analyst,MNC,Education,Singapore,Onsite,Senior,10,Master,1
2910,Data Scientist,Startup,E-commerce,Singapore,Hybrid,Senior,13,Bachelor,0
2911,Business Analyst,Enterprise,Retail,UK,Hybrid,Entry,9,Bachelor,0
2912,AI Engineer,Enterprise,Finance,Germany,Remote,Entry,7,Master,0
2913,Machine Learning Engineer,Enterprise,E-commerce,USA,Remote,Senior,12,Master,0
2914,Data Engineer,Startup,E-commerce,USA,Hybrid,Mid,7,Master,1
2915,AI Engineer,MNC,Retail,Australia,Hybrid,Senior,2,Bachelor,0
2916,Data Scientist,Startup,Retail,Germany,Onsite,Entry,8,Bachelor,0
2917,Data Analyst,Enterprise,Retail,India,Onsite,Senior,8,Bachelor,0
2918,Business Analyst,MNC,Finance,Canada,Hybrid,Entry,7,PhD,1
2919,Data Engineer,MNC,Healthcare,USA,Hybrid,Senior,10,PhD,1
2920,AI Engineer,Enterprise,E-commerce,Germany,Onsite,Mid,6,Bachelor,0
2921,AI Engineer,Medium,E-commerce,Germany,Hybrid,Mid,3,Bachelor,1
2922,AI Engineer,Enterprise,Finance,India,Remote,Mid,13,Master,1
2923,Data Engineer,MNC,Education,USA,Hybrid,Entry,2,PhD,0
2924,Business Analyst,Startup,Finance,UK,Onsite,Mid,2,Bachelor,0
2925,Business Analyst,Startup,Healthcare,Singapore,Onsite,Entry,4,PhD,1
2926,Data Scientist,MNC,Finance,India,Remote,Mid,5,PhD,1
2927,Machine Learning Engineer,Medium,Education,Australia,Remote,Mid,0,PhD,0
2928,Data Analyst,Startup,Technology,Canada,Hybrid,Entry,4,Master,0
2929,Data Analyst,Startup,Education,Germany,Onsite,Senior,1,PhD,0
2930,Data Analyst,MNC,Retail,USA,Hybrid,Mid,4,Master,1
2931,AI Engineer,Enterprise,Retail,Canada,Onsite,Senior,5,PhD,0
2932,Data Analyst,MNC,Healthcare,UK,Hybrid,Senior,4,Bachelor,0
2933,AI Engineer,Startup,Retail,UK,Onsite,Entry,9,Master,1
2934,Data Engineer,Startup,Retail,India,Remote,Mid,11,Master,1
2935,Machine Learning Engineer,MNC,Education,UK,Remote,Entry,7,Bachelor,1
2936,Data Analyst,Medium,Technology,UK,Remote,Entry,12,PhD,0
2937,AI Engineer,Medium,Education,Singapore,Onsite,Entry,2,Master,1
2938,Machine Learning Engineer,Enterprise,Retail,UK,Remote,Entry,7,Master,0
2939,Data Engineer,Startup,Retail,India,Onsite,Entry,5,Master,0
2940,Data Scientist,MNC,Retail,Germany,Remote,Entry,8,Bachelor,0
2941,Data Scientist,Enterprise,Technology,Canada,Remote,Senior,9,Bachelor,1
2942,Data Analyst,Medium,Technology,Canada,Onsite,Senior,13,Bachelor,1
2943,Machine Learning Engineer,MNC,Healthcare,Singapore,Onsite,Entry,1,PhD,1
2944,Business Analyst,Enterprise,E-commerce,Canada,Remote,Senior,6,Master,0
2945,Data Analyst,Startup,Technology,Germany,Onsite,Entry,13,Bachelor,0
2946,AI Engineer,Startup,Technology,Singapore,Remote,Senior,14,Bachelor,1
2947,Business Analyst,Medium,E-commerce,USA,Remote,Mid,7,PhD,1
2948,Data Analyst,Enterprise,Education,Australia,Hybrid,Mid,1,Bachelor,1
2949,AI Engineer,Startup,Education,USA,Hybrid,Entry,14,Master,1
2950,Data Analyst,Enterprise,Finance,Singapore,Remote,Mid,4,Master,1
2951,Data Scientist,Enterprise,Finance,USA,Remote,Mid,6,PhD,0
2952,Data Analyst,MNC,Technology,Germany,Hybrid,Entry,12,Bachelor,0
2953,Machine Learning Engineer,Enterprise,Technology,Germany,Onsite,Entry,3,Bachelor,1
2954,Data Scientist,MNC,Technology,USA,Remote,Mid,12,Bachelor,1
2955,Business Analyst,Medium,Retail,India,Hybrid,Senior,6,Bachelor,0
2956,AI Engineer,Enterprise,Healthcare,Singapore,Hybrid,Mid,11,PhD,1
2957,Data Analyst,MNC,Education,Singapore,Onsite,Mid,3,Master,0
2958,Data Engineer,Enterprise,Finance,USA,Hybrid,Entry,8,Bachelor,1
2959,Data Scientist,Medium,Education,India,Onsite,Senior,11,Master,0
2960,Data Analyst,Medium,Healthcare,Singapore,Onsite,Senior,14,Bachelor,0
2961,Data Analyst,MNC,Healthcare,USA,Hybrid,Senior,11,Master,0
2962,Data Analyst,Startup,E-commerce,UK,Onsite,Mid,11,Bachelor,0
2963,Data Analyst,Enterprise,Technology,UK,Onsite,Senior,7,Master,1
2964,Business Analyst,Startup,E-commerce,UK,Remote,Entry,4,Bachelor,0
2965,Data Engineer,Enterprise,Healthcare,India,Hybrid,Entry,2,PhD,1
2966,AI Engineer,Enterprise,Retail,India,Remote,Mid,14,PhD,1
2967,Machine Learning Engineer,Enterprise,Technology,India,Remote,Mid,12,Master,0
2968,Data Scientist,Startup,Technology,Germany,Remote,Mid,14,PhD,1
2969,Machine Learning Engineer,Medium,Technology,USA,Hybrid,Entry,4,Bachelor,0
2970,Data Analyst,Startup,Technology,India,Onsite,Entry,13,Master,1
2971,Data Engineer,Enterprise,Technology,USA,Hybrid,Senior,2,Bachelor,0
2972,Machine Learning Engineer,Medium,Education,UK,Onsite,Entry,10,PhD,0
2973,AI Engineer,Medium,Finance,India,Remote,Mid,14,PhD,0
2974,AI Engineer,Enterprise,Technology,Canada,Onsite,Mid,9,Master,0
2975,Business Analyst,Medium,E-commerce,Singapore,Hybrid,Senior,12,Master,1
2976,Business Analyst,Medium,E-commerce,Canada,Remote,Senior,11,PhD,0
2977,Data Analyst,Startup,E-commerce,UK,Remote,Senior,9,PhD,0
2978,AI Engineer,Medium,E-commerce,UK,Remote,Entry,11,Master,0
2979,Data Engineer,Medium,Finance,Canada,Hybrid,Mid,10,PhD,0
2980,AI Engineer,Medium,Retail,India,Hybrid,Mid,2,Bachelor,0
2981,Data Engineer,Startup,E-commerce,USA,Onsite,Entry,3,PhD,0
2982,Machine Learning Engineer,Startup,E-commerce,UK,Hybrid,Entry,13,Bachelor,1
2983,Data Analyst,Startup,Finance,Germany,Onsite,Senior,8,PhD,1
2984,Data Scientist,Enterprise,Retail,Australia,Remote,Mid,11,Master,0
2985,AI Engineer,Medium,Retail,UK,Remote,Mid,14,Master,0
2986,AI Engineer,Startup,Retail,UK,Hybrid,Senior,10,Bachelor,1
2987,Machine Learning Engineer,Medium,Education,UK,Remote,Senior,13,PhD,0
2988,AI Engineer,Startup,Retail,Singapore,Hybrid,Entry,2,Bachelor,0
2989,Data Engineer,Startup,Education,USA,Remote,Mid,13,PhD,0
2990,Data Analyst,Startup,Retail,Australia,Hybrid,Senior,12,Bachelor,1
2991,AI Engineer,MNC,Technology,Australia,Onsite,Entry,13,Bachelor,0
2992,Data Engineer,Enterprise,Retail,Germany,Hybrid,Mid,12,PhD,0
2993,AI Engineer,Enterprise,Education,Australia,Hybrid,Mid,14,Bachelor,1
2994,Data Scientist,Enterprise,Healthcare,Germany,Hybrid,Senior,0,Master,1
2995,Business Analyst,Enterprise,Finance,Singapore,Onsite,Senior,13,Bachelor,0
2996,Machine Learning Engineer,Startup,Education,India,Onsite,Entry,1,PhD,0
2997,Business Analyst,MNC,E-commerce,Canada,Hybrid,Entry,7,Bachelor,0
2998,AI Engineer,Startup,E-commerce,Australia,Hybrid,Entry,2,PhD,0
2999,Machine Learning Engineer,Startup,Education,UK,Hybrid,Entry,0,Master,0
3000,Machine Learning Engineer,Enterprise,Retail,Germany,Hybrid,Mid,14,Master,1
3001,Data Scientist,Enterprise,Education,Germany,Onsite,Mid,4,Master,0
3002,Data Engineer,Medium,Education,Canada,Remote,Entry,12,Master,1
3003,Business Analyst,Medium,Education,Australia,Remote,Entry,13,PhD,1
3004,Data Engineer,Startup,Healthcare,Singapore,Remote,Senior,9,Bachelor,1
3005,Data Engineer,Enterprise,Healthcare,UK,Remote,Senior,7,Bachelor,0
3006,Data Analyst,Enterprise,E-commerce,India,Remote,Entry,9,Bachelor,1
3007,Machine Learning Engineer,Enterprise,E-commerce,USA,Hybrid,Entry,7,PhD,1
3008,AI Engineer,Enterprise,Education,Australia,Hybrid,Mid,0,PhD,1
3009,Data Scientist,Medium,Finance,UK,Remote,Entry,12,Master,0
3010,Data Engineer,MNC,E-commerce,Australia,Remote,Mid,2,PhD,0
3011,AI Engineer,Startup,E-commerce,Germany,Hybrid,Entry,13,PhD,0
3012,Business Analyst,Medium,Retail,Germany,Remote,Entry,6,PhD,0
3013,Data Engineer,Enterprise,Retail,UK,Onsite,Senior,6,PhD,1
3014,Machine Learning Engineer,Startup,Technology,Australia,Hybrid,Mid,3,PhD,0
3015,Data Analyst,Enterprise,Retail,USA,Onsite,Mid,2,PhD,1
3016,Data Analyst,Startup,Healthcare,India,Remote,Mid,9,PhD,1
3017,Data Engineer,Medium,E-commerce,Australia,Onsite,Entry,3,PhD,0
3018,Data Engineer,Enterprise,Technology,Canada,Onsite,Senior,1,PhD,0
3019,AI Engineer,MNC,Finance,Germany,Onsite,Mid,12,Master,1
3020,Data Engineer,MNC,E-commerce,Germany,Remote,Mid,1,PhD,0
3021,Machine Learning Engineer,Medium,Technology,USA,Hybrid,Entry,8,PhD,1
3022,Data Analyst,MNC,Retail,Singapore,Hybrid,Entry,8,PhD,0
3023,Machine Learning Engineer,Startup,E-commerce,Germany,Onsite,Entry,9,PhD,1
3024,AI Engineer,MNC,Healthcare,Singapore,Onsite,Entry,7,Master,1
3025,Data Scientist,Medium,Retail,Singapore,Remote,Senior,4,PhD,1
3026,Business Analyst,Startup,Retail,UK,Remote,Senior,11,Bachelor,0
3027,Data Analyst,Medium,Finance,Germany,Remote,Entry,9,Master,0
3028,Data Engineer,Medium,Education,Singapore,Remote,Senior,9,Bachelor,0
3029,Machine Learning Engineer,Medium,E-commerce,USA,Remote,Senior,3,Bachelor,1
3030,Data Engineer,Enterprise,Technology,Australia,Onsite,Entry,11,PhD,0
3031,Machine Learning Engineer,Enterprise,Healthcare,Germany,Hybrid,Mid,6,Master,0
3032,Business Analyst,Medium,Technology,Germany,Remote,Senior,13,Bachelor,1
3033,AI Engineer,Startup,Retail,India,Onsite,Senior,9,Master,1
3034,Data Analyst,Medium,E-commerce,Singapore,Hybrid,Senior,14,PhD,1
3035,Data Scientist,Startup,Healthcare,USA,Remote,Entry,6,PhD,0
3036,Machine Learning Engineer,MNC,Education,India,Hybrid,Mid,6,Master,0
3037,AI Engineer,Medium,E-commerce,Australia,Remote,Entry,1,Bachelor,0
3038,Data Scientist,Medium,Retail,UK,Remote,Entry,10,Master,0
3039,Data Scientist,Enterprise,Healthcare,Canada,Remote,Entry,9,PhD,0
3040,Data Engineer,Enterprise,Finance,UK,Hybrid,Senior,10,Bachelor,1
3041,AI Engineer,Medium,Healthcare,Germany,Hybrid,Senior,2,Bachelor,0
3042,Machine Learning Engineer,Enterprise,Finance,Singapore,Hybrid,Entry,5,PhD,1
3043,Data Engineer,Startup,Technology,India,Remote,Senior,0,PhD,1
3044,Data Analyst,Enterprise,Technology,Germany,Onsite,Senior,11,Master,0
3045,Business Analyst,Startup,Education,India,Remote,Mid,0,Bachelor,0
3046,Data Analyst,MNC,Retail,India,Hybrid,Mid,13,PhD,1
3047,Data Scientist,Medium,Retail,Australia,Remote,Senior,9,PhD,0
3048,Machine Learning Engineer,Startup,Finance,Germany,Onsite,Mid,9,Master,1
3049,Data Engineer,MNC,Healthcare,Singapore,Remote,Mid,5,Bachelor,0
3050,Data Analyst,Startup,Technology,Australia,Onsite,Senior,4,Bachelor,1
3051,Machine Learning Engineer,MNC,Education,India,Remote,Senior,5,PhD,0
3052,Data Analyst,Enterprise,Retail,Singapore,Onsite,Senior,6,PhD,0
3053,Machine Learning Engineer,MNC,Healthcare,Germany,Onsite,Entry,13,PhD,0
3054,Business Analyst,Startup,E-commerce,USA,Hybrid,Entry,7,PhD,1
3055,Machine Learning Engineer,Medium,Technology,India,Onsite,Mid,8,Bachelor,0
3056,AI Engineer,Startup,Finance,India,Onsite,Senior,10,Bachelor,1
3057,AI Engineer,MNC,Technology,Germany,Hybrid,Senior,11,Bachelor,1
3058,Data Scientist,Startup,Healthcare,Australia,Remote,Entry,5,Master,1
3059,Data Engineer,Medium,Healthcare,Canada,Hybrid,Entry,12,PhD,0
3060,Business Analyst,MNC,Healthcare,Australia,Hybrid,Mid,9,Bachelor,0
3061,Data Engineer,Startup,E-commerce,Australia,Onsite,Mid,10,PhD,0
3062,AI Engineer,Enterprise,Retail,Canada,Hybrid,Entry,12,Bachelor,0
3063,Machine Learning Engineer,Medium,Education,Canada,Hybrid,Senior,14,Bachelor,0
3064,Data Analyst,Startup,Retail,India,Hybrid,Mid,6,PhD,1
3065,Machine Learning Engineer,Startup,Education,UK,Onsite,Entry,3,Bachelor,1
3066,Business Analyst,Enterprise,Education,USA,Onsite,Entry,0,PhD,0
3067,Data Scientist,Startup,E-commerce,India,Remote,Entry,5,PhD,0
3068,Machine Learning Engineer,MNC,Technology,Germany,Onsite,Senior,10,Master,1
3069,Machine Learning Engineer,MNC,Finance,Germany,Hybrid,Entry,7,Master,0
3070,Business Analyst,Startup,Retail,Germany,Hybrid,Mid,10,Bachelor,1
3071,Business Analyst,Startup,Technology,Singapore,Hybrid,Entry,9,Bachelor,1
3072,Machine Learning Engineer,MNC,Healthcare,Germany,Remote,Senior,13,Bachelor,1
3073,Data Engineer,Enterprise,Technology,Canada,Remote,Senior,2,PhD,1
3074,Data Scientist,Medium,E-commerce,Australia,Remote,Senior,6,Master,0
3075,Data Analyst,Medium,E-commerce,UK,Hybrid,Mid,7,PhD,0
3076,Data Analyst,Medium,Education,India,Hybrid,Entry,2,Master,1
3077,Data Scientist,MNC,Finance,Australia,Onsite,Mid,4,Master,1
3078,AI Engineer,MNC,Retail,USA,Onsite,Senior,2,Master,1
3079,Machine Learning Engineer,MNC,Technology,UK,Onsite,Senior,4,Bachelor,1
3080,Data Analyst,MNC,Education,UK,Onsite,Entry,11,PhD,1
3081,Data Scientist,Medium,Finance,Germany,Remote,Entry,6,Master,0
3082,Data Scientist,Enterprise,E-commerce,USA,Hybrid,Entry,9,PhD,1
3083,AI Engineer,Enterprise,Retail,Australia,Remote,Mid,7,PhD,0
3084,AI Engineer,Startup,E-commerce,India,Onsite,Entry,8,Master,0
3085,Data Analyst,MNC,Retail,Australia,Hybrid,Mid,1,PhD,0
3086,Data Analyst,Startup,Finance,Singapore,Onsite,Mid,1,Master,0
3087,Machine Learning Engineer,Medium,E-commerce,Australia,Hybrid,Senior,3,Master,1
3088,Data Analyst,MNC,Finance,UK,Hybrid,Entry,5,PhD,1
3089,Data Scientist,Medium,Retail,India,Remote,Senior,14,Master,1
3090,Data Scientist,Startup,Finance,India,Hybrid,Entry,2,PhD,0
3091,Business Analyst,Medium,Technology,Singapore,Hybrid,Mid,1,Bachelor,1
3092,Machine Learning Engineer,Medium,E-commerce,Singapore,Hybrid,Mid,13,PhD,0
3093,Machine Learning Engineer,Enterprise,E-commerce,UK,Hybrid,Mid,2,Bachelor,1
3094,Data Engineer,Medium,Education,USA,Onsite,Senior,13,PhD,1
3095,Data Scientist,Startup,E-commerce,UK,Hybrid,Mid,3,Bachelor,1
3096,Business Analyst,Startup,E-commerce,Australia,Remote,Mid,12,Master,1
3097,Data Scientist,Enterprise,Retail,USA,Remote,Mid,11,Master,0
3098,Machine Learning Engineer,Startup,Retail,Australia,Remote,Senior,3,Bachelor,1
3099,Data Engineer,Startup,Education,Germany,Onsite,Entry,7,PhD,1
3100,Business Analyst,Medium,Finance,USA,Onsite,Entry,1,PhD,0
3101,Business Analyst,Medium,Technology,Australia,Onsite,Entry,6,PhD,1
3102,Business Analyst,MNC,Healthcare,Canada,Onsite,Entry,2,Bachelor,1
3103,Machine Learning Engineer,Enterprise,Healthcare,Australia,Onsite,Entry,3,Master,0
3104,Data Scientist,Startup,Education,UK,Hybrid,Entry,6,PhD,0
3105,Data Scientist,Enterprise,Technology,Germany,Remote,Mid,9,Bachelor,1
3106,AI Engineer,Medium,Education,UK,Hybrid,Mid,12,PhD,1
3107,Machine Learning Engineer,Medium,Education,UK,Hybrid,Mid,13,PhD,1
3108,Machine Learning Engineer,Startup,Retail,USA,Hybrid,Mid,7,PhD,0
3109,Business Analyst,Medium,Healthcare,Singapore,Onsite,Senior,6,Bachelor,0
3110,Machine Learning Engineer,MNC,Healthcare,Canada,Onsite,Entry,10,Bachelor,1
3111,Data Analyst,MNC,Healthcare,Australia,Hybrid,Senior,9,Master,0
3112,Data Scientist,Enterprise,Healthcare,India,Onsite,Senior,12,PhD,1
3113,Data Analyst,Startup,Finance,Germany,Hybrid,Senior,0,Master,0
3114,Business Analyst,MNC,Technology,Germany,Remote,Entry,12,Bachelor,0
3115,AI Engineer,Startup,Finance,Australia,Onsite,Entry,1,PhD,0
3116,Data Analyst,Startup,E-commerce,India,Remote,Senior,14,Bachelor,1
3117,Data Scientist,Medium,Finance,Singapore,Onsite,Mid,9,PhD,0
3118,Data Engineer,Medium,Technology,India,Onsite,Senior,12,PhD,0
3119,Data Engineer,Startup,Retail,Germany,Remote,Senior,14,PhD,1
3120,Data Engineer,MNC,E-commerce,USA,Remote,Senior,0,Bachelor,0
3121,Data Engineer,MNC,E-commerce,Australia,Hybrid,Entry,1,Master,0
3122,AI Engineer,Enterprise,E-commerce,USA,Hybrid,Senior,0,PhD,1
3123,Data Analyst,MNC,E-commerce,Canada,Remote,Senior,3,PhD,1
3124,Data Engineer,Enterprise,Retail,Germany,Hybrid,Entry,12,Master,0
3125,AI Engineer,Startup,E-commerce,USA,Onsite,Senior,6,Master,1
3126,Machine Learning Engineer,Startup,E-commerce,USA,Hybrid,Entry,8,Master,0
3127,Data Analyst,Startup,Healthcare,Canada,Hybrid,Senior,11,Master,1
3128,AI Engineer,Enterprise,Technology,Germany,Remote,Mid,8,Master,1
3129,Machine Learning Engineer,MNC,Technology,Australia,Remote,Senior,3,Master,0
3130,Data Scientist,MNC,E-commerce,USA,Hybrid,Mid,10,PhD,1
3131,Data Scientist,Medium,Retail,UK,Remote,Entry,8,Master,1
3132,AI Engineer,Startup,Retail,Canada,Onsite,Entry,5,PhD,0
3133,AI Engineer,Enterprise,Healthcare,USA,Remote,Entry,14,Master,0
3134,Data Scientist,Enterprise,E-commerce,India,Remote,Senior,3,Bachelor,1
3135,Data Analyst,Enterprise,Retail,USA,Onsite,Mid,5,PhD,0
3136,Machine Learning Engineer,Startup,Finance,Germany,Hybrid,Mid,7,Bachelor,0
3137,Data Engineer,Startup,Education,Australia,Remote,Entry,1,PhD,1
3138,AI Engineer,MNC,E-commerce,Canada,Remote,Entry,2,PhD,1
3139,AI Engineer,MNC,Finance,Canada,Hybrid,Senior,14,PhD,1
3140,Data Analyst,Medium,Healthcare,Australia,Onsite,Senior,9,PhD,1
3141,Data Scientist,Medium,E-commerce,Canada,Onsite,Entry,2,Bachelor,1
3142,Data Analyst,MNC,E-commerce,UK,Hybrid,Entry,1,Bachelor,0
3143,Machine Learning Engineer,Enterprise,Finance,USA,Remote,Senior,4,Bachelor,0
3144,Business Analyst,Medium,Technology,Canada,Hybrid,Entry,8,Bachelor,0
3145,AI Engineer,MNC,E-commerce,Singapore,Hybrid,Senior,2,Bachelor,0
3146,Machine Learning Engineer,Startup,Education,Germany,Hybrid,Mid,2,Bachelor,1
3147,Data Engineer,MNC,Finance,Germany,Remote,Mid,10,Master,0
3148,Business Analyst,Startup,Retail,India,Onsite,Mid,13,Bachelor,0
3149,Data Analyst,Enterprise,Finance,India,Onsite,Senior,10,Master,0
3150,AI Engineer,Startup,Technology,Singapore,Hybrid,Senior,0,Master,1
3151,Data Engineer,Enterprise,Finance,Australia,Onsite,Mid,8,PhD,1
3152,Data Engineer,Startup,Finance,Singapore,Hybrid,Senior,12,PhD,1
3153,AI Engineer,Enterprise,Retail,Canada,Onsite,Mid,9,PhD,0
3154,Data Scientist,MNC,Technology,Australia,Hybrid,Senior,6,Bachelor,0
3155,Machine Learning Engineer,Enterprise,Healthcare,India,Onsite,Mid,3,Master,0
3156,Data Analyst,Enterprise,Healthcare,Germany,Hybrid,Senior,2,Master,1
3157,Data Engineer,Enterprise,Healthcare,USA,Hybrid,Senior,9,PhD,0
3158,Business Analyst,Medium,Technology,Australia,Onsite,Mid,6,Master,1
3159,Machine Learning Engineer,Startup,Education,Singapore,Onsite,Senior,2,Bachelor,0
3160,Data Scientist,MNC,E-commerce,Germany,Remote,Senior,4,Bachelor,0
3161,Business Analyst,Enterprise,Retail,Singapore,Onsite,Senior,3,Bachelor,0
3162,Business Analyst,Enterprise,Healthcare,Germany,Onsite,Entry,1,Master,1
3163,Machine Learning Engineer,MNC,Technology,USA,Remote,Senior,2,Bachelor,0
3164,Data Scientist,Enterprise,Finance,Singapore,Remote,Mid,13,PhD,1
3165,Data Analyst,MNC,Healthcare,UK,Hybrid,Senior,9,PhD,0
3166,Data Scientist,Enterprise,Education,Germany,Remote,Senior,10,Master,1
3167,Machine Learning Engineer,Enterprise,Retail,UK,Hybrid,Entry,0,Bachelor,1
3168,Data Analyst,MNC,Retail,USA,Remote,Entry,0,PhD,0
3169,Machine Learning Engineer,Enterprise,Finance,Canada,Onsite,Entry,14,Master,0
3170,Business Analyst,MNC,Technology,USA,Hybrid,Senior,8,Master,1
3171,Data Scientist,Startup,Technology,Canada,Remote,Mid,8,Bachelor,1
3172,Business Analyst,Medium,Retail,UK,Hybrid,Entry,3,Master,0
3173,AI Engineer,Medium,Retail,Germany,Onsite,Mid,5,Bachelor,0
3174,Data Engineer,Medium,E-commerce,UK,Remote,Mid,10,Master,0
3175,AI Engineer,Medium,Education,Canada,Hybrid,Entry,14,Master,1
3176,Machine Learning Engineer,Medium,Retail,Germany,Hybrid,Entry,9,PhD,1
3177,Data Scientist,Enterprise,Retail,UK,Hybrid,Entry,8,Master,0
3178,AI Engineer,Enterprise,Retail,Singapore,Onsite,Mid,12,Bachelor,1
3179,Data Scientist,Startup,Technology,Singapore,Hybrid,Entry,6,PhD,0
3180,Data Analyst,Medium,Education,Canada,Hybrid,Mid,0,Bachelor,1
3181,Data Scientist,MNC,Technology,Canada,Hybrid,Entry,10,PhD,1
3182,Data Analyst,Enterprise,Finance,India,Onsite,Mid,12,PhD,0
3183,Data Engineer,Startup,E-commerce,USA,Remote,Entry,12,Bachelor,0
3184,Data Analyst,Startup,Healthcare,Singapore,Onsite,Entry,12,Master,0
3185,Machine Learning Engineer,Medium,E-commerce,India,Hybrid,Entry,1,Bachelor,0
3186,Data Scientist,Enterprise,E-commerce,Canada,Onsite,Entry,1,Master,0
3187,Data Scientist,Enterprise,Healthcare,Canada,Onsite,Senior,11,Master,1
3188,Data Engineer,Enterprise,Technology,Germany,Onsite,Entry,12,PhD,0
3189,Machine Learning Engineer,Medium,Healthcare,USA,Remote,Mid,5,Master,0
3190,Machine Learning Engineer,Startup,E-commerce,Canada,Onsite,Mid,1,Master,0
3191,Machine Learning Engineer,Enterprise,Retail,Singapore,Remote,Mid,2,Bachelor,1
3192,AI Engineer,Enterprise,Technology,UK,Onsite,Entry,9,PhD,1
3193,Business Analyst,MNC,Education,Singapore,Onsite,Entry,2,Bachelor,1
3194,Machine Learning Engineer,Medium,E-commerce,Singapore,Onsite,Senior,12,Bachelor,1
3195,Machine Learning Engineer,Enterprise,Finance,Germany,Hybrid,Entry,13,Bachelor,1
3196,Data Engineer,MNC,Healthcare,UK,Hybrid,Mid,11,PhD,0
3197,Data Engineer,MNC,Finance,Canada,Hybrid,Entry,14,Bachelor,1
3198,Data Analyst,MNC,E-commerce,Australia,Onsite,Senior,14,Bachelor,1
3199,Machine Learning Engineer,Startup,E-commerce,Australia,Onsite,Entry,2,PhD,1
3200,Machine Learning Engineer,Medium,Finance,India,Onsite,Senior,4,Bachelor,0
3201,Data Analyst,Startup,Technology,UK,Hybrid,Entry,0,Master,1
3202,Data Engineer,Startup,Healthcare,USA,Onsite,Entry,1,PhD,1
3203,AI Engineer,Medium,Healthcare,Singapore,Remote,Senior,12,Bachelor,1
3204,Data Analyst,Enterprise,Healthcare,USA,Onsite,Mid,12,PhD,1
3205,Data Analyst,Medium,Retail,Canada,Remote,Entry,6,PhD,1
3206,Machine Learning Engineer,Enterprise,Retail,Australia,Hybrid,Entry,11,PhD,1
3207,Data Analyst,Medium,E-commerce,Australia,Onsite,Senior,14,PhD,1
3208,Data Engineer,Startup,Healthcare,India,Remote,Senior,5,PhD,1
3209,AI Engineer,Medium,E-commerce,Australia,Hybrid,Entry,10,Master,1
3210,AI Engineer,MNC,Education,UK,Hybrid,Mid,11,Bachelor,1
3211,Business Analyst,Medium,Technology,Canada,Hybrid,Entry,14,Bachelor,0
3212,Data Engineer,MNC,Technology,India,Hybrid,Senior,1,Bachelor,1
3213,Business Analyst,Enterprise,Finance,UK,Hybrid,Mid,14,PhD,0
3214,Machine Learning Engineer,Startup,Healthcare,UK,Remote,Senior,13,PhD,1
3215,Data Engineer,Startup,Finance,Singapore,Remote,Mid,2,Master,0
3216,Business Analyst,Enterprise,Retail,Singapore,Remote,Senior,4,Bachelor,0
3217,Data Analyst,Medium,Retail,UK,Remote,Mid,14,Master,0
3218,Business Analyst,Startup,Education,Singapore,Remote,Senior,14,PhD,0
3219,Data Scientist,Startup,Healthcare,Canada,Onsite,Entry,8,Bachelor,0
3220,Data Scientist,Medium,Education,Australia,Remote,Entry,14,Bachelor,0
3221,Business Analyst,Enterprise,Healthcare,Germany,Onsite,Mid,12,PhD,1
3222,Machine Learning Engineer,Enterprise,Finance,USA,Hybrid,Senior,1,Bachelor,1
3223,Data Scientist,Medium,Education,Germany,Hybrid,Entry,1,PhD,0
3224,AI Engineer,MNC,Healthcare,Australia,Remote,Mid,13,Bachelor,1
3225,Business Analyst,Startup,E-commerce,UK,Hybrid,Entry,14,Bachelor,0
3226,Data Scientist,MNC,Technology,USA,Hybrid,Entry,0,Master,0
3227,Machine Learning Engineer,Enterprise,E-commerce,Singapore,Onsite,Entry,1,PhD,0
3228,Data Analyst,Enterprise,Healthcare,Australia,Hybrid,Senior,12,Master,0
3229,Machine Learning Engineer,MNC,Retail,Germany,Hybrid,Senior,3,Bachelor,0
3230,Data Engineer,Startup,Finance,India,Hybrid,Entry,8,Bachelor,0
3231,Business Analyst,MNC,Education,Germany,Onsite,Mid,0,Master,0
3232,Data Engineer,Startup,Retail,USA,Hybrid,Mid,9,Bachelor,0
3233,Machine Learning Engineer,Enterprise,Healthcare,UK,Hybrid,Mid,14,PhD,1
3234,Data Scientist,MNC,E-commerce,Canada,Remote,Senior,7,Master,0
3235,AI Engineer,Enterprise,E-commerce,India,Onsite,Mid,8,PhD,0
3236,Data Analyst,MNC,Education,Australia,Remote,Senior,0,PhD,1
3237,Machine Learning Engineer,MNC,Healthcare,Australia,Onsite,Mid,4,Master,1
3238,Data Engineer,Medium,E-commerce,Singapore,Hybrid,Senior,1,Bachelor,1
3239,Data Engineer,MNC,Retail,Australia,Remote,Mid,6,Master,1
3240,Data Engineer,MNC,Finance,India,Hybrid,Senior,9,Master,0
3241,Business Analyst,MNC,E-commerce,USA,Onsite,Senior,9,PhD,1
3242,Data Scientist,MNC,Healthcare,USA,Hybrid,Mid,2,Bachelor,0
3243,AI Engineer,Enterprise,Technology,Canada,Onsite,Mid,11,PhD,0
3244,Machine Learning Engineer,MNC,E-commerce,Canada,Hybrid,Mid,0,Master,0
3245,Business Analyst,MNC,Retail,Germany,Onsite,Entry,1,Bachelor,0
3246,Business Analyst,MNC,Education,USA,Remote,Entry,14,Bachelor,1
3247,Data Scientist,Medium,Technology,UK,Hybrid,Senior,14,PhD,0
3248,AI Engineer,Enterprise,Retail,UK,Remote,Entry,2,Bachelor,1
3249,AI Engineer,Medium,Healthcare,Singapore,Hybrid,Mid,2,Master,0
3250,Business Analyst,MNC,Healthcare,USA,Hybrid,Mid,2,PhD,0
3251,Business Analyst,MNC,Healthcare,India,Hybrid,Mid,7,Bachelor,1
3252,AI Engineer,MNC,E-commerce,Canada,Hybrid,Senior,2,PhD,1
3253,Data Engineer,Startup,Technology,Australia,Remote,Mid,3,Bachelor,1
3254,Data Scientist,MNC,Education,India,Hybrid,Mid,1,Bachelor,1
3255,Machine Learning Engineer,Medium,Finance,UK,Hybrid,Entry,0,Bachelor,0
3256,Machine Learning Engineer,Medium,E-commerce,Germany,Remote,Senior,10,Bachelor,0
3257,Business Analyst,Medium,Retail,Singapore,Hybrid,Senior,7,Bachelor,0
3258,Business Analyst,Enterprise,Education,Australia,Remote,Entry,10,Master,1
3259,Data Analyst,Enterprise,Technology,USA,Onsite,Senior,12,Master,1
3260,Data Analyst,Startup,Education,Canada,Onsite,Senior,10,Bachelor,0
3261,Machine Learning Engineer,MNC,Retail,UK,Hybrid,Mid,14,PhD,1
3262,Business Analyst,Enterprise,Healthcare,UK,Hybrid,Mid,0,PhD,0
3263,AI Engineer,Startup,Healthcare,Canada,Hybrid,Mid,5,Master,1
3264,Data Scientist,MNC,Retail,Canada,Onsite,Mid,7,PhD,0
3265,Data Engineer,Medium,E-commerce,Singapore,Onsite,Mid,1,Master,0
3266,AI Engineer,Enterprise,Finance,UK,Hybrid,Mid,11,PhD,0
3267,Machine Learning Engineer,MNC,E-commerce,Singapore,Hybrid,Senior,1,Bachelor,1
3268,Business Analyst,Medium,Finance,USA,Onsite,Senior,7,Bachelor,1
3269,Machine Learning Engineer,Startup,Education,Germany,Onsite,Mid,0,PhD,1
3270,AI Engineer,Medium,Education,Singapore,Remote,Entry,2,PhD,0
3271,AI Engineer,Medium,Finance,India,Hybrid,Mid,4,Bachelor,1
3272,Data Analyst,MNC,Technology,Singapore,Onsite,Mid,3,PhD,0
3273,Data Scientist,Medium,Education,Canada,Onsite,Senior,4,PhD,0
3274,Data Analyst,MNC,Technology,Singapore,Remote,Senior,7,Master,1
3275,AI Engineer,Medium,Healthcare,Singapore,Hybrid,Senior,3,Master,1
3276,Machine Learning Engineer,Startup,Education,Singapore,Onsite,Senior,7,Master,1
3277,Data Engineer,Enterprise,Finance,UK,Hybrid,Senior,5,PhD,1
3278,Data Scientist,MNC,Healthcare,India,Hybrid,Entry,4,Master,1
3279,Data Scientist,Enterprise,Retail,India,Remote,Mid,5,Master,1
3280,Business Analyst,MNC,Finance,Canada,Remote,Senior,13,Bachelor,0
3281,Data Analyst,Medium,Education,Canada,Onsite,Senior,5,PhD,0
3282,Data Analyst,Medium,Healthcare,Australia,Hybrid,Mid,0,PhD,0
3283,Machine Learning Engineer,Medium,Education,Germany,Remote,Entry,0,PhD,0
3284,Business Analyst,Medium,Finance,Canada,Remote,Entry,3,Master,1
3285,Data Scientist,Enterprise,E-commerce,Australia,Remote,Mid,13,Master,0
3286,Data Engineer,Startup,Finance,USA,Onsite,Mid,8,PhD,1
3287,Data Engineer,Startup,E-commerce,Australia,Hybrid,Entry,11,Bachelor,1
3288,Business Analyst,Medium,Education,Australia,Hybrid,Mid,2,PhD,0
3289,Data Analyst,MNC,Technology,Canada,Onsite,Senior,1,Master,0
3290,Machine Learning Engineer,Medium,Retail,Australia,Hybrid,Senior,14,PhD,0
3291,Data Analyst,Enterprise,Healthcare,Singapore,Remote,Mid,9,Bachelor,1
3292,AI Engineer,Medium,Technology,Canada,Remote,Entry,8,Bachelor,0
3293,Data Engineer,MNC,Finance,Singapore,Hybrid,Mid,11,Master,1
3294,AI Engineer,Startup,E-commerce,USA,Remote,Entry,2,PhD,0
3295,Machine Learning Engineer,MNC,E-commerce,USA,Onsite,Senior,0,Master,0
3296,AI Engineer,Startup,Retail,USA,Remote,Entry,7,PhD,1
3297,Machine Learning Engineer,Startup,Healthcare,Australia,Onsite,Entry,1,Bachelor,0
3298,Data Scientist,MNC,Healthcare,Singapore,Remote,Senior,9,Bachelor,1
3299,Data Engineer,Enterprise,Healthcare,Australia,Onsite,Entry,3,Bachelor,1
3300,AI Engineer,Startup,E-commerce,Singapore,Hybrid,Senior,3,Master,0
3301,Data Analyst,MNC,Technology,Australia,Onsite,Mid,1,Bachelor,0
3302,Business Analyst,Startup,Technology,India,Hybrid,Entry,0,Master,1
3303,Data Analyst,Enterprise,E-commerce,Canada,Remote,Senior,12,PhD,0
3304,Data Analyst,Enterprise,Education,Canada,Onsite,Mid,12,Bachelor,0
3305,Business Analyst,Medium,Technology,Australia,Hybrid,Entry,9,PhD,0
3306,AI Engineer,Medium,E-commerce,USA,Remote,Entry,13,Bachelor,0
3307,Data Engineer,Medium,Healthcare,India,Remote,Mid,14,Bachelor,0
3308,Machine Learning Engineer,MNC,Retail,Singapore,Remote,Entry,12,Master,0
3309,Machine Learning Engineer,Enterprise,Finance,Canada,Hybrid,Entry,2,Master,1
3310,AI Engineer,MNC,E-commerce,Australia,Onsite,Entry,11,PhD,0
3311,Data Engineer,MNC,Finance,Australia,Hybrid,Mid,4,PhD,0
3312,Data Scientist,Startup,Education,Canada,Remote,Senior,10,PhD,0
3313,Data Analyst,MNC,E-commerce,Australia,Onsite,Entry,0,PhD,0
3314,Data Analyst,Startup,Healthcare,India,Onsite,Mid,11,Master,0
3315,Data Engineer,Enterprise,Education,UK,Remote,Mid,10,PhD,1
3316,Data Engineer,Enterprise,Technology,Germany,Hybrid,Mid,2,PhD,0
3317,Data Analyst,Startup,Education,Germany,Hybrid,Senior,5,PhD,1
3318,Data Analyst,Startup,Education,Singapore,Remote,Entry,9,PhD,0
3319,Business Analyst,Startup,Healthcare,Singapore,Remote,Senior,9,Bachelor,0
3320,Data Analyst,MNC,E-commerce,Germany,Remote,Senior,3,Master,1
3321,Data Analyst,MNC,Technology,UK,Hybrid,Mid,9,Master,1
3322,Business Analyst,Startup,Healthcare,Germany,Onsite,Mid,11,PhD,1
3323,Business Analyst,Enterprise,Finance,India,Onsite,Mid,0,Bachelor,1
3324,Business Analyst,MNC,Finance,Canada,Remote,Entry,13,PhD,1
3325,Data Scientist,Enterprise,Finance,Germany,Onsite,Senior,9,PhD,0
3326,Business Analyst,MNC,Education,Germany,Onsite,Mid,7,Bachelor,0
3327,Data Scientist,Enterprise,Retail,India,Remote,Mid,3,Master,0
3328,Data Engineer,Startup,Healthcare,USA,Hybrid,Entry,10,PhD,0
3329,AI Engineer,Enterprise,Healthcare,Germany,Onsite,Mid,0,Bachelor,0
3330,Business Analyst,MNC,Education,Germany,Hybrid,Mid,9,Master,0
3331,Data Analyst,Medium,Retail,India,Hybrid,Mid,1,Master,1
3332,Data Scientist,Medium,Technology,Australia,Onsite,Entry,2,Master,1
3333,Business Analyst,Enterprise,E-commerce,Singapore,Hybrid,Senior,12,Bachelor,0
3334,Business Analyst,MNC,Finance,Australia,Hybrid,Entry,13,PhD,1
3335,Data Analyst,Enterprise,Healthcare,Germany,Remote,Mid,1,PhD,1
3336,Data Engineer,Medium,Retail,Australia,Remote,Senior,11,Master,0
3337,AI Engineer,Enterprise,Retail,UK,Remote,Senior,14,Bachelor,1
3338,Business Analyst,MNC,Healthcare,Australia,Onsite,Senior,6,Master,0
3339,Business Analyst,Enterprise,Finance,Canada,Onsite,Entry,3,Master,0
3340,AI Engineer,Medium,Education,Australia,Onsite,Mid,2,Bachelor,1
3341,Data Engineer,Startup,Finance,India,Onsite,Senior,5,Bachelor,1
3342,Data Scientist,Medium,Finance,UK,Onsite,Mid,4,Bachelor,0
3343,Machine Learning Engineer,Startup,Education,Canada,Hybrid,Mid,9,PhD,0
3344,Data Scientist,Startup,Retail,Singapore,Onsite,Mid,11,PhD,0
3345,AI Engineer,MNC,Healthcare,Australia,Remote,Mid,12,Bachelor,1
3346,Business Analyst,Medium,Education,Australia,Remote,Mid,14,Master,0
3347,Machine Learning Engineer,Medium,Finance,India,Hybrid,Mid,0,PhD,0
3348,Data Analyst,Medium,Education,Canada,Hybrid,Senior,9,PhD,1
3349,Data Scientist,Medium,Technology,UK,Hybrid,Entry,7,Master,0
3350,Machine Learning Engineer,Medium,Finance,Canada,Remote,Entry,11,Master,1
3351,Data Engineer,Medium,Healthcare,Australia,Hybrid,Mid,6,Bachelor,1
3352,Data Engineer,Medium,Finance,Canada,Hybrid,Senior,14,PhD,0
3353,Data Analyst,Startup,Retail,Germany,Onsite,Entry,4,PhD,0
3354,Business Analyst,Startup,Healthcare,Germany,Hybrid,Entry,2,PhD,1
3355,Machine Learning Engineer,Enterprise,Technology,USA,Remote,Mid,9,Master,0
3356,AI Engineer,MNC,Finance,Germany,Onsite,Senior,13,Bachelor,1
3357,Business Analyst,Enterprise,Technology,India,Hybrid,Entry,2,PhD,1
3358,Business Analyst,Startup,Technology,Germany,Hybrid,Mid,2,PhD,0
3359,Data Scientist,Startup,E-commerce,Australia,Hybrid,Senior,8,Master,0
3360,Machine Learning Engineer,Medium,E-commerce,Canada,Remote,Mid,1,Master,0
3361,AI Engineer,Startup,Retail,UK,Hybrid,Mid,4,Bachelor,1
3362,Data Scientist,Enterprise,Education,Canada,Remote,Senior,4,Bachelor,0
3363,Data Analyst,Startup,Healthcare,Canada,Hybrid,Senior,0,Master,1
3364,Data Scientist,Medium,Finance,USA,Onsite,Entry,2,Bachelor,1
3365,Business Analyst,Medium,Retail,UK,Onsite,Senior,8,PhD,0
3366,AI Engineer,Enterprise,Education,Canada,Hybrid,Entry,11,Bachelor,0
3367,Business Analyst,Enterprise,Finance,Germany,Onsite,Entry,11,PhD,1
3368,AI Engineer,Startup,Retail,Singapore,Remote,Entry,6,Master,1
3369,Data Scientist,Medium,Finance,Australia,Remote,Senior,0,PhD,0
3370,Data Analyst,Startup,Technology,USA,Hybrid,Senior,5,Bachelor,0
3371,Business Analyst,Enterprise,Education,USA,Hybrid,Senior,4,Bachelor,1
3372,Business Analyst,MNC,E-commerce,UK,Onsite,Mid,11,PhD,0
3373,AI Engineer,MNC,Finance,UK,Hybrid,Senior,8,Master,1
3374,Data Analyst,Startup,E-commerce,Singapore,Onsite,Mid,2,Master,0
3375,Data Scientist,Startup,Retail,Singapore,Onsite,Mid,0,Bachelor,1
3376,Business Analyst,MNC,Retail,Australia,Remote,Mid,2,PhD,1
3377,Data Analyst,MNC,Healthcare,Singapore,Hybrid,Mid,7,PhD,0
3378,Data Scientist,Enterprise,Education,Germany,Onsite,Senior,14,Bachelor,1
3379,AI Engineer,Medium,Finance,Germany,Onsite,Mid,14,Master,0
3380,Machine Learning Engineer,Startup,Healthcare,Singapore,Hybrid,Entry,6,PhD,0
3381,AI Engineer,Medium,E-commerce,Singapore,Hybrid,Entry,2,PhD,1
3382,Data Analyst,Startup,Retail,Singapore,Hybrid,Mid,0,Bachelor,0
3383,Data Analyst,Startup,Finance,Canada,Hybrid,Senior,7,Bachelor,0
3384,Data Scientist,MNC,Finance,Canada,Hybrid,Entry,11,Master,1
3385,Machine Learning Engineer,Enterprise,Education,USA,Hybrid,Senior,5,Bachelor,0
3386,Data Scientist,Startup,E-commerce,Germany,Remote,Entry,9,PhD,0
3387,Machine Learning Engineer,Enterprise,Retail,Australia,Hybrid,Entry,2,Bachelor,1
3388,AI Engineer,Medium,Retail,Singapore,Onsite,Senior,0,Bachelor,1
3389,Business Analyst,MNC,Technology,Canada,Remote,Entry,10,Bachelor,0
3390,Data Analyst,MNC,Healthcare,USA,Hybrid,Mid,13,PhD,0
3391,Data Analyst,Startup,Healthcare,India,Remote,Mid,9,Bachelor,0
3392,Data Engineer,Medium,E-commerce,UK,Remote,Senior,7,Master,0
3393,Data Analyst,MNC,Education,Australia,Remote,Senior,3,Master,0
3394,Machine Learning Engineer,Enterprise,Healthcare,Australia,Onsite,Senior,1,PhD,1
3395,Data Scientist,Medium,Finance,USA,Hybrid,Mid,7,Master,0
3396,Data Scientist,Startup,Healthcare,Canada,Hybrid,Entry,4,Master,0
3397,Data Analyst,Medium,Education,India,Hybrid,Senior,8,PhD,1
3398,Data Scientist,Startup,Retail,Canada,Onsite,Entry,8,PhD,1
3399,Data Analyst,Enterprise,Retail,India,Onsite,Senior,6,PhD,0
3400,Data Scientist,MNC,Retail,USA,Remote,Mid,9,Bachelor,0
3401,Data Engineer,MNC,Healthcare,Singapore,Onsite,Mid,0,PhD,0
3402,Business Analyst,Enterprise,Education,Australia,Remote,Mid,4,Master,1
3403,Data Engineer,Medium,Healthcare,India,Remote,Mid,12,PhD,1
3404,AI Engineer,Medium,E-commerce,Australia,Onsite,Senior,11,PhD,1
3405,AI Engineer,Enterprise,Retail,UK,Remote,Senior,12,Master,0
3406,Machine Learning Engineer,Startup,E-commerce,India,Onsite,Mid,8,PhD,1
3407,Machine Learning Engineer,Startup,E-commerce,Singapore,Onsite,Mid,7,PhD,1
3408,Data Analyst,Startup,Education,Australia,Remote,Entry,2,PhD,1
3409,Machine Learning Engineer,Medium,Retail,UK,Onsite,Entry,8,PhD,0
3410,Machine Learning Engineer,Startup,Technology,Germany,Hybrid,Mid,8,Bachelor,1
3411,Business Analyst,Medium,Education,Germany,Onsite,Entry,1,Bachelor,1
3412,Data Scientist,Startup,Healthcare,Australia,Onsite,Senior,7,Master,1
3413,Machine Learning Engineer,Enterprise,Education,Canada,Remote,Entry,5,Master,1
3414,Data Scientist,Enterprise,Education,UK,Hybrid,Entry,7,PhD,1
3415,Data Analyst,Medium,Retail,Germany,Onsite,Senior,0,Bachelor,1
3416,Data Scientist,Enterprise,E-commerce,Germany,Hybrid,Mid,6,PhD,1
3417,Business Analyst,Startup,Retail,USA,Hybrid,Mid,5,Bachelor,0
3418,AI Engineer,MNC,Technology,Australia,Remote,Entry,0,Bachelor,1
3419,Business Analyst,Startup,Retail,India,Remote,Entry,4,Master,0
3420,Machine Learning Engineer,Medium,E-commerce,India,Hybrid,Mid,10,Bachelor,0
3421,Machine Learning Engineer,Enterprise,Technology,UK,Hybrid,Mid,5,Bachelor,1
3422,AI Engineer,Enterprise,Retail,UK,Hybrid,Senior,6,Master,1
3423,Data Analyst,Startup,E-commerce,UK,Hybrid,Entry,8,Master,0
3424,Data Scientist,Medium,Technology,UK,Remote,Mid,7,Bachelor,1
3425,AI Engineer,Startup,Retail,Germany,Remote,Entry,2,Master,0
3426,Machine Learning Engineer,Enterprise,Technology,Australia,Onsite,Senior,0,PhD,0
3427,Data Analyst,Enterprise,E-commerce,India,Onsite,Entry,2,Master,0
3428,Business Analyst,MNC,Technology,USA,Remote,Senior,13,Master,1
3429,Data Engineer,Medium,E-commerce,Germany,Remote,Mid,10,Master,1
3430,AI Engineer,Medium,Education,Australia,Remote,Entry,3,PhD,0
3431,Business Analyst,MNC,E-commerce,USA,Onsite,Mid,12,PhD,0
3432,Data Analyst,MNC,Healthcare,Australia,Hybrid,Senior,2,Bachelor,1
3433,Data Engineer,Medium,Healthcare,Australia,Hybrid,Mid,14,Bachelor,1
3434,Data Scientist,Enterprise,Healthcare,UK,Remote,Mid,8,PhD,1
3435,Business Analyst,Enterprise,Technology,Germany,Remote,Entry,3,Bachelor,1
3436,Data Engineer,Enterprise,Education,USA,Remote,Senior,5,PhD,0
3437,Data Engineer,Enterprise,Education,Singapore,Remote,Senior,5,Bachelor,1
3438,Data Analyst,Enterprise,Education,Singapore,Hybrid,Entry,2,Master,1
3439,Machine Learning Engineer,Startup,Finance,UK,Hybrid,Entry,4,Master,1
3440,Data Engineer,Medium,E-commerce,UK,Onsite,Mid,0,PhD,1
3441,Data Scientist,Startup,Technology,India,Remote,Senior,4,Master,0
3442,Machine Learning Engineer,Enterprise,Technology,Germany,Remote,Entry,3,Master,0
3443,Data Analyst,Medium,Finance,India,Remote,Senior,0,Master,1
3444,Data Engineer,Startup,Education,India,Remote,Mid,6,PhD,0
3445,Business Analyst,Startup,Retail,Germany,Remote,Mid,9,Master,0
3446,AI Engineer,Startup,Finance,Canada,Onsite,Entry,8,Bachelor,1
3447,Data Analyst,Startup,Technology,India,Remote,Mid,14,Master,0
3448,Data Analyst,MNC,Healthcare,Australia,Remote,Entry,7,Master,1
3449,Data Analyst,Enterprise,Healthcare,USA,Remote,Entry,4,Master,0
3450,Data Analyst,Enterprise,E-commerce,India,Hybrid,Entry,13,Master,1
3451,AI Engineer,Startup,Finance,USA,Remote,Mid,3,Master,0
3452,AI Engineer,Medium,Technology,Singapore,Onsite,Mid,13,Master,1
3453,Business Analyst,Medium,Finance,Germany,Onsite,Entry,12,Master,0
3454,Data Analyst,MNC,Education,Singapore,Hybrid,Entry,1,PhD,1
3455,Machine Learning Engineer,Startup,E-commerce,Canada,Hybrid,Mid,9,Master,0
3456,Business Analyst,Enterprise,Retail,Germany,Hybrid,Mid,13,Bachelor,0
3457,AI Engineer,MNC,Education,Australia,Onsite,Mid,4,Bachelor,0
3458,Data Scientist,MNC,Education,Singapore,Remote,Entry,5,Master,0
3459,Machine Learning Engineer,Enterprise,Education,USA,Hybrid,Entry,8,Master,1
3460,Data Engineer,Startup,Technology,Australia,Remote,Mid,1,PhD,0
3461,Business Analyst,Enterprise,Education,Australia,Remote,Mid,1,Bachelor,0
3462,Data Engineer,MNC,Education,Canada,Onsite,Entry,6,Master,0
3463,Data Engineer,Medium,Retail,USA,Remote,Mid,11,Master,0
3464,Data Scientist,Medium,Technology,Canada,Remote,Mid,4,PhD,0
3465,Business Analyst,Enterprise,Healthcare,Germany,Onsite,Senior,12,Master,0
3466,AI Engineer,Startup,Technology,Canada,Remote,Entry,8,Master,0
3467,Data Engineer,MNC,Healthcare,Germany,Remote,Mid,0,Master,0
3468,AI Engineer,Startup,Healthcare,Canada,Onsite,Mid,4,Bachelor,1
3469,Data Scientist,Medium,Technology,USA,Hybrid,Entry,14,PhD,1
3470,Business Analyst,Medium,Finance,Germany,Remote,Senior,11,Bachelor,1
3471,Data Analyst,Enterprise,E-commerce,Australia,Hybrid,Mid,10,Bachelor,0
3472,Business Analyst,MNC,Retail,Australia,Remote,Senior,3,Master,1
3473,Machine Learning Engineer,Enterprise,Technology,UK,Remote,Entry,2,Bachelor,0
3474,Business Analyst,MNC,Retail,USA,Onsite,Senior,4,PhD,1
3475,AI Engineer,Medium,E-commerce,Singapore,Hybrid,Entry,8,Bachelor,0
3476,AI Engineer,Enterprise,E-commerce,Germany,Onsite,Mid,9,PhD,0
3477,Business Analyst,Medium,Healthcare,Canada,Remote,Senior,8,PhD,0
3478,AI Engineer,Enterprise,Healthcare,Canada,Remote,Senior,12,PhD,1
3479,AI Engineer,Startup,E-commerce,USA,Remote,Mid,10,PhD,1
3480,Machine Learning Engineer,Enterprise,Finance,Germany,Remote,Mid,5,Master,1
3481,Machine Learning Engineer,Startup,Healthcare,Singapore,Hybrid,Senior,12,Bachelor,1
3482,Data Scientist,Medium,Retail,Singapore,Remote,Senior,6,Bachelor,0
3483,Data Scientist,Enterprise,Healthcare,Australia,Remote,Mid,1,Bachelor,1
3484,AI Engineer,Medium,Education,Canada,Remote,Entry,12,PhD,1
3485,Data Engineer,Startup,Retail,USA,Remote,Senior,12,Bachelor,0
3486,Data Analyst,Startup,E-commerce,UK,Remote,Entry,8,PhD,0
3487,Data Scientist,MNC,Education,Singapore,Remote,Mid,4,Master,0
3488,Data Scientist,Enterprise,Retail,India,Hybrid,Senior,2,PhD,0
3489,Data Analyst,Medium,Healthcare,Germany,Remote,Mid,13,Master,1
3490,Data Scientist,Startup,Education,USA,Remote,Mid,2,PhD,0
3491,Data Analyst,MNC,Healthcare,Germany,Remote,Mid,12,Bachelor,1
3492,Data Engineer,Startup,Education,India,Onsite,Entry,6,Bachelor,1
3493,Business Analyst,Enterprise,Education,UK,Remote,Mid,3,Master,0
3494,Machine Learning Engineer,Medium,Healthcare,USA,Hybrid,Senior,14,Master,0
3495,Machine Learning Engineer,MNC,Finance,USA,Hybrid,Mid,5,PhD,0
3496,Data Analyst,Medium,Healthcare,Singapore,Hybrid,Senior,2,Bachelor,0
3497,Data Engineer,Enterprise,Healthcare,Singapore,Hybrid,Senior,6,PhD,1
3498,Business Analyst,MNC,Technology,India,Hybrid,Mid,8,PhD,0
3499,Machine Learning Engineer,MNC,Finance,Singapore,Hybrid,Senior,8,Bachelor,1
3500,AI Engineer,Medium,Healthcare,UK,Remote,Senior,14,Master,1
3501,Data Analyst,Enterprise,Finance,UK,Remote,Senior,0,Bachelor,1
3502,Data Scientist,Enterprise,Technology,UK,Remote,Entry,9,PhD,0
3503,Data Analyst,MNC,Healthcare,India,Hybrid,Entry,14,Master,0
3504,AI Engineer,MNC,Healthcare,UK,Remote,Senior,8,Master,1
3505,Machine Learning Engineer,Enterprise,Technology,Australia,Remote,Mid,4,PhD,0
3506,Data Analyst,Enterprise,Finance,Singapore,Onsite,Entry,8,Master,0
3507,Business Analyst,Startup,Technology,UK,Hybrid,Mid,0,Master,1
3508,Data Analyst,MNC,E-commerce,UK,Remote,Entry,10,Master,1
3509,AI Engineer,Medium,Healthcare,UK,Hybrid,Mid,4,PhD,0
3510,AI Engineer,Medium,Retail,UK,Remote,Senior,1,PhD,0
3511,Business Analyst,Enterprise,Finance,Canada,Onsite,Mid,5,Master,0
3512,Machine Learning Engineer,Enterprise,E-commerce,India,Remote,Entry,1,Bachelor,1
3513,Data Scientist,Medium,Education,Canada,Onsite,Mid,8,Bachelor,1
3514,Data Scientist,Startup,Education,USA,Hybrid,Entry,5,Bachelor,1
3515,Data Analyst,Enterprise,Education,India,Onsite,Entry,7,Master,1
3516,Data Scientist,Enterprise,Technology,Germany,Hybrid,Senior,10,Master,1
3517,Data Analyst,Startup,Education,India,Hybrid,Mid,8,PhD,0
3518,Data Engineer,Enterprise,Retail,UK,Remote,Mid,7,PhD,0
3519,Machine Learning Engineer,Startup,Education,UK,Remote,Mid,4,Master,1
3520,Machine Learning Engineer,Startup,Finance,UK,Onsite,Mid,6,Bachelor,0
3521,Business Analyst,Medium,Healthcare,Australia,Remote,Mid,10,PhD,1
3522,Machine Learning Engineer,Enterprise,Healthcare,India,Remote,Entry,10,Master,1
3523,Data Scientist,Startup,Technology,USA,Hybrid,Mid,8,Master,1
3524,Business Analyst,MNC,Education,Australia,Onsite,Mid,12,Master,0
3525,AI Engineer,Startup,Education,Germany,Remote,Mid,13,Master,1
3526,Machine Learning Engineer,MNC,E-commerce,India,Onsite,Entry,3,PhD,1
3527,Machine Learning Engineer,Medium,Retail,India,Hybrid,Mid,3,Bachelor,0
3528,Machine Learning Engineer,Enterprise,Education,India,Onsite,Senior,8,Bachelor,0
3529,Data Scientist,Medium,Retail,UK,Hybrid,Mid,2,Master,1
3530,Data Analyst,Medium,Healthcare,Germany,Remote,Entry,11,Master,0
3531,Data Scientist,Medium,Finance,Germany,Hybrid,Mid,10,Master,0
3532,Data Engineer,Enterprise,Education,Germany,Remote,Entry,5,Master,0
3533,Machine Learning Engineer,Medium,E-commerce,Australia,Remote,Senior,7,Master,0
3534,Business Analyst,Startup,Finance,Canada,Onsite,Entry,14,Bachelor,0
3535,Business Analyst,Enterprise,Education,Australia,Remote,Mid,0,PhD,1
3536,Data Scientist,Startup,Education,India,Remote,Mid,3,PhD,1
3537,AI Engineer,Startup,Healthcare,Canada,Hybrid,Mid,1,PhD,0
3538,Business Analyst,MNC,E-commerce,Singapore,Hybrid,Mid,13,PhD,1
3539,Data Analyst,Startup,E-commerce,Singapore,Onsite,Entry,14,Master,0
3540,Data Engineer,Enterprise,E-commerce,Australia,Remote,Mid,14,PhD,0
3541,Data Engineer,MNC,Technology,Canada,Hybrid,Entry,9,PhD,0
3542,AI Engineer,Enterprise,Education,Canada,Onsite,Mid,9,Bachelor,1
3543,Business Analyst,Startup,Technology,UK,Remote,Senior,12,PhD,0
3544,Data Scientist,Startup,Education,Singapore,Remote,Senior,9,Master,0
3545,Data Scientist,Enterprise,E-commerce,Australia,Onsite,Senior,4,Bachelor,1
3546,Data Engineer,Enterprise,Healthcare,Canada,Remote,Senior,14,Master,0
3547,Business Analyst,Enterprise,Technology,Canada,Onsite,Mid,4,Bachelor,0
3548,Machine Learning Engineer,Medium,Healthcare,India,Onsite,Senior,2,PhD,0
3549,Data Engineer,MNC,Healthcare,India,Remote,Senior,7,Bachelor,1
3550,Data Engineer,Startup,E-commerce,Germany,Onsite,Senior,11,Master,0
3551,Data Analyst,Enterprise,Education,Singapore,Hybrid,Mid,9,PhD,0
3552,Data Analyst,Enterprise,Finance,India,Onsite,Mid,2,Master,0
3553,Data Scientist,Startup,Education,USA,Onsite,Entry,1,Bachelor,1
3554,Data Engineer,MNC,Education,Germany,Hybrid,Entry,3,PhD,1
3555,Data Analyst,Medium,Retail,Canada,Onsite,Senior,11,Bachelor,1
3556,AI Engineer,Enterprise,Education,Australia,Hybrid,Entry,14,PhD,0
3557,Machine Learning Engineer,MNC,E-commerce,India,Hybrid,Senior,4,Master,0
3558,Business Analyst,MNC,Education,Canada,Remote,Mid,1,PhD,0
3559,Data Engineer,Medium,Finance,UK,Onsite,Senior,7,Master,1
3560,Data Analyst,Enterprise,Finance,Germany,Onsite,Senior,11,Bachelor,0
3561,Data Scientist,Enterprise,Technology,Germany,Remote,Mid,8,Bachelor,0
3562,Machine Learning Engineer,Enterprise,Education,Singapore,Hybrid,Entry,3,Bachelor,0
3563,Data Analyst,Medium,Retail,USA,Remote,Entry,1,PhD,0
3564,AI Engineer,Startup,Retail,Singapore,Hybrid,Senior,13,Bachelor,1
3565,Data Scientist,Medium,Healthcare,Singapore,Onsite,Mid,10,PhD,0
3566,Data Scientist,Enterprise,Healthcare,Germany,Remote,Senior,6,Bachelor,0
3567,Data Analyst,MNC,Retail,Germany,Remote,Senior,8,Bachelor,0
3568,Data Scientist,MNC,Healthcare,USA,Hybrid,Entry,14,Bachelor,0
3569,Machine Learning Engineer,Medium,Retail,Australia,Onsite,Mid,5,PhD,0
3570,Business Analyst,Startup,Retail,Canada,Hybrid,Senior,13,PhD,0
3571,Data Engineer,MNC,Technology,Australia,Onsite,Senior,9,PhD,1
3572,Data Engineer,MNC,Healthcare,UK,Onsite,Entry,8,PhD,0
3573,Data Engineer,MNC,Healthcare,Singapore,Onsite,Entry,1,PhD,0
3574,AI Engineer,MNC,Technology,USA,Hybrid,Mid,8,PhD,1
3575,Data Engineer,Startup,Retail,USA,Hybrid,Entry,13,Bachelor,0
3576,Data Scientist,MNC,Healthcare,India,Onsite,Senior,2,PhD,1
3577,Machine Learning Engineer,MNC,Retail,UK,Remote,Senior,6,Bachelor,1
3578,AI Engineer,MNC,Finance,Canada,Remote,Senior,5,Master,0
3579,Data Engineer,Enterprise,Technology,Singapore,Hybrid,Mid,12,Bachelor,0
3580,Data Analyst,Medium,Education,Canada,Onsite,Mid,5,PhD,0
3581,AI Engineer,Enterprise,Retail,Australia,Remote,Mid,12,PhD,0
3582,AI Engineer,Enterprise,Finance,India,Hybrid,Mid,6,PhD,0
3583,Machine Learning Engineer,Startup,E-commerce,UK,Remote,Senior,6,PhD,1
3584,Machine Learning Engineer,Startup,E-commerce,Singapore,Hybrid,Mid,10,PhD,1
3585,Data Scientist,Enterprise,E-commerce,USA,Remote,Senior,13,Bachelor,1
3586,Data Scientist,Enterprise,Retail,Australia,Onsite,Entry,4,PhD,0
3587,AI Engineer,MNC,Finance,UK,Onsite,Senior,12,Master,1
3588,Data Scientist,Startup,Healthcare,Germany,Remote,Entry,9,PhD,1
3589,AI Engineer,Startup,Technology,UK,Hybrid,Mid,7,Master,0
3590,Machine Learning Engineer,Startup,Technology,UK,Onsite,Senior,4,PhD,1
3591,Data Analyst,Startup,Retail,Germany,Hybrid,Senior,6,Master,1
3592,Business Analyst,MNC,Healthcare,Australia,Remote,Mid,2,PhD,0
3593,AI Engineer,Medium,Education,India,Remote,Senior,7,PhD,0
3594,Machine Learning Engineer,Startup,Education,Singapore,Hybrid,Senior,3,Master,0
3595,Machine Learning Engineer,Startup,Healthcare,Canada,Remote,Mid,1,Master,1
3596,Data Scientist,Enterprise,Retail,Canada,Onsite,Entry,5,Master,1
3597,Machine Learning Engineer,Startup,Education,India,Onsite,Entry,4,PhD,1
3598,AI Engineer,Medium,Finance,Australia,Onsite,Senior,8,Master,0
3599,Data Engineer,Startup,Finance,India,Hybrid,Entry,7,Bachelor,0
3600,AI Engineer,Startup,Technology,Australia,Remote,Senior,13,Bachelor,0
3601,Data Engineer,Startup,Finance,USA,Onsite,Entry,7,Master,1
3602,Data Analyst,Enterprise,Education,India,Onsite,Entry,11,Bachelor,0
3603,Business Analyst,Startup,Healthcare,Australia,Onsite,Entry,13,Master,1
3604,Data Engineer,MNC,E-commerce,Australia,Remote,Senior,8,Master,0
3605,Data Engineer,Enterprise,Finance,India,Onsite,Senior,7,Bachelor,0
3606,Data Analyst,MNC,Retail,Singapore,Hybrid,Mid,1,Master,1
3607,Data Engineer,Startup,Retail,Germany,Remote,Mid,0,PhD,1
3608,Business Analyst,Medium,Education,Germany,Onsite,Mid,12,Bachelor,1
3609,Business Analyst,Medium,Education,Singapore,Hybrid,Senior,2,Master,0
3610,AI Engineer,Startup,Technology,USA,Onsite,Senior,9,PhD,0
3611,Data Scientist,Medium,Finance,Canada,Hybrid,Entry,9,PhD,1
3612,Data Scientist,Startup,Finance,Germany,Onsite,Entry,2,Bachelor,1
3613,Business Analyst,Medium,Finance,Singapore,Hybrid,Entry,11,Master,1
3614,Data Scientist,Medium,Education,Singapore,Hybrid,Senior,13,Master,0
3615,Machine Learning Engineer,MNC,Retail,Canada,Onsite,Senior,9,Bachelor,0
3616,Data Engineer,MNC,Finance,Canada,Remote,Mid,2,Bachelor,1
3617,Business Analyst,Startup,Education,Canada,Onsite,Mid,12,Bachelor,1
3618,AI Engineer,MNC,Retail,Singapore,Remote,Entry,6,Master,1
3619,Data Engineer,Startup,Retail,USA,Remote,Senior,9,PhD,1
3620,Data Scientist,Medium,Technology,USA,Remote,Senior,1,Master,0
3621,Machine Learning Engineer,Startup,Finance,USA,Remote,Mid,12,Bachelor,1
3622,Machine Learning Engineer,Startup,E-commerce,USA,Remote,Senior,5,Bachelor,1
3623,AI Engineer,Startup,Education,UK,Hybrid,Mid,11,PhD,1
3624,Business Analyst,Enterprise,Healthcare,USA,Remote,Entry,11,Master,0
3625,Data Scientist,Medium,E-commerce,UK,Hybrid,Senior,5,PhD,0
3626,Machine Learning Engineer,MNC,E-commerce,Australia,Remote,Senior,8,Bachelor,0
3627,AI Engineer,MNC,E-commerce,India,Hybrid,Mid,11,PhD,0
3628,Data Scientist,Startup,E-commerce,Canada,Hybrid,Senior,2,Bachelor,1
3629,AI Engineer,Enterprise,Technology,Germany,Onsite,Entry,13,PhD,1
3630,AI Engineer,Medium,Education,Germany,Onsite,Entry,12,Master,1
3631,Machine Learning Engineer,Enterprise,Healthcare,Australia,Hybrid,Senior,6,Bachelor,0
3632,Data Scientist,Enterprise,Retail,Canada,Remote,Mid,12,Bachelor,0
3633,Data Analyst,MNC,Finance,Singapore,Hybrid,Entry,1,Bachelor,0
3634,Data Analyst,Enterprise,Healthcare,Singapore,Hybrid,Entry,5,Master,0
3635,Business Analyst,Medium,Education,Singapore,Remote,Entry,11,PhD,1
3636,Data Scientist,Startup,Retail,Singapore,Onsite,Senior,4,Bachelor,0
3637,Business Analyst,Medium,Education,Canada,Onsite,Senior,3,PhD,0
3638,Data Analyst,MNC,Technology,USA,Onsite,Senior,0,Master,1
3639,Machine Learning Engineer,Medium,E-commerce,Canada,Hybrid,Entry,9,Master,0
3640,Data Analyst,MNC,E-commerce,Australia,Onsite,Entry,4,Master,0
3641,Data Analyst,Enterprise,E-commerce,India,Hybrid,Mid,9,Master,1
3642,Data Engineer,Medium,Technology,Australia,Remote,Entry,8,PhD,1
3643,Data Scientist,MNC,Education,UK,Onsite,Senior,9,PhD,1
3644,AI Engineer,Enterprise,Technology,Singapore,Remote,Senior,1,Bachelor,1
3645,Machine Learning Engineer,Enterprise,Education,India,Onsite,Mid,8,Master,1
3646,Data Analyst,Enterprise,Education,Canada,Onsite,Mid,13,Master,1
3647,Data Scientist,MNC,Technology,Singapore,Onsite,Entry,14,PhD,1
3648,AI Engineer,Startup,E-commerce,India,Remote,Senior,9,Bachelor,1
3649,Data Engineer,Startup,Retail,Canada,Onsite,Mid,10,Bachelor,0
3650,AI Engineer,Enterprise,Education,Germany,Hybrid,Mid,13,Master,0
3651,Data Analyst,Enterprise,Technology,USA,Onsite,Mid,9,Master,1
3652,Data Analyst,Medium,Technology,UK,Remote,Entry,3,Master,1
3653,Business Analyst,Medium,Finance,Germany,Onsite,Senior,7,Bachelor,0
3654,AI Engineer,Medium,E-commerce,UK,Remote,Mid,8,PhD,1
3655,Machine Learning Engineer,MNC,Healthcare,India,Onsite,Mid,2,Master,1
3656,Data Analyst,Enterprise,Healthcare,Germany,Onsite,Entry,6,Master,1
3657,Data Analyst,Medium,Education,Germany,Hybrid,Senior,11,Bachelor,1
3658,Data Engineer,Startup,Healthcare,Germany,Remote,Entry,1,PhD,1
3659,AI Engineer,MNC,Education,UK,Hybrid,Entry,9,Master,1
3660,Machine Learning Engineer,Startup,Retail,UK,Onsite,Mid,0,Master,1
3661,Data Analyst,Medium,Healthcare,Australia,Remote,Entry,11,Bachelor,0
3662,AI Engineer,Enterprise,Education,Singapore,Remote,Mid,7,PhD,1
3663,Data Engineer,Startup,Finance,Germany,Hybrid,Entry,5,PhD,0
3664,Machine Learning Engineer,MNC,E-commerce,Canada,Hybrid,Entry,13,Master,0
3665,AI Engineer,MNC,Healthcare,Australia,Remote,Entry,4,PhD,0
3666,Data Engineer,MNC,E-commerce,USA,Remote,Entry,3,Master,0
3667,Data Engineer,Medium,Technology,USA,Onsite,Entry,9,Master,0
3668,Machine Learning Engineer,MNC,Education,India,Onsite,Mid,0,Master,0
3669,Machine Learning Engineer,Enterprise,E-commerce,UK,Onsite,Entry,4,PhD,0
3670,AI Engineer,Medium,Healthcare,Canada,Remote,Senior,3,Bachelor,1
3671,Data Engineer,MNC,Healthcare,India,Hybrid,Entry,14,PhD,1
3672,Machine Learning Engineer,Enterprise,Retail,Singapore,Hybrid,Senior,10,Master,0
3673,Data Analyst,Medium,Finance,UK,Onsite,Mid,14,PhD,1
3674,Machine Learning Engineer,Medium,E-commerce,Canada,Onsite,Senior,6,Bachelor,0
3675,Data Scientist,Startup,Finance,Australia,Hybrid,Mid,3,Master,0
3676,Data Engineer,Enterprise,Technology,Australia,Hybrid,Mid,12,Bachelor,1
3677,Business Analyst,Medium,Healthcare,USA,Hybrid,Senior,7,Master,0
3678,Business Analyst,Startup,Finance,Canada,Onsite,Entry,6,PhD,1
3679,Data Engineer,Medium,Healthcare,Australia,Onsite,Senior,12,Bachelor,1
3680,Business Analyst,Enterprise,Retail,Singapore,Remote,Entry,9,Bachelor,0
3681,Data Scientist,MNC,Healthcare,Germany,Onsite,Senior,1,PhD,0
3682,Data Scientist,Startup,Finance,Germany,Hybrid,Senior,9,PhD,1
3683,Machine Learning Engineer,Enterprise,Finance,India,Remote,Mid,3,Bachelor,1
3684,Data Engineer,MNC,Retail,Germany,Remote,Entry,14,Bachelor,0
3685,Data Analyst,Enterprise,Retail,Australia,Hybrid,Entry,14,PhD,1
3686,Data Engineer,Medium,E-commerce,Singapore,Remote,Entry,14,Master,0
3687,AI Engineer,Enterprise,Healthcare,Singapore,Onsite,Mid,11,PhD,1
3688,Business Analyst,MNC,E-commerce,UK,Onsite,Senior,4,Master,0
3689,Business Analyst,Enterprise,E-commerce,UK,Hybrid,Entry,1,Master,1
3690,AI Engineer,Startup,Technology,Australia,Remote,Senior,11,PhD,1
3691,Machine Learning Engineer,Enterprise,Finance,India,Remote,Senior,1,PhD,1
3692,Machine Learning Engineer,Medium,Finance,UK,Remote,Entry,0,Master,0
3693,Data Engineer,Startup,Technology,USA,Remote,Senior,10,Master,0
3694,Data Analyst,Startup,Technology,Australia,Remote,Entry,2,Master,1
3695,Machine Learning Engineer,MNC,Finance,India,Hybrid,Entry,12,Master,0
3696,Business Analyst,Medium,Healthcare,UK,Onsite,Mid,5,PhD,0
3697,Business Analyst,Startup,E-commerce,Canada,Onsite,Mid,7,PhD,0
3698,Data Engineer,Enterprise,E-commerce,Germany,Remote,Entry,4,Master,0
3699,AI Engineer,Enterprise,Retail,Singapore,Remote,Mid,2,PhD,1
3700,Machine Learning Engineer,Startup,Retail,Canada,Onsite,Senior,5,PhD,0
3701,Machine Learning Engineer,MNC,Healthcare,Canada,Onsite,Entry,5,PhD,0
3702,Business Analyst,Enterprise,E-commerce,Singapore,Onsite,Senior,7,PhD,1
3703,Machine Learning Engineer,Medium,Retail,India,Remote,Entry,6,Bachelor,0
3704,Data Engineer,MNC,Finance,UK,Hybrid,Senior,0,PhD,0
3705,Data Engineer,Enterprise,E-commerce,USA,Onsite,Entry,10,Master,0
3706,Data Scientist,Enterprise,Retail,Singapore,Hybrid,Mid,0,Bachelor,1
3707,Data Analyst,Enterprise,E-commerce,Germany,Hybrid,Entry,10,PhD,0
3708,Machine Learning Engineer,Enterprise,Healthcare,Canada,Remote,Entry,2,Master,1
3709,Data Engineer,Startup,Finance,Canada,Hybrid,Senior,13,Bachelor,0
3710,AI Engineer,Enterprise,Retail,USA,Hybrid,Mid,11,Bachelor,1
3711,Data Scientist,MNC,E-commerce,India,Hybrid,Mid,5,PhD,0
3712,Business Analyst,Medium,Retail,Australia,Onsite,Mid,10,PhD,1
3713,Business Analyst,Enterprise,Retail,USA,Onsite,Entry,5,Master,1
3714,Business Analyst,Startup,Technology,India,Remote,Entry,3,Master,1
3715,Data Scientist,MNC,Healthcare,Australia,Remote,Entry,13,Bachelor,0
3716,AI Engineer,Enterprise,Education,India,Onsite,Entry,6,Bachelor,1
3717,Data Engineer,Medium,Healthcare,Germany,Hybrid,Mid,2,Bachelor,0
3718,Data Scientist,Startup,E-commerce,Canada,Remote,Mid,5,PhD,0
3719,Business Analyst,Enterprise,Technology,UK,Hybrid,Senior,3,Bachelor,0
3720,AI Engineer,Startup,Finance,USA,Remote,Mid,1,PhD,0
3721,Data Scientist,Startup,Education,Germany,Onsite,Entry,9,Bachelor,1
3722,Data Engineer,Medium,Technology,Germany,Remote,Entry,0,PhD,0
3723,Data Scientist,Startup,Finance,Germany,Onsite,Mid,4,PhD,0
3724,AI Engineer,Medium,Technology,India,Hybrid,Entry,2,PhD,1
3725,Data Scientist,Startup,Finance,Canada,Remote,Senior,3,Master,1
3726,Data Analyst,Medium,Healthcare,Germany,Remote,Mid,9,Bachelor,1
3727,Business Analyst,Medium,Technology,Australia,Onsite,Entry,14,Master,1
3728,AI Engineer,MNC,Finance,Australia,Onsite,Senior,8,Bachelor,1
3729,AI Engineer,Medium,Education,UK,Hybrid,Entry,10,Bachelor,0
3730,AI Engineer,Startup,Retail,Singapore,Remote,Entry,13,Bachelor,0
3731,Machine Learning Engineer,Medium,Education,Singapore,Hybrid,Mid,14,Master,1
3732,AI Engineer,Startup,Technology,Canada,Remote,Entry,5,Master,1
3733,Data Analyst,Medium,Retail,India,Onsite,Mid,5,Bachelor,1
3734,Business Analyst,Medium,E-commerce,Canada,Remote,Entry,0,PhD,1
3735,Machine Learning Engineer,MNC,Technology,Australia,Hybrid,Mid,13,Master,1
3736,AI Engineer,Medium,E-commerce,USA,Onsite,Senior,5,Bachelor,0
3737,AI Engineer,MNC,Technology,USA,Hybrid,Senior,9,PhD,1
3738,Machine Learning Engineer,MNC,Retail,India,Hybrid,Senior,9,Master,0
3739,Data Scientist,Enterprise,Healthcare,Canada,Hybrid,Entry,13,PhD,1
3740,AI Engineer,Enterprise,Finance,India,Onsite,Mid,12,PhD,1
3741,Machine Learning Engineer,Startup,Retail,Singapore,Remote,Senior,10,PhD,0
3742,Machine Learning Engineer,Medium,Technology,UK,Hybrid,Entry,7,PhD,0
3743,Data Engineer,Startup,Education,Singapore,Hybrid,Senior,1,Master,0
3744,Data Analyst,MNC,E-commerce,Canada,Hybrid,Mid,12,Master,0
3745,Data Scientist,Startup,Healthcare,Germany,Hybrid,Senior,8,PhD,0
3746,Data Scientist,Enterprise,Finance,India,Onsite,Entry,8,Master,1
3747,Data Engineer,MNC,E-commerce,USA,Onsite,Mid,13,PhD,0
3748,Data Engineer,Startup,E-commerce,Singapore,Remote,Mid,12,Master,0
3749,Data Analyst,Startup,Technology,USA,Hybrid,Entry,1,PhD,0
3750,Business Analyst,Startup,Finance,Singapore,Onsite,Mid,2,PhD,1
3751,Data Engineer,Startup,E-commerce,UK,Remote,Senior,9,Bachelor,0
3752,Data Analyst,Medium,Finance,USA,Hybrid,Entry,8,PhD,0
3753,Business Analyst,Enterprise,Technology,Germany,Onsite,Mid,3,PhD,1
3754,Business Analyst,Startup,Technology,UK,Onsite,Mid,14,PhD,1
3755,Data Analyst,Startup,Education,Canada,Remote,Entry,13,Master,0
3756,Data Analyst,Startup,Finance,USA,Remote,Entry,2,Bachelor,0
3757,Machine Learning Engineer,Medium,Education,India,Hybrid,Senior,6,Master,1
3758,AI Engineer,Startup,Healthcare,Canada,Onsite,Entry,13,Master,0
3759,Data Scientist,Enterprise,Education,India,Onsite,Senior,3,Master,1
3760,AI Engineer,Enterprise,Technology,Germany,Onsite,Mid,9,Bachelor,1
3761,Business Analyst,Startup,E-commerce,Australia,Remote,Entry,9,Master,1
3762,Business Analyst,Medium,E-commerce,Australia,Remote,Mid,3,PhD,0
3763,Machine Learning Engineer,Medium,Technology,Canada,Remote,Senior,13,PhD,0
3764,Data Engineer,Enterprise,Education,UK,Hybrid,Senior,2,Bachelor,1
3765,Data Engineer,Medium,Retail,Australia,Onsite,Mid,5,Bachelor,0
3766,Data Scientist,Enterprise,Finance,India,Hybrid,Entry,14,PhD,1
3767,Data Engineer,Startup,E-commerce,Canada,Onsite,Mid,14,Master,1
3768,AI Engineer,Enterprise,Finance,Australia,Remote,Senior,13,PhD,0
3769,Machine Learning Engineer,Medium,Education,Germany,Onsite,Senior,9,Bachelor,0
3770,Machine Learning Engineer,Medium,Education,USA,Remote,Senior,9,PhD,0
3771,Data Analyst,Startup,Finance,India,Hybrid,Senior,10,PhD,0
3772,Business Analyst,Startup,Technology,Singapore,Remote,Entry,3,PhD,1
3773,AI Engineer,Medium,Retail,USA,Hybrid,Entry,8,Bachelor,0
3774,Data Analyst,Startup,Healthcare,USA,Remote,Senior,3,Bachelor,1
3775,Business Analyst,Medium,Retail,Germany,Hybrid,Senior,13,PhD,1
3776,AI Engineer,Medium,Healthcare,Germany,Onsite,Mid,0,Master,1
3777,Business Analyst,Enterprise,Healthcare,USA,Hybrid,Entry,2,Master,0
3778,Data Analyst,Medium,Finance,UK,Remote,Senior,10,PhD,1
3779,Data Engineer,Medium,E-commerce,India,Remote,Senior,6,Bachelor,0
3780,Data Scientist,MNC,Finance,India,Hybrid,Entry,10,Bachelor,1
3781,Data Engineer,MNC,E-commerce,Germany,Remote,Mid,5,Bachelor,0
3782,Data Scientist,Startup,Retail,Singapore,Remote,Entry,9,PhD,1
3783,Business Analyst,Medium,E-commerce,Germany,Onsite,Mid,1,Master,0
3784,Business Analyst,Startup,Education,Singapore,Onsite,Senior,9,PhD,1
3785,AI Engineer,Startup,Education,Germany,Onsite,Senior,13,PhD,1
3786,Data Analyst,Startup,Education,Germany,Remote,Mid,3,Master,0
3787,AI Engineer,Enterprise,Finance,Canada,Onsite,Senior,2,PhD,0
3788,Data Engineer,Enterprise,Education,USA,Onsite,Mid,8,Bachelor,1
3789,Business Analyst,Enterprise,Technology,USA,Remote,Mid,5,PhD,0
3790,AI Engineer,Startup,Finance,Germany,Hybrid,Entry,12,Master,0
3791,Data Analyst,Startup,Education,Australia,Hybrid,Senior,0,Master,0
3792,Data Engineer,Enterprise,Technology,Australia,Remote,Senior,0,PhD,0
3793,Data Engineer,Startup,Healthcare,USA,Onsite,Entry,10,Master,0
3794,Data Analyst,MNC,Technology,Singapore,Onsite,Entry,10,Master,1
3795,Business Analyst,MNC,Healthcare,Australia,Hybrid,Entry,6,Master,0
3796,Data Scientist,Startup,Healthcare,Australia,Onsite,Mid,14,PhD,0
3797,Business Analyst,Startup,Healthcare,USA,Hybrid,Mid,14,Master,1
3798,AI Engineer,Startup,Healthcare,Singapore,Remote,Senior,13,Master,1
3799,Machine Learning Engineer,Enterprise,Healthcare,Singapore,Onsite,Mid,6,PhD,1
3800,Data Engineer,Enterprise,Technology,USA,Remote,Mid,8,PhD,1
3801,AI Engineer,Startup,Healthcare,India,Onsite,Entry,12,PhD,0
3802,Data Engineer,Startup,Technology,Canada,Hybrid,Mid,1,Bachelor,0
3803,Data Analyst,Enterprise,Finance,Singapore,Hybrid,Mid,8,PhD,0
3804,Data Analyst,Startup,Retail,UK,Onsite,Senior,6,Master,1
3805,Business Analyst,MNC,Education,USA,Hybrid,Entry,7,PhD,0
3806,Machine Learning Engineer,Enterprise,Healthcare,Canada,Onsite,Senior,3,PhD,1
3807,Business Analyst,Enterprise,Retail,Australia,Remote,Senior,8,PhD,0
3808,Data Engineer,Enterprise,Education,Singapore,Remote,Entry,2,PhD,0
3809,Business Analyst,Medium,E-commerce,India,Hybrid,Mid,8,PhD,0
3810,Data Scientist,Startup,Healthcare,Germany,Onsite,Senior,3,Bachelor,0
3811,Machine Learning Engineer,Medium,Finance,Australia,Onsite,Senior,9,Bachelor,1
3812,Data Engineer,Enterprise,Healthcare,Canada,Hybrid,Mid,12,Master,1
3813,Data Analyst,Medium,Education,USA,Hybrid,Senior,13,PhD,1
3814,Machine Learning Engineer,MNC,Retail,Canada,Hybrid,Mid,14,Bachelor,1
3815,Business Analyst,Enterprise,Retail,India,Hybrid,Senior,1,PhD,0
3816,Data Engineer,MNC,Technology,Germany,Onsite,Mid,8,Bachelor,0
3817,Machine Learning Engineer,Enterprise,E-commerce,Australia,Onsite,Senior,8,Bachelor,0
3818,Data Analyst,Startup,Healthcare,India,Remote,Senior,9,Bachelor,0
3819,Business Analyst,Enterprise,Finance,Canada,Remote,Entry,12,PhD,0
3820,Machine Learning Engineer,Medium,Retail,USA,Remote,Senior,13,Bachelor,0
3821,AI Engineer,Medium,Retail,Germany,Remote,Mid,10,PhD,0
3822,Business Analyst,MNC,E-commerce,USA,Onsite,Mid,3,PhD,0
3823,Machine Learning Engineer,MNC,Healthcare,USA,Onsite,Entry,2,Bachelor,0
3824,Machine Learning Engineer,MNC,E-commerce,Singapore,Remote,Mid,13,Master,1
3825,Data Scientist,Enterprise,Healthcare,Australia,Remote,Senior,12,Master,1
3826,Data Analyst,Enterprise,Education,Australia,Onsite,Entry,0,Master,0
3827,Business Analyst,MNC,Education,USA,Hybrid,Mid,12,PhD,1
3828,Data Scientist,Medium,Technology,Canada,Remote,Senior,5,Master,0
3829,Data Analyst,Medium,Education,Singapore,Hybrid,Entry,3,PhD,0
3830,Data Scientist,Enterprise,Retail,Australia,Hybrid,Entry,4,Master,1
3831,AI Engineer,MNC,Healthcare,India,Remote,Entry,3,PhD,0
3832,Data Engineer,Medium,Healthcare,India,Onsite,Senior,11,PhD,0
3833,Data Analyst,Startup,Technology,Australia,Remote,Senior,12,PhD,1
3834,AI Engineer,MNC,Finance,Canada,Remote,Mid,1,PhD,1
3835,AI Engineer,Enterprise,Technology,Germany,Onsite,Senior,10,Bachelor,1
3836,Machine Learning Engineer,MNC,Healthcare,USA,Remote,Senior,14,Bachelor,0
3837,Machine Learning Engineer,Enterprise,Retail,India,Hybrid,Senior,14,Master,0
3838,Business Analyst,Enterprise,Healthcare,India,Onsite,Entry,13,Bachelor,0
3839,Data Scientist,Enterprise,Education,USA,Hybrid,Senior,3,Bachelor,1
3840,Data Analyst,Enterprise,Education,Singapore,Hybrid,Senior,11,PhD,1
3841,Business Analyst,Startup,E-commerce,India,Remote,Entry,6,Master,0
3842,Data Analyst,Medium,E-commerce,USA,Hybrid,Entry,7,PhD,0
3843,Machine Learning Engineer,Medium,Retail,Australia,Remote,Mid,8,PhD,0
3844,Machine Learning Engineer,Medium,Retail,India,Hybrid,Mid,0,Bachelor,1
3845,Data Analyst,Startup,Education,UK,Remote,Entry,12,PhD,0
3846,AI Engineer,Medium,Retail,Germany,Remote,Senior,0,Master,1
3847,Business Analyst,Startup,Education,Australia,Onsite,Mid,4,PhD,1
3848,Data Engineer,Startup,Technology,India,Hybrid,Entry,6,PhD,0
3849,Machine Learning Engineer,Enterprise,Healthcare,USA,Onsite,Senior,9,Bachelor,0
3850,Machine Learning Engineer,Startup,Healthcare,UK,Hybrid,Mid,4,PhD,1
3851,Machine Learning Engineer,Medium,Education,Australia,Onsite,Senior,1,PhD,1
3852,Business Analyst,MNC,E-commerce,India,Hybrid,Senior,3,Bachelor,1
3853,Data Analyst,Medium,Technology,Canada,Onsite,Mid,10,Master,1
3854,AI Engineer,Medium,Technology,Germany,Remote,Senior,8,Master,0
3855,Data Engineer,Enterprise,Healthcare,Singapore,Remote,Mid,8,Bachelor,0
3856,Data Scientist,Startup,E-commerce,UK,Onsite,Entry,0,PhD,0
3857,Business Analyst,Startup,Retail,USA,Hybrid,Entry,1,Bachelor,0
3858,Machine Learning Engineer,MNC,Finance,UK,Remote,Mid,2,Master,0
3859,Data Analyst,Startup,Education,Germany,Hybrid,Senior,14,PhD,0
3860,Data Engineer,Enterprise,Retail,USA,Onsite,Senior,14,Bachelor,1
3861,AI Engineer,Medium,Healthcare,Germany,Onsite,Entry,14,Bachelor,0
3862,Data Engineer,Enterprise,Finance,Australia,Onsite,Senior,3,Bachelor,1
3863,Business Analyst,Medium,Technology,Canada,Remote,Senior,0,Bachelor,0
3864,Data Scientist,Startup,E-commerce,India,Remote,Mid,10,Master,0
3865,Business Analyst,Medium,Retail,UK,Onsite,Senior,6,PhD,0
3866,AI Engineer,Startup,Education,Australia,Remote,Senior,6,PhD,0
3867,AI Engineer,Enterprise,Education,Singapore,Onsite,Senior,5,PhD,1
3868,AI Engineer,MNC,Education,Australia,Onsite,Senior,12,Bachelor,1
3869,Data Analyst,Enterprise,Retail,Germany,Hybrid,Entry,2,Bachelor,1
3870,Data Scientist,Startup,Technology,USA,Hybrid,Senior,6,Bachelor,0
3871,AI Engineer,Medium,E-commerce,Germany,Onsite,Senior,10,Master,1
3872,Data Scientist,Startup,Education,Singapore,Hybrid,Entry,9,Master,0
3873,Data Analyst,Startup,Healthcare,Australia,Remote,Senior,4,Master,1
3874,Business Analyst,Medium,Retail,India,Remote,Entry,11,PhD,0
3875,Data Analyst,Enterprise,Healthcare,Canada,Onsite,Mid,3,Master,0
3876,Business Analyst,MNC,E-commerce,Canada,Hybrid,Entry,8,Bachelor,1
3877,Data Engineer,Enterprise,Retail,Germany,Onsite,Senior,4,Bachelor,0
3878,Data Analyst,MNC,Finance,UK,Onsite,Entry,11,Bachelor,0
3879,Data Analyst,MNC,Education,Canada,Remote,Senior,10,Master,1
3880,Business Analyst,Enterprise,Retail,Singapore,Remote,Senior,14,Master,1
3881,AI Engineer,Medium,Technology,USA,Remote,Mid,6,Master,1
3882,Data Scientist,MNC,Healthcare,Australia,Hybrid,Mid,3,Bachelor,0
3883,Data Scientist,Startup,Education,India,Remote,Mid,13,Bachelor,1
3884,Data Scientist,Medium,Education,Germany,Remote,Entry,10,PhD,1
3885,Data Engineer,Startup,Retail,Australia,Remote,Senior,6,Master,0
3886,Business Analyst,Medium,Education,Singapore,Remote,Entry,6,Master,0
3887,Data Scientist,Medium,Healthcare,Singapore,Hybrid,Senior,4,Bachelor,1
3888,Business Analyst,Enterprise,E-commerce,India,Hybrid,Mid,11,PhD,1
3889,Data Analyst,Startup,Education,Germany,Hybrid,Mid,14,PhD,1
3890,Business Analyst,Medium,E-commerce,India,Remote,Senior,7,Master,1
3891,Data Analyst,MNC,Technology,USA,Onsite,Senior,3,Bachelor,0
3892,Business Analyst,Enterprise,Healthcare,UK,Remote,Entry,9,Master,0
3893,Data Analyst,Enterprise,E-commerce,Canada,Remote,Senior,6,Master,1
3894,Data Scientist,Startup,Technology,Australia,Hybrid,Senior,1,Bachelor,1
3895,Data Scientist,Enterprise,Finance,India,Remote,Entry,5,Master,1
3896,Data Scientist,MNC,Retail,Singapore,Onsite,Mid,8,Bachelor,1
3897,Machine Learning Engineer,Startup,Finance,Australia,Onsite,Entry,9,PhD,1
3898,AI Engineer,Medium,Technology,USA,Onsite,Senior,6,PhD,0
3899,Business Analyst,Startup,Healthcare,Canada,Onsite,Entry,0,Master,0
3900,Data Analyst,MNC,Education,Germany,Hybrid,Mid,10,Master,0
3901,Data Analyst,Enterprise,E-commerce,Germany,Remote,Entry,0,Master,0
3902,AI Engineer,Enterprise,Education,Australia,Onsite,Entry,9,Bachelor,0
3903,Machine Learning Engineer,Enterprise,Healthcare,UK,Hybrid,Entry,3,Master,0
3904,Data Scientist,Medium,E-commerce,India,Onsite,Senior,11,PhD,1
3905,Machine Learning Engineer,Medium,Finance,Australia,Hybrid,Entry,1,PhD,1
3906,Data Engineer,Medium,Retail,Canada,Onsite,Senior,10,Bachelor,1
3907,Data Scientist,Enterprise,Retail,India,Remote,Entry,5,Master,0
3908,Machine Learning Engineer,Medium,Healthcare,Singapore,Remote,Entry,3,Master,1
3909,Machine Learning Engineer,Startup,Healthcare,Germany,Onsite,Entry,13,Bachelor,1
3910,Data Scientist,MNC,Retail,Canada,Onsite,Senior,14,Bachelor,0
3911,Data Analyst,Startup,Technology,USA,Remote,Senior,7,Bachelor,1
3912,Data Analyst,Enterprise,E-commerce,Australia,Remote,Mid,13,Master,1
3913,Data Analyst,MNC,Finance,UK,Onsite,Senior,10,Bachelor,1
3914,Data Analyst,Medium,Finance,USA,Hybrid,Mid,0,Bachelor,1
3915,Data Analyst,Enterprise,E-commerce,Singapore,Onsite,Mid,7,PhD,0
3916,Data Scientist,Startup,Retail,India,Hybrid,Entry,12,PhD,0
3917,Data Analyst,MNC,Education,Australia,Onsite,Entry,0,PhD,1
3918,Machine Learning Engineer,Medium,Technology,India,Hybrid,Senior,2,PhD,1
3919,Machine Learning Engineer,Enterprise,Technology,India,Onsite,Mid,9,Master,0
3920,Business Analyst,Medium,Technology,Germany,Onsite,Entry,14,PhD,0
3921,Data Engineer,MNC,Finance,Australia,Onsite,Senior,2,PhD,0
3922,Business Analyst,Enterprise,Technology,Germany,Onsite,Mid,1,Bachelor,1
3923,AI Engineer,Enterprise,Finance,Germany,Onsite,Entry,7,Bachelor,0
3924,Machine Learning Engineer,Startup,Education,UK,Hybrid,Mid,7,PhD,0
3925,AI Engineer,MNC,Finance,UK,Hybrid,Entry,13,Bachelor,1
3926,Data Analyst,Enterprise,Retail,UK,Onsite,Mid,9,Master,0
3927,Data Scientist,MNC,Retail,India,Remote,Senior,12,PhD,1
3928,Data Analyst,Medium,Technology,USA,Onsite,Entry,6,Bachelor,0
3929,AI Engineer,Startup,Healthcare,Australia,Remote,Entry,9,PhD,1
3930,AI Engineer,Enterprise,Technology,UK,Remote,Senior,11,Master,1
3931,Data Analyst,Enterprise,Finance,Australia,Onsite,Senior,0,PhD,0
3932,Machine Learning Engineer,Medium,Education,USA,Remote,Senior,12,PhD,0
3933,Data Analyst,Medium,Retail,Germany,Hybrid,Entry,4,Bachelor,1
3934,Data Engineer,Medium,Education,Australia,Onsite,Entry,4,Master,1
3935,Machine Learning Engineer,Startup,Finance,UK,Remote,Entry,5,PhD,1
3936,Data Scientist,Startup,Healthcare,USA,Remote,Entry,8,Bachelor,1
3937,Machine Learning Engineer,Startup,Education,UK,Hybrid,Senior,9,Bachelor,1
3938,AI Engineer,MNC,Healthcare,Australia,Onsite,Entry,5,Bachelor,1
3939,Business Analyst,Medium,Finance,Australia,Remote,Mid,11,PhD,0
3940,AI Engineer,Medium,E-commerce,India,Onsite,Mid,12,Master,1
3941,Data Scientist,MNC,Education,India,Remote,Entry,7,Bachelor,0
3942,Data Scientist,Enterprise,Education,India,Remote,Senior,13,Bachelor,0
3943,Data Engineer,Medium,Retail,USA,Remote,Mid,0,Master,0
3944,Business Analyst,MNC,Healthcare,Germany,Hybrid,Mid,6,Master,0
3945,Data Engineer,Medium,Healthcare,Singapore,Hybrid,Entry,4,Master,0
3946,Machine Learning Engineer,Medium,Education,Germany,Onsite,Entry,7,PhD,1
3947,Data Analyst,Medium,Retail,Australia,Remote,Mid,10,PhD,0
3948,Data Analyst,Startup,Technology,Australia,Onsite,Senior,4,Bachelor,1
3949,Data Scientist,Startup,Retail,India,Onsite,Senior,5,Master,1
3950,Data Analyst,Enterprise,Finance,Germany,Hybrid,Entry,0,Master,1
3951,Business Analyst,Startup,E-commerce,UK,Onsite,Entry,7,Bachelor,1
3952,Data Analyst,Enterprise,Technology,Canada,Remote,Senior,3,Master,1
3953,Machine Learning Engineer,MNC,Education,India,Hybrid,Senior,12,Master,0
3954,Machine Learning Engineer,MNC,Retail,Germany,Onsite,Mid,4,Bachelor,1
3955,Machine Learning Engineer,MNC,Healthcare,Germany,Hybrid,Mid,12,Bachelor,0
3956,Data Analyst,MNC,Education,USA,Remote,Senior,10,Master,1
3957,Machine Learning Engineer,Medium,Retail,Canada,Remote,Mid,1,PhD,0
3958,Data Engineer,Startup,E-commerce,Canada,Remote,Mid,6,Master,1
3959,Data Scientist,Enterprise,E-commerce,Germany,Remote,Mid,0,Master,0
3960,AI Engineer,Startup,Retail,Germany,Onsite,Senior,14,Master,0
3961,Data Analyst,Enterprise,Finance,Australia,Onsite,Senior,7,PhD,1
3962,Business Analyst,MNC,Healthcare,UK,Onsite,Mid,1,Bachelor,0
3963,Data Analyst,Medium,Healthcare,UK,Remote,Senior,12,Master,1
3964,Data Scientist,Startup,E-commerce,Canada,Hybrid,Mid,0,Master,0
3965,AI Engineer,Medium,Education,UK,Onsite,Mid,10,Bachelor,1
3966,AI Engineer,Medium,E-commerce,Germany,Hybrid,Entry,5,Master,0
3967,Machine Learning Engineer,MNC,E-commerce,Australia,Onsite,Senior,5,PhD,1
3968,Data Analyst,Enterprise,Retail,Canada,Remote,Senior,13,Bachelor,0
3969,Data Engineer,Enterprise,Technology,Canada,Hybrid,Entry,5,PhD,0
3970,AI Engineer,Medium,Education,India,Onsite,Mid,9,PhD,0
3971,Data Engineer,Startup,E-commerce,India,Remote,Entry,5,Bachelor,1
3972,Data Analyst,MNC,Retail,Singapore,Hybrid,Entry,7,Bachelor,1
3973,AI Engineer,MNC,Retail,Germany,Hybrid,Senior,4,PhD,0
3974,Business Analyst,Medium,Finance,Australia,Hybrid,Senior,12,Bachelor,0
3975,Data Scientist,Startup,Retail,Australia,Onsite,Mid,9,PhD,0
3976,Business Analyst,Startup,Education,Singapore,Remote,Mid,1,PhD,1
3977,Data Analyst,MNC,Finance,USA,Onsite,Mid,3,Bachelor,1
3978,Machine Learning Engineer,Medium,Education,Australia,Remote,Senior,1,PhD,0
3979,Data Engineer,Medium,E-commerce,UK,Remote,Senior,0,PhD,0
3980,Business Analyst,Medium,Healthcare,Australia,Onsite,Senior,4,Master,1
3981,Data Engineer,MNC,E-commerce,India,Onsite,Entry,9,Bachelor,1
3982,Data Analyst,MNC,Technology,Australia,Onsite,Senior,4,Master,0
3983,Data Engineer,Startup,Healthcare,Australia,Remote,Mid,13,Bachelor,1
3984,Data Engineer,Enterprise,Retail,UK,Remote,Entry,12,Master,0
3985,Business Analyst,Medium,Healthcare,Canada,Remote,Mid,11,PhD,1
3986,Machine Learning Engineer,Startup,Technology,Australia,Remote,Entry,10,PhD,0
3987,Business Analyst,MNC,Finance,UK,Remote,Senior,13,Bachelor,0
3988,Machine Learning Engineer,Medium,Finance,USA,Hybrid,Senior,3,Master,0
3989,AI Engineer,MNC,E-commerce,Australia,Remote,Senior,3,PhD,0
3990,Data Engineer,MNC,Technology,Canada,Hybrid,Entry,11,Master,0
3991,Machine Learning Engineer,Startup,Healthcare,India,Onsite,Entry,10,PhD,1
3992,Data Engineer,Enterprise,E-commerce,Canada,Onsite,Mid,4,Master,0
3993,Data Analyst,Startup,Retail,Singapore,Onsite,Entry,14,Master,1
3994,Data Analyst,Startup,Retail,USA,Onsite,Mid,7,PhD,1
3995,Data Scientist,Medium,Retail,Canada,Hybrid,Senior,1,Bachelor,1
3996,Data Scientist,MNC,Education,USA,Remote,Senior,6,Bachelor,1
3997,Data Scientist,Medium,Retail,India,Onsite,Senior,0,PhD,0
3998,Data Analyst,Enterprise,Technology,Singapore,Remote,Entry,3,Master,1
3999,Business Analyst,Startup,E-commerce,India,Remote,Mid,14,PhD,1
4000,Data Scientist,Medium,E-commerce,UK,Hybrid,Entry,2,Master,1
4001,AI Engineer,Startup,Healthcare,UK,Remote,Mid,12,Master,0
4002,Data Scientist,Medium,Education,USA,Remote,Mid,9,Master,1
4003,Machine Learning Engineer,MNC,Healthcare,UK,Onsite,Entry,8,Master,0
4004,Machine Learning Engineer,Enterprise,Education,Australia,Remote,Entry,0,Master,0
4005,Data Engineer,Medium,Retail,UK,Hybrid,Senior,12,PhD,1
4006,Data Engineer,MNC,E-commerce,Singapore,Hybrid,Senior,4,Bachelor,1
4007,AI Engineer,Enterprise,Technology,USA,Onsite,Mid,4,PhD,1
4008,Business Analyst,Enterprise,Healthcare,Australia,Onsite,Entry,1,PhD,0
4009,Data Engineer,Medium,Education,Germany,Onsite,Senior,9,Bachelor,1
4010,Machine Learning Engineer,Startup,Finance,UK,Onsite,Senior,10,Master,0
4011,Data Analyst,MNC,Healthcare,India,Onsite,Entry,7,PhD,0
4012,AI Engineer,Startup,Technology,India,Remote,Mid,0,PhD,0
4013,Data Engineer,Enterprise,Retail,UK,Onsite,Entry,10,Bachelor,1
4014,Data Analyst,Startup,Finance,India,Hybrid,Entry,7,Master,1
4015,Machine Learning Engineer,Medium,Education,Canada,Hybrid,Mid,1,Master,0
4016,Machine Learning Engineer,Medium,Education,UK,Onsite,Mid,10,Bachelor,1
4017,AI Engineer,Medium,Education,UK,Hybrid,Mid,2,Master,0
4018,Data Analyst,MNC,Education,Australia,Onsite,Mid,14,Master,1
4019,Machine Learning Engineer,Medium,Healthcare,Canada,Hybrid,Mid,2,PhD,1
4020,Machine Learning Engineer,Startup,Technology,USA,Remote,Senior,12,PhD,0
4021,Data Scientist,Enterprise,Retail,India,Hybrid,Mid,2,Bachelor,0
4022,Data Engineer,Medium,Technology,Australia,Onsite,Mid,13,PhD,1
4023,AI Engineer,MNC,Technology,India,Remote,Senior,8,Bachelor,1
4024,Data Engineer,Startup,E-commerce,Australia,Onsite,Senior,9,Master,0
4025,Data Scientist,Enterprise,Healthcare,Singapore,Hybrid,Mid,2,PhD,0
4026,Data Scientist,Medium,Retail,Singapore,Onsite,Entry,9,Master,0
4027,Business Analyst,Enterprise,Finance,Germany,Remote,Entry,1,Bachelor,1
4028,AI Engineer,Startup,E-commerce,Germany,Remote,Senior,9,Bachelor,1
4029,Data Engineer,Medium,Healthcare,India,Remote,Mid,1,Master,0
4030,Machine Learning Engineer,Startup,Education,India,Hybrid,Senior,4,Master,0
4031,Data Scientist,Enterprise,Technology,Germany,Remote,Mid,14,Bachelor,1
4032,AI Engineer,MNC,Healthcare,Canada,Remote,Mid,2,PhD,0
4033,Data Analyst,Enterprise,Healthcare,USA,Hybrid,Entry,10,Bachelor,1
4034,Machine Learning Engineer,Enterprise,Technology,UK,Hybrid,Entry,8,Master,1
4035,Data Scientist,MNC,Finance,UK,Remote,Mid,14,PhD,0
4036,Business Analyst,Medium,Healthcare,UK,Remote,Mid,12,PhD,1
4037,Business Analyst,Enterprise,Finance,USA,Remote,Entry,9,Master,0
4038,AI Engineer,Startup,Technology,USA,Onsite,Senior,10,Bachelor,1
4039,Data Engineer,Startup,Education,Germany,Hybrid,Entry,8,Master,0
4040,Data Scientist,MNC,Education,UK,Onsite,Entry,8,Master,1
4041,Data Scientist,Medium,E-commerce,Canada,Hybrid,Mid,0,Bachelor,1
4042,Data Scientist,Startup,Retail,India,Hybrid,Mid,2,Bachelor,0
4043,Data Scientist,Enterprise,Retail,Australia,Remote,Entry,11,PhD,1
4044,Machine Learning Engineer,Enterprise,Education,Australia,Onsite,Senior,12,Bachelor,0
4045,Data Engineer,Startup,Healthcare,India,Remote,Entry,7,Master,0
4046,Data Scientist,Startup,Finance,Germany,Onsite,Mid,13,PhD,0
4047,Machine Learning Engineer,Enterprise,Education,USA,Hybrid,Entry,0,Master,0
4048,Data Analyst,MNC,Technology,India,Onsite,Mid,4,Master,1
4049,AI Engineer,MNC,Healthcare,UK,Remote,Entry,4,Master,1
4050,Machine Learning Engineer,MNC,Finance,USA,Remote,Entry,2,PhD,0
4051,AI Engineer,Startup,Technology,USA,Onsite,Mid,13,Bachelor,0
4052,Data Engineer,Startup,Technology,UK,Remote,Mid,8,Master,0
4053,AI Engineer,Enterprise,Education,Germany,Remote,Mid,6,Bachelor,1
4054,Machine Learning Engineer,Enterprise,Healthcare,India,Remote,Senior,9,Master,1
4055,Data Scientist,Enterprise,Healthcare,Canada,Onsite,Senior,3,PhD,0
4056,Business Analyst,Startup,Technology,India,Remote,Senior,14,PhD,1
4057,Business Analyst,Startup,Healthcare,Singapore,Onsite,Entry,1,Master,1
4058,AI Engineer,MNC,Healthcare,USA,Onsite,Entry,6,Master,1
4059,Machine Learning Engineer,Startup,Finance,USA,Onsite,Mid,11,Master,1
4060,Data Analyst,Enterprise,Finance,Germany,Remote,Senior,13,Master,1
4061,Data Analyst,Medium,Finance,Singapore,Remote,Entry,0,PhD,1
4062,Data Analyst,Medium,Technology,USA,Remote,Mid,5,PhD,1
4063,AI Engineer,Medium,Retail,Australia,Onsite,Entry,2,PhD,0
4064,Machine Learning Engineer,Startup,Education,UK,Onsite,Entry,4,PhD,0
4065,Data Scientist,Medium,Finance,Singapore,Hybrid,Entry,10,Master,0
4066,Business Analyst,Startup,E-commerce,Australia,Hybrid,Mid,10,Master,0
4067,Machine Learning Engineer,Enterprise,Finance,Singapore,Remote,Entry,0,Master,1
4068,Data Scientist,Medium,Technology,Germany,Onsite,Mid,0,Master,0
4069,Data Scientist,MNC,Finance,Canada,Onsite,Senior,6,Master,0
4070,Machine Learning Engineer,Enterprise,Retail,USA,Onsite,Senior,10,Bachelor,0
4071,Data Analyst,Medium,Technology,Singapore,Onsite,Senior,12,Bachelor,1
4072,Business Analyst,MNC,Technology,Germany,Remote,Entry,9,Bachelor,0
4073,Data Engineer,Medium,Technology,India,Onsite,Mid,3,PhD,1
4074,Data Analyst,Enterprise,Education,Canada,Onsite,Senior,11,Master,0
4075,Machine Learning Engineer,Medium,Healthcare,Canada,Remote,Senior,14,Master,0
4076,Data Scientist,Medium,Healthcare,Singapore,Onsite,Mid,13,PhD,0
4077,Business Analyst,Enterprise,Healthcare,Canada,Onsite,Senior,12,PhD,0
4078,Machine Learning Engineer,Medium,E-commerce,UK,Hybrid,Mid,1,Bachelor,1
4079,Machine Learning Engineer,Startup,Retail,Australia,Onsite,Senior,14,Master,0
4080,Business Analyst,Medium,E-commerce,Australia,Onsite,Mid,5,Master,0
4081,Data Scientist,Medium,Technology,UK,Remote,Entry,9,PhD,1
4082,Data Engineer,Medium,Education,Singapore,Onsite,Mid,4,PhD,1
4083,Business Analyst,Enterprise,Finance,USA,Hybrid,Mid,11,PhD,1
4084,Data Analyst,MNC,Healthcare,UK,Hybrid,Senior,0,Master,1
4085,Machine Learning Engineer,Startup,Finance,Germany,Onsite,Entry,4,Master,0
4086,Business Analyst,Startup,Technology,Germany,Onsite,Entry,11,Bachelor,1
4087,AI Engineer,Medium,Finance,Germany,Remote,Entry,5,Bachelor,0
4088,Data Analyst,Medium,Education,Germany,Hybrid,Entry,1,PhD,0
4089,Data Analyst,Startup,Technology,Germany,Hybrid,Senior,7,Master,1
4090,Data Analyst,MNC,Healthcare,Canada,Onsite,Senior,10,Bachelor,0
4091,Data Scientist,Startup,Technology,India,Onsite,Senior,12,Master,1
4092,AI Engineer,Medium,E-commerce,India,Remote,Mid,13,PhD,0
4093,Machine Learning Engineer,Startup,Healthcare,India,Onsite,Mid,10,Bachelor,1
4094,Data Engineer,Startup,Finance,USA,Remote,Senior,8,Master,1
4095,Data Scientist,MNC,Finance,Germany,Hybrid,Entry,3,Bachelor,1
4096,AI Engineer,Enterprise,Healthcare,UK,Remote,Mid,3,Bachelor,1
4097,Business Analyst,Startup,Retail,UK,Onsite,Senior,3,Master,0
4098,AI Engineer,MNC,Technology,Singapore,Remote,Mid,8,Bachelor,1
4099,Business Analyst,Enterprise,Education,Singapore,Onsite,Senior,0,Master,0
4100,Machine Learning Engineer,Startup,Technology,USA,Remote,Entry,6,PhD,0
4101,Data Engineer,MNC,Retail,UK,Hybrid,Entry,8,Master,0
4102,AI Engineer,MNC,Healthcare,Singapore,Onsite,Senior,4,PhD,0
4103,Data Analyst,MNC,Finance,Singapore,Hybrid,Mid,4,Bachelor,1
4104,Business Analyst,Startup,Retail,UK,Onsite,Entry,4,PhD,1
4105,Data Scientist,Startup,Education,Canada,Onsite,Entry,9,Bachelor,0
4106,AI Engineer,MNC,Healthcare,Canada,Onsite,Entry,11,Bachelor,0
4107,Data Scientist,Enterprise,Healthcare,Singapore,Onsite,Mid,2,Bachelor,1
4108,Business Analyst,Enterprise,Education,Singapore,Onsite,Entry,9,PhD,1
4109,Business Analyst,MNC,Retail,USA,Onsite,Entry,11,Master,1
4110,Machine Learning Engineer,Medium,Retail,Canada,Remote,Mid,2,PhD,0
4111,Business Analyst,Medium,Retail,Germany,Hybrid,Senior,8,Bachelor,0
4112,AI Engineer,Medium,Technology,Canada,Onsite,Mid,9,Bachelor,1
4113,AI Engineer,Medium,Finance,Australia,Hybrid,Entry,10,Master,1
4114,Data Scientist,Medium,Retail,Singapore,Remote,Entry,6,PhD,0
4115,Machine Learning Engineer,Medium,Education,Canada,Hybrid,Entry,12,PhD,0
4116,AI Engineer,Medium,E-commerce,USA,Remote,Senior,14,Master,0
4117,Data Scientist,MNC,Finance,UK,Remote,Entry,11,Master,1
4118,Data Analyst,Medium,Retail,UK,Remote,Senior,2,Bachelor,0
4119,AI Engineer,Enterprise,Retail,UK,Remote,Senior,8,PhD,1
4120,Business Analyst,Medium,Education,USA,Hybrid,Entry,7,PhD,0
4121,Data Analyst,MNC,E-commerce,Singapore,Hybrid,Entry,1,Bachelor,0
4122,Data Analyst,Enterprise,Retail,UK,Remote,Entry,5,Master,0
4123,Data Scientist,Startup,E-commerce,UK,Onsite,Mid,14,Bachelor,0
4124,AI Engineer,Startup,Education,USA,Remote,Mid,13,Master,0
4125,Machine Learning Engineer,Medium,Healthcare,Singapore,Remote,Senior,7,Bachelor,0
4126,Business Analyst,Medium,Finance,Canada,Remote,Senior,9,Master,1
4127,Data Engineer,Medium,Healthcare,Australia,Onsite,Entry,11,Master,0
4128,Business Analyst,MNC,Finance,India,Onsite,Mid,12,Master,1
4129,Business Analyst,MNC,E-commerce,USA,Hybrid,Mid,4,PhD,1
4130,Business Analyst,Medium,Technology,Australia,Hybrid,Entry,9,PhD,0
4131,Data Engineer,Enterprise,Education,India,Onsite,Senior,3,Bachelor,1
4132,Data Engineer,Startup,Technology,Australia,Hybrid,Mid,2,Bachelor,1
4133,Machine Learning Engineer,Enterprise,Finance,USA,Remote,Senior,14,PhD,0
4134,Data Analyst,MNC,Education,Canada,Remote,Mid,8,Master,0
4135,AI Engineer,MNC,E-commerce,Canada,Remote,Entry,3,Bachelor,0
4136,Data Analyst,Medium,Healthcare,Canada,Hybrid,Senior,13,Bachelor,0
4137,Data Analyst,MNC,Education,Australia,Onsite,Entry,7,Bachelor,1
4138,Business Analyst,Startup,E-commerce,USA,Hybrid,Senior,14,PhD,1
4139,Machine Learning Engineer,Enterprise,Technology,UK,Hybrid,Mid,6,Master,0
4140,AI Engineer,MNC,Finance,Singapore,Remote,Mid,6,Master,1
4141,Machine Learning Engineer,Enterprise,E-commerce,Germany,Onsite,Mid,6,PhD,0
4142,Business Analyst,MNC,Education,Australia,Remote,Mid,13,Bachelor,1
4143,Business Analyst,Enterprise,Technology,India,Onsite,Mid,0,Bachelor,1
4144,Data Analyst,Medium,E-commerce,Canada,Onsite,Mid,9,Master,1
4145,Data Scientist,Medium,Finance,USA,Hybrid,Senior,0,PhD,0
4146,Data Analyst,Medium,Education,India,Onsite,Mid,9,PhD,0
4147,Data Scientist,Medium,Retail,Singapore,Hybrid,Entry,9,Bachelor,1
4148,Data Engineer,Enterprise,Education,Australia,Hybrid,Senior,4,Bachelor,1
4149,Data Scientist,Medium,Healthcare,Singapore,Hybrid,Entry,6,Bachelor,0
4150,AI Engineer,Startup,Technology,UK,Onsite,Mid,11,PhD,1
4151,AI Engineer,Enterprise,Healthcare,Australia,Onsite,Entry,13,PhD,0
4152,Machine Learning Engineer,Enterprise,Finance,Canada,Onsite,Mid,13,Bachelor,1
4153,AI Engineer,Startup,E-commerce,USA,Onsite,Mid,12,Master,1
4154,Data Scientist,Startup,Education,Canada,Remote,Entry,6,PhD,0
4155,AI Engineer,Medium,Finance,Australia,Hybrid,Senior,8,Bachelor,1
4156,Data Scientist,Startup,Finance,India,Remote,Mid,0,Bachelor,1
4157,Business Analyst,MNC,Retail,Singapore,Remote,Entry,8,Master,0
4158,Data Engineer,MNC,Education,USA,Hybrid,Senior,8,PhD,1
4159,Data Engineer,MNC,Finance,Germany,Hybrid,Senior,12,PhD,0
4160,Data Scientist,Medium,Finance,Germany,Onsite,Senior,3,Bachelor,0
4161,Data Analyst,Medium,E-commerce,Germany,Remote,Mid,5,Master,1
4162,AI Engineer,Medium,Education,Canada,Remote,Senior,14,Bachelor,1
4163,Machine Learning Engineer,Enterprise,E-commerce,Canada,Onsite,Senior,12,Bachelor,1
4164,Data Scientist,Startup,Finance,UK,Onsite,Entry,14,Bachelor,0
4165,Business Analyst,MNC,Technology,Germany,Hybrid,Entry,6,PhD,1
4166,Business Analyst,MNC,Education,USA,Remote,Senior,9,Master,1
4167,AI Engineer,Medium,E-commerce,UK,Onsite,Entry,2,Bachelor,0
4168,Data Scientist,Medium,Retail,India,Onsite,Entry,7,PhD,1
4169,Business Analyst,Enterprise,Finance,USA,Remote,Senior,0,Bachelor,0
4170,Machine Learning Engineer,Enterprise,Education,UK,Remote,Mid,7,PhD,1
4171,Data Scientist,MNC,Healthcare,Australia,Remote,Senior,2,Master,0
4172,Data Analyst,MNC,Finance,USA,Onsite,Mid,0,Bachelor,0
4173,Data Engineer,Startup,Retail,UK,Hybrid,Mid,1,Bachelor,0
4174,Data Engineer,MNC,Retail,India,Onsite,Mid,7,Bachelor,1
4175,Data Engineer,Enterprise,Technology,UK,Remote,Senior,9,Master,1
4176,AI Engineer,Medium,Education,UK,Hybrid,Senior,1,Bachelor,0
4177,Business Analyst,MNC,Finance,Canada,Hybrid,Senior,13,Master,1
4178,Data Engineer,Medium,Education,Germany,Onsite,Mid,6,Master,1
4179,Data Engineer,Medium,Retail,Canada,Remote,Senior,13,Master,1
4180,Machine Learning Engineer,Enterprise,Finance,Australia,Remote,Senior,12,Bachelor,0
4181,Machine Learning Engineer,MNC,Healthcare,UK,Remote,Senior,9,PhD,0
4182,Data Engineer,Enterprise,Technology,Australia,Remote,Mid,6,Bachelor,1
4183,Business Analyst,Startup,E-commerce,Canada,Onsite,Senior,12,PhD,0
4184,AI Engineer,Enterprise,Education,Australia,Remote,Entry,13,Master,1
4185,Data Engineer,Enterprise,Healthcare,USA,Hybrid,Entry,8,PhD,0
4186,Machine Learning Engineer,Enterprise,Education,UK,Onsite,Mid,11,PhD,0
4187,Data Scientist,Startup,Technology,Canada,Remote,Senior,6,PhD,1
4188,Machine Learning Engineer,Medium,Healthcare,UK,Hybrid,Entry,1,Bachelor,1
4189,Data Engineer,Enterprise,Retail,Singapore,Onsite,Mid,11,Bachelor,1
4190,Data Engineer,Startup,Healthcare,Singapore,Onsite,Entry,12,PhD,1
4191,Business Analyst,Medium,Technology,Singapore,Onsite,Entry,6,Master,1
4192,Data Scientist,Enterprise,Technology,USA,Remote,Entry,12,Bachelor,1
4193,Data Scientist,Startup,Education,USA,Onsite,Senior,9,Bachelor,1
4194,Data Engineer,Medium,Finance,USA,Remote,Mid,5,PhD,1
4195,Data Engineer,Enterprise,Education,Singapore,Onsite,Mid,13,Master,1
4196,Business Analyst,Startup,Healthcare,Germany,Onsite,Senior,5,PhD,0
4197,Data Engineer,Startup,E-commerce,UK,Onsite,Senior,0,Bachelor,1
4198,Data Engineer,Medium,E-commerce,Germany,Remote,Mid,3,Master,1
4199,Business Analyst,MNC,Retail,Australia,Hybrid,Mid,13,Bachelor,0
4200,Data Scientist,Startup,Retail,Australia,Hybrid,Senior,9,Master,1
4201,Machine Learning Engineer,MNC,E-commerce,Germany,Hybrid,Entry,8,Master,0
4202,Data Analyst,MNC,Finance,Singapore,Hybrid,Senior,7,Master,1
4203,Business Analyst,Enterprise,Education,UK,Onsite,Senior,12,Bachelor,1
4204,Data Scientist,Startup,Retail,Germany,Onsite,Senior,11,PhD,1
4205,AI Engineer,Startup,E-commerce,Singapore,Onsite,Senior,7,Bachelor,1
4206,Machine Learning Engineer,Enterprise,Retail,UK,Onsite,Senior,0,Master,1
4207,AI Engineer,MNC,Technology,Singapore,Onsite,Mid,12,Master,0
4208,Data Scientist,MNC,Finance,Germany,Remote,Senior,8,Bachelor,0
4209,Data Analyst,Enterprise,Education,Australia,Hybrid,Senior,13,PhD,0
4210,Business Analyst,Enterprise,Retail,Singapore,Hybrid,Mid,3,Bachelor,1
4211,Machine Learning Engineer,MNC,Healthcare,Germany,Remote,Senior,14,Bachelor,0
4212,Business Analyst,Startup,Healthcare,UK,Remote,Mid,4,PhD,1
4213,Data Engineer,Medium,Finance,USA,Onsite,Senior,4,Bachelor,0
4214,Business Analyst,Enterprise,Finance,USA,Onsite,Entry,3,Bachelor,1
4215,Data Scientist,MNC,E-commerce,USA,Hybrid,Mid,1,Master,0
4216,Data Engineer,Enterprise,Technology,Germany,Onsite,Senior,2,Master,0
4217,Machine Learning Engineer,Startup,Healthcare,Australia,Remote,Entry,11,Master,1
4218,Data Scientist,Startup,Finance,India,Remote,Entry,5,PhD,0
4219,AI Engineer,MNC,Technology,Germany,Hybrid,Entry,8,Master,0
4220,AI Engineer,MNC,Technology,UK,Hybrid,Entry,13,Master,1
4221,Machine Learning Engineer,Medium,Technology,Singapore,Remote,Entry,1,Master,0
4222,Business Analyst,MNC,E-commerce,USA,Hybrid,Entry,10,PhD,1
4223,Data Analyst,Startup,Healthcare,Singapore,Hybrid,Mid,4,Master,0
4224,Business Analyst,Enterprise,Finance,UK,Remote,Entry,0,PhD,1
4225,Data Scientist,Enterprise,Education,India,Hybrid,Entry,12,Master,0
4226,Business Analyst,Medium,Retail,Australia,Remote,Senior,9,Bachelor,1
4227,Data Analyst,Enterprise,Healthcare,Singapore,Onsite,Entry,11,PhD,1
4228,Business Analyst,Medium,Retail,USA,Remote,Senior,12,Bachelor,1
4229,Data Engineer,Enterprise,Finance,UK,Remote,Mid,12,PhD,0
4230,Data Engineer,Enterprise,Retail,USA,Remote,Mid,6,Master,1
4231,AI Engineer,MNC,Education,Canada,Onsite,Mid,4,Bachelor,1
4232,AI Engineer,Startup,Technology,USA,Hybrid,Mid,7,Master,0
4233,Data Scientist,MNC,Healthcare,Singapore,Remote,Senior,4,Bachelor,0
4234,Machine Learning Engineer,MNC,Education,UK,Onsite,Senior,11,Bachelor,1
4235,AI Engineer,MNC,Education,USA,Remote,Mid,6,Master,1
4236,Data Analyst,Startup,E-commerce,USA,Onsite,Mid,1,Bachelor,0
4237,Data Analyst,Medium,Retail,Canada,Remote,Senior,7,Bachelor,1
4238,Data Engineer,Medium,Education,Germany,Onsite,Entry,3,Bachelor,1
4239,Data Scientist,Medium,Retail,Singapore,Onsite,Entry,9,Bachelor,1
4240,Data Scientist,MNC,Healthcare,Germany,Onsite,Mid,9,PhD,0
4241,AI Engineer,Startup,Technology,India,Onsite,Senior,13,Master,1
4242,Business Analyst,Medium,Finance,India,Remote,Senior,12,PhD,0
4243,Data Analyst,Enterprise,Finance,Canada,Hybrid,Senior,9,Master,0
4244,Machine Learning Engineer,MNC,Technology,Singapore,Hybrid,Entry,7,Bachelor,1
4245,Machine Learning Engineer,Enterprise,Finance,Germany,Hybrid,Entry,8,PhD,0
4246,Machine Learning Engineer,Startup,Healthcare,Canada,Hybrid,Senior,8,Master,0
4247,Data Engineer,Startup,Finance,Singapore,Hybrid,Mid,13,Bachelor,1
4248,AI Engineer,MNC,Education,Singapore,Remote,Entry,0,Bachelor,1
4249,Business Analyst,Enterprise,E-commerce,India,Hybrid,Mid,3,Master,0
4250,Data Engineer,MNC,E-commerce,USA,Onsite,Mid,2,Master,1
4251,Machine Learning Engineer,Medium,Education,Germany,Onsite,Senior,2,Bachelor,1
4252,Data Engineer,Medium,Retail,Singapore,Onsite,Entry,5,Bachelor,0
4253,Business Analyst,MNC,Retail,Canada,Remote,Senior,0,Bachelor,1
4254,Business Analyst,Startup,Finance,India,Onsite,Mid,9,Bachelor,0
4255,Machine Learning Engineer,Enterprise,E-commerce,Canada,Hybrid,Mid,9,PhD,0
4256,Business Analyst,MNC,Healthcare,Australia,Onsite,Senior,8,Master,1
4257,Data Scientist,MNC,Technology,USA,Remote,Mid,7,Master,0
4258,AI Engineer,Medium,E-commerce,UK,Remote,Mid,13,Bachelor,1
4259,Data Scientist,MNC,Healthcare,India,Onsite,Entry,4,PhD,1
4260,Data Engineer,Enterprise,Healthcare,Singapore,Hybrid,Senior,12,Bachelor,0
4261,AI Engineer,Enterprise,Technology,Singapore,Onsite,Senior,13,Bachelor,1
4262,Data Analyst,Startup,Technology,India,Hybrid,Entry,1,PhD,1
4263,Data Engineer,MNC,Retail,Germany,Onsite,Entry,4,Bachelor,0
4264,Machine Learning Engineer,Enterprise,E-commerce,Singapore,Onsite,Senior,11,Bachelor,1
4265,Business Analyst,Enterprise,Healthcare,Canada,Onsite,Entry,13,Bachelor,1
4266,Data Scientist,MNC,Education,UK,Remote,Senior,13,Bachelor,1
4267,AI Engineer,MNC,Technology,India,Hybrid,Entry,10,Bachelor,1
4268,AI Engineer,MNC,Healthcare,UK,Onsite,Senior,3,PhD,1
4269,AI Engineer,Enterprise,Finance,Germany,Onsite,Mid,7,Master,0
4270,Machine Learning Engineer,Medium,Healthcare,India,Remote,Senior,13,Bachelor,0
4271,Machine Learning Engineer,MNC,Retail,India,Onsite,Senior,3,PhD,0
4272,Business Analyst,Enterprise,Technology,Australia,Hybrid,Senior,14,PhD,1
4273,Data Scientist,Startup,Finance,Germany,Hybrid,Mid,11,PhD,0
4274,Data Analyst,Medium,Retail,Singapore,Hybrid,Entry,7,Bachelor,0
4275,Data Analyst,MNC,Retail,India,Onsite,Senior,0,Bachelor,0
4276,AI Engineer,Startup,E-commerce,USA,Onsite,Senior,12,PhD,1
4277,Business Analyst,MNC,Retail,India,Onsite,Senior,5,Master,1
4278,Business Analyst,Medium,Healthcare,India,Onsite,Entry,2,Master,1
4279,Data Scientist,Medium,Education,Germany,Remote,Mid,14,Master,1
4280,Data Analyst,Enterprise,Finance,USA,Remote,Mid,3,Master,1
4281,Business Analyst,MNC,Technology,Canada,Remote,Senior,11,Master,1
4282,Data Scientist,Enterprise,E-commerce,India,Hybrid,Mid,7,PhD,0
4283,Machine Learning Engineer,Enterprise,E-commerce,Australia,Onsite,Entry,5,PhD,0
4284,Data Scientist,MNC,Retail,India,Hybrid,Mid,0,Bachelor,0
4285,Business Analyst,Enterprise,Technology,Germany,Remote,Senior,0,Master,0
4286,Business Analyst,MNC,E-commerce,UK,Onsite,Senior,4,PhD,0
4287,Machine Learning Engineer,Startup,E-commerce,India,Hybrid,Senior,8,PhD,0
4288,Data Scientist,MNC,Healthcare,India,Hybrid,Mid,1,Bachelor,1
4289,Business Analyst,Medium,Finance,UK,Onsite,Entry,0,Master,0
4290,Machine Learning Engineer,MNC,Healthcare,USA,Hybrid,Entry,10,Bachelor,0
4291,Data Analyst,Enterprise,Finance,India,Hybrid,Mid,6,PhD,1
4292,Data Analyst,Enterprise,Retail,Australia,Hybrid,Entry,5,PhD,0
4293,Machine Learning Engineer,Startup,Finance,Singapore,Hybrid,Entry,9,Master,0
4294,Data Scientist,Startup,Retail,Germany,Remote,Senior,7,Bachelor,0
4295,Business Analyst,Startup,Retail,USA,Hybrid,Entry,13,Bachelor,0
4296,Machine Learning Engineer,MNC,Retail,USA,Remote,Senior,10,PhD,1
4297,Business Analyst,Enterprise,Education,Singapore,Onsite,Entry,2,PhD,1
4298,AI Engineer,Startup,Education,Canada,Remote,Senior,13,PhD,0
4299,AI Engineer,Startup,Finance,UK,Hybrid,Entry,5,Bachelor,1
4300,Data Engineer,MNC,Technology,Singapore,Remote,Entry,13,Bachelor,0
4301,Business Analyst,Medium,Retail,India,Remote,Senior,10,Bachelor,1
4302,AI Engineer,MNC,Finance,Canada,Onsite,Entry,5,Master,0
4303,Data Scientist,MNC,Finance,UK,Remote,Mid,3,Bachelor,1
4304,Business Analyst,Startup,Technology,Germany,Remote,Mid,0,Bachelor,0
4305,AI Engineer,Enterprise,Healthcare,Singapore,Hybrid,Entry,0,Bachelor,1
4306,Business Analyst,MNC,E-commerce,Singapore,Remote,Senior,0,Bachelor,1
4307,Data Scientist,Enterprise,Healthcare,Australia,Remote,Entry,13,PhD,1
4308,Data Engineer,Enterprise,Finance,Germany,Remote,Entry,11,PhD,1
4309,Data Analyst,Enterprise,Technology,Singapore,Hybrid,Entry,2,Master,1
4310,AI Engineer,Startup,Retail,Germany,Hybrid,Mid,1,PhD,0
4311,AI Engineer,Medium,E-commerce,UK,Hybrid,Senior,1,Bachelor,0
4312,Data Scientist,Startup,E-commerce,Germany,Hybrid,Mid,13,PhD,0
4313,AI Engineer,Enterprise,Healthcare,India,Hybrid,Mid,12,Bachelor,1
4314,Data Analyst,Enterprise,Finance,Australia,Remote,Entry,8,PhD,0
4315,Data Analyst,Startup,E-commerce,UK,Hybrid,Mid,11,Master,1
4316,Machine Learning Engineer,Medium,Technology,USA,Onsite,Entry,11,Master,1
4317,Business Analyst,MNC,Education,Australia,Onsite,Mid,0,Bachelor,0
4318,Business Analyst,Startup,Finance,Australia,Hybrid,Mid,5,Bachelor,1
4319,Data Engineer,Enterprise,Technology,UK,Remote,Mid,1,PhD,1
4320,Machine Learning Engineer,Enterprise,Healthcare,UK,Hybrid,Mid,1,PhD,1
4321,Data Analyst,MNC,Technology,India,Remote,Mid,13,PhD,1
4322,Data Analyst,Startup,E-commerce,Singapore,Remote,Senior,14,Bachelor,0
4323,Data Scientist,Enterprise,Retail,Singapore,Onsite,Senior,3,PhD,0
4324,Business Analyst,Enterprise,Retail,UK,Remote,Entry,8,Master,1
4325,Data Engineer,Startup,Technology,India,Hybrid,Entry,3,Bachelor,1
4326,Business Analyst,Medium,Education,Germany,Onsite,Entry,1,Master,1
4327,Data Scientist,MNC,Technology,Canada,Remote,Senior,0,PhD,0
4328,Data Analyst,Medium,Education,Singapore,Onsite,Entry,6,PhD,0
4329,Data Analyst,Enterprise,Healthcare,Canada,Remote,Senior,11,Master,0
4330,Data Scientist,MNC,Healthcare,UK,Remote,Senior,11,Master,0
4331,Data Scientist,MNC,Technology,Singapore,Onsite,Mid,2,PhD,1
4332,Data Analyst,Startup,Healthcare,Canada,Remote,Mid,1,Bachelor,1
4333,Data Engineer,Medium,Education,India,Hybrid,Mid,0,Master,0
4334,AI Engineer,Startup,Education,Germany,Onsite,Entry,5,Master,1
4335,Data Engineer,Startup,E-commerce,Canada,Remote,Senior,4,Bachelor,0
4336,Data Scientist,Startup,Education,India,Onsite,Senior,9,Bachelor,0
4337,Data Scientist,Enterprise,E-commerce,UK,Onsite,Entry,14,Bachelor,1
4338,Data Analyst,Startup,Retail,Australia,Hybrid,Senior,7,Master,1
4339,Data Analyst,Medium,Finance,UK,Onsite,Entry,0,Bachelor,0
4340,AI Engineer,Enterprise,Retail,India,Remote,Mid,8,Master,1
4341,Machine Learning Engineer,Medium,Healthcare,UK,Hybrid,Mid,2,Master,1
4342,Business Analyst,Medium,E-commerce,UK,Hybrid,Senior,0,PhD,0
4343,Data Engineer,Medium,E-commerce,UK,Remote,Entry,12,Bachelor,0
4344,Data Scientist,Enterprise,Retail,Canada,Remote,Mid,12,Bachelor,1
4345,AI Engineer,Enterprise,Healthcare,Germany,Onsite,Mid,6,Bachelor,0
4346,Business Analyst,Enterprise,Retail,USA,Remote,Entry,9,Master,1
4347,Machine Learning Engineer,MNC,Finance,India,Onsite,Entry,6,Master,1
4348,Data Analyst,MNC,E-commerce,Australia,Onsite,Senior,7,Master,1
4349,Data Analyst,MNC,E-commerce,Canada,Onsite,Entry,11,PhD,1
4350,Data Engineer,Startup,Finance,UK,Hybrid,Mid,5,Bachelor,1
4351,Data Analyst,MNC,Technology,India,Remote,Mid,3,PhD,1
4352,Business Analyst,Enterprise,Retail,UK,Onsite,Mid,10,Bachelor,0
4353,Machine Learning Engineer,Enterprise,Retail,UK,Remote,Entry,6,PhD,1
4354,Data Scientist,Enterprise,Finance,India,Remote,Entry,9,Bachelor,1
4355,Machine Learning Engineer,Enterprise,Healthcare,USA,Remote,Mid,13,PhD,0
4356,Data Analyst,MNC,Education,India,Onsite,Mid,12,Bachelor,1
4357,Machine Learning Engineer,Enterprise,Healthcare,USA,Remote,Entry,12,Master,1
4358,Data Engineer,Medium,E-commerce,Germany,Hybrid,Senior,3,Master,0
4359,Data Analyst,Medium,Education,India,Hybrid,Mid,7,Bachelor,1
4360,Data Scientist,Startup,Healthcare,Singapore,Remote,Senior,10,Bachelor,1
4361,AI Engineer,Enterprise,Healthcare,Canada,Remote,Entry,5,PhD,0
4362,Business Analyst,MNC,Finance,Canada,Hybrid,Entry,7,Bachelor,1
4363,Machine Learning Engineer,Medium,Healthcare,India,Remote,Mid,1,Bachelor,0
4364,Data Analyst,Medium,Retail,Singapore,Onsite,Entry,2,Bachelor,1
4365,Business Analyst,Startup,Healthcare,USA,Remote,Mid,2,Bachelor,0
4366,Business Analyst,Medium,Finance,Singapore,Onsite,Senior,7,Bachelor,1
4367,Data Engineer,MNC,Finance,USA,Remote,Entry,6,PhD,1
4368,Machine Learning Engineer,Enterprise,Healthcare,UK,Hybrid,Entry,4,Master,0
4369,AI Engineer,MNC,Finance,UK,Onsite,Mid,10,PhD,0
4370,Machine Learning Engineer,MNC,Retail,UK,Remote,Senior,7,Bachelor,1
4371,Data Engineer,MNC,Retail,Australia,Hybrid,Mid,11,Bachelor,0
4372,AI Engineer,Enterprise,Finance,Canada,Hybrid,Entry,14,Bachelor,0
4373,Business Analyst,MNC,Technology,UK,Remote,Entry,0,Bachelor,1
4374,AI Engineer,Medium,Retail,UK,Remote,Mid,5,Bachelor,0
4375,Business Analyst,MNC,Finance,Singapore,Hybrid,Senior,13,Bachelor,0
4376,Data Analyst,Startup,Retail,UK,Hybrid,Entry,2,Bachelor,0
4377,Data Analyst,Enterprise,Technology,Germany,Remote,Senior,0,Bachelor,1
4378,Machine Learning Engineer,Enterprise,Finance,UK,Remote,Senior,9,Bachelor,1
4379,Data Analyst,Enterprise,Education,USA,Hybrid,Entry,14,PhD,0
4380,Data Engineer,Enterprise,Education,India,Remote,Senior,3,PhD,1
4381,Business Analyst,Startup,Finance,Germany,Hybrid,Senior,10,Bachelor,1
4382,Business Analyst,Enterprise,E-commerce,Australia,Hybrid,Mid,14,PhD,1
4383,Business Analyst,Startup,Healthcare,USA,Remote,Mid,4,Master,0
4384,Business Analyst,MNC,Technology,Canada,Onsite,Entry,7,Master,1
4385,Business Analyst,Enterprise,Healthcare,UK,Remote,Mid,2,PhD,0
4386,Data Scientist,Startup,Education,Canada,Onsite,Mid,14,Master,0
4387,Data Engineer,MNC,Education,Germany,Hybrid,Senior,6,Bachelor,1
4388,AI Engineer,Startup,Technology,India,Remote,Senior,2,PhD,1
4389,Machine Learning Engineer,Startup,Education,UK,Remote,Mid,9,Bachelor,1
4390,Machine Learning Engineer,MNC,Finance,Germany,Hybrid,Mid,9,PhD,1
4391,Machine Learning Engineer,Startup,Technology,India,Remote,Entry,0,Bachelor,1
4392,AI Engineer,Startup,Healthcare,Canada,Onsite,Entry,11,Bachelor,1
4393,Data Analyst,Medium,Education,UK,Remote,Mid,11,Master,1
4394,Business Analyst,MNC,Finance,Singapore,Onsite,Entry,9,Master,0
4395,Data Analyst,Medium,Finance,Germany,Hybrid,Entry,6,PhD,0
4396,Machine Learning Engineer,Medium,Education,Germany,Onsite,Entry,1,Master,1
4397,Data Engineer,Startup,Education,Australia,Onsite,Senior,10,Master,0
4398,Data Analyst,Medium,Finance,UK,Onsite,Mid,1,Bachelor,1
4399,Data Engineer,Medium,Finance,Singapore,Remote,Senior,1,Master,1
4400,Machine Learning Engineer,MNC,Education,India,Hybrid,Senior,1,Master,0
4401,Data Engineer,Startup,Retail,Germany,Remote,Mid,3,PhD,0
4402,Data Engineer,Medium,Technology,USA,Hybrid,Mid,7,Bachelor,0
4403,Data Engineer,MNC,Technology,Canada,Onsite,Senior,3,Bachelor,0
4404,Machine Learning Engineer,Enterprise,Finance,Germany,Onsite,Senior,3,Master,0
4405,AI Engineer,Enterprise,Education,Australia,Onsite,Entry,4,PhD,1
4406,Business Analyst,Startup,Healthcare,Germany,Hybrid,Senior,14,Bachelor,0
4407,Data Analyst,Startup,Technology,Canada,Remote,Mid,10,PhD,0
4408,Business Analyst,Startup,Education,UK,Onsite,Entry,2,Bachelor,1
4409,Data Engineer,Startup,Finance,Australia,Remote,Mid,1,Bachelor,0
4410,Machine Learning Engineer,MNC,Retail,Germany,Onsite,Mid,10,PhD,0
4411,Machine Learning Engineer,Startup,Technology,USA,Onsite,Senior,4,PhD,0
4412,Business Analyst,MNC,E-commerce,UK,Hybrid,Senior,3,PhD,0
4413,AI Engineer,MNC,Technology,Germany,Remote,Mid,13,Bachelor,1
4414,Business Analyst,Enterprise,Education,UK,Onsite,Senior,13,Master,0
4415,Business Analyst,Startup,Retail,UK,Onsite,Senior,14,PhD,0
4416,Data Engineer,Enterprise,Healthcare,Germany,Onsite,Entry,11,Bachelor,0
4417,Business Analyst,Medium,Healthcare,Canada,Remote,Senior,14,PhD,1
4418,Machine Learning Engineer,MNC,E-commerce,USA,Remote,Senior,12,Bachelor,0
4419,AI Engineer,Enterprise,E-commerce,Germany,Remote,Mid,5,Bachelor,1
4420,AI Engineer,MNC,Healthcare,Australia,Remote,Senior,5,Master,1
4421,AI Engineer,Medium,Finance,Germany,Onsite,Senior,12,PhD,1
4422,Data Analyst,MNC,E-commerce,Canada,Hybrid,Mid,5,PhD,1
4423,Machine Learning Engineer,MNC,Healthcare,Singapore,Onsite,Entry,5,Bachelor,1
4424,Data Analyst,MNC,Retail,India,Remote,Mid,12,Bachelor,1
4425,Data Engineer,Enterprise,Healthcare,Australia,Hybrid,Mid,10,PhD,0
4426,Data Scientist,Enterprise,Healthcare,Germany,Hybrid,Mid,10,Bachelor,0
4427,Data Scientist,Medium,Technology,USA,Onsite,Entry,14,Master,0
4428,Data Engineer,Medium,Retail,Canada,Hybrid,Senior,8,Master,0
4429,Data Scientist,Startup,E-commerce,Singapore,Hybrid,Mid,12,PhD,0
4430,Data Scientist,Startup,Education,Australia,Hybrid,Mid,8,PhD,1
4431,Business Analyst,MNC,Healthcare,Germany,Hybrid,Mid,8,PhD,1
4432,Machine Learning Engineer,MNC,Education,Canada,Onsite,Senior,0,PhD,0
4433,Business Analyst,Enterprise,E-commerce,Singapore,Remote,Entry,1,Bachelor,0
4434,Machine Learning Engineer,Startup,Retail,USA,Hybrid,Entry,9,Master,0
4435,Data Engineer,Startup,E-commerce,Germany,Onsite,Entry,1,PhD,0
4436,Data Scientist,Startup,Technology,Germany,Hybrid,Mid,14,Bachelor,1
4437,Business Analyst,Startup,Technology,Germany,Hybrid,Senior,6,Master,1
4438,Machine Learning Engineer,MNC,Education,Australia,Onsite,Senior,8,Master,0
4439,AI Engineer,Enterprise,E-commerce,Australia,Onsite,Senior,8,PhD,1
4440,Data Scientist,Medium,Finance,USA,Remote,Entry,7,Master,1
4441,Data Scientist,Medium,Education,USA,Onsite,Entry,0,PhD,0
4442,Data Scientist,MNC,Technology,Australia,Remote,Entry,14,Master,0
4443,Data Analyst,MNC,Finance,Germany,Remote,Mid,8,Master,0
4444,AI Engineer,MNC,Technology,UK,Hybrid,Entry,12,Bachelor,1
4445,Machine Learning Engineer,Medium,Retail,Australia,Hybrid,Mid,10,PhD,0
4446,AI Engineer,Startup,Technology,Australia,Remote,Entry,1,Bachelor,1
4447,Data Analyst,Enterprise,E-commerce,Germany,Onsite,Mid,10,Master,1
4448,Machine Learning Engineer,Startup,Technology,UK,Hybrid,Mid,5,Master,0
4449,Machine Learning Engineer,Startup,Retail,UK,Onsite,Senior,8,Bachelor,0
4450,Data Scientist,Medium,Education,Germany,Hybrid,Mid,12,Bachelor,0
4451,Data Scientist,Medium,Education,Singapore,Hybrid,Entry,11,Bachelor,0
4452,Machine Learning Engineer,Startup,Education,Australia,Remote,Entry,2,PhD,1
4453,Business Analyst,Medium,Education,Canada,Remote,Mid,0,Master,0
4454,Business Analyst,Medium,Healthcare,UK,Remote,Entry,4,PhD,0
4455,Data Analyst,MNC,E-commerce,UK,Remote,Mid,6,PhD,1
4456,Data Analyst,MNC,Technology,Singapore,Onsite,Entry,12,PhD,1
4457,Data Scientist,Enterprise,Retail,USA,Remote,Entry,8,Bachelor,0
4458,Data Analyst,Enterprise,Retail,Germany,Remote,Senior,14,PhD,1
4459,Data Analyst,Medium,Technology,Germany,Onsite,Senior,4,Master,1
4460,Data Engineer,Medium,E-commerce,USA,Onsite,Entry,10,Bachelor,0
4461,Data Engineer,Enterprise,Finance,Australia,Remote,Senior,8,PhD,0
4462,Business Analyst,Startup,Technology,Singapore,Remote,Entry,0,PhD,0
4463,Business Analyst,MNC,Retail,UK,Hybrid,Entry,13,PhD,1
4464,Machine Learning Engineer,Startup,Education,USA,Onsite,Senior,13,PhD,0
4465,Data Scientist,Startup,E-commerce,Singapore,Onsite,Mid,6,Bachelor,1
4466,Data Engineer,Medium,E-commerce,Singapore,Remote,Senior,13,PhD,0
4467,Business Analyst,Startup,E-commerce,Germany,Onsite,Mid,4,Master,1
4468,Business Analyst,Startup,E-commerce,Canada,Onsite,Senior,5,PhD,0
4469,Data Scientist,Medium,Education,Canada,Onsite,Mid,1,PhD,1
4470,Data Engineer,Medium,Retail,Canada,Onsite,Mid,4,Bachelor,1
4471,Business Analyst,Startup,Education,Australia,Onsite,Mid,0,PhD,0
4472,Data Analyst,Enterprise,Healthcare,Singapore,Remote,Entry,12,PhD,0
4473,Machine Learning Engineer,Startup,Retail,Singapore,Remote,Entry,5,Master,1
4474,Business Analyst,Startup,Education,Australia,Onsite,Senior,14,Bachelor,0
4475,Business Analyst,Medium,Retail,UK,Hybrid,Mid,10,Bachelor,0
4476,AI Engineer,MNC,Retail,Germany,Onsite,Senior,1,PhD,0
4477,Data Scientist,MNC,Education,Australia,Hybrid,Entry,1,PhD,1
4478,Data Engineer,Medium,Education,USA,Remote,Mid,5,Master,0
4479,Data Engineer,Medium,Healthcare,Canada,Remote,Entry,12,Master,0
4480,Business Analyst,MNC,Education,Germany,Onsite,Senior,6,Bachelor,1
4481,Business Analyst,MNC,E-commerce,UK,Hybrid,Senior,14,PhD,1
4482,Data Scientist,Enterprise,E-commerce,Germany,Remote,Senior,11,PhD,0
4483,Data Analyst,Startup,E-commerce,India,Remote,Mid,7,Bachelor,1
4484,Machine Learning Engineer,Enterprise,Education,Germany,Onsite,Entry,8,Master,0
4485,Machine Learning Engineer,Startup,E-commerce,Singapore,Onsite,Entry,11,Bachelor,1
4486,Data Engineer,Startup,Retail,UK,Onsite,Mid,5,Bachelor,1
4487,Data Engineer,MNC,Healthcare,Canada,Onsite,Senior,6,Bachelor,1
4488,Data Engineer,Enterprise,Retail,Singapore,Onsite,Senior,5,Bachelor,1
4489,AI Engineer,MNC,Healthcare,Germany,Onsite,Senior,2,Master,0
4490,Machine Learning Engineer,Medium,E-commerce,Singapore,Hybrid,Entry,0,Master,1
4491,Data Scientist,MNC,E-commerce,India,Onsite,Entry,3,Bachelor,0
4492,Machine Learning Engineer,MNC,Retail,India,Remote,Mid,2,Bachelor,1
4493,Data Engineer,Enterprise,Retail,Australia,Hybrid,Senior,1,Master,0
4494,AI Engineer,Enterprise,Education,Canada,Onsite,Entry,7,PhD,1
4495,AI Engineer,Startup,Finance,India,Hybrid,Entry,9,Bachelor,0
4496,Business Analyst,Enterprise,E-commerce,Singapore,Hybrid,Entry,8,PhD,1
4497,Business Analyst,MNC,Education,Australia,Onsite,Mid,9,Bachelor,1
4498,Data Engineer,Medium,Retail,India,Hybrid,Entry,8,Bachelor,0
4499,Data Analyst,Enterprise,E-commerce,Singapore,Hybrid,Entry,9,PhD,1
4500,Business Analyst,Enterprise,Healthcare,Singapore,Onsite,Entry,0,PhD,0
4501,Data Analyst,Medium,Finance,India,Remote,Mid,5,Bachelor,0
4502,Business Analyst,MNC,Healthcare,USA,Onsite,Entry,11,Master,1
4503,Machine Learning Engineer,Startup,Healthcare,USA,Onsite,Senior,4,PhD,1
4504,Data Scientist,Medium,Retail,USA,Remote,Senior,1,Master,0
4505,Data Engineer,Medium,Finance,Canada,Remote,Mid,6,Bachelor,0
4506,Data Scientist,Enterprise,Retail,India,Hybrid,Entry,12,Bachelor,1
4507,Business Analyst,Medium,Education,USA,Onsite,Mid,1,PhD,0
4508,Data Analyst,MNC,Finance,Germany,Remote,Mid,12,Bachelor,1
4509,Data Engineer,Enterprise,Retail,USA,Onsite,Entry,5,Bachelor,1
4510,Business Analyst,MNC,Finance,UK,Onsite,Entry,2,Bachelor,1
4511,Data Scientist,Medium,Technology,Australia,Remote,Entry,3,PhD,0
4512,AI Engineer,MNC,Retail,Canada,Hybrid,Entry,12,Master,1
4513,AI Engineer,Medium,Healthcare,Singapore,Remote,Senior,4,Master,1
4514,Business Analyst,Enterprise,Retail,UK,Onsite,Entry,9,Bachelor,0
4515,Data Analyst,Enterprise,Technology,Australia,Onsite,Mid,3,Master,1
4516,Data Scientist,Medium,Finance,Canada,Hybrid,Entry,12,PhD,1
4517,Machine Learning Engineer,Medium,E-commerce,Canada,Onsite,Mid,3,Bachelor,1
4518,AI Engineer,MNC,Healthcare,Australia,Onsite,Entry,9,Bachelor,1
4519,AI Engineer,Enterprise,Retail,Australia,Hybrid,Senior,2,Bachelor,1
4520,Business Analyst,Startup,Retail,Canada,Hybrid,Entry,6,Master,1
4521,Data Scientist,Startup,Healthcare,Canada,Hybrid,Entry,0,Bachelor,1
4522,Data Engineer,Enterprise,Technology,USA,Remote,Entry,11,Bachelor,0
4523,Data Engineer,Startup,Finance,Canada,Remote,Senior,13,Bachelor,1
4524,Data Analyst,MNC,Healthcare,USA,Remote,Senior,12,Bachelor,1
4525,Data Scientist,Enterprise,Technology,UK,Onsite,Entry,1,Master,1
4526,Data Scientist,Medium,Finance,India,Remote,Mid,10,Master,0
4527,Data Analyst,Medium,Education,Singapore,Remote,Senior,13,Bachelor,0
4528,Business Analyst,Enterprise,Finance,India,Remote,Mid,2,Master,1
4529,Data Scientist,MNC,Finance,USA,Remote,Senior,12,Master,1
4530,Data Scientist,Enterprise,Retail,USA,Hybrid,Entry,2,Master,0
4531,Data Scientist,Medium,Technology,Germany,Onsite,Mid,3,Bachelor,0
4532,AI Engineer,Medium,Technology,UK,Hybrid,Mid,7,Bachelor,0
4533,Data Scientist,Startup,Technology,Canada,Hybrid,Mid,5,Bachelor,1
4534,Data Scientist,Enterprise,Retail,Australia,Hybrid,Senior,12,Bachelor,1
4535,Machine Learning Engineer,MNC,Retail,Germany,Onsite,Senior,9,Bachelor,1
4536,Data Engineer,Startup,E-commerce,USA,Hybrid,Senior,0,PhD,0
4537,Data Analyst,Medium,Education,Australia,Remote,Entry,3,PhD,1
4538,Business Analyst,MNC,Retail,UK,Remote,Entry,0,Master,0
4539,Data Scientist,MNC,Technology,India,Hybrid,Senior,1,Master,0
4540,Machine Learning Engineer,MNC,Finance,Canada,Remote,Senior,13,Master,0
4541,Business Analyst,Medium,Healthcare,Singapore,Onsite,Entry,2,PhD,1
4542,Data Analyst,MNC,Healthcare,UK,Hybrid,Mid,13,Master,0
4543,AI Engineer,Startup,E-commerce,Canada,Hybrid,Mid,5,Master,1
4544,Data Scientist,Startup,Technology,Germany,Remote,Entry,9,PhD,0
4545,Data Analyst,MNC,Healthcare,UK,Onsite,Mid,8,Master,0
4546,Data Scientist,Enterprise,Finance,Canada,Remote,Mid,7,Bachelor,1
4547,Data Scientist,MNC,Healthcare,Germany,Hybrid,Entry,1,PhD,1
4548,Data Engineer,Enterprise,Retail,Canada,Remote,Mid,1,Bachelor,1
4549,Machine Learning Engineer,Startup,E-commerce,Singapore,Onsite,Entry,11,Bachelor,1
4550,Machine Learning Engineer,MNC,Retail,Canada,Onsite,Senior,0,PhD,1
4551,Business Analyst,Medium,Education,India,Onsite,Senior,11,PhD,0
4552,Business Analyst,Startup,E-commerce,India,Remote,Mid,0,PhD,1
4553,Machine Learning Engineer,Startup,Retail,Australia,Onsite,Mid,2,PhD,0
4554,Data Engineer,MNC,Healthcare,UK,Onsite,Mid,7,Master,0
4555,Data Engineer,MNC,Retail,Canada,Remote,Senior,3,Bachelor,0
4556,AI Engineer,MNC,Retail,Singapore,Hybrid,Entry,6,Master,0
4557,Business Analyst,MNC,Healthcare,India,Remote,Senior,7,Bachelor,0
4558,Data Scientist,Enterprise,Finance,Germany,Hybrid,Mid,2,PhD,1
4559,AI Engineer,Medium,Technology,Canada,Hybrid,Mid,7,Master,0
4560,Data Scientist,Medium,Healthcare,Singapore,Remote,Entry,7,Bachelor,1
4561,AI Engineer,Medium,Healthcare,UK,Hybrid,Mid,5,Bachelor,0
4562,Business Analyst,Enterprise,Healthcare,India,Hybrid,Mid,2,Bachelor,1
4563,Data Analyst,Medium,Education,Canada,Onsite,Entry,12,Master,1
4564,Data Scientist,Medium,E-commerce,Canada,Remote,Mid,0,Bachelor,0
4565,Data Engineer,Enterprise,Finance,Singapore,Hybrid,Entry,10,Bachelor,1
4566,Data Scientist,Medium,Technology,Australia,Remote,Senior,1,Bachelor,1
4567,AI Engineer,Enterprise,Healthcare,Germany,Remote,Mid,1,Master,0
4568,Data Scientist,Startup,Finance,Germany,Hybrid,Mid,5,PhD,1
4569,Data Scientist,Enterprise,Finance,USA,Onsite,Mid,1,PhD,0
4570,AI Engineer,Startup,Education,India,Hybrid,Entry,8,Bachelor,0
4571,Data Analyst,Enterprise,Healthcare,Germany,Onsite,Mid,1,Bachelor,0
4572,Data Scientist,Startup,E-commerce,India,Hybrid,Senior,4,PhD,0
4573,Data Analyst,Medium,E-commerce,UK,Hybrid,Entry,1,Bachelor,0
4574,Data Analyst,Enterprise,Technology,India,Hybrid,Mid,14,Master,1
4575,Business Analyst,Enterprise,Healthcare,USA,Hybrid,Senior,7,PhD,0
4576,Machine Learning Engineer,MNC,E-commerce,Germany,Hybrid,Senior,11,Master,0
4577,Data Analyst,Enterprise,Education,USA,Hybrid,Mid,8,Bachelor,0
4578,Data Engineer,MNC,E-commerce,UK,Remote,Senior,6,Bachelor,0
4579,Data Analyst,Medium,Technology,Singapore,Hybrid,Mid,8,Bachelor,1
4580,Data Engineer,Medium,E-commerce,Canada,Remote,Senior,3,Bachelor,0
4581,Data Scientist,Enterprise,Healthcare,Singapore,Hybrid,Entry,10,Bachelor,0
4582,Business Analyst,MNC,Healthcare,UK,Onsite,Mid,6,PhD,1
4583,Business Analyst,Startup,E-commerce,Canada,Remote,Mid,1,Bachelor,0
4584,Data Analyst,Startup,E-commerce,USA,Hybrid,Mid,10,Master,0
4585,Data Scientist,Enterprise,Finance,Canada,Hybrid,Entry,13,PhD,1
4586,Business Analyst,Enterprise,Finance,Singapore,Hybrid,Mid,7,Bachelor,1
4587,Business Analyst,Startup,Technology,Singapore,Hybrid,Mid,9,PhD,0
4588,Data Scientist,Medium,Healthcare,Canada,Onsite,Senior,10,Bachelor,0
4589,Data Scientist,MNC,E-commerce,Australia,Remote,Mid,4,PhD,1
4590,Machine Learning Engineer,Medium,Technology,UK,Remote,Entry,4,Master,0
4591,Machine Learning Engineer,Startup,Technology,Australia,Onsite,Senior,7,Bachelor,1
4592,Data Engineer,Medium,Education,Canada,Remote,Entry,8,PhD,0
4593,Data Scientist,MNC,E-commerce,Germany,Hybrid,Mid,14,Master,1
4594,AI Engineer,Startup,Finance,Australia,Hybrid,Entry,11,PhD,1
4595,Data Engineer,MNC,Healthcare,Germany,Hybrid,Mid,1,PhD,0
4596,AI Engineer,Medium,Technology,India,Onsite,Senior,5,PhD,1
4597,Data Engineer,Enterprise,Retail,India,Hybrid,Entry,3,Master,1
4598,AI Engineer,Enterprise,E-commerce,USA,Hybrid,Senior,0,Master,1
4599,AI Engineer,Enterprise,Retail,USA,Hybrid,Mid,6,PhD,0
4600,AI Engineer,Enterprise,Technology,Canada,Onsite,Senior,9,Master,0
4601,Data Scientist,Startup,Retail,USA,Onsite,Senior,9,Master,1
4602,Data Scientist,MNC,Finance,Canada,Onsite,Mid,13,Bachelor,1
4603,Business Analyst,Medium,Education,Singapore,Remote,Entry,4,PhD,1
4604,Business Analyst,Medium,E-commerce,Australia,Hybrid,Senior,0,Bachelor,0
4605,Data Analyst,MNC,Healthcare,Singapore,Onsite,Mid,11,Bachelor,1
4606,Data Scientist,Startup,E-commerce,UK,Hybrid,Mid,1,Master,0
4607,Data Scientist,Enterprise,Finance,Canada,Remote,Mid,1,Master,1
4608,AI Engineer,Startup,E-commerce,USA,Hybrid,Entry,10,Master,0
4609,Data Scientist,MNC,Retail,USA,Remote,Senior,1,PhD,1
4610,Machine Learning Engineer,Enterprise,E-commerce,Australia,Hybrid,Mid,9,Master,1
4611,Machine Learning Engineer,MNC,Retail,Canada,Onsite,Mid,7,Master,0
4612,Machine Learning Engineer,Startup,Finance,USA,Hybrid,Entry,11,Master,1
4613,Machine Learning Engineer,MNC,Finance,Canada,Onsite,Entry,9,Bachelor,1
4614,Data Scientist,Startup,Education,Canada,Remote,Entry,7,PhD,0
4615,Data Scientist,Startup,Education,UK,Onsite,Mid,6,PhD,1
4616,Data Engineer,Enterprise,E-commerce,Germany,Remote,Senior,13,PhD,0
4617,Data Scientist,MNC,E-commerce,UK,Hybrid,Entry,0,Master,0
4618,Business Analyst,MNC,Healthcare,Australia,Remote,Entry,12,Master,0
4619,Data Analyst,Startup,Technology,India,Onsite,Mid,0,Bachelor,0
4620,Data Scientist,Medium,Finance,UK,Remote,Entry,1,Master,1
4621,Data Engineer,Medium,Education,Canada,Onsite,Entry,10,Master,0
4622,Data Engineer,Startup,Finance,Canada,Hybrid,Mid,9,Bachelor,0
4623,Business Analyst,Startup,E-commerce,Germany,Remote,Senior,14,PhD,1
4624,AI Engineer,Medium,Healthcare,Germany,Remote,Senior,2,PhD,0
4625,Business Analyst,MNC,Retail,Germany,Remote,Mid,9,Master,0
4626,Data Analyst,Medium,Finance,Singapore,Hybrid,Senior,10,PhD,0
4627,Data Engineer,Enterprise,Education,USA,Hybrid,Mid,0,Master,0
4628,Data Scientist,Enterprise,Healthcare,Singapore,Onsite,Mid,14,PhD,0
4629,Data Engineer,Enterprise,E-commerce,India,Remote,Senior,3,PhD,1
4630,Business Analyst,Medium,Finance,India,Hybrid,Senior,10,Bachelor,1
4631,Business Analyst,Enterprise,Education,USA,Onsite,Mid,14,PhD,1
4632,Machine Learning Engineer,Medium,Finance,USA,Onsite,Mid,2,Bachelor,0
4633,Data Analyst,Medium,Technology,Australia,Remote,Entry,5,PhD,1
4634,Machine Learning Engineer,Enterprise,Education,Canada,Hybrid,Senior,7,Bachelor,1
4635,Data Scientist,Enterprise,Technology,Canada,Remote,Entry,2,PhD,1
4636,Business Analyst,Medium,Finance,Singapore,Onsite,Mid,1,Bachelor,0
4637,Machine Learning Engineer,Medium,Retail,UK,Onsite,Entry,6,Bachelor,0
4638,AI Engineer,Medium,Education,India,Hybrid,Mid,7,Master,0
4639,AI Engineer,Startup,Technology,Germany,Hybrid,Senior,7,Bachelor,1
4640,Machine Learning Engineer,Medium,Healthcare,Germany,Onsite,Entry,7,PhD,0
4641,Business Analyst,MNC,Retail,Germany,Hybrid,Entry,6,Bachelor,1
4642,Business Analyst,Enterprise,Technology,Canada,Onsite,Entry,7,Master,1
4643,Business Analyst,Medium,Healthcare,Canada,Remote,Mid,8,PhD,0
4644,Data Analyst,Medium,Retail,India,Hybrid,Mid,7,Bachelor,1
4645,Data Engineer,MNC,Finance,Canada,Remote,Entry,9,Bachelor,1
4646,Data Scientist,Medium,Technology,Australia,Onsite,Mid,7,Master,0
4647,AI Engineer,Enterprise,Healthcare,UK,Remote,Entry,9,Bachelor,0
4648,Machine Learning Engineer,Startup,Retail,India,Hybrid,Entry,10,Master,1
4649,Data Scientist,Enterprise,Education,UK,Onsite,Senior,0,PhD,1
4650,Business Analyst,MNC,Retail,USA,Onsite,Mid,7,Bachelor,1
4651,Business Analyst,Startup,Retail,Canada,Onsite,Mid,3,Bachelor,1
4652,Data Engineer,Enterprise,Retail,Canada,Remote,Senior,7,PhD,1
4653,AI Engineer,Startup,Healthcare,USA,Onsite,Mid,6,Bachelor,0
4654,AI Engineer,Medium,Retail,USA,Hybrid,Mid,1,Bachelor,0
4655,Data Scientist,Startup,Healthcare,Australia,Remote,Entry,1,Master,1
4656,Data Engineer,Startup,Finance,India,Hybrid,Mid,13,PhD,0
4657,Machine Learning Engineer,Startup,Retail,UK,Onsite,Mid,2,PhD,1
4658,AI Engineer,Startup,Finance,Singapore,Onsite,Senior,11,Bachelor,0
4659,Business Analyst,Startup,Healthcare,Canada,Hybrid,Senior,1,PhD,1
4660,AI Engineer,Enterprise,Healthcare,Germany,Remote,Mid,3,Master,1
4661,Business Analyst,Enterprise,Finance,India,Hybrid,Senior,12,PhD,1
4662,Business Analyst,Startup,E-commerce,Singapore,Hybrid,Entry,4,PhD,1
4663,Data Engineer,Medium,E-commerce,UK,Hybrid,Entry,7,PhD,1
4664,Business Analyst,Enterprise,Technology,Australia,Remote,Mid,0,Master,1
4665,Business Analyst,Enterprise,Education,Germany,Onsite,Mid,11,Bachelor,1
4666,Business Analyst,Startup,Healthcare,UK,Onsite,Mid,14,Master,0
4667,Business Analyst,Startup,Technology,India,Remote,Entry,12,PhD,0
4668,Data Engineer,Startup,Technology,India,Remote,Senior,1,Bachelor,0
4669,Data Engineer,Medium,Retail,India,Hybrid,Senior,2,Master,1
4670,Data Analyst,MNC,E-commerce,Australia,Hybrid,Senior,8,PhD,0
4671,Business Analyst,Startup,Technology,Australia,Onsite,Entry,13,Master,1
4672,Data Analyst,Startup,Healthcare,India,Hybrid,Senior,11,Master,1
4673,Data Scientist,Enterprise,Finance,UK,Remote,Entry,6,PhD,0
4674,Machine Learning Engineer,Medium,Healthcare,Singapore,Remote,Mid,4,Bachelor,0
4675,Machine Learning Engineer,Medium,E-commerce,UK,Remote,Mid,9,PhD,1
4676,AI Engineer,Startup,Retail,USA,Remote,Mid,11,Bachelor,0
4677,AI Engineer,Startup,Finance,India,Onsite,Mid,8,Bachelor,0
4678,Data Analyst,Medium,Education,India,Remote,Mid,12,Master,0
4679,Data Scientist,Enterprise,Technology,Canada,Hybrid,Mid,3,PhD,0
4680,Business Analyst,MNC,Healthcare,UK,Remote,Entry,13,PhD,1
4681,Data Analyst,MNC,E-commerce,Australia,Onsite,Senior,9,Bachelor,1
4682,Data Scientist,MNC,Retail,UK,Remote,Mid,12,PhD,0
4683,Data Scientist,Medium,Healthcare,Australia,Hybrid,Senior,5,Master,1
4684,Data Analyst,MNC,Education,Canada,Remote,Mid,4,Bachelor,1
4685,Data Engineer,Medium,Finance,Canada,Onsite,Mid,4,Bachelor,1
4686,Machine Learning Engineer,Medium,Technology,Singapore,Remote,Entry,13,Master,0
4687,Data Analyst,Enterprise,Technology,UK,Onsite,Senior,12,PhD,0
4688,Machine Learning Engineer,Medium,Technology,Singapore,Remote,Senior,5,Bachelor,1
4689,Data Analyst,Enterprise,Finance,Canada,Remote,Senior,11,PhD,0
4690,Business Analyst,Startup,Technology,Australia,Hybrid,Senior,7,Master,1
4691,AI Engineer,Startup,Education,Australia,Onsite,Senior,0,PhD,0
4692,Business Analyst,Medium,Education,India,Hybrid,Mid,9,PhD,0
4693,AI Engineer,Medium,Technology,Germany,Onsite,Entry,6,Bachelor,1
4694,Data Scientist,MNC,Retail,Germany,Onsite,Mid,11,Master,1
4695,Data Scientist,Enterprise,Technology,Singapore,Remote,Entry,10,Bachelor,1
4696,Data Scientist,MNC,Technology,Germany,Hybrid,Senior,5,Bachelor,0
4697,Data Analyst,MNC,Healthcare,Australia,Remote,Mid,11,PhD,0
4698,Machine Learning Engineer,MNC,Education,Singapore,Onsite,Senior,14,PhD,1
4699,Data Engineer,Startup,Healthcare,Germany,Remote,Mid,7,PhD,0
4700,Business Analyst,Enterprise,Finance,Singapore,Onsite,Mid,2,Bachelor,0
4701,Data Engineer,MNC,Retail,USA,Hybrid,Senior,1,Bachelor,1
4702,Business Analyst,Enterprise,Education,India,Hybrid,Mid,10,Master,0
4703,Data Analyst,Medium,Healthcare,Germany,Onsite,Entry,2,Master,1
4704,Data Scientist,MNC,Technology,USA,Onsite,Entry,6,Master,1
4705,Data Analyst,Enterprise,Technology,Australia,Hybrid,Mid,14,PhD,1
4706,Machine Learning Engineer,Startup,Finance,USA,Hybrid,Entry,8,PhD,0
4707,AI Engineer,Startup,Education,USA,Remote,Entry,5,PhD,0
4708,Data Engineer,Startup,Retail,Canada,Hybrid,Senior,14,Master,0
4709,Machine Learning Engineer,Enterprise,Education,USA,Onsite,Entry,7,PhD,1
4710,Data Engineer,Medium,Education,USA,Hybrid,Entry,1,Master,1
4711,Business Analyst,Enterprise,Technology,India,Remote,Senior,6,Master,0
4712,Data Scientist,Enterprise,Education,Singapore,Onsite,Mid,1,Bachelor,1
4713,Data Scientist,Startup,Technology,Australia,Hybrid,Entry,10,Master,1
4714,Data Scientist,Startup,Retail,Singapore,Onsite,Senior,9,Bachelor,1
4715,Business Analyst,Enterprise,Finance,USA,Hybrid,Mid,5,Bachelor,1
4716,Data Engineer,Medium,Finance,UK,Onsite,Entry,8,PhD,1
4717,AI Engineer,MNC,Retail,Australia,Hybrid,Senior,11,Bachelor,1
4718,Data Analyst,Medium,E-commerce,USA,Onsite,Entry,0,PhD,0
4719,AI Engineer,Medium,Technology,UK,Onsite,Entry,12,PhD,1
4720,Business Analyst,MNC,Education,Australia,Hybrid,Senior,13,PhD,1
4721,Machine Learning Engineer,Enterprise,E-commerce,USA,Onsite,Entry,1,Bachelor,0
4722,Data Engineer,Startup,Retail,Australia,Hybrid,Senior,2,Bachelor,0
4723,Business Analyst,Startup,Healthcare,USA,Remote,Entry,1,Master,1
4724,Data Analyst,Medium,Finance,India,Remote,Senior,11,PhD,0
4725,AI Engineer,MNC,Technology,Germany,Onsite,Mid,11,Bachelor,0
4726,AI Engineer,MNC,Technology,Canada,Hybrid,Entry,9,PhD,1
4727,Machine Learning Engineer,Enterprise,Technology,Australia,Hybrid,Entry,11,Bachelor,0
4728,AI Engineer,MNC,Finance,USA,Onsite,Mid,14,Master,1
4729,AI Engineer,Startup,Education,USA,Onsite,Mid,10,Master,1
4730,AI Engineer,Enterprise,Finance,Australia,Hybrid,Senior,8,PhD,1
4731,Machine Learning Engineer,Startup,E-commerce,UK,Onsite,Mid,11,Master,0
4732,Business Analyst,Medium,Healthcare,Canada,Hybrid,Entry,2,PhD,0
4733,AI Engineer,Medium,Finance,Singapore,Hybrid,Entry,0,Master,0
4734,Data Engineer,Startup,E-commerce,Australia,Hybrid,Mid,3,Master,1
4735,Machine Learning Engineer,MNC,Healthcare,USA,Onsite,Mid,0,Bachelor,1
4736,Machine Learning Engineer,MNC,Retail,USA,Remote,Mid,5,PhD,1
4737,Data Scientist,MNC,Finance,UK,Onsite,Mid,6,PhD,0
4738,Data Analyst,Medium,Finance,Singapore,Hybrid,Entry,14,PhD,1
4739,Data Analyst,Startup,Healthcare,Singapore,Onsite,Entry,9,PhD,0
4740,Data Scientist,Startup,Finance,Canada,Hybrid,Entry,0,Bachelor,1
4741,Business Analyst,MNC,Education,UK,Hybrid,Senior,12,Bachelor,0
4742,AI Engineer,Medium,Technology,Singapore,Onsite,Senior,2,PhD,0
4743,Data Engineer,Medium,Education,Singapore,Remote,Senior,1,Master,1
4744,Machine Learning Engineer,Enterprise,E-commerce,Singapore,Remote,Entry,4,Master,0
4745,Data Engineer,Startup,Retail,Singapore,Remote,Senior,6,PhD,1
4746,Data Scientist,MNC,Retail,India,Hybrid,Entry,5,Master,1
4747,Data Scientist,Enterprise,Healthcare,Singapore,Hybrid,Senior,1,Master,0
4748,Data Engineer,Medium,Technology,USA,Hybrid,Entry,0,Master,0
4749,Business Analyst,Medium,Technology,Canada,Hybrid,Mid,5,Bachelor,0
4750,Machine Learning Engineer,MNC,Retail,India,Remote,Mid,6,Bachelor,1
4751,AI Engineer,MNC,Technology,Germany,Hybrid,Senior,4,Master,1
4752,Machine Learning Engineer,MNC,Finance,UK,Remote,Mid,12,Master,0
4753,Business Analyst,Medium,Healthcare,Germany,Hybrid,Mid,7,PhD,0
4754,Data Engineer,MNC,Technology,Germany,Remote,Mid,13,Bachelor,0
4755,Machine Learning Engineer,MNC,Technology,Germany,Remote,Entry,3,Master,0
4756,Business Analyst,MNC,Finance,Germany,Hybrid,Senior,2,PhD,0
4757,Data Analyst,Medium,Retail,Australia,Remote,Senior,11,Bachelor,0
4758,Data Scientist,Medium,Healthcare,India,Onsite,Senior,0,Bachelor,0
4759,Data Analyst,Medium,Education,Canada,Remote,Entry,12,Master,1
4760,Business Analyst,Enterprise,Retail,India,Hybrid,Mid,0,Bachelor,1
4761,Data Analyst,Startup,E-commerce,Singapore,Remote,Senior,13,Bachelor,0
4762,Business Analyst,Medium,Retail,Canada,Remote,Senior,5,Master,1
4763,Data Analyst,Medium,Healthcare,Germany,Onsite,Entry,9,Master,0
4764,Data Engineer,Startup,E-commerce,Singapore,Onsite,Entry,3,PhD,0
4765,Data Engineer,Medium,Technology,Canada,Onsite,Mid,12,PhD,0
4766,Machine Learning Engineer,Enterprise,Technology,Germany,Hybrid,Senior,11,Master,0
4767,Data Analyst,Medium,Technology,UK,Onsite,Mid,10,Bachelor,0
4768,Machine Learning Engineer,Enterprise,Finance,USA,Hybrid,Senior,5,Master,0
4769,Data Engineer,Startup,Education,Australia,Onsite,Entry,14,Master,0
4770,Data Scientist,Startup,Healthcare,Germany,Hybrid,Senior,5,PhD,0
4771,Business Analyst,Medium,Technology,USA,Onsite,Entry,13,PhD,1
4772,AI Engineer,MNC,Healthcare,UK,Onsite,Mid,10,Master,0
4773,Business Analyst,Medium,Education,Canada,Hybrid,Mid,11,Bachelor,1
4774,Machine Learning Engineer,Medium,Education,Singapore,Onsite,Entry,6,Bachelor,1
4775,AI Engineer,Startup,E-commerce,Australia,Hybrid,Entry,13,Bachelor,0
4776,AI Engineer,MNC,Technology,Germany,Hybrid,Senior,3,PhD,0
4777,Data Analyst,Enterprise,Education,USA,Onsite,Senior,0,PhD,0
4778,AI Engineer,Startup,Technology,USA,Onsite,Senior,7,Bachelor,1
4779,Data Analyst,Startup,E-commerce,Germany,Onsite,Senior,11,Master,0
4780,Data Scientist,Enterprise,Technology,USA,Onsite,Entry,12,PhD,1
4781,Business Analyst,Startup,Finance,UK,Hybrid,Entry,7,Bachelor,0
4782,Data Engineer,Medium,Finance,Singapore,Remote,Senior,13,Master,0
4783,Business Analyst,Medium,Education,Singapore,Remote,Mid,8,Bachelor,0
4784,AI Engineer,Startup,Technology,Singapore,Hybrid,Senior,6,Bachelor,0
4785,Data Engineer,Enterprise,Finance,USA,Remote,Senior,1,PhD,1
4786,Business Analyst,Medium,Finance,UK,Onsite,Mid,1,PhD,0
4787,AI Engineer,Medium,E-commerce,Singapore,Hybrid,Senior,2,PhD,0
4788,AI Engineer,Enterprise,Retail,Australia,Remote,Entry,3,Master,1
4789,Data Analyst,Startup,Education,USA,Remote,Senior,8,Bachelor,0
4790,AI Engineer,Enterprise,Retail,UK,Onsite,Mid,0,Bachelor,1
4791,Data Analyst,Medium,Healthcare,Australia,Hybrid,Senior,2,Bachelor,0
4792,Data Engineer,MNC,Healthcare,Canada,Onsite,Mid,3,PhD,1
4793,Machine Learning Engineer,Medium,Healthcare,Australia,Onsite,Entry,9,Master,0
4794,AI Engineer,MNC,Finance,USA,Hybrid,Entry,1,PhD,1
4795,Data Analyst,MNC,Healthcare,India,Remote,Mid,5,Bachelor,0
4796,Data Analyst,MNC,Education,UK,Hybrid,Senior,0,PhD,1
4797,Data Scientist,Medium,Finance,India,Hybrid,Entry,1,PhD,0
4798,Machine Learning Engineer,Enterprise,Finance,USA,Remote,Senior,13,Bachelor,1
4799,Business Analyst,Medium,Healthcare,India,Onsite,Mid,12,PhD,1
4800,Machine Learning Engineer,Medium,Retail,Canada,Onsite,Mid,11,Master,1
4801,AI Engineer,Medium,Finance,India,Hybrid,Entry,2,Master,0
4802,AI Engineer,Enterprise,Education,Australia,Remote,Mid,6,Bachelor,0
4803,Machine Learning Engineer,Medium,Retail,Australia,Hybrid,Entry,9,Master,1
4804,Data Analyst,Enterprise,E-commerce,Germany,Remote,Senior,9,Master,1
4805,Data Analyst,Medium,Finance,Singapore,Remote,Entry,10,Master,1
4806,Data Analyst,Enterprise,Education,Australia,Onsite,Entry,11,PhD,0
4807,Data Scientist,MNC,E-commerce,UK,Onsite,Entry,8,Bachelor,1
4808,Data Engineer,Medium,Finance,Australia,Hybrid,Entry,13,PhD,0
4809,Data Analyst,Startup,Education,Canada,Onsite,Mid,11,Bachelor,0
4810,Data Analyst,MNC,Finance,Canada,Onsite,Senior,12,Bachelor,1
4811,Data Scientist,Startup,Technology,Australia,Remote,Senior,12,Bachelor,1
4812,Data Analyst,Enterprise,Education,Australia,Onsite,Mid,7,Master,1
4813,Data Engineer,Startup,E-commerce,Singapore,Onsite,Entry,6,Bachelor,1
4814,Data Scientist,Medium,Retail,Canada,Hybrid,Entry,5,Bachelor,1
4815,Machine Learning Engineer,MNC,E-commerce,India,Onsite,Senior,7,Master,0
4816,Machine Learning Engineer,Enterprise,Healthcare,UK,Remote,Entry,2,Master,0
4817,Machine Learning Engineer,Enterprise,Technology,India,Onsite,Senior,13,PhD,0
4818,Machine Learning Engineer,Enterprise,E-commerce,UK,Hybrid,Mid,3,Master,0
4819,Data Scientist,MNC,Retail,Germany,Remote,Senior,3,PhD,1
4820,Machine Learning Engineer,MNC,Retail,Singapore,Hybrid,Entry,3,Master,0
4821,Machine Learning Engineer,Medium,E-commerce,Canada,Hybrid,Entry,5,PhD,0
4822,Machine Learning Engineer,Medium,Healthcare,Australia,Hybrid,Mid,1,PhD,0
4823,Business Analyst,Startup,Finance,UK,Remote,Senior,8,Bachelor,1
4824,AI Engineer,Medium,E-commerce,Australia,Onsite,Senior,0,Bachelor,0
4825,Data Scientist,MNC,E-commerce,Singapore,Hybrid,Mid,9,PhD,0
4826,Data Scientist,Startup,Finance,Germany,Onsite,Entry,9,Bachelor,0
4827,Data Engineer,Enterprise,Finance,Australia,Hybrid,Entry,11,Bachelor,0
4828,Business Analyst,Medium,E-commerce,India,Onsite,Entry,1,PhD,0
4829,AI Engineer,Startup,Technology,India,Remote,Mid,3,Master,1
4830,Business Analyst,MNC,Retail,UK,Onsite,Mid,11,Master,1
4831,Data Analyst,Startup,Finance,Australia,Remote,Senior,8,PhD,0
4832,Data Scientist,Startup,Technology,India,Onsite,Entry,5,Master,1
4833,Data Scientist,MNC,Finance,Germany,Hybrid,Entry,7,Master,1
4834,AI Engineer,Enterprise,Finance,Germany,Hybrid,Entry,11,Master,1
4835,Business Analyst,Medium,Finance,UK,Onsite,Mid,1,PhD,0
4836,Data Engineer,Medium,Finance,UK,Hybrid,Entry,2,PhD,0
4837,Data Analyst,Startup,Healthcare,Germany,Remote,Entry,12,Master,0
4838,Data Scientist,Medium,Retail,Canada,Onsite,Mid,10,PhD,1
4839,Data Analyst,MNC,Retail,India,Remote,Senior,11,Master,1
4840,Business Analyst,MNC,Finance,USA,Remote,Senior,13,Bachelor,0
4841,Data Scientist,Medium,Technology,India,Hybrid,Entry,2,Master,1
4842,Data Analyst,Startup,Finance,Canada,Hybrid,Entry,9,Master,1
4843,Data Scientist,MNC,Technology,Australia,Hybrid,Entry,3,PhD,1
4844,Data Engineer,Medium,Finance,India,Remote,Entry,10,Bachelor,1
4845,Machine Learning Engineer,MNC,Technology,USA,Onsite,Senior,10,Bachelor,0
4846,Data Analyst,Startup,Healthcare,India,Onsite,Mid,4,Bachelor,0
4847,Data Engineer,Startup,Finance,Australia,Remote,Mid,4,PhD,0
4848,Business Analyst,Startup,Healthcare,India,Hybrid,Mid,9,Master,0
4849,Data Engineer,MNC,E-commerce,Canada,Remote,Entry,14,Master,1
4850,Data Analyst,MNC,Retail,Singapore,Onsite,Senior,5,PhD,0
4851,AI Engineer,Enterprise,Education,USA,Remote,Senior,5,PhD,1
4852,Data Analyst,MNC,Technology,Germany,Remote,Senior,12,Bachelor,0
4853,Data Engineer,Medium,Healthcare,Canada,Hybrid,Mid,3,Master,1
4854,Business Analyst,Startup,E-commerce,Singapore,Hybrid,Mid,12,PhD,0
4855,Business Analyst,Enterprise,Healthcare,USA,Remote,Entry,10,PhD,0
4856,AI Engineer,Startup,Healthcare,Australia,Hybrid,Senior,5,Bachelor,0
4857,Data Analyst,MNC,Healthcare,Singapore,Remote,Senior,13,Bachelor,0
4858,Business Analyst,Startup,Retail,Australia,Onsite,Mid,7,Master,0
4859,AI Engineer,Enterprise,Education,India,Hybrid,Senior,11,Master,0
4860,Business Analyst,Startup,Healthcare,Canada,Onsite,Entry,10,PhD,1
4861,Data Scientist,Startup,Technology,Australia,Hybrid,Senior,11,Master,1
4862,Data Analyst,Enterprise,Technology,USA,Remote,Senior,6,Master,1
4863,Data Analyst,Enterprise,Education,India,Onsite,Senior,2,Bachelor,0
4864,Data Scientist,Enterprise,Education,UK,Onsite,Entry,11,Master,1
4865,Data Analyst,MNC,Education,Australia,Remote,Entry,8,Master,0
4866,Business Analyst,Startup,Retail,India,Remote,Mid,14,PhD,0
4867,Data Analyst,MNC,Education,Canada,Remote,Senior,5,Master,1
4868,Data Engineer,Startup,E-commerce,India,Onsite,Entry,7,PhD,1
4869,Business Analyst,Startup,Education,Canada,Remote,Entry,10,PhD,1
4870,Data Analyst,Startup,Technology,USA,Remote,Entry,5,Bachelor,0
4871,Machine Learning Engineer,Medium,Finance,USA,Remote,Mid,10,Bachelor,1
4872,Data Analyst,Startup,Technology,Singapore,Onsite,Senior,8,Master,0
4873,Data Scientist,Enterprise,Education,Germany,Hybrid,Entry,6,Bachelor,1
4874,AI Engineer,MNC,Finance,Australia,Hybrid,Senior,9,PhD,0
4875,Data Scientist,Medium,Retail,Canada,Remote,Entry,10,Bachelor,1
4876,AI Engineer,Startup,Education,Canada,Hybrid,Entry,9,Master,1
4877,Data Scientist,Enterprise,Finance,India,Remote,Mid,13,Master,0
4878,Data Engineer,Enterprise,Retail,Australia,Remote,Mid,1,Master,0
4879,Business Analyst,Startup,Technology,Australia,Onsite,Senior,2,Bachelor,0
4880,Business Analyst,Medium,Healthcare,USA,Onsite,Mid,6,Bachelor,0
4881,AI Engineer,Enterprise,Finance,Australia,Hybrid,Mid,10,Bachelor,1
4882,Data Analyst,MNC,Education,Australia,Remote,Mid,14,PhD,0
4883,AI Engineer,Medium,Finance,India,Onsite,Mid,12,Master,0
4884,Data Analyst,MNC,Retail,Canada,Remote,Entry,5,PhD,0
4885,Data Scientist,Startup,Finance,UK,Remote,Entry,3,PhD,0
4886,Data Engineer,Medium,Finance,Canada,Remote,Entry,10,Bachelor,0
4887,Data Engineer,Startup,Retail,Singapore,Hybrid,Mid,6,Master,0
4888,Machine Learning Engineer,Enterprise,Retail,Australia,Hybrid,Senior,6,Bachelor,0
4889,Machine Learning Engineer,Medium,Education,Singapore,Hybrid,Senior,5,Bachelor,1
4890,Machine Learning Engineer,Startup,Healthcare,Canada,Remote,Senior,13,Bachelor,1
4891,Data Scientist,Enterprise,E-commerce,Singapore,Remote,Entry,0,Bachelor,0
4892,Data Scientist,Enterprise,Finance,USA,Hybrid,Entry,14,Bachelor,1
4893,Data Scientist,Enterprise,Healthcare,Canada,Hybrid,Entry,8,Master,0
4894,AI Engineer,Medium,Healthcare,Australia,Remote,Entry,4,Bachelor,1
4895,Business Analyst,MNC,Finance,UK,Remote,Entry,5,PhD,1
4896,Business Analyst,MNC,Technology,Singapore,Hybrid,Mid,10,Master,0
4897,Business Analyst,Enterprise,Education,Singapore,Onsite,Entry,0,PhD,0
4898,Machine Learning Engineer,Medium,Retail,UK,Remote,Senior,9,Master,0
4899,Data Engineer,Startup,Finance,Germany,Onsite,Entry,6,PhD,0
4900,Data Scientist,MNC,E-commerce,Australia,Hybrid,Entry,9,PhD,0
4901,Machine Learning Engineer,Startup,Finance,Canada,Onsite,Entry,8,Bachelor,1
4902,Business Analyst,Medium,Education,India,Onsite,Mid,8,PhD,0
4903,Business Analyst,Enterprise,Healthcare,Canada,Onsite,Mid,9,PhD,1
4904,Business Analyst,Medium,E-commerce,Australia,Remote,Entry,8,PhD,0
4905,Data Engineer,Startup,Finance,Canada,Onsite,Mid,10,Master,0
4906,Data Scientist,Startup,E-commerce,Germany,Hybrid,Entry,8,Master,0
4907,Business Analyst,MNC,E-commerce,Singapore,Remote,Mid,10,Master,1
4908,Data Analyst,Startup,Education,Australia,Hybrid,Senior,0,Bachelor,0
4909,Business Analyst,MNC,Retail,UK,Hybrid,Entry,14,Bachelor,0
4910,Business Analyst,Startup,Healthcare,Canada,Onsite,Mid,14,PhD,1
4911,Data Engineer,Enterprise,E-commerce,UK,Hybrid,Entry,6,PhD,0
4912,Data Engineer,Startup,Education,India,Hybrid,Mid,11,PhD,1
4913,Data Analyst,Enterprise,Healthcare,Singapore,Hybrid,Mid,7,Bachelor,1
4914,Machine Learning Engineer,Startup,Education,India,Onsite,Senior,0,PhD,0
4915,Data Analyst,Medium,E-commerce,Canada,Remote,Senior,14,PhD,1
4916,Data Engineer,Startup,Technology,Australia,Remote,Entry,13,PhD,1
4917,Data Analyst,MNC,Healthcare,USA,Onsite,Senior,7,PhD,1
4918,Business Analyst,Startup,E-commerce,Canada,Remote,Senior,10,Master,1
4919,Business Analyst,Startup,Education,USA,Onsite,Mid,14,Bachelor,0
4920,Data Scientist,Enterprise,Healthcare,Germany,Onsite,Mid,2,PhD,1
4921,Data Scientist,Medium,Education,Canada,Onsite,Senior,7,PhD,0
4922,Machine Learning Engineer,MNC,Technology,Singapore,Hybrid,Senior,8,PhD,0
4923,Data Analyst,Startup,Healthcare,Canada,Hybrid,Senior,6,Master,0
4924,Machine Learning Engineer,MNC,Finance,Canada,Onsite,Senior,2,Master,1
4925,Business Analyst,Enterprise,Technology,India,Remote,Entry,8,Master,0
4926,Business Analyst,Enterprise,Education,Germany,Onsite,Entry,10,PhD,0
4927,AI Engineer,Startup,Technology,USA,Hybrid,Entry,7,Bachelor,0
4928,Machine Learning Engineer,Startup,Finance,Australia,Remote,Mid,0,Bachelor,1
4929,Data Scientist,MNC,Retail,UK,Hybrid,Entry,4,Master,0
4930,Data Analyst,MNC,E-commerce,Singapore,Remote,Entry,6,Master,0
4931,Business Analyst,Startup,Healthcare,India,Remote,Entry,8,Master,0
4932,Data Scientist,Startup,Retail,USA,Onsite,Mid,7,Master,0
4933,Business Analyst,Medium,Education,Singapore,Remote,Entry,3,PhD,0
4934,Machine Learning Engineer,Enterprise,Technology,USA,Remote,Mid,6,Bachelor,0
4935,Data Engineer,Medium,Technology,USA,Remote,Entry,6,Bachelor,1
4936,AI Engineer,Startup,Retail,Germany,Hybrid,Mid,4,Master,0
4937,Data Analyst,Startup,Retail,Canada,Onsite,Senior,1,PhD,1
4938,Business Analyst,Startup,Technology,USA,Onsite,Entry,9,Bachelor,1
4939,Machine Learning Engineer,Startup,Education,Germany,Remote,Senior,14,PhD,1
4940,Business Analyst,Enterprise,Education,Germany,Hybrid,Entry,13,PhD,0
4941,AI Engineer,Startup,Retail,India,Remote,Mid,5,Bachelor,1
4942,AI Engineer,MNC,Technology,USA,Onsite,Entry,4,Master,0
4943,AI Engineer,Enterprise,E-commerce,Singapore,Hybrid,Mid,0,PhD,0
4944,Business Analyst,Startup,Retail,USA,Onsite,Mid,9,Master,1
4945,Data Scientist,Medium,Finance,UK,Hybrid,Entry,0,Master,1
4946,AI Engineer,Enterprise,Finance,UK,Hybrid,Mid,14,PhD,0
4947,AI Engineer,Medium,E-commerce,Singapore,Remote,Senior,7,PhD,0
4948,AI Engineer,MNC,E-commerce,Singapore,Hybrid,Mid,13,Master,0
4949,AI Engineer,MNC,Education,Germany,Hybrid,Senior,5,Bachelor,0
4950,Data Analyst,MNC,Retail,Australia,Remote,Senior,2,Bachelor,0
4951,Machine Learning Engineer,Startup,E-commerce,India,Hybrid,Entry,14,Master,1
4952,Machine Learning Engineer,Enterprise,Retail,Canada,Onsite,Entry,2,PhD,0
4953,Data Scientist,Startup,E-commerce,USA,Onsite,Entry,4,Bachelor,1
4954,Data Scientist,Startup,Healthcare,India,Hybrid,Mid,5,PhD,1
4955,Data Scientist,Startup,Education,UK,Remote,Entry,7,Bachelor,1
4956,Data Scientist,MNC,Education,Australia,Remote,Senior,0,PhD,0
4957,Business Analyst,Enterprise,E-commerce,Australia,Remote,Senior,9,Master,0
4958,Data Engineer,Medium,Finance,Australia,Remote,Senior,7,PhD,0
4959,Data Analyst,MNC,E-commerce,Australia,Hybrid,Mid,5,Master,1
4960,Business Analyst,Medium,Technology,UK,Hybrid,Senior,8,Master,0
4961,Machine Learning Engineer,MNC,Finance,USA,Onsite,Entry,8,Master,0
4962,Machine Learning Engineer,MNC,Education,UK,Onsite,Mid,5,PhD,1
4963,Data Scientist,Startup,Technology,Australia,Hybrid,Entry,3,PhD,0
4964,Data Scientist,Enterprise,Retail,India,Hybrid,Mid,14,Master,1
4965,AI Engineer,Enterprise,Finance,India,Hybrid,Entry,13,PhD,0
4966,Data Engineer,Startup,E-commerce,Germany,Remote,Entry,6,Bachelor,1
4967,Data Engineer,MNC,Finance,UK,Hybrid,Senior,11,Bachelor,1
4968,Data Engineer,Medium,Finance,Australia,Hybrid,Senior,11,Bachelor,1
4969,Machine Learning Engineer,Startup,Healthcare,Germany,Hybrid,Senior,4,PhD,1
4970,Machine Learning Engineer,Enterprise,Retail,India,Onsite,Mid,11,Master,0
4971,Machine Learning Engineer,MNC,Finance,India,Remote,Mid,6,Bachelor,0
4972,AI Engineer,Medium,E-commerce,Singapore,Remote,Senior,1,Bachelor,0
4973,Data Engineer,MNC,Retail,Singapore,Remote,Senior,11,Bachelor,1
4974,Data Engineer,Startup,E-commerce,Germany,Remote,Entry,6,Bachelor,1
4975,Machine Learning Engineer,Startup,E-commerce,UK,Remote,Senior,10,Master,1
4976,Data Scientist,Startup,Healthcare,UK,Onsite,Entry,0,PhD,0
4977,Data Scientist,MNC,Retail,Australia,Hybrid,Mid,3,PhD,1
4978,Data Analyst,MNC,Technology,Singapore,Hybrid,Entry,5,Bachelor,0
4979,Data Scientist,MNC,Technology,USA,Remote,Mid,0,PhD,1
4980,Data Engineer,MNC,E-commerce,USA,Onsite,Entry,10,PhD,1
4981,AI Engineer,Startup,Technology,Germany,Remote,Senior,9,Bachelor,1
4982,Data Engineer,Medium,E-commerce,Australia,Remote,Entry,5,Master,1
4983,AI Engineer,Startup,Technology,India,Remote,Senior,0,Bachelor,1
4984,Data Engineer,Startup,Technology,India,Onsite,Senior,6,Master,1
4985,AI Engineer,Medium,E-commerce,UK,Hybrid,Entry,5,Bachelor,0
4986,Business Analyst,Startup,Finance,Australia,Remote,Mid,0,Master,0
4987,Data Analyst,MNC,Technology,Germany,Remote,Mid,13,Master,0
4988,Business Analyst,Enterprise,Healthcare,Australia,Onsite,Senior,9,PhD,1
4989,Machine Learning Engineer,Enterprise,E-commerce,Germany,Onsite,Senior,10,Bachelor,1
4990,Business Analyst,MNC,E-commerce,Canada,Onsite,Mid,4,Master,0
4991,Machine Learning Engineer,Medium,Technology,Canada,Remote,Entry,0,PhD,1
4992,Data Analyst,Startup,Healthcare,UK,Hybrid,Mid,9,Bachelor,1
4993,Data Scientist,Startup,Technology,Australia,Onsite,Senior,6,Master,0
4994,Data Engineer,Startup,Technology,Canada,Hybrid,Entry,0,Bachelor,0
4995,Machine Learning Engineer,Medium,E-commerce,Canada,Onsite,Mid,9,Bachelor,1
4996,AI Engineer,Startup,Technology,India,Remote,Senior,10,Bachelor,1
4997,Data Engineer,Medium,Technology,Singapore,Onsite,Senior,5,Master,1
4998,Data Engineer,Enterprise,Retail,India,Remote,Entry,9,Bachelor,0
4999,AI Engineer,Medium,Retail,USA,Remote,Mid,12,PhD,0
5000,AI Engineer,MNC,Finance,UK,Hybrid,Senior,0,PhD,0
5001,Data Analyst,MNC,Retail,Australia,Hybrid,Senior,11,PhD,0
5002,Data Engineer,Startup,Retail,UK,Hybrid,Senior,9,Master,1
5003,AI Engineer,MNC,Retail,Singapore,Hybrid,Senior,10,PhD,1
5004,Data Scientist,Enterprise,Finance,Australia,Onsite,Mid,12,Bachelor,1
5005,Business Analyst,MNC,Healthcare,Germany,Onsite,Mid,5,Bachelor,0
5006,Data Engineer,Enterprise,Technology,UK,Hybrid,Entry,8,Bachelor,0
5007,Data Analyst,Startup,E-commerce,USA,Onsite,Senior,3,PhD,1
5008,Data Engineer,Enterprise,Technology,USA,Onsite,Senior,2,PhD,0
5009,Data Scientist,MNC,Technology,Australia,Onsite,Senior,1,Master,1
5010,Machine Learning Engineer,Startup,Finance,India,Onsite,Mid,3,Master,0
5011,Business Analyst,Startup,Education,India,Hybrid,Entry,11,Master,0
5012,AI Engineer,Startup,Healthcare,UK,Remote,Entry,0,Master,1
5013,Business Analyst,Medium,E-commerce,UK,Onsite,Senior,3,Bachelor,1
5014,Machine Learning Engineer,Enterprise,Technology,Singapore,Onsite,Entry,4,PhD,0
5015,Data Analyst,Medium,Education,Australia,Hybrid,Entry,0,Bachelor,1
5016,Data Analyst,MNC,Retail,Singapore,Onsite,Senior,1,PhD,1
5017,AI Engineer,MNC,E-commerce,Singapore,Hybrid,Mid,9,PhD,0
5018,Data Analyst,Startup,Finance,Germany,Hybrid,Mid,7,PhD,1
5019,Data Engineer,Startup,Healthcare,USA,Hybrid,Mid,4,Bachelor,0
5020,AI Engineer,Medium,Education,UK,Hybrid,Mid,8,Master,0
5021,Data Scientist,Startup,Finance,UK,Onsite,Mid,4,PhD,0
5022,Data Scientist,MNC,Technology,India,Remote,Mid,13,Master,1
5023,Business Analyst,Medium,Healthcare,Germany,Onsite,Entry,7,PhD,0
5024,Data Engineer,Startup,Technology,Germany,Onsite,Entry,10,Master,0
5025,Data Analyst,Medium,Technology,India,Remote,Entry,14,PhD,0
5026,Data Scientist,MNC,Finance,India,Remote,Senior,1,PhD,0
5027,Business Analyst,Startup,Healthcare,India,Onsite,Entry,9,PhD,1
5028,Machine Learning Engineer,Enterprise,Healthcare,India,Onsite,Senior,1,Master,0
5029,Data Scientist,Medium,Technology,Canada,Remote,Senior,2,Master,1
5030,Data Engineer,MNC,Finance,India,Hybrid,Mid,9,PhD,1
5031,Business Analyst,Enterprise,Healthcare,Germany,Onsite,Mid,1,Master,1
5032,Data Engineer,Enterprise,E-commerce,UK,Hybrid,Entry,6,Bachelor,1
5033,Data Analyst,Medium,E-commerce,Germany,Remote,Senior,9,PhD,0
5034,Business Analyst,Enterprise,E-commerce,UK,Onsite,Entry,14,Master,0
5035,Machine Learning Engineer,Enterprise,Retail,India,Remote,Entry,4,Master,1
5036,AI Engineer,MNC,Finance,Germany,Remote,Entry,4,Master,1
5037,Machine Learning Engineer,Enterprise,Education,Australia,Remote,Mid,3,PhD,0
5038,AI Engineer,Enterprise,Healthcare,UK,Onsite,Mid,13,Bachelor,0
5039,Business Analyst,MNC,Technology,Germany,Hybrid,Senior,11,Master,0
5040,Data Analyst,Startup,Technology,USA,Hybrid,Mid,8,Bachelor,1
5041,Data Engineer,Medium,Education,UK,Hybrid,Entry,2,Bachelor,0
5042,AI Engineer,MNC,Education,UK,Remote,Mid,0,Bachelor,1
5043,Business Analyst,Medium,Education,Australia,Onsite,Entry,11,PhD,1
5044,AI Engineer,Enterprise,Education,Australia,Remote,Entry,13,Bachelor,1
5045,Data Analyst,MNC,Healthcare,Singapore,Hybrid,Entry,14,Master,0
5046,Machine Learning Engineer,Startup,Finance,Germany,Remote,Mid,5,Master,1
5047,Data Engineer,Startup,Finance,UK,Remote,Entry,14,PhD,0
5048,Machine Learning Engineer,Startup,E-commerce,Singapore,Onsite,Senior,10,Master,0
5049,Data Engineer,MNC,Technology,Canada,Onsite,Senior,2,Master,1
5050,Data Analyst,Medium,Education,Canada,Onsite,Entry,0,Bachelor,1
5051,Data Analyst,Startup,Healthcare,Canada,Remote,Entry,4,Master,1
5052,AI Engineer,Medium,Healthcare,Canada,Hybrid,Entry,7,Bachelor,0
5053,AI Engineer,Enterprise,Healthcare,UK,Remote,Mid,6,PhD,0
5054,Data Analyst,Medium,Technology,Singapore,Hybrid,Senior,4,Master,1
5055,Data Scientist,Enterprise,Retail,Germany,Onsite,Senior,5,PhD,0
5056,Data Engineer,Startup,Finance,Singapore,Remote,Mid,3,Bachelor,1
5057,AI Engineer,Enterprise,Healthcare,Germany,Onsite,Mid,2,Bachelor,0
5058,AI Engineer,Enterprise,Technology,Canada,Onsite,Senior,9,Bachelor,1
5059,Data Scientist,Enterprise,Technology,USA,Onsite,Senior,14,Bachelor,1
5060,Data Analyst,Startup,Education,Germany,Onsite,Senior,10,Master,1
5061,Data Analyst,Enterprise,Technology,Germany,Remote,Entry,6,Master,0
5062,Data Analyst,Enterprise,E-commerce,USA,Hybrid,Mid,14,Bachelor,1
5063,AI Engineer,Medium,Finance,UK,Onsite,Mid,11,PhD,0
5064,Data Scientist,Medium,Retail,India,Onsite,Senior,4,Bachelor,1
5065,Data Engineer,Startup,Finance,India,Hybrid,Senior,0,Master,0
5066,Machine Learning Engineer,Enterprise,Technology,Singapore,Remote,Entry,4,Master,0
5067,Machine Learning Engineer,Medium,Retail,UK,Hybrid,Entry,1,Master,1
5068,Machine Learning Engineer,MNC,Technology,USA,Hybrid,Entry,4,PhD,0
5069,Data Analyst,MNC,Education,Singapore,Remote,Entry,10,Master,1
5070,Data Analyst,Enterprise,Finance,Canada,Remote,Senior,13,Master,1
5071,Data Engineer,Medium,Retail,UK,Hybrid,Senior,12,Master,1
5072,Business Analyst,Enterprise,Finance,Germany,Onsite,Senior,13,Master,0
5073,Business Analyst,Enterprise,Healthcare,Canada,Onsite,Mid,2,Bachelor,0
5074,AI Engineer,Medium,Education,Singapore,Remote,Senior,8,Bachelor,1
5075,Data Engineer,MNC,Finance,USA,Remote,Senior,4,Bachelor,0
5076,Machine Learning Engineer,Medium,Education,Germany,Onsite,Mid,10,PhD,0
5077,Data Engineer,Startup,E-commerce,USA,Remote,Mid,7,Bachelor,0
5078,Data Engineer,Enterprise,Technology,Canada,Remote,Mid,2,PhD,1
5079,AI Engineer,Startup,Finance,USA,Hybrid,Mid,3,Bachelor,1
5080,Machine Learning Engineer,MNC,Finance,Canada,Remote,Mid,7,PhD,1
5081,Data Engineer,Enterprise,Finance,Canada,Hybrid,Entry,0,PhD,1
5082,Data Engineer,MNC,Education,Singapore,Onsite,Entry,5,PhD,1
5083,Data Scientist,MNC,Technology,Canada,Hybrid,Entry,5,Master,0
5084,AI Engineer,MNC,Retail,UK,Hybrid,Mid,4,PhD,0
5085,Data Analyst,Enterprise,Healthcare,Singapore,Remote,Mid,0,Bachelor,1
5086,Business Analyst,Startup,Healthcare,India,Onsite,Mid,14,Bachelor,0
5087,Data Scientist,Medium,Finance,USA,Hybrid,Senior,8,PhD,1
5088,Data Analyst,Startup,Retail,USA,Hybrid,Mid,10,PhD,0
5089,Data Analyst,Startup,Education,Canada,Hybrid,Entry,8,Bachelor,1
5090,AI Engineer,MNC,Finance,India,Hybrid,Senior,9,Master,1
5091,Business Analyst,Medium,Healthcare,India,Onsite,Mid,0,Master,0
5092,Machine Learning Engineer,Enterprise,E-commerce,Australia,Remote,Entry,5,PhD,0
5093,Data Analyst,MNC,Finance,Singapore,Remote,Entry,12,Bachelor,0
5094,Business Analyst,Medium,Technology,India,Onsite,Senior,7,Master,1
5095,Business Analyst,MNC,Retail,UK,Onsite,Senior,7,Master,1
5096,Data Scientist,Startup,Education,Canada,Remote,Senior,11,PhD,1
5097,Business Analyst,Medium,Retail,Canada,Hybrid,Mid,6,PhD,1
5098,Business Analyst,Startup,Technology,UK,Onsite,Entry,5,Master,1
5099,Data Engineer,Enterprise,Finance,India,Onsite,Mid,1,PhD,1
5100,Data Scientist,Startup,Technology,Singapore,Remote,Senior,13,PhD,1
5101,AI Engineer,Enterprise,Healthcare,India,Hybrid,Mid,2,PhD,1
5102,Business Analyst,Enterprise,Education,UK,Onsite,Mid,13,PhD,1
5103,Business Analyst,MNC,Finance,Australia,Onsite,Senior,10,Bachelor,0
5104,AI Engineer,Medium,Technology,India,Hybrid,Entry,9,Bachelor,0
5105,Business Analyst,MNC,Education,Australia,Onsite,Senior,6,PhD,1
5106,Data Scientist,Startup,Healthcare,Germany,Onsite,Mid,2,Master,1
5107,Data Analyst,Enterprise,E-commerce,Australia,Remote,Mid,0,Master,1
5108,Data Analyst,Enterprise,Technology,Germany,Onsite,Entry,8,Master,1
5109,Business Analyst,Enterprise,Education,Singapore,Remote,Mid,13,Bachelor,1
5110,Data Scientist,Startup,Education,Germany,Remote,Senior,7,Master,1
5111,Business Analyst,MNC,E-commerce,Canada,Remote,Senior,7,Bachelor,1
5112,Data Scientist,Medium,Technology,India,Hybrid,Mid,6,Master,1
5113,AI Engineer,MNC,Finance,UK,Onsite,Senior,1,PhD,1
5114,Data Engineer,Medium,Technology,USA,Hybrid,Mid,6,Master,1
5115,Data Analyst,MNC,E-commerce,India,Hybrid,Mid,2,PhD,0
5116,Data Engineer,Enterprise,Education,Australia,Remote,Mid,4,Bachelor,1
5117,AI Engineer,Startup,E-commerce,India,Onsite,Senior,12,Master,1
5118,Data Analyst,Startup,Finance,Canada,Onsite,Senior,12,Bachelor,1
5119,Machine Learning Engineer,Medium,Retail,Canada,Remote,Entry,13,Bachelor,1
5120,Machine Learning Engineer,MNC,Education,Canada,Remote,Mid,7,Master,0
5121,Data Scientist,Enterprise,Technology,Canada,Onsite,Senior,10,Bachelor,1
5122,Business Analyst,Medium,Finance,USA,Hybrid,Entry,13,Master,1
5123,Data Scientist,MNC,Retail,Germany,Onsite,Mid,5,Bachelor,0
5124,Data Scientist,Medium,E-commerce,Canada,Onsite,Senior,11,PhD,1
5125,AI Engineer,Startup,Finance,UK,Hybrid,Entry,14,Bachelor,0
5126,Data Analyst,Medium,Technology,India,Hybrid,Entry,6,PhD,0
5127,Data Scientist,Medium,E-commerce,Canada,Hybrid,Senior,4,PhD,1
5128,AI Engineer,Medium,Retail,Canada,Hybrid,Senior,4,Master,1
5129,Data Analyst,MNC,Retail,Canada,Remote,Entry,4,PhD,0
5130,Business Analyst,MNC,Retail,Singapore,Hybrid,Entry,12,Master,1
5131,Business Analyst,Enterprise,Finance,Australia,Hybrid,Mid,13,PhD,1
5132,Data Engineer,Enterprise,Healthcare,Germany,Onsite,Entry,12,Bachelor,1
5133,AI Engineer,Medium,E-commerce,India,Remote,Senior,14,Master,1
5134,Data Scientist,Startup,Retail,Australia,Onsite,Entry,6,Master,1
5135,Data Engineer,Startup,Technology,Australia,Remote,Mid,5,Master,0
5136,Data Analyst,MNC,E-commerce,UK,Onsite,Entry,13,Master,0
5137,AI Engineer,Startup,Finance,USA,Remote,Mid,10,Bachelor,0
5138,Business Analyst,Enterprise,Retail,USA,Hybrid,Mid,1,PhD,1
5139,Machine Learning Engineer,Enterprise,E-commerce,USA,Onsite,Senior,14,Master,1
5140,Data Scientist,Medium,Education,India,Remote,Mid,11,Master,1
5141,Data Engineer,MNC,Retail,Germany,Onsite,Senior,14,Master,1
5142,Data Scientist,MNC,E-commerce,UK,Hybrid,Mid,1,Bachelor,1
5143,AI Engineer,Medium,Technology,Singapore,Hybrid,Mid,5,Master,1
5144,Data Engineer,Enterprise,Education,Australia,Hybrid,Entry,5,PhD,0
5145,Machine Learning Engineer,Medium,Retail,India,Remote,Senior,3,Master,1
5146,Data Analyst,MNC,Technology,India,Hybrid,Mid,4,PhD,1
5147,Machine Learning Engineer,MNC,Education,Germany,Onsite,Mid,6,Master,0
5148,Data Engineer,MNC,Healthcare,UK,Hybrid,Senior,9,Bachelor,0
5149,Data Analyst,Startup,Technology,India,Remote,Mid,11,Master,1
5150,AI Engineer,MNC,Technology,USA,Remote,Entry,3,Bachelor,0
5151,AI Engineer,Enterprise,E-commerce,Germany,Hybrid,Mid,6,Bachelor,0
5152,Data Analyst,Enterprise,Retail,Singapore,Onsite,Mid,12,PhD,0
5153,Data Engineer,Medium,Retail,USA,Hybrid,Entry,8,PhD,1
5154,Business Analyst,Enterprise,Finance,USA,Onsite,Entry,5,Bachelor,1
5155,Machine Learning Engineer,Medium,Education,Canada,Remote,Senior,1,PhD,0
5156,Data Engineer,Startup,Education,India,Remote,Mid,5,Bachelor,1
5157,Data Analyst,MNC,Retail,Australia,Onsite,Mid,10,Master,1
5158,Data Analyst,MNC,Healthcare,India,Hybrid,Senior,1,PhD,0
5159,Business Analyst,Startup,Technology,USA,Onsite,Senior,7,Master,0
5160,Data Scientist,Enterprise,Finance,Singapore,Hybrid,Senior,5,Master,0
5161,Data Scientist,MNC,Retail,Germany,Onsite,Mid,4,PhD,0
5162,AI Engineer,Medium,Finance,Germany,Onsite,Mid,12,Bachelor,1
5163,Machine Learning Engineer,MNC,Finance,India,Hybrid,Entry,4,Master,0
5164,AI Engineer,MNC,Education,Australia,Remote,Entry,3,Bachelor,0
5165,Data Scientist,Enterprise,Finance,USA,Onsite,Senior,0,Master,0
5166,Data Analyst,Startup,Finance,Germany,Remote,Entry,3,Master,1
5167,Data Engineer,MNC,E-commerce,Canada,Remote,Mid,2,Master,1
5168,Machine Learning Engineer,Startup,Retail,UK,Remote,Senior,12,Bachelor,0
5169,AI Engineer,Startup,Technology,Canada,Remote,Entry,6,Bachelor,0
5170,AI Engineer,Startup,Education,India,Hybrid,Entry,4,Bachelor,1
5171,AI Engineer,MNC,Healthcare,Singapore,Onsite,Mid,3,PhD,0
5172,Data Analyst,Startup,Retail,USA,Remote,Senior,13,PhD,0
5173,Data Scientist,MNC,Finance,Germany,Onsite,Senior,7,Master,0
5174,Data Engineer,MNC,E-commerce,Singapore,Hybrid,Entry,8,Master,1
5175,AI Engineer,Medium,Healthcare,Canada,Remote,Entry,9,PhD,0
5176,Machine Learning Engineer,Medium,Education,Germany,Hybrid,Entry,1,Bachelor,0
5177,Data Scientist,Medium,Finance,Australia,Remote,Entry,6,PhD,0
5178,AI Engineer,Startup,Healthcare,Singapore,Hybrid,Entry,6,Master,0
5179,Business Analyst,Medium,Education,Australia,Hybrid,Senior,8,Bachelor,1
5180,Data Analyst,Enterprise,E-commerce,Australia,Onsite,Mid,0,PhD,0
5181,AI Engineer,Medium,E-commerce,Germany,Hybrid,Mid,0,PhD,0
5182,Data Analyst,MNC,Retail,Germany,Hybrid,Mid,14,Bachelor,0
5183,Business Analyst,Medium,Retail,Canada,Onsite,Senior,3,Bachelor,0
5184,AI Engineer,Startup,Healthcare,USA,Hybrid,Mid,13,Master,0
5185,Business Analyst,Medium,Finance,Australia,Onsite,Mid,10,Master,1
5186,AI Engineer,MNC,Healthcare,Australia,Hybrid,Mid,9,Bachelor,0
5187,Data Scientist,Medium,Healthcare,USA,Onsite,Entry,6,PhD,0
5188,Business Analyst,Enterprise,Education,Germany,Hybrid,Mid,9,Bachelor,1
5189,Business Analyst,Enterprise,E-commerce,Canada,Hybrid,Senior,5,PhD,0
5190,Machine Learning Engineer,Startup,Technology,Canada,Remote,Senior,1,PhD,0
5191,Data Engineer,Enterprise,Finance,USA,Onsite,Senior,4,Master,0
5192,Business Analyst,Medium,Technology,Canada,Hybrid,Mid,8,Bachelor,0
5193,AI Engineer,MNC,Retail,UK,Remote,Mid,7,Master,1
5194,Machine Learning Engineer,Startup,Retail,India,Hybrid,Entry,14,PhD,0
5195,Machine Learning Engineer,Enterprise,E-commerce,Australia,Remote,Entry,9,PhD,0
5196,Machine Learning Engineer,Enterprise,Healthcare,USA,Hybrid,Entry,10,Master,1
5197,Machine Learning Engineer,Enterprise,Finance,UK,Remote,Entry,4,PhD,1
5198,Data Analyst,Enterprise,E-commerce,Australia,Remote,Entry,12,PhD,1
5199,Data Analyst,Medium,Retail,India,Onsite,Entry,3,Bachelor,0
5200,Business Analyst,Medium,Education,Australia,Remote,Entry,14,Master,0
5201,Data Analyst,MNC,Finance,USA,Remote,Entry,12,Master,0
5202,Data Analyst,Medium,E-commerce,India,Hybrid,Mid,11,Bachelor,0
5203,Machine Learning Engineer,Enterprise,E-commerce,Australia,Hybrid,Senior,4,Master,1
5204,Data Analyst,Medium,Education,USA,Onsite,Entry,5,Bachelor,0
5205,Machine Learning Engineer,MNC,Retail,UK,Onsite,Mid,8,Bachelor,1
5206,AI Engineer,Medium,Finance,Canada,Onsite,Entry,10,Master,0
5207,Data Engineer,Startup,Finance,Australia,Remote,Senior,6,Master,0
5208,Data Scientist,Medium,Finance,Singapore,Hybrid,Entry,4,PhD,0
5209,Machine Learning Engineer,Medium,Education,UK,Hybrid,Senior,9,PhD,1
5210,AI Engineer,Startup,Education,Germany,Remote,Entry,3,Bachelor,1
5211,Business Analyst,Startup,Technology,Australia,Onsite,Mid,0,PhD,1
5212,Data Engineer,Startup,Education,Australia,Hybrid,Mid,9,Bachelor,1
5213,Data Engineer,Startup,Healthcare,USA,Remote,Mid,0,Bachelor,1
5214,Data Scientist,MNC,Finance,Germany,Remote,Entry,4,Bachelor,0
5215,AI Engineer,MNC,E-commerce,USA,Hybrid,Senior,14,PhD,1
5216,Machine Learning Engineer,Startup,E-commerce,Singapore,Remote,Senior,0,PhD,1
5217,AI Engineer,Enterprise,Technology,India,Remote,Senior,11,PhD,1
5218,AI Engineer,Startup,E-commerce,Germany,Remote,Senior,11,Master,0
5219,Data Scientist,Enterprise,Retail,Singapore,Remote,Senior,4,Bachelor,0
5220,Business Analyst,Enterprise,Healthcare,UK,Hybrid,Entry,3,PhD,0
5221,Data Engineer,MNC,Retail,Canada,Remote,Senior,4,Master,0
5222,Data Scientist,Startup,E-commerce,Singapore,Remote,Senior,3,Master,0
5223,Data Scientist,Startup,Education,Canada,Hybrid,Entry,12,Bachelor,1
5224,Data Analyst,Startup,E-commerce,USA,Hybrid,Senior,12,Bachelor,0
5225,Data Analyst,Startup,Healthcare,USA,Hybrid,Entry,9,PhD,1
5226,Data Scientist,Startup,Retail,Canada,Onsite,Entry,9,PhD,1
5227,Machine Learning Engineer,MNC,Technology,Australia,Remote,Mid,2,PhD,1
5228,AI Engineer,Medium,Education,Singapore,Hybrid,Entry,6,Bachelor,0
5229,AI Engineer,Medium,Finance,Singapore,Remote,Mid,14,PhD,0
5230,Data Analyst,Startup,E-commerce,Australia,Remote,Senior,8,Bachelor,0
5231,Business Analyst,MNC,Technology,Germany,Onsite,Entry,13,PhD,1
5232,AI Engineer,MNC,Finance,Canada,Hybrid,Entry,12,Bachelor,1
5233,Machine Learning Engineer,Startup,Healthcare,UK,Hybrid,Entry,11,PhD,1
5234,AI Engineer,MNC,Retail,Australia,Remote,Mid,14,Master,0
5235,Business Analyst,Enterprise,Finance,Singapore,Hybrid,Entry,11,Bachelor,0
5236,Data Analyst,Startup,Retail,Germany,Onsite,Entry,12,PhD,1
5237,AI Engineer,Medium,Education,Singapore,Onsite,Senior,9,Master,0
5238,Data Analyst,Medium,E-commerce,Canada,Remote,Senior,5,PhD,0
5239,Data Analyst,MNC,E-commerce,India,Hybrid,Mid,6,Bachelor,0
5240,Data Engineer,Medium,Healthcare,Canada,Onsite,Mid,11,PhD,0
5241,Data Analyst,Medium,Education,Canada,Hybrid,Entry,5,Master,0
5242,Data Engineer,Startup,Healthcare,USA,Remote,Entry,2,PhD,1
5243,Machine Learning Engineer,MNC,Retail,UK,Onsite,Mid,8,Bachelor,1
5244,Business Analyst,MNC,Education,Australia,Remote,Mid,3,Bachelor,1
5245,AI Engineer,Medium,E-commerce,India,Remote,Senior,1,Master,1
5246,Data Engineer,Medium,Retail,USA,Onsite,Entry,13,Master,0
5247,Machine Learning Engineer,Medium,Finance,Singapore,Onsite,Mid,1,PhD,0
5248,Data Analyst,Enterprise,Retail,Australia,Onsite,Senior,0,Bachelor,1
5249,AI Engineer,MNC,Finance,Singapore,Hybrid,Entry,5,Master,1
5250,AI Engineer,Startup,Healthcare,Singapore,Onsite,Senior,5,PhD,1
5251,Machine Learning Engineer,MNC,Healthcare,Australia,Remote,Mid,5,Bachelor,0
5252,Data Scientist,MNC,E-commerce,Singapore,Remote,Entry,14,PhD,1
5253,Business Analyst,Medium,E-commerce,Singapore,Remote,Mid,2,PhD,0
5254,Business Analyst,MNC,Finance,India,Remote,Senior,13,Master,1
5255,Data Scientist,MNC,Healthcare,USA,Remote,Senior,0,PhD,1
5256,Data Scientist,MNC,Technology,Singapore,Hybrid,Senior,9,Bachelor,0
5257,Data Scientist,Medium,Education,Singapore,Onsite,Senior,5,Master,0
5258,Machine Learning Engineer,Enterprise,Education,India,Onsite,Senior,12,Bachelor,0
5259,Machine Learning Engineer,MNC,E-commerce,Singapore,Hybrid,Entry,8,Bachelor,1
5260,Data Analyst,Startup,Finance,Germany,Onsite,Senior,1,PhD,0
5261,Data Engineer,Enterprise,E-commerce,USA,Onsite,Mid,10,PhD,0
5262,Machine Learning Engineer,Medium,E-commerce,USA,Remote,Entry,1,Bachelor,1
5263,Data Engineer,Startup,Education,USA,Remote,Mid,8,Bachelor,1
5264,Business Analyst,Enterprise,Technology,Singapore,Remote,Entry,8,PhD,0
5265,Data Analyst,MNC,Education,India,Hybrid,Entry,8,Bachelor,1
5266,Data Scientist,MNC,Healthcare,India,Onsite,Entry,0,Master,1
5267,AI Engineer,MNC,Healthcare,UK,Hybrid,Senior,7,Bachelor,0
5268,Data Analyst,Startup,Healthcare,India,Onsite,Senior,8,Bachelor,1
5269,AI Engineer,Enterprise,Education,India,Remote,Mid,7,PhD,1
5270,Business Analyst,MNC,E-commerce,India,Hybrid,Mid,14,Master,0
5271,AI Engineer,Enterprise,Healthcare,UK,Onsite,Mid,10,PhD,0
5272,Machine Learning Engineer,Medium,Finance,Australia,Remote,Senior,3,Master,0
5273,Data Scientist,Enterprise,Healthcare,USA,Hybrid,Entry,1,Master,0
5274,Data Analyst,Enterprise,Healthcare,UK,Onsite,Mid,12,Bachelor,1
5275,Data Engineer,MNC,Technology,UK,Hybrid,Senior,11,Master,1
5276,Data Analyst,Medium,Finance,Australia,Onsite,Mid,1,Master,0
5277,Machine Learning Engineer,Startup,E-commerce,Canada,Remote,Senior,3,Master,0
5278,AI Engineer,Enterprise,Technology,Singapore,Hybrid,Mid,5,Master,1
5279,Business Analyst,MNC,Technology,Singapore,Hybrid,Senior,4,PhD,1
5280,AI Engineer,Medium,Retail,Germany,Hybrid,Senior,0,Master,1
5281,Data Analyst,Medium,Education,Singapore,Remote,Senior,8,Master,1
5282,AI Engineer,MNC,E-commerce,Australia,Onsite,Entry,8,Master,0
5283,Data Engineer,Medium,Healthcare,India,Remote,Entry,3,Master,0
5284,Data Scientist,MNC,Education,USA,Hybrid,Mid,13,Master,0
5285,Data Analyst,Medium,Technology,Germany,Hybrid,Mid,6,PhD,0
5286,Data Analyst,Enterprise,Healthcare,Australia,Remote,Entry,0,Bachelor,0
5287,Data Scientist,MNC,E-commerce,Germany,Hybrid,Mid,7,Master,1
5288,Data Scientist,Enterprise,Technology,Germany,Remote,Senior,12,Bachelor,0
5289,Data Analyst,Enterprise,Finance,Canada,Onsite,Entry,7,Bachelor,1
5290,Data Engineer,MNC,Finance,Canada,Onsite,Senior,0,Bachelor,1
5291,Data Scientist,Startup,Technology,USA,Remote,Entry,1,PhD,1
5292,AI Engineer,Startup,E-commerce,Germany,Hybrid,Mid,2,Master,1
5293,Business Analyst,Startup,Education,Germany,Hybrid,Mid,6,Bachelor,0
5294,Data Scientist,MNC,Retail,UK,Remote,Mid,4,Master,0
5295,Data Engineer,Medium,E-commerce,Singapore,Onsite,Entry,4,Master,0
5296,Business Analyst,Startup,Retail,UK,Remote,Senior,0,Bachelor,1
5297,Data Analyst,Enterprise,E-commerce,Canada,Onsite,Senior,12,PhD,1
5298,Data Analyst,MNC,Technology,India,Hybrid,Mid,8,Bachelor,0
5299,AI Engineer,Startup,Healthcare,Australia,Hybrid,Senior,7,PhD,0
5300,AI Engineer,Enterprise,Technology,UK,Hybrid,Senior,4,PhD,0
5301,AI Engineer,Enterprise,Healthcare,Canada,Hybrid,Senior,2,Bachelor,0
5302,Business Analyst,Startup,Education,Singapore,Onsite,Senior,4,Bachelor,0
5303,Machine Learning Engineer,Enterprise,Healthcare,USA,Onsite,Senior,6,Bachelor,1
5304,Data Engineer,Enterprise,Technology,Germany,Hybrid,Entry,2,Bachelor,0
5305,AI Engineer,Startup,Retail,Canada,Hybrid,Senior,0,Bachelor,1
5306,Data Analyst,MNC,Retail,Australia,Hybrid,Entry,9,Bachelor,0
5307,Data Engineer,MNC,Finance,Australia,Hybrid,Entry,11,Master,0
5308,Data Scientist,Startup,E-commerce,Germany,Remote,Mid,0,Bachelor,0
5309,Data Scientist,Enterprise,Retail,Australia,Onsite,Entry,1,PhD,1
5310,Machine Learning Engineer,Enterprise,Retail,USA,Hybrid,Mid,14,PhD,0
5311,AI Engineer,Medium,E-commerce,Singapore,Onsite,Senior,9,Master,0
5312,Data Scientist,Medium,Retail,Germany,Remote,Mid,11,Master,0
5313,Business Analyst,Medium,Finance,Australia,Remote,Senior,6,PhD,1
5314,Data Engineer,Startup,Healthcare,UK,Hybrid,Senior,7,PhD,1
5315,Data Scientist,MNC,E-commerce,Australia,Onsite,Mid,8,PhD,0
5316,AI Engineer,Medium,Retail,Canada,Onsite,Mid,11,PhD,0
5317,Business Analyst,MNC,Education,Singapore,Hybrid,Senior,0,PhD,1
5318,Machine Learning Engineer,MNC,Finance,India,Hybrid,Mid,12,Master,1
5319,Machine Learning Engineer,MNC,Technology,Germany,Onsite,Senior,8,PhD,1
5320,AI Engineer,Enterprise,E-commerce,USA,Remote,Entry,11,PhD,1
5321,AI Engineer,Medium,E-commerce,India,Onsite,Entry,0,Master,1
5322,Data Analyst,Enterprise,Healthcare,UK,Onsite,Senior,9,Master,1
5323,AI Engineer,MNC,Education,UK,Hybrid,Entry,1,PhD,0
5324,Business Analyst,Startup,Technology,Canada,Onsite,Mid,5,PhD,1
5325,AI Engineer,MNC,Finance,Australia,Hybrid,Senior,9,PhD,0
5326,Data Analyst,MNC,Healthcare,UK,Remote,Mid,0,Bachelor,1
5327,AI Engineer,Startup,E-commerce,Singapore,Hybrid,Entry,8,PhD,0
5328,Business Analyst,Enterprise,Finance,UK,Remote,Entry,2,Master,1
5329,AI Engineer,MNC,Retail,Canada,Remote,Mid,12,PhD,0
5330,AI Engineer,Enterprise,E-commerce,Singapore,Hybrid,Senior,12,Master,0
5331,Data Analyst,Enterprise,Education,Germany,Remote,Entry,0,Master,1
5332,Data Engineer,Startup,Education,USA,Remote,Mid,0,PhD,0
5333,Data Engineer,Enterprise,E-commerce,USA,Hybrid,Senior,6,PhD,0
5334,AI Engineer,Enterprise,E-commerce,India,Onsite,Mid,13,PhD,1
5335,AI Engineer,Enterprise,E-commerce,Canada,Hybrid,Senior,10,PhD,0
5336,Data Engineer,Startup,Finance,Canada,Remote,Mid,6,Master,1
5337,Machine Learning Engineer,Medium,Education,Canada,Remote,Senior,6,PhD,0
5338,Business Analyst,Medium,Healthcare,India,Onsite,Mid,2,PhD,0
5339,Data Scientist,Medium,Finance,Australia,Remote,Mid,10,PhD,1
5340,Business Analyst,Medium,E-commerce,Canada,Remote,Entry,7,Bachelor,0
5341,Business Analyst,Medium,Finance,UK,Remote,Mid,10,Master,0
5342,Business Analyst,Medium,Technology,Canada,Onsite,Mid,14,Master,0
5343,Data Analyst,Startup,Education,USA,Remote,Mid,2,PhD,0
5344,Data Engineer,Enterprise,Finance,UK,Hybrid,Senior,7,PhD,0
5345,AI Engineer,Startup,Technology,Canada,Remote,Mid,1,PhD,0
5346,AI Engineer,Medium,Technology,Canada,Remote,Mid,13,PhD,1
5347,Business Analyst,Medium,Technology,Australia,Hybrid,Mid,8,PhD,1
5348,Data Scientist,MNC,Retail,Canada,Remote,Senior,14,Bachelor,0
5349,Data Analyst,Medium,E-commerce,India,Remote,Mid,13,Bachelor,1
5350,Business Analyst,Enterprise,Technology,Singapore,Onsite,Mid,1,PhD,1
5351,Data Engineer,Enterprise,Technology,Singapore,Hybrid,Mid,3,PhD,1
5352,Data Analyst,MNC,Education,Australia,Hybrid,Mid,10,Master,0
5353,Business Analyst,Medium,Retail,Canada,Remote,Entry,3,Master,0
5354,Data Analyst,Medium,Finance,USA,Onsite,Senior,3,Master,0
5355,Data Engineer,Enterprise,Healthcare,USA,Remote,Mid,4,PhD,1
5356,Business Analyst,MNC,Retail,USA,Onsite,Mid,2,Bachelor,1
5357,AI Engineer,Enterprise,Finance,Singapore,Onsite,Mid,14,PhD,0
5358,Machine Learning Engineer,Enterprise,Technology,Germany,Hybrid,Senior,11,Bachelor,0
5359,Data Engineer,Enterprise,Finance,India,Onsite,Senior,0,Bachelor,0
5360,Machine Learning Engineer,Enterprise,Technology,UK,Remote,Mid,14,Master,0
5361,Data Scientist,MNC,Retail,Canada,Onsite,Mid,2,Bachelor,1
5362,Data Engineer,Medium,Retail,USA,Hybrid,Mid,1,Bachelor,0
5363,Business Analyst,Medium,Healthcare,Canada,Hybrid,Mid,12,PhD,0
5364,Data Analyst,Startup,Retail,India,Hybrid,Mid,4,PhD,1
5365,Data Analyst,Startup,Retail,Singapore,Remote,Entry,12,PhD,1
5366,Data Analyst,Startup,Technology,India,Remote,Senior,3,Master,1
5367,Data Analyst,Startup,Retail,Germany,Remote,Mid,6,PhD,0
5368,Data Scientist,Startup,Healthcare,Singapore,Onsite,Mid,13,Bachelor,0
5369,Data Engineer,MNC,Technology,Canada,Remote,Senior,4,PhD,0
5370,Machine Learning Engineer,Medium,Healthcare,Germany,Remote,Senior,7,Master,0
5371,Data Engineer,Startup,E-commerce,Australia,Hybrid,Mid,12,PhD,1
5372,Business Analyst,Startup,Retail,Canada,Hybrid,Senior,7,Master,1
5373,AI Engineer,Startup,Retail,Australia,Remote,Mid,10,Bachelor,1
5374,Machine Learning Engineer,Enterprise,Healthcare,Singapore,Onsite,Mid,5,Master,0
5375,AI Engineer,Startup,Education,Germany,Hybrid,Entry,10,Bachelor,0
5376,Machine Learning Engineer,Startup,Technology,Canada,Onsite,Senior,12,Bachelor,1
5377,Data Scientist,MNC,Technology,Singapore,Remote,Mid,1,Master,1
5378,Machine Learning Engineer,Startup,Technology,Canada,Hybrid,Senior,3,Master,1
5379,Machine Learning Engineer,MNC,Healthcare,UK,Hybrid,Senior,4,Bachelor,0
5380,AI Engineer,Enterprise,Retail,Germany,Hybrid,Mid,1,PhD,0
5381,Machine Learning Engineer,Enterprise,Technology,India,Onsite,Mid,8,Master,0
5382,Data Scientist,MNC,Technology,Australia,Hybrid,Entry,7,PhD,1
5383,Business Analyst,MNC,Education,India,Onsite,Senior,1,PhD,1
5384,Data Analyst,MNC,Retail,Singapore,Onsite,Senior,9,Master,0
5385,Data Analyst,Startup,Technology,Singapore,Remote,Entry,2,PhD,1
5386,Machine Learning Engineer,Medium,Education,Germany,Remote,Entry,2,PhD,0
5387,Data Engineer,Startup,Education,UK,Onsite,Mid,5,Master,1
5388,Data Analyst,MNC,Healthcare,USA,Onsite,Mid,3,Bachelor,0
5389,Data Scientist,MNC,E-commerce,Australia,Hybrid,Entry,8,PhD,0
5390,Data Analyst,MNC,Healthcare,India,Onsite,Senior,10,Master,0
5391,Data Scientist,Enterprise,Technology,UK,Remote,Entry,6,Bachelor,0
5392,Business Analyst,Medium,Education,UK,Remote,Mid,1,PhD,1
5393,Data Engineer,MNC,E-commerce,Canada,Remote,Entry,4,Master,1
5394,Data Engineer,MNC,Education,India,Onsite,Senior,0,PhD,1
5395,Data Scientist,Startup,E-commerce,UK,Onsite,Senior,4,Master,1
5396,Machine Learning Engineer,Enterprise,Healthcare,Australia,Remote,Entry,5,Bachelor,0
5397,Data Analyst,Startup,Retail,Germany,Hybrid,Senior,11,PhD,0
5398,Data Engineer,Enterprise,Finance,Australia,Onsite,Entry,8,Master,0
5399,Data Scientist,Startup,E-commerce,Australia,Hybrid,Senior,9,Bachelor,1
5400,Data Engineer,Enterprise,Healthcare,Canada,Hybrid,Mid,11,PhD,0
5401,Data Scientist,Enterprise,Finance,UK,Onsite,Mid,3,Bachelor,0
5402,Data Engineer,Startup,Retail,UK,Onsite,Mid,9,Bachelor,0
5403,Data Analyst,Medium,Technology,USA,Remote,Senior,2,PhD,0
5404,AI Engineer,MNC,Technology,UK,Onsite,Entry,2,PhD,1
5405,Business Analyst,Medium,Education,Canada,Hybrid,Mid,13,Master,0
5406,Data Analyst,Enterprise,Finance,India,Onsite,Entry,13,Bachelor,0
5407,AI Engineer,MNC,Healthcare,Singapore,Hybrid,Entry,3,Master,1
5408,Data Analyst,Enterprise,Healthcare,Canada,Hybrid,Mid,7,PhD,0
5409,Data Scientist,Medium,Healthcare,Australia,Onsite,Senior,8,Bachelor,0
5410,Data Engineer,Enterprise,Finance,Singapore,Remote,Mid,11,PhD,0
5411,AI Engineer,Startup,Retail,India,Hybrid,Entry,3,Bachelor,0
5412,Business Analyst,Enterprise,Education,Singapore,Remote,Senior,8,Bachelor,0
5413,Machine Learning Engineer,Startup,Education,Australia,Hybrid,Senior,10,Master,0
5414,Business Analyst,Enterprise,Healthcare,Canada,Remote,Mid,6,PhD,1
5415,Machine Learning Engineer,Medium,Healthcare,India,Remote,Entry,5,PhD,1
5416,AI Engineer,Medium,Education,Singapore,Onsite,Senior,5,Master,1
5417,Data Engineer,Enterprise,Technology,Australia,Remote,Senior,9,Master,0
5418,Data Analyst,Startup,Healthcare,Australia,Hybrid,Mid,4,Bachelor,1
5419,Machine Learning Engineer,Enterprise,E-commerce,USA,Remote,Mid,1,Master,0
5420,Data Engineer,MNC,Education,Germany,Hybrid,Entry,9,Bachelor,0
5421,Data Analyst,Startup,Education,UK,Onsite,Entry,12,PhD,0
5422,Machine Learning Engineer,Startup,Education,Australia,Onsite,Mid,10,PhD,1
5423,Machine Learning Engineer,Enterprise,Education,Germany,Remote,Mid,12,Master,0
5424,Data Analyst,Startup,Healthcare,Australia,Remote,Senior,7,Master,1
5425,Data Scientist,Startup,E-commerce,Canada,Remote,Senior,4,PhD,0
5426,Data Analyst,Enterprise,Technology,India,Hybrid,Senior,10,Master,0
5427,Data Analyst,Medium,E-commerce,USA,Onsite,Senior,7,Master,1
5428,Business Analyst,MNC,Finance,India,Hybrid,Entry,1,PhD,0
5429,AI Engineer,Medium,Education,Singapore,Onsite,Mid,7,PhD,1
5430,Machine Learning Engineer,Medium,Healthcare,Singapore,Onsite,Senior,6,Master,0
5431,AI Engineer,Medium,Healthcare,UK,Hybrid,Mid,5,PhD,0
5432,Machine Learning Engineer,Startup,Education,Germany,Onsite,Mid,10,PhD,0
5433,Business Analyst,Startup,Technology,USA,Remote,Mid,9,Master,0
5434,Business Analyst,MNC,Education,Singapore,Remote,Entry,7,Bachelor,1
5435,Business Analyst,Startup,Technology,India,Hybrid,Senior,4,Bachelor,0
5436,Data Analyst,Startup,Technology,Germany,Remote,Senior,0,PhD,1
5437,Data Scientist,Startup,Finance,Australia,Hybrid,Entry,6,PhD,1
5438,Data Analyst,MNC,Retail,Australia,Onsite,Mid,8,Bachelor,0
5439,Data Analyst,MNC,Healthcare,UK,Hybrid,Entry,9,Master,0
5440,Machine Learning Engineer,Medium,Education,Germany,Onsite,Senior,6,PhD,1
5441,Data Engineer,Medium,Technology,Australia,Hybrid,Entry,7,Master,1
5442,AI Engineer,Medium,Retail,Australia,Hybrid,Entry,13,PhD,1
5443,Data Engineer,Medium,Technology,Canada,Onsite,Senior,9,PhD,1
5444,Business Analyst,Enterprise,Education,USA,Hybrid,Entry,5,Master,0
5445,Business Analyst,Enterprise,Finance,Singapore,Hybrid,Entry,3,PhD,1
5446,Data Analyst,MNC,Education,Canada,Onsite,Mid,9,Master,1
5447,Business Analyst,Medium,Healthcare,Germany,Remote,Mid,6,PhD,0
5448,Data Scientist,Medium,E-commerce,Australia,Hybrid,Senior,6,Master,0
5449,Business Analyst,Enterprise,Technology,USA,Remote,Entry,7,PhD,0
5450,Machine Learning Engineer,MNC,E-commerce,USA,Hybrid,Entry,8,PhD,0
5451,Machine Learning Engineer,MNC,Healthcare,Singapore,Onsite,Entry,4,Master,1
5452,Data Engineer,Startup,Technology,Singapore,Onsite,Mid,3,PhD,1
5453,Data Analyst,MNC,Healthcare,Singapore,Hybrid,Senior,4,Bachelor,0
5454,AI Engineer,Enterprise,E-commerce,UK,Remote,Entry,11,Master,0
5455,Machine Learning Engineer,Medium,Finance,UK,Remote,Senior,10,Bachelor,0
5456,Data Analyst,Medium,Technology,Canada,Remote,Entry,2,PhD,0
5457,Data Scientist,Medium,Retail,Canada,Remote,Senior,0,Bachelor,1
5458,Data Analyst,Enterprise,Retail,Germany,Hybrid,Senior,3,PhD,0
5459,Machine Learning Engineer,Medium,Finance,Canada,Hybrid,Entry,5,Bachelor,1
5460,Business Analyst,Medium,Finance,Singapore,Remote,Senior,7,Master,0
5461,Machine Learning Engineer,Startup,E-commerce,India,Remote,Entry,3,Bachelor,0
5462,AI Engineer,MNC,Education,UK,Remote,Entry,9,Bachelor,1
5463,Machine Learning Engineer,Startup,Technology,Germany,Onsite,Mid,11,Bachelor,0
5464,Business Analyst,MNC,Healthcare,USA,Onsite,Mid,3,Master,1
5465,Data Scientist,Enterprise,Technology,Australia,Hybrid,Senior,10,PhD,0
5466,Machine Learning Engineer,Medium,Healthcare,Canada,Onsite,Mid,12,PhD,1
5467,Machine Learning Engineer,Enterprise,Retail,USA,Onsite,Mid,1,Master,0
5468,Machine Learning Engineer,MNC,Healthcare,USA,Remote,Entry,8,Master,0
5469,Machine Learning Engineer,Medium,Retail,Singapore,Hybrid,Mid,7,Master,1
5470,AI Engineer,Medium,Retail,Australia,Onsite,Entry,4,Master,1
5471,AI Engineer,MNC,Finance,Australia,Hybrid,Entry,0,Bachelor,1
5472,AI Engineer,Startup,Technology,Singapore,Hybrid,Entry,4,Bachelor,1
5473,Data Scientist,Startup,E-commerce,India,Hybrid,Mid,8,Bachelor,0
5474,Machine Learning Engineer,MNC,Finance,Australia,Remote,Senior,12,Master,0
5475,Data Scientist,Medium,Technology,USA,Onsite,Entry,8,PhD,0
5476,AI Engineer,Medium,Healthcare,Germany,Onsite,Entry,5,Bachelor,1
5477,Machine Learning Engineer,Medium,Education,USA,Onsite,Mid,3,Bachelor,0
5478,Business Analyst,MNC,Technology,Singapore,Onsite,Mid,10,PhD,0
5479,Data Analyst,MNC,Healthcare,USA,Remote,Senior,4,Bachelor,1
5480,Business Analyst,Enterprise,Education,UK,Onsite,Mid,8,Master,0
5481,Data Scientist,MNC,E-commerce,Australia,Remote,Entry,2,Master,1
5482,AI Engineer,Medium,Finance,India,Hybrid,Mid,4,PhD,1
5483,Machine Learning Engineer,Startup,Retail,USA,Hybrid,Mid,12,Bachelor,1
5484,Data Analyst,Medium,Technology,Canada,Hybrid,Entry,11,Bachelor,0
5485,Data Engineer,Medium,Healthcare,Canada,Remote,Senior,14,PhD,1
5486,Machine Learning Engineer,Enterprise,Finance,Australia,Remote,Entry,5,Bachelor,0
5487,Data Scientist,Startup,Healthcare,Singapore,Hybrid,Senior,8,Master,1
5488,Data Scientist,MNC,Retail,USA,Remote,Senior,1,Bachelor,0
5489,Machine Learning Engineer,Medium,Healthcare,Germany,Hybrid,Mid,4,PhD,0
5490,Data Engineer,Startup,Healthcare,Australia,Onsite,Senior,11,PhD,0
5491,Data Engineer,Medium,Retail,USA,Onsite,Senior,5,Bachelor,0
5492,Data Scientist,Medium,E-commerce,Singapore,Onsite,Entry,12,Bachelor,1
5493,AI Engineer,MNC,E-commerce,Germany,Onsite,Entry,5,PhD,0
5494,Machine Learning Engineer,MNC,Retail,Canada,Onsite,Entry,0,Bachelor,1
5495,Business Analyst,Startup,Retail,India,Onsite,Entry,4,PhD,1
5496,AI Engineer,Startup,Healthcare,Germany,Hybrid,Entry,6,Master,1
5497,AI Engineer,MNC,Retail,Canada,Onsite,Entry,12,Master,1
5498,Data Analyst,Startup,Education,Canada,Hybrid,Senior,2,Master,1
5499,Data Scientist,Startup,Education,Australia,Onsite,Entry,8,PhD,1
5500,Machine Learning Engineer,Enterprise,Healthcare,India,Remote,Entry,2,Bachelor,0
5501,Business Analyst,Medium,Retail,Singapore,Remote,Mid,6,Master,0
5502,Data Scientist,Enterprise,Retail,India,Remote,Senior,1,PhD,1
5503,AI Engineer,MNC,Retail,Germany,Onsite,Senior,2,PhD,0
5504,Machine Learning Engineer,Medium,Technology,Australia,Onsite,Mid,3,Bachelor,0
5505,AI Engineer,MNC,Education,Singapore,Hybrid,Entry,12,PhD,0
5506,Data Analyst,Enterprise,E-commerce,USA,Hybrid,Entry,12,Bachelor,1
5507,Machine Learning Engineer,Enterprise,Healthcare,Australia,Onsite,Mid,9,Master,1
5508,Data Scientist,Medium,E-commerce,Canada,Onsite,Senior,6,Master,1
5509,Data Engineer,Enterprise,Healthcare,Singapore,Onsite,Senior,0,Bachelor,1
5510,AI Engineer,Medium,E-commerce,Germany,Hybrid,Entry,2,Bachelor,0
5511,Machine Learning Engineer,Medium,Finance,Germany,Onsite,Mid,13,Bachelor,1
5512,Data Engineer,Medium,Technology,Canada,Hybrid,Mid,12,Master,1
5513,Data Analyst,Medium,Finance,Singapore,Hybrid,Senior,14,Master,0
5514,Data Engineer,MNC,Healthcare,Singapore,Remote,Mid,9,Bachelor,1
5515,Data Scientist,Enterprise,E-commerce,UK,Hybrid,Entry,12,PhD,1
5516,Data Engineer,Medium,Finance,Australia,Remote,Mid,3,PhD,1
5517,Machine Learning Engineer,MNC,Retail,USA,Onsite,Mid,13,PhD,0
5518,Data Scientist,MNC,Healthcare,Germany,Hybrid,Mid,13,Bachelor,0
5519,Machine Learning Engineer,MNC,E-commerce,Canada,Remote,Mid,13,PhD,1
5520,Machine Learning Engineer,Medium,Finance,UK,Remote,Mid,2,PhD,1
5521,Business Analyst,MNC,E-commerce,USA,Onsite,Senior,7,Master,1
5522,Machine Learning Engineer,Medium,Retail,USA,Remote,Senior,1,PhD,0
5523,Business Analyst,MNC,E-commerce,India,Remote,Mid,5,Master,0
5524,Data Scientist,Startup,Finance,USA,Hybrid,Mid,7,Bachelor,0
5525,Data Scientist,Startup,Technology,UK,Onsite,Entry,9,Master,0
5526,AI Engineer,Medium,E-commerce,USA,Onsite,Mid,7,Bachelor,0
5527,Machine Learning Engineer,Enterprise,Healthcare,UK,Onsite,Senior,10,Master,1
5528,Data Engineer,Medium,Education,India,Onsite,Senior,12,Bachelor,1
5529,Data Engineer,Enterprise,Healthcare,USA,Remote,Entry,3,Bachelor,0
5530,Data Analyst,Medium,Technology,Germany,Onsite,Mid,0,PhD,1
5531,Data Engineer,MNC,Education,UK,Hybrid,Senior,13,Bachelor,1
5532,Data Analyst,Enterprise,Technology,Australia,Hybrid,Senior,1,Bachelor,1
5533,AI Engineer,Enterprise,Healthcare,Canada,Hybrid,Senior,14,PhD,1
5534,AI Engineer,Startup,Retail,Canada,Onsite,Senior,0,Bachelor,0
5535,AI Engineer,Startup,Technology,Singapore,Hybrid,Entry,9,Bachelor,1
5536,Data Analyst,MNC,Technology,Germany,Hybrid,Senior,4,PhD,0
5537,Data Scientist,Enterprise,Technology,Singapore,Onsite,Mid,10,Master,1
5538,Data Analyst,Enterprise,E-commerce,USA,Hybrid,Senior,10,Master,1
5539,Machine Learning Engineer,Startup,Retail,Canada,Remote,Entry,1,Master,1
5540,Data Analyst,Medium,Finance,Singapore,Hybrid,Entry,6,Master,0
5541,Machine Learning Engineer,Startup,Retail,Singapore,Hybrid,Senior,0,Master,1
5542,Data Analyst,Medium,E-commerce,USA,Hybrid,Entry,3,Master,0
5543,Data Engineer,Enterprise,Finance,UK,Remote,Senior,2,Master,1
5544,Business Analyst,MNC,Retail,India,Hybrid,Mid,7,Bachelor,1
5545,Data Scientist,MNC,Healthcare,USA,Onsite,Mid,6,Master,0
5546,Data Engineer,MNC,Technology,Canada,Onsite,Entry,12,PhD,1
5547,Data Engineer,Medium,E-commerce,Germany,Remote,Mid,2,PhD,0
5548,Data Engineer,Medium,Healthcare,Australia,Hybrid,Senior,11,Bachelor,1
5549,AI Engineer,Enterprise,Education,Australia,Onsite,Entry,10,PhD,1
5550,Business Analyst,MNC,Technology,UK,Onsite,Senior,11,Master,0
5551,Business Analyst,Medium,Healthcare,UK,Remote,Entry,12,Bachelor,0
5552,Business Analyst,Enterprise,E-commerce,Canada,Remote,Mid,1,PhD,1
5553,AI Engineer,MNC,E-commerce,India,Remote,Entry,8,Bachelor,1
5554,Data Scientist,Enterprise,Education,USA,Onsite,Senior,9,Bachelor,0
5555,Data Scientist,Startup,E-commerce,Germany,Remote,Entry,9,PhD,0
5556,Data Engineer,Startup,Education,USA,Hybrid,Entry,8,Master,0
5557,Data Engineer,MNC,Technology,Australia,Remote,Mid,9,Master,1
5558,Machine Learning Engineer,Enterprise,Healthcare,India,Hybrid,Entry,0,Master,0
5559,Business Analyst,MNC,E-commerce,UK,Hybrid,Senior,14,Bachelor,0
5560,Data Scientist,Medium,Retail,Singapore,Remote,Senior,2,Bachelor,0
5561,AI Engineer,Enterprise,Retail,Australia,Hybrid,Mid,8,PhD,0
5562,Data Scientist,MNC,Healthcare,Singapore,Remote,Mid,11,Master,1
5563,AI Engineer,Startup,Finance,UK,Remote,Mid,8,PhD,0
5564,Data Engineer,Startup,Technology,Australia,Onsite,Entry,9,PhD,0
5565,Machine Learning Engineer,Startup,Technology,Germany,Remote,Mid,8,Bachelor,1
5566,Data Engineer,MNC,Technology,Singapore,Remote,Entry,7,Bachelor,1
5567,AI Engineer,Startup,Finance,Germany,Hybrid,Entry,5,PhD,0
5568,AI Engineer,MNC,Finance,Canada,Onsite,Senior,4,Bachelor,1
5569,Data Engineer,Medium,Technology,Germany,Hybrid,Entry,3,Bachelor,1
5570,Data Engineer,Enterprise,Education,USA,Remote,Senior,3,Bachelor,0
5571,Machine Learning Engineer,Enterprise,Education,Canada,Onsite,Entry,9,Master,1
5572,AI Engineer,MNC,Finance,UK,Remote,Entry,2,PhD,1
5573,Machine Learning Engineer,Enterprise,E-commerce,India,Onsite,Senior,3,PhD,0
5574,Data Scientist,MNC,Education,USA,Onsite,Mid,3,PhD,1
5575,AI Engineer,Enterprise,Technology,India,Hybrid,Senior,11,Master,0
5576,AI Engineer,Startup,Healthcare,Germany,Hybrid,Entry,7,Master,1
5577,Data Scientist,MNC,Retail,Germany,Onsite,Mid,9,PhD,0
5578,Data Analyst,Medium,Finance,India,Hybrid,Mid,0,PhD,0
5579,Data Scientist,Medium,Healthcare,USA,Hybrid,Mid,10,PhD,0
5580,AI Engineer,Medium,Finance,India,Onsite,Entry,5,PhD,0
5581,Business Analyst,MNC,E-commerce,Australia,Hybrid,Mid,13,PhD,0
5582,Data Scientist,MNC,Finance,Singapore,Onsite,Mid,1,PhD,1
5583,Machine Learning Engineer,Startup,Retail,USA,Hybrid,Senior,6,PhD,1
5584,Data Scientist,Startup,Finance,Canada,Onsite,Senior,3,Master,0
5585,AI Engineer,Medium,Education,Singapore,Remote,Senior,14,Master,0
5586,Business Analyst,Startup,Finance,Germany,Remote,Entry,8,PhD,1
5587,Business Analyst,Startup,Finance,India,Remote,Entry,9,Master,0
5588,AI Engineer,Startup,Retail,UK,Onsite,Mid,3,Master,1
5589,Business Analyst,Startup,Education,UK,Remote,Entry,13,Bachelor,0
5590,Data Engineer,Startup,Finance,Germany,Onsite,Mid,13,PhD,1
5591,Data Engineer,Startup,Technology,UK,Onsite,Mid,14,PhD,1
5592,Data Engineer,Startup,E-commerce,Singapore,Onsite,Entry,2,Bachelor,1
5593,Data Scientist,Enterprise,Finance,Australia,Remote,Senior,4,Master,0
5594,AI Engineer,Startup,Retail,India,Hybrid,Entry,9,Bachelor,0
5595,AI Engineer,Medium,Healthcare,USA,Hybrid,Senior,0,Bachelor,0
5596,AI Engineer,MNC,Retail,India,Hybrid,Entry,14,Bachelor,1
5597,Data Engineer,Enterprise,E-commerce,Germany,Hybrid,Senior,11,PhD,1
5598,Data Scientist,Medium,Technology,Canada,Hybrid,Entry,10,PhD,1
5599,Data Scientist,Startup,Technology,Singapore,Hybrid,Mid,14,PhD,0
5600,Data Engineer,Enterprise,Education,UK,Hybrid,Mid,5,Bachelor,1
5601,Data Engineer,Startup,Education,Singapore,Hybrid,Senior,5,Bachelor,1
5602,Data Engineer,Startup,Healthcare,Singapore,Remote,Entry,7,Master,0
5603,AI Engineer,Enterprise,Finance,India,Remote,Senior,8,PhD,0
5604,AI Engineer,Startup,Retail,Australia,Hybrid,Mid,4,PhD,1
5605,Data Scientist,Enterprise,Technology,Singapore,Onsite,Entry,10,Bachelor,0
5606,Data Engineer,Enterprise,Healthcare,Australia,Remote,Entry,14,PhD,1
5607,Data Analyst,Enterprise,Healthcare,UK,Onsite,Senior,13,Master,0
5608,Business Analyst,Medium,Finance,UK,Hybrid,Mid,10,PhD,1
5609,Data Engineer,MNC,E-commerce,Germany,Hybrid,Entry,13,Bachelor,1
5610,Data Scientist,MNC,Education,India,Remote,Entry,10,Master,0
5611,Machine Learning Engineer,Enterprise,Retail,Germany,Hybrid,Entry,12,Bachelor,0
5612,AI Engineer,Enterprise,E-commerce,Singapore,Onsite,Mid,9,PhD,1
5613,Data Analyst,Medium,Retail,India,Remote,Entry,11,Bachelor,0
5614,Data Engineer,Medium,Technology,USA,Onsite,Entry,0,Bachelor,0
5615,Business Analyst,Startup,Healthcare,Canada,Onsite,Senior,5,Master,0
5616,Data Scientist,Medium,Education,USA,Hybrid,Mid,1,PhD,0
5617,AI Engineer,Medium,Education,Germany,Remote,Mid,10,PhD,1
5618,Machine Learning Engineer,Enterprise,Finance,USA,Onsite,Senior,2,Bachelor,1
5619,Business Analyst,Startup,E-commerce,Australia,Hybrid,Mid,11,Bachelor,1
5620,Data Engineer,Startup,Retail,Germany,Remote,Mid,9,Bachelor,0
5621,Data Analyst,Startup,Technology,USA,Hybrid,Entry,12,PhD,0
5622,Data Engineer,MNC,E-commerce,Canada,Hybrid,Senior,5,Master,0
5623,Data Scientist,MNC,Education,Canada,Remote,Entry,2,Bachelor,1
5624,Business Analyst,Startup,Retail,Singapore,Hybrid,Entry,2,Master,1
5625,Data Analyst,Enterprise,Retail,Singapore,Remote,Mid,9,PhD,1
5626,Data Scientist,Enterprise,Technology,Australia,Remote,Senior,9,PhD,0
5627,Data Scientist,Enterprise,Finance,India,Hybrid,Senior,5,Bachelor,1
5628,Data Analyst,Startup,Retail,USA,Onsite,Entry,4,PhD,0
5629,Business Analyst,Medium,E-commerce,India,Onsite,Mid,2,Master,0
5630,Business Analyst,MNC,Education,UK,Remote,Senior,5,PhD,1
5631,Machine Learning Engineer,Medium,Retail,UK,Hybrid,Entry,12,PhD,0
5632,Data Engineer,Startup,Technology,Germany,Onsite,Entry,13,Master,0
5633,AI Engineer,Startup,Technology,UK,Remote,Senior,9,PhD,0
5634,Data Engineer,Startup,Technology,Singapore,Onsite,Senior,11,PhD,0
5635,Machine Learning Engineer,Startup,Healthcare,UK,Remote,Entry,14,Bachelor,1
5636,Machine Learning Engineer,Startup,Technology,USA,Onsite,Senior,3,PhD,0
5637,Data Analyst,MNC,Finance,UK,Remote,Entry,5,Master,0
5638,AI Engineer,Startup,Retail,Germany,Remote,Mid,0,PhD,1
5639,Business Analyst,Enterprise,Technology,Germany,Onsite,Mid,2,Master,1
5640,Data Scientist,Startup,Retail,India,Hybrid,Entry,11,PhD,0
5641,Data Engineer,Enterprise,Healthcare,Singapore,Hybrid,Senior,2,PhD,1
5642,Data Engineer,Medium,Education,Canada,Hybrid,Entry,8,PhD,0
5643,Machine Learning Engineer,Medium,Education,Germany,Hybrid,Mid,3,Master,1
5644,Data Engineer,Enterprise,Education,USA,Hybrid,Entry,6,Master,1
5645,AI Engineer,MNC,E-commerce,Singapore,Hybrid,Mid,6,Master,1
5646,Machine Learning Engineer,Medium,E-commerce,India,Remote,Mid,0,Bachelor,0
5647,Data Analyst,Enterprise,Technology,Germany,Hybrid,Senior,8,Master,1
5648,Business Analyst,MNC,Retail,Singapore,Hybrid,Mid,12,Master,0
5649,Machine Learning Engineer,Startup,Retail,Singapore,Remote,Senior,2,Master,1
5650,Data Analyst,Medium,Retail,Canada,Hybrid,Senior,10,Master,1
5651,Data Scientist,Enterprise,Technology,India,Remote,Mid,10,Bachelor,1
5652,AI Engineer,Enterprise,E-commerce,USA,Remote,Entry,5,Master,0
5653,Data Analyst,Medium,E-commerce,India,Remote,Entry,3,PhD,0
5654,Machine Learning Engineer,Enterprise,E-commerce,Germany,Hybrid,Entry,3,Bachelor,1
5655,Machine Learning Engineer,Startup,Education,USA,Remote,Senior,1,Master,1
5656,AI Engineer,Medium,Healthcare,USA,Remote,Entry,11,Bachelor,0
5657,Business Analyst,MNC,E-commerce,India,Hybrid,Mid,12,PhD,0
5658,Machine Learning Engineer,Enterprise,Retail,India,Onsite,Senior,8,PhD,1
5659,Machine Learning Engineer,Startup,Education,Australia,Onsite,Senior,9,Master,1
5660,Data Scientist,Medium,Healthcare,India,Onsite,Entry,10,Master,1
5661,Data Scientist,MNC,E-commerce,USA,Onsite,Mid,9,Bachelor,1
5662,Business Analyst,Medium,Retail,India,Remote,Mid,9,Master,1
5663,Data Scientist,Enterprise,Finance,Canada,Onsite,Senior,1,PhD,1
5664,Data Engineer,Medium,E-commerce,USA,Onsite,Senior,2,PhD,0
5665,Data Analyst,Enterprise,Technology,Australia,Hybrid,Entry,6,Bachelor,0
5666,Business Analyst,Startup,Healthcare,Singapore,Onsite,Mid,9,PhD,1
5667,AI Engineer,Enterprise,Healthcare,Singapore,Hybrid,Senior,7,PhD,1
5668,Data Engineer,Enterprise,E-commerce,USA,Hybrid,Senior,13,Bachelor,1
5669,Business Analyst,Medium,Retail,Singapore,Onsite,Entry,5,PhD,1
5670,Data Engineer,Startup,Education,UK,Onsite,Mid,3,Master,0
5671,Machine Learning Engineer,MNC,Education,Singapore,Hybrid,Senior,13,PhD,1
5672,AI Engineer,Startup,Finance,Germany,Remote,Senior,8,PhD,0
5673,Machine Learning Engineer,Medium,Retail,UK,Hybrid,Entry,8,Master,1
5674,Data Analyst,Enterprise,Finance,Canada,Remote,Mid,0,PhD,1
5675,Data Scientist,MNC,Education,Germany,Onsite,Entry,0,Master,1
5676,Data Analyst,Medium,Education,Australia,Remote,Entry,1,Master,0
5677,Business Analyst,MNC,Education,Germany,Hybrid,Mid,11,Master,0
5678,AI Engineer,Medium,Healthcare,Singapore,Onsite,Entry,4,Bachelor,1
5679,Data Analyst,Startup,Education,Australia,Remote,Senior,12,Bachelor,1
5680,Business Analyst,Startup,Retail,Singapore,Hybrid,Senior,14,Bachelor,1
5681,Data Analyst,Startup,Retail,UK,Onsite,Mid,2,PhD,1
5682,Machine Learning Engineer,MNC,E-commerce,Germany,Hybrid,Senior,7,PhD,0
5683,Data Analyst,MNC,Healthcare,UK,Onsite,Senior,13,Bachelor,0
5684,Data Analyst,Startup,E-commerce,Germany,Hybrid,Senior,8,Master,0
5685,AI Engineer,Medium,Retail,USA,Remote,Senior,0,Bachelor,1
5686,Data Engineer,Startup,Retail,Germany,Hybrid,Mid,11,PhD,1
5687,Machine Learning Engineer,Enterprise,Technology,Germany,Hybrid,Entry,11,Master,1
5688,Machine Learning Engineer,MNC,Finance,USA,Remote,Mid,13,PhD,0
5689,Business Analyst,Enterprise,Finance,Germany,Remote,Senior,9,PhD,1
5690,Data Engineer,Enterprise,Technology,Germany,Remote,Entry,11,PhD,0
5691,Data Engineer,MNC,Retail,Australia,Onsite,Senior,12,Master,1
5692,Machine Learning Engineer,Enterprise,Retail,Canada,Remote,Entry,7,Bachelor,1
5693,AI Engineer,Startup,Healthcare,Germany,Remote,Senior,12,Master,1
5694,Data Scientist,MNC,Retail,USA,Remote,Mid,1,PhD,1
5695,Data Analyst,MNC,Healthcare,UK,Hybrid,Senior,12,PhD,0
5696,Machine Learning Engineer,Medium,Retail,India,Hybrid,Mid,13,PhD,1
5697,Machine Learning Engineer,Enterprise,Healthcare,Germany,Onsite,Entry,4,Master,0
5698,Machine Learning Engineer,Enterprise,Healthcare,Germany,Onsite,Entry,12,PhD,0
5699,Data Analyst,Startup,Education,Germany,Hybrid,Senior,3,Bachelor,1
5700,AI Engineer,Medium,Finance,Singapore,Remote,Senior,12,Bachelor,1
5701,Data Scientist,Startup,E-commerce,India,Remote,Mid,0,Bachelor,1
5702,AI Engineer,Enterprise,E-commerce,Singapore,Hybrid,Senior,11,Bachelor,1
5703,Data Scientist,Startup,Education,Australia,Remote,Senior,10,Bachelor,1
5704,Business Analyst,Enterprise,Education,Germany,Remote,Senior,14,Master,0
5705,Business Analyst,Enterprise,Finance,Germany,Onsite,Mid,12,Master,0
5706,AI Engineer,MNC,E-commerce,USA,Onsite,Senior,11,PhD,0
5707,Data Engineer,Medium,Retail,Singapore,Hybrid,Entry,12,Bachelor,0
5708,AI Engineer,Medium,Education,Australia,Onsite,Mid,2,Master,1
5709,Data Scientist,Medium,Finance,USA,Onsite,Senior,3,Master,1
5710,AI Engineer,Enterprise,Healthcare,UK,Remote,Entry,13,PhD,1
5711,Data Scientist,Enterprise,Healthcare,Germany,Remote,Entry,4,PhD,1
5712,AI Engineer,MNC,Education,Australia,Onsite,Entry,2,Bachelor,1
5713,Data Scientist,Medium,Technology,USA,Hybrid,Mid,2,Master,1
5714,Business Analyst,Startup,Finance,Australia,Onsite,Senior,14,Bachelor,1
5715,Data Analyst,Startup,Technology,USA,Onsite,Entry,13,Bachelor,0
5716,Data Engineer,Medium,Finance,USA,Remote,Senior,7,PhD,0
5717,Business Analyst,Enterprise,Retail,India,Onsite,Senior,8,Master,0
5718,AI Engineer,Medium,Retail,Singapore,Remote,Mid,0,Master,0
5719,Data Analyst,Medium,Healthcare,India,Hybrid,Mid,13,Master,1
5720,AI Engineer,Medium,Education,UK,Remote,Mid,7,PhD,0
5721,Data Scientist,Medium,Technology,UK,Remote,Senior,5,PhD,0
5722,Business Analyst,Startup,Finance,Canada,Hybrid,Mid,14,PhD,1
5723,Data Scientist,Medium,Retail,Canada,Onsite,Mid,11,Bachelor,0
5724,Business Analyst,Medium,Retail,USA,Hybrid,Entry,2,Master,1
5725,AI Engineer,MNC,Technology,Singapore,Onsite,Mid,0,Bachelor,1
5726,Data Analyst,Startup,Healthcare,Germany,Hybrid,Entry,3,Master,1
5727,Data Engineer,Medium,Healthcare,India,Hybrid,Entry,14,PhD,0
5728,Data Scientist,Startup,Technology,India,Hybrid,Mid,9,PhD,1
5729,Data Scientist,Startup,Technology,UK,Remote,Mid,5,PhD,0
5730,Data Analyst,MNC,Retail,India,Onsite,Mid,13,Master,0
5731,Data Engineer,MNC,Technology,Australia,Hybrid,Entry,6,Master,0
5732,Data Scientist,MNC,Finance,UK,Remote,Senior,1,Master,0
5733,Data Analyst,Enterprise,Technology,Singapore,Remote,Senior,10,Master,0
5734,Business Analyst,Medium,Education,India,Remote,Mid,4,Bachelor,0
5735,AI Engineer,Medium,Technology,USA,Onsite,Entry,7,PhD,1
5736,Data Engineer,Enterprise,Education,Canada,Hybrid,Senior,8,Bachelor,0
5737,Machine Learning Engineer,Enterprise,Education,Germany,Onsite,Senior,5,Bachelor,0
5738,Business Analyst,Medium,Education,Australia,Remote,Senior,3,PhD,0
5739,AI Engineer,Enterprise,Healthcare,UK,Onsite,Mid,13,PhD,0
5740,Data Engineer,Startup,Healthcare,Canada,Onsite,Mid,3,Bachelor,1
5741,Data Scientist,Enterprise,Finance,Germany,Remote,Senior,7,Bachelor,1
5742,Data Analyst,Enterprise,Healthcare,Singapore,Hybrid,Entry,4,PhD,1
5743,Data Engineer,Enterprise,Healthcare,India,Remote,Entry,2,PhD,0
5744,Data Analyst,Enterprise,E-commerce,Australia,Onsite,Senior,12,PhD,0
5745,AI Engineer,Medium,Education,UK,Hybrid,Mid,4,Master,1
5746,Machine Learning Engineer,Startup,Retail,Singapore,Onsite,Entry,14,Master,1
5747,Data Scientist,Startup,Education,Singapore,Remote,Senior,5,Master,0
5748,Machine Learning Engineer,Enterprise,Healthcare,Canada,Remote,Mid,12,PhD,1
5749,Data Scientist,Medium,E-commerce,USA,Onsite,Entry,5,Bachelor,1
5750,Data Analyst,Enterprise,E-commerce,Germany,Remote,Mid,10,PhD,0
5751,Data Analyst,Enterprise,Retail,UK,Hybrid,Mid,2,Bachelor,1
5752,Machine Learning Engineer,MNC,E-commerce,Singapore,Hybrid,Mid,4,PhD,0
5753,AI Engineer,MNC,Healthcare,Germany,Onsite,Mid,4,Bachelor,1
5754,Business Analyst,Medium,E-commerce,India,Hybrid,Mid,11,PhD,0
5755,Business Analyst,Startup,Retail,India,Remote,Senior,2,Bachelor,1
5756,Machine Learning Engineer,Startup,Education,UK,Onsite,Senior,10,Master,0
5757,Data Scientist,Medium,Finance,Australia,Hybrid,Senior,4,Bachelor,1
5758,AI Engineer,Enterprise,Healthcare,Singapore,Hybrid,Entry,9,PhD,1
5759,Business Analyst,Enterprise,Education,Germany,Hybrid,Entry,7,PhD,0
5760,Data Engineer,Startup,E-commerce,India,Hybrid,Mid,5,Bachelor,0
5761,Data Analyst,MNC,E-commerce,India,Hybrid,Entry,0,Master,1
5762,Machine Learning Engineer,Medium,Finance,Australia,Hybrid,Mid,0,Master,0
5763,Data Engineer,Enterprise,Technology,Australia,Hybrid,Entry,3,Bachelor,0
5764,AI Engineer,Startup,Education,India,Onsite,Senior,1,Master,0
5765,Data Analyst,Startup,Technology,USA,Onsite,Mid,0,Master,1
5766,AI Engineer,Medium,Finance,Germany,Hybrid,Senior,4,PhD,0
5767,Data Engineer,Enterprise,Healthcare,Singapore,Onsite,Mid,1,PhD,1
5768,AI Engineer,Enterprise,Healthcare,Australia,Remote,Entry,13,Master,1
5769,AI Engineer,Startup,Retail,Canada,Remote,Senior,13,PhD,1
5770,Business Analyst,Startup,Healthcare,USA,Remote,Mid,3,Bachelor,1
5771,Data Analyst,Medium,Healthcare,Germany,Hybrid,Entry,5,PhD,0
5772,Data Analyst,MNC,Healthcare,Australia,Remote,Senior,6,PhD,1
5773,AI Engineer,Medium,Technology,USA,Remote,Entry,4,Bachelor,1
5774,Data Analyst,Enterprise,Healthcare,USA,Onsite,Senior,10,Bachelor,1
5775,Machine Learning Engineer,Startup,E-commerce,Singapore,Onsite,Mid,10,PhD,1
5776,Data Analyst,Medium,Technology,Canada,Remote,Senior,6,Bachelor,1
5777,Machine Learning Engineer,MNC,Finance,Australia,Onsite,Senior,8,Master,0
5778,Data Scientist,Enterprise,Healthcare,Germany,Onsite,Entry,13,PhD,1
5779,Data Scientist,Startup,Healthcare,Germany,Remote,Entry,11,Bachelor,0
5780,Data Analyst,Enterprise,Healthcare,India,Remote,Mid,0,Master,1
5781,Data Scientist,Startup,Finance,India,Onsite,Mid,13,Master,0
5782,Data Analyst,MNC,Retail,Singapore,Onsite,Entry,14,PhD,0
5783,Business Analyst,Medium,Education,Germany,Hybrid,Senior,8,PhD,0
5784,AI Engineer,Enterprise,Education,Canada,Onsite,Mid,13,Bachelor,0
5785,Data Engineer,Startup,Technology,Australia,Hybrid,Senior,6,Bachelor,1
5786,Business Analyst,Enterprise,Healthcare,Canada,Remote,Mid,4,Master,0
5787,Data Scientist,Startup,Technology,USA,Hybrid,Senior,0,PhD,0
5788,Data Engineer,Medium,Education,Germany,Remote,Mid,1,PhD,1
5789,Machine Learning Engineer,Startup,Finance,India,Onsite,Mid,5,PhD,1
5790,Business Analyst,Medium,Education,India,Onsite,Entry,8,Bachelor,0
5791,Data Engineer,MNC,Healthcare,USA,Onsite,Mid,9,Master,0
5792,Machine Learning Engineer,Startup,Education,UK,Remote,Mid,3,Master,1
5793,AI Engineer,Enterprise,E-commerce,Singapore,Hybrid,Entry,10,Master,1
5794,Data Engineer,MNC,E-commerce,Australia,Hybrid,Mid,7,Bachelor,0
5795,Data Scientist,Enterprise,Finance,USA,Remote,Senior,9,Master,0
5796,Data Engineer,Startup,Healthcare,India,Onsite,Mid,3,PhD,0
5797,Data Analyst,Enterprise,Education,Canada,Onsite,Entry,9,Bachelor,1
5798,AI Engineer,Medium,Finance,Singapore,Remote,Entry,2,Master,0
5799,Business Analyst,MNC,Retail,USA,Hybrid,Mid,5,PhD,1
5800,Data Scientist,Enterprise,E-commerce,Australia,Hybrid,Mid,13,Master,0
5801,Machine Learning Engineer,Enterprise,E-commerce,Singapore,Onsite,Senior,7,Bachelor,0
5802,Data Engineer,Startup,Healthcare,India,Hybrid,Entry,1,PhD,0
5803,Data Analyst,Startup,E-commerce,Canada,Onsite,Entry,13,PhD,0
5804,Data Scientist,Startup,Retail,Germany,Remote,Entry,10,PhD,0
5805,AI Engineer,Startup,Healthcare,UK,Remote,Senior,6,PhD,0
5806,Machine Learning Engineer,MNC,Retail,Germany,Hybrid,Senior,9,Master,1
5807,Data Scientist,Enterprise,Technology,Canada,Hybrid,Mid,1,Master,0
5808,AI Engineer,Medium,Education,Singapore,Onsite,Senior,11,Master,0
5809,Data Analyst,Startup,Education,Germany,Remote,Entry,2,PhD,1
5810,Data Engineer,Enterprise,Technology,India,Onsite,Mid,0,PhD,0
5811,Data Analyst,MNC,Healthcare,Canada,Hybrid,Senior,12,Master,1
5812,Machine Learning Engineer,Medium,Finance,Germany,Remote,Entry,13,Bachelor,1
5813,Data Scientist,Enterprise,Education,Germany,Hybrid,Entry,11,PhD,1
5814,Data Engineer,MNC,Retail,Australia,Remote,Senior,11,Bachelor,0
5815,Data Analyst,Startup,E-commerce,Singapore,Hybrid,Senior,11,PhD,1
5816,Data Analyst,Enterprise,E-commerce,Canada,Remote,Senior,2,Bachelor,1
5817,AI Engineer,MNC,Technology,India,Onsite,Mid,13,Bachelor,0
5818,Data Scientist,Enterprise,Technology,USA,Hybrid,Entry,9,PhD,0
5819,Machine Learning Engineer,Medium,Retail,Germany,Remote,Senior,10,PhD,1
5820,AI Engineer,Medium,Technology,India,Remote,Mid,5,Master,1
5821,Machine Learning Engineer,Enterprise,Healthcare,Canada,Remote,Mid,3,PhD,0
5822,Business Analyst,Medium,Retail,USA,Remote,Senior,4,Master,1
5823,Data Analyst,Medium,E-commerce,Germany,Remote,Senior,11,Bachelor,1
5824,Data Analyst,MNC,Technology,Australia,Hybrid,Entry,9,Bachelor,1
5825,Data Scientist,MNC,Education,Australia,Hybrid,Mid,2,Master,1
5826,Machine Learning Engineer,Enterprise,E-commerce,USA,Onsite,Senior,11,PhD,0
5827,Data Engineer,Startup,Finance,Germany,Hybrid,Senior,2,PhD,1
5828,AI Engineer,Medium,Healthcare,Singapore,Onsite,Senior,14,Master,1
5829,Data Analyst,Medium,Finance,Australia,Hybrid,Mid,6,PhD,1
5830,Data Scientist,Startup,Education,Germany,Remote,Mid,0,Bachelor,1
5831,Business Analyst,Startup,Finance,Canada,Hybrid,Senior,11,Bachelor,1
5832,Machine Learning Engineer,Startup,Retail,USA,Hybrid,Mid,14,Bachelor,0
5833,Machine Learning Engineer,MNC,Education,Canada,Remote,Entry,4,PhD,1
5834,AI Engineer,Startup,E-commerce,USA,Remote,Senior,4,Master,0
5835,Data Scientist,Medium,Technology,Singapore,Onsite,Mid,12,Master,1
5836,Business Analyst,Enterprise,E-commerce,USA,Onsite,Mid,2,Bachelor,0
5837,Data Engineer,Enterprise,Healthcare,Canada,Remote,Entry,0,PhD,0
5838,Data Analyst,MNC,Healthcare,USA,Onsite,Senior,14,Master,1
5839,Machine Learning Engineer,Enterprise,Retail,USA,Hybrid,Mid,10,PhD,1
5840,Data Engineer,Enterprise,Education,Canada,Hybrid,Entry,10,Bachelor,0
5841,Data Scientist,Medium,E-commerce,Singapore,Onsite,Mid,14,Master,1
5842,Machine Learning Engineer,MNC,Finance,Singapore,Hybrid,Senior,4,Bachelor,1
5843,Data Analyst,Enterprise,Education,USA,Remote,Senior,9,PhD,1
5844,Data Analyst,Enterprise,Finance,UK,Hybrid,Entry,7,Master,0
5845,Business Analyst,MNC,Retail,India,Hybrid,Senior,11,PhD,0
5846,Machine Learning Engineer,MNC,Retail,Australia,Onsite,Entry,0,Master,1
5847,Business Analyst,Medium,Finance,Canada,Remote,Senior,14,PhD,0
5848,Data Analyst,Startup,E-commerce,Canada,Hybrid,Entry,9,Bachelor,1
5849,Business Analyst,Startup,Finance,Singapore,Onsite,Mid,3,PhD,1
5850,Data Analyst,MNC,Finance,India,Onsite,Entry,6,PhD,0
5851,AI Engineer,Startup,Retail,USA,Remote,Entry,2,Bachelor,0
5852,Machine Learning Engineer,Startup,Retail,UK,Hybrid,Senior,11,PhD,0
5853,Machine Learning Engineer,Startup,E-commerce,Singapore,Onsite,Senior,14,PhD,0
5854,Data Scientist,Enterprise,Retail,India,Hybrid,Entry,6,Master,1
5855,Data Scientist,Medium,Education,USA,Onsite,Senior,7,Master,0
5856,Data Engineer,Medium,Retail,Germany,Onsite,Mid,14,Master,1
5857,Business Analyst,MNC,E-commerce,Germany,Onsite,Senior,7,Master,1
5858,Data Engineer,Startup,Finance,USA,Hybrid,Senior,8,Bachelor,1
5859,Data Analyst,MNC,Finance,UK,Onsite,Mid,5,PhD,1
5860,Machine Learning Engineer,Startup,E-commerce,UK,Hybrid,Senior,6,PhD,0
5861,Data Scientist,MNC,Healthcare,Australia,Hybrid,Senior,13,PhD,1
5862,Business Analyst,Startup,Healthcare,India,Hybrid,Senior,14,PhD,1
5863,Business Analyst,Startup,Technology,Germany,Hybrid,Senior,6,PhD,0
5864,AI Engineer,Startup,Retail,Canada,Remote,Senior,6,Master,0
5865,Data Analyst,Medium,Technology,USA,Onsite,Entry,1,PhD,1
5866,Machine Learning Engineer,MNC,Education,Singapore,Hybrid,Senior,5,Bachelor,0
5867,AI Engineer,MNC,Finance,USA,Hybrid,Entry,11,Master,1
5868,Data Scientist,Medium,Education,USA,Remote,Senior,0,Bachelor,0
5869,Data Engineer,Startup,E-commerce,USA,Remote,Mid,4,PhD,1
5870,Machine Learning Engineer,MNC,Healthcare,Canada,Remote,Senior,3,Bachelor,0
5871,Business Analyst,MNC,Education,USA,Remote,Entry,11,Bachelor,0
5872,Machine Learning Engineer,Enterprise,E-commerce,Singapore,Remote,Senior,4,Master,1
5873,Business Analyst,Enterprise,Retail,USA,Remote,Mid,12,Master,0
5874,AI Engineer,MNC,Technology,Australia,Remote,Entry,14,Master,0
5875,Machine Learning Engineer,MNC,Education,Germany,Onsite,Entry,9,Master,1
5876,AI Engineer,MNC,Finance,India,Onsite,Mid,6,PhD,1
5877,AI Engineer,Startup,Finance,Singapore,Hybrid,Entry,0,Bachelor,0
5878,AI Engineer,MNC,Technology,India,Onsite,Senior,12,Bachelor,0
5879,Business Analyst,Enterprise,Retail,Singapore,Hybrid,Senior,7,Master,1
5880,Machine Learning Engineer,Medium,Healthcare,Canada,Remote,Entry,8,Master,0
5881,Machine Learning Engineer,Medium,Technology,Canada,Hybrid,Senior,5,PhD,1
5882,Data Engineer,Enterprise,Retail,Canada,Remote,Entry,6,Master,0
5883,Data Analyst,Enterprise,Finance,Singapore,Onsite,Entry,8,Master,1
5884,Data Analyst,Medium,Technology,Canada,Hybrid,Entry,12,Bachelor,0
5885,Business Analyst,Startup,Education,USA,Hybrid,Entry,13,PhD,0
5886,Data Engineer,Enterprise,Healthcare,Germany,Remote,Mid,1,PhD,0
5887,Data Engineer,Startup,E-commerce,Australia,Hybrid,Mid,0,Bachelor,1
5888,Data Analyst,MNC,E-commerce,Canada,Hybrid,Senior,6,PhD,1
5889,Data Scientist,Startup,E-commerce,UK,Onsite,Mid,0,PhD,0
5890,Machine Learning Engineer,Enterprise,Education,Canada,Hybrid,Mid,10,PhD,0
5891,Data Analyst,MNC,Healthcare,Singapore,Hybrid,Entry,9,Master,0
5892,Business Analyst,Medium,Finance,Singapore,Remote,Senior,0,PhD,1
5893,Business Analyst,MNC,Finance,Singapore,Hybrid,Mid,11,PhD,1
5894,Business Analyst,MNC,Finance,Singapore,Onsite,Mid,5,PhD,0
5895,Data Scientist,Medium,Finance,Singapore,Hybrid,Senior,14,PhD,0
5896,Data Analyst,Startup,Retail,USA,Onsite,Mid,11,Bachelor,1
5897,Machine Learning Engineer,MNC,Technology,Germany,Onsite,Entry,9,Master,0
5898,Data Analyst,Medium,Finance,Australia,Hybrid,Senior,5,Master,0
5899,Data Analyst,MNC,Finance,Australia,Remote,Entry,5,Master,0
5900,Machine Learning Engineer,MNC,Healthcare,UK,Onsite,Entry,7,Bachelor,1
5901,Data Scientist,Startup,Healthcare,Australia,Remote,Mid,14,Master,1
5902,Machine Learning Engineer,MNC,Technology,Australia,Remote,Entry,3,Master,0
5903,Machine Learning Engineer,Medium,Healthcare,UK,Onsite,Senior,11,Bachelor,0
5904,AI Engineer,Enterprise,Education,Canada,Remote,Entry,4,Bachelor,1
5905,Data Engineer,Medium,Retail,India,Remote,Mid,7,Master,1
5906,Data Analyst,MNC,Education,Canada,Hybrid,Entry,6,Master,1
5907,Business Analyst,Startup,Finance,UK,Onsite,Senior,0,Master,0
5908,Data Engineer,Medium,Technology,Singapore,Remote,Senior,4,Bachelor,0
5909,Data Analyst,Enterprise,Healthcare,UK,Onsite,Mid,12,Master,1
5910,Business Analyst,MNC,E-commerce,UK,Onsite,Senior,2,Master,1
5911,Data Analyst,MNC,Healthcare,Germany,Remote,Mid,11,PhD,1
5912,Machine Learning Engineer,Medium,Technology,India,Remote,Senior,3,Master,1
5913,Business Analyst,Medium,Healthcare,Germany,Onsite,Senior,8,Master,0
5914,Data Analyst,Enterprise,Education,USA,Hybrid,Entry,5,PhD,1
5915,Machine Learning Engineer,Medium,Education,India,Remote,Entry,1,Master,1
5916,Data Scientist,Medium,Healthcare,Canada,Remote,Senior,11,Master,1
5917,Data Engineer,Startup,E-commerce,UK,Onsite,Mid,6,Master,0
5918,Machine Learning Engineer,Enterprise,Retail,USA,Remote,Senior,4,Bachelor,0
5919,Data Scientist,Medium,Retail,UK,Onsite,Entry,3,PhD,0
5920,Data Scientist,MNC,Education,UK,Hybrid,Mid,1,Master,0
5921,Machine Learning Engineer,Enterprise,Retail,Germany,Hybrid,Mid,9,Bachelor,0
5922,Data Scientist,Medium,E-commerce,Singapore,Onsite,Senior,8,Master,0
5923,AI Engineer,MNC,Finance,Australia,Remote,Mid,5,Master,0
5924,Data Engineer,Medium,Healthcare,UK,Hybrid,Entry,4,Bachelor,0
5925,AI Engineer,MNC,Technology,USA,Onsite,Mid,7,Bachelor,1
5926,Business Analyst,Medium,E-commerce,Canada,Remote,Entry,12,PhD,1
5927,AI Engineer,Medium,Education,Singapore,Onsite,Mid,5,PhD,1
5928,Business Analyst,Startup,Retail,UK,Onsite,Senior,2,Master,0
5929,AI Engineer,Medium,E-commerce,UK,Onsite,Entry,14,Bachelor,0
5930,AI Engineer,Startup,Finance,USA,Onsite,Entry,6,PhD,1
5931,Data Analyst,Startup,Healthcare,Australia,Remote,Mid,9,PhD,1
5932,Data Scientist,Startup,Healthcare,USA,Remote,Mid,5,Bachelor,0
5933,Data Engineer,Startup,Technology,Germany,Onsite,Entry,7,Master,1
5934,Business Analyst,Medium,Healthcare,Germany,Remote,Entry,11,PhD,0
5935,AI Engineer,Startup,E-commerce,Australia,Remote,Senior,9,PhD,0
5936,Data Scientist,Enterprise,Healthcare,India,Hybrid,Entry,6,PhD,0
5937,Data Scientist,Medium,Education,USA,Remote,Senior,14,Master,0
5938,Data Engineer,Enterprise,Education,Australia,Hybrid,Senior,0,Bachelor,0
5939,AI Engineer,Enterprise,Education,Singapore,Hybrid,Senior,6,Master,0
5940,Data Analyst,Enterprise,Education,USA,Remote,Entry,8,Bachelor,0
5941,Data Engineer,Startup,Healthcare,UK,Onsite,Senior,9,Master,1
5942,Data Scientist,Startup,Finance,Australia,Remote,Entry,7,Master,0
5943,Data Engineer,MNC,Retail,India,Remote,Mid,5,Bachelor,1
5944,Data Scientist,Medium,Technology,Singapore,Onsite,Senior,14,PhD,1
5945,Data Scientist,Startup,Retail,Singapore,Remote,Mid,0,Bachelor,0
5946,Data Scientist,Enterprise,Education,UK,Onsite,Senior,10,Master,1
5947,Machine Learning Engineer,MNC,Technology,India,Hybrid,Senior,14,Bachelor,1
5948,AI Engineer,Enterprise,Finance,UK,Hybrid,Senior,13,PhD,1
5949,Data Engineer,Startup,Healthcare,Germany,Onsite,Mid,0,PhD,0
5950,Machine Learning Engineer,Enterprise,E-commerce,Singapore,Hybrid,Mid,6,PhD,1
5951,Data Analyst,MNC,E-commerce,USA,Hybrid,Mid,4,Bachelor,0
5952,Data Engineer,Enterprise,Education,India,Remote,Mid,2,PhD,0
5953,Business Analyst,Medium,Technology,India,Onsite,Entry,6,Master,1
5954,Business Analyst,Medium,Retail,Germany,Onsite,Mid,3,Master,0
5955,Data Scientist,MNC,E-commerce,UK,Onsite,Senior,1,Master,1
5956,Data Engineer,Startup,Retail,Germany,Remote,Entry,7,Master,0
5957,Machine Learning Engineer,MNC,Finance,India,Remote,Entry,12,Master,1
5958,Business Analyst,Medium,Healthcare,Germany,Remote,Senior,10,PhD,0
5959,Data Analyst,Startup,Retail,Singapore,Hybrid,Mid,10,Bachelor,1
5960,Data Scientist,Startup,Finance,UK,Hybrid,Mid,7,Bachelor,0
5961,Business Analyst,MNC,Technology,Canada,Hybrid,Entry,13,PhD,1
5962,Data Scientist,Startup,Healthcare,Germany,Onsite,Senior,11,PhD,1
5963,Data Engineer,Enterprise,E-commerce,Canada,Hybrid,Senior,14,Master,1
5964,Data Engineer,Medium,Technology,Canada,Onsite,Mid,3,PhD,1
5965,Data Scientist,Medium,Finance,Singapore,Onsite,Senior,8,Bachelor,0
5966,Data Scientist,MNC,Healthcare,Canada,Onsite,Mid,13,PhD,0
5967,Data Scientist,Startup,Healthcare,Canada,Onsite,Entry,13,Master,1
5968,Data Scientist,MNC,Retail,USA,Hybrid,Entry,1,Master,0
5969,Business Analyst,MNC,Education,Singapore,Hybrid,Entry,1,Bachelor,1
5970,Data Analyst,MNC,E-commerce,India,Onsite,Senior,1,Bachelor,1
5971,AI Engineer,Enterprise,Education,Australia,Onsite,Mid,8,Master,1
5972,AI Engineer,Medium,Retail,UK,Onsite,Mid,0,Bachelor,0
5973,Machine Learning Engineer,Startup,Finance,Canada,Onsite,Entry,8,PhD,0
5974,Machine Learning Engineer,MNC,E-commerce,Singapore,Hybrid,Entry,8,Bachelor,1
5975,Business Analyst,Enterprise,E-commerce,USA,Onsite,Entry,5,Bachelor,0
5976,Business Analyst,Medium,Retail,Singapore,Onsite,Entry,11,Master,0
5977,AI Engineer,Enterprise,Finance,Germany,Hybrid,Mid,2,Bachelor,0
5978,Data Scientist,Medium,Education,Singapore,Onsite,Senior,7,Master,0
5979,Data Analyst,Startup,Education,Australia,Onsite,Entry,1,PhD,1
5980,Data Analyst,MNC,Technology,Singapore,Remote,Senior,2,Master,0
5981,Machine Learning Engineer,Enterprise,Education,Australia,Remote,Mid,10,PhD,1
5982,Data Scientist,MNC,Healthcare,Canada,Onsite,Senior,13,PhD,1
5983,Data Scientist,Enterprise,Education,USA,Hybrid,Mid,9,Master,0
5984,Business Analyst,Startup,Finance,Singapore,Hybrid,Senior,0,Master,0
5985,Data Scientist,Startup,Finance,India,Remote,Entry,8,PhD,0
5986,AI Engineer,Startup,Retail,Germany,Onsite,Mid,7,Master,0
5987,AI Engineer,Medium,E-commerce,UK,Hybrid,Senior,6,PhD,0
5988,Business Analyst,MNC,Technology,USA,Remote,Senior,14,Bachelor,1
5989,Business Analyst,Medium,Finance,Canada,Remote,Mid,10,Master,1
5990,AI Engineer,Medium,Healthcare,UK,Onsite,Mid,8,Master,0
5991,Data Analyst,MNC,Retail,Singapore,Remote,Mid,0,Master,0
5992,Machine Learning Engineer,Medium,Education,UK,Onsite,Senior,7,PhD,1
5993,Business Analyst,Medium,Healthcare,Germany,Remote,Senior,2,Bachelor,0
5994,Data Engineer,Medium,Technology,Australia,Hybrid,Mid,8,Bachelor,1
5995,Machine Learning Engineer,MNC,Technology,Canada,Hybrid,Mid,4,PhD,1
5996,Data Analyst,MNC,Retail,UK,Hybrid,Entry,1,PhD,0
5997,Data Scientist,Startup,Healthcare,India,Hybrid,Mid,12,Bachelor,0
5998,Business Analyst,Startup,Finance,Singapore,Onsite,Entry,5,PhD,0
5999,Data Engineer,Medium,Technology,India,Onsite,Mid,11,Master,1
6000,Machine Learning Engineer,Medium,Education,Canada,Remote,Senior,13,PhD,1
6001,AI Engineer,Medium,Finance,Germany,Remote,Mid,5,Bachelor,1
6002,Data Scientist,Medium,Retail,India,Remote,Mid,7,PhD,0
6003,AI Engineer,Startup,E-commerce,Canada,Hybrid,Mid,0,Bachelor,1
6004,Data Scientist,Enterprise,Education,India,Onsite,Entry,0,Bachelor,0
6005,Data Engineer,Medium,Healthcare,India,Remote,Senior,12,PhD,0
6006,Data Scientist,Enterprise,Education,India,Onsite,Senior,4,Bachelor,1
6007,Machine Learning Engineer,Startup,Finance,Canada,Onsite,Mid,3,PhD,0
6008,Data Scientist,Enterprise,Finance,USA,Onsite,Entry,2,Bachelor,0
6009,Data Engineer,Medium,Healthcare,Australia,Hybrid,Senior,3,PhD,1
6010,Data Engineer,MNC,Retail,UK,Onsite,Mid,3,Bachelor,0
6011,Machine Learning Engineer,Medium,Finance,India,Remote,Senior,12,PhD,0
6012,Data Analyst,Startup,Education,Canada,Hybrid,Senior,6,PhD,1
6013,AI Engineer,MNC,Healthcare,Germany,Hybrid,Mid,1,Bachelor,1
6014,Data Analyst,Enterprise,Retail,India,Onsite,Entry,12,Bachelor,1
6015,Data Analyst,MNC,Education,Canada,Onsite,Entry,10,PhD,0
6016,Business Analyst,Startup,Retail,Singapore,Remote,Entry,9,Master,0
6017,Data Engineer,MNC,Retail,USA,Remote,Entry,14,PhD,1
6018,Data Engineer,Medium,E-commerce,Australia,Remote,Senior,9,PhD,1
6019,Machine Learning Engineer,Medium,Technology,Canada,Onsite,Senior,2,Master,0
6020,Data Scientist,Startup,E-commerce,Singapore,Onsite,Senior,9,PhD,0
6021,Business Analyst,Startup,E-commerce,USA,Hybrid,Senior,9,PhD,1
6022,Data Engineer,Medium,Education,India,Onsite,Entry,2,Bachelor,1
6023,AI Engineer,Enterprise,E-commerce,Singapore,Remote,Entry,11,Master,1
6024,Data Analyst,MNC,Finance,India,Hybrid,Senior,6,PhD,1
6025,Machine Learning Engineer,Enterprise,Finance,Germany,Remote,Entry,2,PhD,1
6026,Data Scientist,MNC,Retail,USA,Remote,Mid,7,Bachelor,0
6027,Data Scientist,Enterprise,Technology,Australia,Remote,Entry,7,PhD,0
6028,Data Analyst,Enterprise,Education,UK,Onsite,Mid,7,Master,1
6029,Data Analyst,Startup,Retail,Singapore,Remote,Entry,5,PhD,1
6030,AI Engineer,MNC,Healthcare,India,Onsite,Senior,10,PhD,0
6031,AI Engineer,Medium,Technology,Canada,Hybrid,Senior,13,PhD,1
6032,Data Scientist,Startup,Finance,USA,Onsite,Mid,5,Bachelor,1
6033,AI Engineer,MNC,Technology,Canada,Remote,Senior,0,Master,1
6034,Machine Learning Engineer,MNC,Healthcare,UK,Onsite,Entry,2,PhD,0
6035,Machine Learning Engineer,MNC,Education,India,Hybrid,Senior,5,PhD,1
6036,Business Analyst,Enterprise,E-commerce,Germany,Onsite,Senior,13,Master,0
6037,AI Engineer,Enterprise,Finance,Germany,Onsite,Entry,2,Bachelor,0
6038,AI Engineer,Medium,Education,Canada,Onsite,Senior,2,PhD,1
6039,Machine Learning Engineer,Startup,Healthcare,USA,Remote,Entry,4,Bachelor,1
6040,Data Engineer,MNC,Healthcare,India,Remote,Mid,0,PhD,1
6041,Machine Learning Engineer,MNC,Retail,UK,Remote,Entry,4,Master,0
6042,Data Analyst,MNC,Education,Singapore,Remote,Entry,1,Master,1
6043,Machine Learning Engineer,Startup,Finance,Singapore,Remote,Entry,13,Master,1
6044,Machine Learning Engineer,MNC,Healthcare,Singapore,Onsite,Entry,12,PhD,1
6045,Machine Learning Engineer,MNC,Finance,UK,Remote,Entry,4,Master,1
6046,Data Engineer,MNC,Finance,Australia,Hybrid,Mid,2,PhD,1
6047,Data Engineer,Startup,Finance,Australia,Hybrid,Mid,2,Bachelor,0
6048,Machine Learning Engineer,Medium,Finance,USA,Remote,Mid,2,Bachelor,1
6049,Data Analyst,Enterprise,Healthcare,India,Onsite,Entry,9,Master,0
6050,Data Analyst,MNC,Finance,UK,Onsite,Mid,4,Bachelor,1
6051,Data Analyst,Medium,Finance,USA,Remote,Entry,8,Bachelor,1
6052,Machine Learning Engineer,Enterprise,Finance,Canada,Remote,Senior,10,Master,1
6053,Data Scientist,Startup,Education,Germany,Hybrid,Mid,12,Bachelor,1
6054,Machine Learning Engineer,MNC,Education,Singapore,Hybrid,Mid,1,Bachelor,0
6055,Business Analyst,Medium,Finance,Singapore,Onsite,Senior,2,Bachelor,1
6056,AI Engineer,Enterprise,Finance,India,Onsite,Entry,4,PhD,0
6057,Data Engineer,Startup,Retail,Germany,Remote,Senior,2,Bachelor,1
6058,AI Engineer,Enterprise,Technology,India,Hybrid,Senior,6,PhD,0
6059,Business Analyst,Startup,Healthcare,Australia,Remote,Entry,4,Master,0
6060,Data Analyst,Medium,Technology,UK,Onsite,Entry,0,PhD,1
6061,Data Analyst,Enterprise,Education,USA,Onsite,Entry,1,Bachelor,1
6062,Data Engineer,MNC,Finance,USA,Hybrid,Entry,8,Bachelor,1
6063,Business Analyst,Startup,Retail,Singapore,Hybrid,Mid,14,PhD,0
6064,Machine Learning Engineer,Startup,E-commerce,India,Onsite,Senior,1,Master,0
6065,Machine Learning Engineer,Medium,Retail,UK,Remote,Entry,10,Bachelor,1
6066,Data Scientist,MNC,Healthcare,India,Onsite,Senior,14,Bachelor,0
6067,AI Engineer,Medium,Healthcare,USA,Remote,Mid,12,PhD,1
6068,Machine Learning Engineer,MNC,Technology,UK,Remote,Mid,4,PhD,1
6069,Business Analyst,MNC,Healthcare,India,Remote,Mid,3,Bachelor,1
6070,Data Scientist,Enterprise,Education,Germany,Onsite,Senior,10,PhD,1
6071,AI Engineer,Enterprise,Retail,USA,Remote,Mid,3,Master,0
6072,Machine Learning Engineer,Startup,Education,India,Remote,Entry,12,Bachelor,0
6073,AI Engineer,Enterprise,Retail,UK,Onsite,Entry,14,Master,1
6074,Machine Learning Engineer,Enterprise,E-commerce,USA,Remote,Entry,9,PhD,1
6075,Data Analyst,MNC,Healthcare,Australia,Remote,Mid,8,Master,0
6076,Data Analyst,Medium,E-commerce,Singapore,Remote,Entry,2,Bachelor,1
6077,Data Scientist,Enterprise,Finance,UK,Remote,Mid,3,Bachelor,0
6078,Data Engineer,MNC,Technology,UK,Hybrid,Entry,13,PhD,1
6079,Business Analyst,Enterprise,Retail,Germany,Remote,Entry,0,Bachelor,0
6080,Data Scientist,Enterprise,Finance,Germany,Onsite,Entry,13,Master,1
6081,Machine Learning Engineer,Enterprise,Technology,Singapore,Remote,Senior,9,PhD,0
6082,AI Engineer,Medium,Finance,Australia,Hybrid,Senior,7,PhD,1
6083,Data Engineer,Medium,Technology,India,Remote,Mid,5,Master,1
6084,Data Scientist,Enterprise,Retail,Australia,Remote,Senior,5,PhD,1
6085,Data Analyst,MNC,E-commerce,India,Remote,Mid,14,Master,1
6086,Data Engineer,Enterprise,E-commerce,Singapore,Hybrid,Mid,10,PhD,1
6087,Data Scientist,Startup,Technology,Germany,Remote,Mid,5,Master,1
6088,Data Scientist,Medium,Retail,Australia,Remote,Entry,8,Bachelor,1
6089,Data Analyst,Enterprise,Retail,USA,Hybrid,Entry,1,Bachelor,0
6090,AI Engineer,Medium,Finance,UK,Hybrid,Entry,9,Bachelor,0
6091,Data Analyst,MNC,Education,UK,Remote,Senior,7,Master,0
6092,AI Engineer,Startup,Healthcare,USA,Hybrid,Mid,8,Bachelor,0
6093,Data Analyst,MNC,Education,India,Hybrid,Entry,11,Bachelor,1
6094,Machine Learning Engineer,Enterprise,Education,Singapore,Remote,Mid,6,Bachelor,1
6095,Data Analyst,Startup,Retail,India,Remote,Senior,13,PhD,1
6096,Machine Learning Engineer,Medium,Education,Australia,Hybrid,Senior,7,PhD,0
6097,Data Engineer,Medium,Retail,Australia,Remote,Mid,7,Master,0
6098,AI Engineer,Enterprise,E-commerce,Canada,Onsite,Entry,0,PhD,0
6099,AI Engineer,Medium,Technology,Germany,Onsite,Senior,8,PhD,0
6100,Business Analyst,MNC,Education,Canada,Remote,Senior,1,Master,1
6101,Data Analyst,Enterprise,Finance,Singapore,Hybrid,Senior,7,Master,0
6102,Data Analyst,Medium,Technology,Germany,Remote,Senior,4,Master,1
6103,Data Analyst,Medium,Finance,Singapore,Hybrid,Entry,2,Master,0
6104,Business Analyst,MNC,Healthcare,Germany,Hybrid,Senior,10,Master,0
6105,AI Engineer,Medium,E-commerce,India,Onsite,Mid,12,Bachelor,0
6106,Data Analyst,MNC,Education,Canada,Hybrid,Entry,1,PhD,0
6107,Machine Learning Engineer,Enterprise,Healthcare,Australia,Remote,Senior,1,Master,0
6108,Business Analyst,Startup,E-commerce,UK,Remote,Entry,13,PhD,0
6109,AI Engineer,MNC,Retail,Singapore,Hybrid,Mid,6,PhD,0
6110,Data Engineer,Medium,Technology,USA,Remote,Mid,8,Master,0
6111,AI Engineer,Startup,E-commerce,Canada,Onsite,Senior,0,PhD,1
6112,Data Engineer,MNC,Finance,USA,Remote,Mid,7,Master,1
6113,AI Engineer,MNC,Retail,India,Onsite,Senior,12,Bachelor,1
6114,Machine Learning Engineer,MNC,Finance,Canada,Onsite,Entry,9,Bachelor,0
6115,Machine Learning Engineer,MNC,Finance,Singapore,Onsite,Entry,7,PhD,0
6116,Data Engineer,MNC,Healthcare,Canada,Onsite,Senior,13,Bachelor,1
6117,Machine Learning Engineer,Enterprise,Healthcare,UK,Onsite,Entry,9,PhD,0
6118,Machine Learning Engineer,Enterprise,Healthcare,Canada,Remote,Senior,14,Bachelor,0
6119,Data Scientist,MNC,Retail,Singapore,Remote,Entry,5,Master,0
6120,AI Engineer,Startup,Healthcare,Australia,Remote,Mid,11,PhD,1
6121,AI Engineer,Enterprise,Finance,Canada,Hybrid,Senior,0,PhD,0
6122,Data Engineer,Enterprise,Technology,Canada,Remote,Senior,12,Bachelor,0
6123,Data Engineer,Startup,Technology,UK,Hybrid,Senior,8,Bachelor,1
6124,Data Scientist,Startup,Healthcare,India,Onsite,Mid,5,Master,1
6125,Data Scientist,Enterprise,Retail,India,Onsite,Mid,11,Master,1
6126,AI Engineer,Startup,Retail,Singapore,Onsite,Entry,0,Master,1
6127,Data Engineer,Medium,Healthcare,USA,Onsite,Entry,5,PhD,0
6128,Data Analyst,Enterprise,Retail,India,Onsite,Mid,7,PhD,0
6129,Data Analyst,Medium,Technology,USA,Hybrid,Mid,10,PhD,0
6130,Data Analyst,Startup,Retail,Canada,Hybrid,Mid,10,Master,1
6131,Data Analyst,MNC,Technology,USA,Hybrid,Mid,3,PhD,1
6132,Data Scientist,Startup,Technology,Australia,Remote,Senior,0,Master,0
6133,Data Analyst,Startup,Healthcare,Australia,Remote,Senior,8,PhD,1
6134,Data Analyst,MNC,Retail,India,Hybrid,Senior,13,Master,1
6135,Business Analyst,MNC,Technology,UK,Hybrid,Mid,7,Bachelor,0
6136,Data Analyst,Startup,Finance,USA,Remote,Mid,8,Bachelor,0
6137,Machine Learning Engineer,Startup,E-commerce,Australia,Onsite,Mid,9,Master,1
6138,AI Engineer,MNC,E-commerce,USA,Onsite,Entry,0,PhD,1
6139,Machine Learning Engineer,MNC,Retail,Canada,Onsite,Senior,0,PhD,1
6140,Data Scientist,MNC,Retail,Germany,Onsite,Entry,13,PhD,1
6141,Data Analyst,Startup,Healthcare,UK,Remote,Senior,0,Bachelor,1
6142,AI Engineer,Medium,Retail,India,Remote,Entry,14,Bachelor,1
6143,Business Analyst,MNC,Technology,Singapore,Onsite,Entry,10,PhD,1
6144,Business Analyst,Enterprise,Technology,USA,Hybrid,Mid,5,PhD,1
6145,Data Analyst,Enterprise,Healthcare,Canada,Onsite,Entry,10,Master,1
6146,Data Scientist,Medium,Education,UK,Remote,Entry,1,Bachelor,1
6147,AI Engineer,Startup,Healthcare,Singapore,Onsite,Senior,13,Bachelor,0
6148,Business Analyst,MNC,Education,UK,Onsite,Entry,7,PhD,0
6149,Data Analyst,Enterprise,Education,Canada,Onsite,Entry,10,Bachelor,1
6150,Data Engineer,Enterprise,Healthcare,UK,Remote,Mid,6,PhD,0
6151,Machine Learning Engineer,MNC,Technology,Australia,Remote,Senior,2,PhD,1
6152,AI Engineer,MNC,Retail,Canada,Onsite,Mid,7,Master,0
6153,Business Analyst,Enterprise,Technology,Germany,Remote,Senior,12,Bachelor,1
6154,Data Engineer,Medium,Retail,Singapore,Onsite,Entry,14,PhD,0
6155,Data Engineer,MNC,Retail,Singapore,Onsite,Senior,4,Master,0
6156,Data Analyst,Enterprise,Technology,Australia,Remote,Entry,7,Bachelor,0
6157,Data Engineer,Enterprise,Retail,Singapore,Hybrid,Entry,11,Master,1
6158,AI Engineer,Medium,Education,Australia,Hybrid,Entry,13,Master,1
6159,Data Scientist,MNC,Retail,USA,Remote,Entry,8,PhD,0
6160,Data Engineer,Enterprise,Retail,Australia,Remote,Mid,10,Bachelor,1
6161,Business Analyst,Enterprise,Technology,Singapore,Onsite,Senior,7,Bachelor,1
6162,Data Analyst,Enterprise,Finance,Germany,Hybrid,Mid,11,Master,0
6163,AI Engineer,Medium,E-commerce,Canada,Hybrid,Mid,9,Bachelor,1
6164,AI Engineer,Medium,Retail,India,Hybrid,Senior,0,Master,0
6165,AI Engineer,Medium,Healthcare,USA,Onsite,Senior,12,Bachelor,1
6166,AI Engineer,MNC,Retail,India,Remote,Entry,0,Bachelor,0
6167,Data Scientist,Enterprise,E-commerce,Singapore,Remote,Senior,14,Master,1
6168,Data Scientist,MNC,E-commerce,Australia,Remote,Entry,4,Bachelor,1
6169,Business Analyst,MNC,Healthcare,UK,Hybrid,Mid,6,PhD,0
6170,Data Analyst,MNC,Healthcare,Canada,Remote,Mid,14,Master,1
6171,Data Engineer,MNC,E-commerce,UK,Onsite,Mid,2,PhD,0
6172,Data Engineer,Enterprise,Finance,USA,Onsite,Mid,14,Master,1
6173,Business Analyst,MNC,Education,UK,Hybrid,Mid,12,Bachelor,0
6174,AI Engineer,Enterprise,Education,Canada,Onsite,Entry,2,PhD,1
6175,AI Engineer,Enterprise,Finance,Singapore,Hybrid,Mid,14,Bachelor,0
6176,Machine Learning Engineer,MNC,Technology,UK,Onsite,Senior,12,Bachelor,0
6177,Machine Learning Engineer,Startup,Retail,USA,Hybrid,Mid,2,PhD,0
6178,AI Engineer,Medium,E-commerce,Germany,Remote,Senior,2,Bachelor,0
6179,AI Engineer,Medium,Retail,Singapore,Remote,Entry,4,PhD,0
6180,AI Engineer,Enterprise,E-commerce,UK,Hybrid,Mid,8,Bachelor,1
6181,Machine Learning Engineer,MNC,E-commerce,UK,Remote,Mid,14,PhD,0
6182,Data Scientist,Medium,Technology,USA,Onsite,Entry,5,Master,1
6183,Business Analyst,Medium,Education,Canada,Onsite,Entry,10,Bachelor,1
6184,Data Analyst,MNC,Healthcare,Germany,Onsite,Mid,4,Bachelor,1
6185,Data Engineer,Enterprise,Healthcare,Canada,Onsite,Senior,13,Master,0
6186,Business Analyst,Medium,Technology,UK,Hybrid,Mid,5,Bachelor,1
6187,Machine Learning Engineer,Medium,Education,UK,Remote,Entry,13,Bachelor,0
6188,Business Analyst,MNC,E-commerce,USA,Remote,Mid,1,Master,1
6189,Business Analyst,Enterprise,E-commerce,Germany,Onsite,Senior,13,Bachelor,1
6190,Business Analyst,Medium,Retail,Australia,Hybrid,Entry,7,PhD,0
6191,Business Analyst,Enterprise,Finance,USA,Hybrid,Senior,1,Master,0
6192,Data Analyst,MNC,Healthcare,USA,Onsite,Entry,13,PhD,1
6193,Machine Learning Engineer,Enterprise,Education,Canada,Onsite,Entry,0,Master,0
6194,Data Scientist,Medium,Finance,Australia,Remote,Senior,5,Master,1
6195,Business Analyst,Startup,Healthcare,Australia,Hybrid,Mid,3,Bachelor,0
6196,Machine Learning Engineer,MNC,Retail,Germany,Onsite,Entry,9,PhD,1
6197,Data Scientist,MNC,Retail,Australia,Remote,Mid,3,PhD,0
6198,Data Engineer,MNC,E-commerce,Canada,Hybrid,Mid,8,PhD,0
6199,Data Analyst,MNC,Healthcare,Singapore,Remote,Entry,5,Bachelor,0
6200,Data Scientist,Enterprise,Retail,USA,Hybrid,Entry,0,Bachelor,0
6201,Data Scientist,MNC,E-commerce,Australia,Hybrid,Mid,8,PhD,0
6202,Data Scientist,Enterprise,Healthcare,India,Onsite,Mid,11,Bachelor,1
6203,AI Engineer,Medium,E-commerce,Germany,Remote,Mid,4,Bachelor,0
6204,AI Engineer,Medium,Retail,India,Hybrid,Entry,11,Bachelor,1
6205,Data Engineer,Enterprise,Retail,Australia,Onsite,Mid,1,Bachelor,1
6206,Machine Learning Engineer,MNC,Education,USA,Remote,Entry,10,Master,1
6207,Machine Learning Engineer,Startup,Technology,Canada,Remote,Senior,3,PhD,1
6208,AI Engineer,Startup,Retail,Germany,Hybrid,Senior,4,Bachelor,0
6209,Data Analyst,MNC,Technology,USA,Onsite,Senior,4,PhD,0
6210,Business Analyst,Medium,Retail,Singapore,Onsite,Senior,14,Bachelor,0
6211,Business Analyst,Startup,Retail,Germany,Onsite,Entry,14,Bachelor,0
6212,Data Scientist,Enterprise,Finance,India,Hybrid,Entry,1,PhD,1
6213,Data Scientist,MNC,Technology,India,Hybrid,Senior,4,Bachelor,1
6214,Machine Learning Engineer,Enterprise,Technology,UK,Onsite,Entry,14,Bachelor,1
6215,Data Engineer,MNC,Education,Singapore,Hybrid,Senior,0,Bachelor,1
6216,Business Analyst,MNC,Education,India,Onsite,Mid,8,PhD,0
6217,Machine Learning Engineer,Startup,Retail,India,Onsite,Entry,14,PhD,0
6218,Data Analyst,Startup,Finance,Australia,Hybrid,Entry,11,PhD,0
6219,Data Analyst,MNC,Retail,UK,Onsite,Entry,4,Master,1
6220,Machine Learning Engineer,Enterprise,Healthcare,Germany,Remote,Senior,12,Master,0
6221,Machine Learning Engineer,Startup,Retail,Canada,Hybrid,Senior,4,Master,1
6222,Data Scientist,Enterprise,Finance,Singapore,Onsite,Mid,12,Bachelor,0
6223,AI Engineer,Medium,Retail,USA,Hybrid,Senior,14,Bachelor,0
6224,Data Analyst,Medium,E-commerce,USA,Hybrid,Mid,1,Master,1
6225,Data Scientist,Startup,Healthcare,Australia,Onsite,Senior,12,Master,1
6226,Business Analyst,MNC,E-commerce,UK,Hybrid,Mid,11,Bachelor,0
6227,Machine Learning Engineer,Enterprise,Education,UK,Onsite,Senior,4,PhD,0
6228,AI Engineer,Startup,Technology,Australia,Hybrid,Mid,13,Bachelor,1
6229,Data Analyst,Medium,E-commerce,UK,Onsite,Senior,5,Bachelor,0
6230,AI Engineer,MNC,Finance,USA,Remote,Mid,5,Bachelor,0
6231,Data Analyst,Startup,Retail,USA,Remote,Senior,1,Master,0
6232,Business Analyst,Startup,Technology,Germany,Hybrid,Senior,1,PhD,0
6233,Data Analyst,Enterprise,Finance,USA,Onsite,Senior,1,Master,1
6234,Data Scientist,MNC,Technology,USA,Remote,Entry,5,PhD,1
6235,Data Scientist,Enterprise,Technology,Canada,Remote,Senior,2,Master,1
6236,Data Scientist,MNC,Retail,Singapore,Onsite,Senior,7,Master,0
6237,AI Engineer,Enterprise,Education,Australia,Remote,Senior,5,Bachelor,1
6238,Machine Learning Engineer,MNC,E-commerce,Canada,Onsite,Mid,4,Master,1
6239,Data Analyst,Startup,Technology,Australia,Hybrid,Mid,4,PhD,0
6240,Data Scientist,MNC,Healthcare,Singapore,Onsite,Entry,1,PhD,0
6241,Business Analyst,Enterprise,E-commerce,Australia,Remote,Senior,5,Bachelor,0
6242,Data Scientist,Medium,Education,UK,Remote,Senior,10,Bachelor,1
6243,Data Engineer,Medium,Finance,Germany,Onsite,Senior,2,Master,1
6244,AI Engineer,Enterprise,Finance,Canada,Remote,Entry,1,PhD,1
6245,Machine Learning Engineer,Startup,Education,USA,Remote,Mid,6,Bachelor,0
6246,Data Analyst,Medium,Finance,Australia,Onsite,Entry,1,Master,0
6247,Data Analyst,MNC,Technology,UK,Onsite,Senior,3,Bachelor,1
6248,AI Engineer,MNC,E-commerce,UK,Hybrid,Entry,6,Bachelor,1
6249,AI Engineer,Medium,Finance,UK,Onsite,Senior,9,Master,1
6250,AI Engineer,Medium,Education,Germany,Remote,Entry,6,Bachelor,1
6251,Data Scientist,Enterprise,Healthcare,UK,Remote,Entry,5,Bachelor,1
6252,Data Engineer,Medium,Education,India,Hybrid,Mid,12,Bachelor,1
6253,Business Analyst,Medium,Finance,India,Remote,Entry,6,PhD,0
6254,Data Analyst,MNC,Technology,India,Hybrid,Mid,10,Master,1
6255,Data Analyst,Enterprise,Retail,Germany,Onsite,Mid,0,Bachelor,1
6256,Business Analyst,Medium,Finance,Germany,Remote,Entry,6,PhD,0
6257,Business Analyst,MNC,Technology,Australia,Remote,Senior,5,Master,0
6258,Machine Learning Engineer,MNC,E-commerce,Germany,Onsite,Entry,11,Bachelor,1
6259,Data Analyst,Enterprise,Technology,USA,Onsite,Mid,7,Master,0
6260,Data Scientist,Medium,Technology,India,Onsite,Mid,3,Master,0
6261,Business Analyst,Startup,E-commerce,UK,Remote,Entry,12,Master,0
6262,AI Engineer,Startup,Finance,USA,Hybrid,Entry,6,Bachelor,1
6263,Machine Learning Engineer,Startup,Technology,India,Onsite,Entry,13,PhD,0
6264,Machine Learning Engineer,Medium,Education,USA,Remote,Mid,0,Bachelor,1
6265,Data Engineer,Medium,Education,UK,Hybrid,Mid,1,Bachelor,0
6266,Business Analyst,MNC,Technology,India,Onsite,Mid,14,Bachelor,1
6267,Machine Learning Engineer,Startup,Finance,Singapore,Remote,Entry,2,PhD,1
6268,Machine Learning Engineer,Medium,Healthcare,UK,Hybrid,Senior,2,Bachelor,0
6269,Machine Learning Engineer,Startup,Retail,Singapore,Onsite,Mid,0,Master,0
6270,AI Engineer,Medium,Education,USA,Hybrid,Mid,7,PhD,0
6271,Data Analyst,Enterprise,Healthcare,India,Onsite,Entry,5,PhD,0
6272,Data Engineer,Startup,Healthcare,Singapore,Remote,Mid,6,Bachelor,0
6273,Data Analyst,Enterprise,Retail,Australia,Remote,Mid,0,PhD,0
6274,Machine Learning Engineer,MNC,Healthcare,Australia,Hybrid,Entry,7,Bachelor,1
6275,Data Engineer,Startup,Technology,UK,Onsite,Mid,11,Bachelor,1
6276,Data Scientist,Startup,E-commerce,USA,Hybrid,Mid,5,Master,0
6277,Machine Learning Engineer,Startup,Finance,Canada,Hybrid,Senior,10,PhD,1
6278,Machine Learning Engineer,MNC,E-commerce,UK,Hybrid,Entry,3,Bachelor,1
6279,Data Scientist,Enterprise,Finance,Singapore,Remote,Mid,2,PhD,0
6280,Data Analyst,Medium,Healthcare,Germany,Onsite,Senior,4,Master,1
6281,Data Engineer,Medium,Retail,UK,Hybrid,Entry,13,PhD,1
6282,Data Engineer,MNC,E-commerce,UK,Remote,Mid,2,PhD,1
6283,Data Analyst,Enterprise,Retail,India,Remote,Senior,2,Master,0
6284,Data Analyst,Enterprise,Technology,Germany,Hybrid,Entry,0,Bachelor,1
6285,AI Engineer,Startup,Technology,Australia,Remote,Entry,9,Bachelor,0
6286,Machine Learning Engineer,Enterprise,Retail,UK,Onsite,Mid,8,PhD,0
6287,Business Analyst,MNC,Finance,Australia,Onsite,Entry,4,Master,1
6288,Business Analyst,Startup,E-commerce,UK,Onsite,Mid,1,Bachelor,1
6289,AI Engineer,Startup,Education,Australia,Hybrid,Mid,14,Master,1
6290,Data Scientist,Medium,Education,USA,Hybrid,Entry,13,Master,0
6291,Data Engineer,MNC,Education,India,Remote,Entry,9,Bachelor,0
6292,AI Engineer,MNC,E-commerce,UK,Remote,Senior,11,Bachelor,0
6293,Data Engineer,Medium,E-commerce,Singapore,Onsite,Entry,11,Bachelor,1
6294,Data Engineer,Startup,Education,Canada,Onsite,Entry,10,PhD,0
6295,Data Engineer,Medium,Healthcare,USA,Hybrid,Entry,12,Bachelor,0
6296,Data Engineer,Startup,Technology,Singapore,Hybrid,Entry,9,PhD,0
6297,Data Analyst,MNC,Technology,Germany,Remote,Entry,13,Bachelor,0
6298,Business Analyst,Medium,E-commerce,Australia,Onsite,Senior,13,PhD,0
6299,Data Analyst,Enterprise,Retail,India,Onsite,Mid,8,Master,0
6300,Business Analyst,Startup,E-commerce,USA,Hybrid,Entry,3,PhD,0
6301,Data Scientist,Medium,E-commerce,Germany,Onsite,Mid,7,Master,1
6302,AI Engineer,Enterprise,Retail,Australia,Onsite,Entry,5,Master,1
6303,AI Engineer,Startup,Technology,Germany,Remote,Entry,4,Master,1
6304,Business Analyst,MNC,Education,India,Hybrid,Mid,2,PhD,1
6305,Data Analyst,Enterprise,Technology,India,Hybrid,Entry,9,Master,0
6306,Data Engineer,MNC,Technology,Australia,Hybrid,Mid,8,Master,0
6307,Data Engineer,MNC,Finance,Singapore,Hybrid,Senior,11,Bachelor,0
6308,Machine Learning Engineer,Startup,Healthcare,UK,Hybrid,Senior,2,Master,0
6309,Data Analyst,MNC,Retail,Canada,Onsite,Entry,11,Bachelor,1
6310,Data Scientist,Startup,Technology,Germany,Onsite,Mid,0,PhD,1
6311,Data Scientist,Enterprise,Finance,UK,Onsite,Mid,1,Bachelor,0
6312,Data Scientist,Startup,E-commerce,Canada,Onsite,Entry,1,Bachelor,1
6313,Machine Learning Engineer,Medium,Technology,Germany,Onsite,Senior,14,PhD,0
6314,Data Analyst,MNC,Technology,USA,Hybrid,Mid,13,Master,1
6315,Business Analyst,Medium,Technology,Canada,Hybrid,Senior,14,Master,0
6316,Data Scientist,Medium,E-commerce,USA,Remote,Entry,6,PhD,1
6317,AI Engineer,MNC,Retail,India,Hybrid,Mid,7,PhD,1
6318,Data Analyst,MNC,E-commerce,Canada,Onsite,Entry,8,PhD,1
6319,AI Engineer,Medium,Technology,Singapore,Hybrid,Senior,13,Bachelor,1
6320,Data Engineer,Enterprise,Finance,UK,Remote,Entry,7,PhD,1
6321,Data Scientist,Enterprise,Finance,USA,Hybrid,Senior,5,Bachelor,1
6322,Data Scientist,MNC,E-commerce,Australia,Onsite,Mid,13,Bachelor,1
6323,Data Scientist,Enterprise,E-commerce,Singapore,Onsite,Mid,0,Bachelor,0
6324,Machine Learning Engineer,Enterprise,Education,Australia,Hybrid,Mid,5,Master,1
6325,Data Engineer,Enterprise,Finance,Singapore,Remote,Senior,7,Bachelor,1
6326,Machine Learning Engineer,Startup,Healthcare,Canada,Remote,Entry,1,PhD,1
6327,Data Scientist,Startup,Retail,Singapore,Hybrid,Mid,6,Bachelor,0
6328,Data Analyst,Enterprise,Education,Germany,Hybrid,Senior,10,Bachelor,0
6329,AI Engineer,Medium,Retail,Germany,Onsite,Mid,8,Master,1
6330,AI Engineer,Medium,Education,Singapore,Remote,Mid,2,Bachelor,0
6331,Data Engineer,Enterprise,Retail,UK,Hybrid,Senior,13,Master,0
6332,Machine Learning Engineer,Medium,Finance,India,Remote,Mid,5,PhD,0
6333,Data Engineer,MNC,Healthcare,UK,Onsite,Senior,1,Bachelor,0
6334,Machine Learning Engineer,Medium,Technology,India,Remote,Senior,5,Master,1
6335,Data Engineer,Enterprise,E-commerce,Germany,Onsite,Senior,6,PhD,0
6336,Data Analyst,Startup,Finance,UK,Remote,Senior,5,Master,0
6337,Data Scientist,Startup,E-commerce,Canada,Hybrid,Mid,10,Master,0
6338,Machine Learning Engineer,Startup,Education,India,Onsite,Senior,13,PhD,1
6339,Data Scientist,Medium,E-commerce,USA,Hybrid,Senior,5,Master,0
6340,Machine Learning Engineer,Medium,E-commerce,UK,Hybrid,Entry,12,Master,0
6341,Business Analyst,Startup,Healthcare,India,Onsite,Senior,9,Master,0
6342,Data Scientist,Enterprise,Healthcare,USA,Onsite,Senior,0,Master,1
6343,Machine Learning Engineer,Medium,Education,Singapore,Onsite,Entry,2,Bachelor,1
6344,Data Scientist,Startup,Retail,Australia,Remote,Senior,7,PhD,0
6345,Machine Learning Engineer,Startup,Retail,Singapore,Remote,Senior,3,PhD,1
6346,Data Scientist,Enterprise,Finance,India,Remote,Entry,7,Bachelor,0
6347,Data Analyst,Enterprise,Healthcare,USA,Remote,Entry,0,Bachelor,0
6348,Data Analyst,Startup,Retail,UK,Onsite,Entry,3,Master,1
6349,Machine Learning Engineer,Startup,Finance,Australia,Remote,Mid,5,Bachelor,0
6350,Business Analyst,Startup,Finance,Australia,Onsite,Senior,8,Bachelor,0
6351,Business Analyst,MNC,Retail,Australia,Onsite,Senior,7,Master,1
6352,Machine Learning Engineer,Startup,Technology,Germany,Hybrid,Senior,6,PhD,1
6353,Business Analyst,MNC,E-commerce,Australia,Remote,Mid,13,Master,1
6354,Machine Learning Engineer,Startup,Retail,UK,Remote,Mid,0,Master,0
6355,AI Engineer,Startup,Education,UK,Onsite,Entry,5,PhD,0
6356,Business Analyst,MNC,Education,Canada,Hybrid,Mid,1,Bachelor,0
6357,Data Analyst,Enterprise,Finance,UK,Remote,Mid,12,Bachelor,0
6358,Business Analyst,Startup,E-commerce,Germany,Remote,Entry,2,Bachelor,1
6359,Data Analyst,MNC,Finance,Australia,Hybrid,Entry,14,Master,1
6360,Data Engineer,MNC,Healthcare,UK,Onsite,Senior,14,PhD,1
6361,Business Analyst,MNC,Healthcare,Singapore,Hybrid,Senior,2,Master,0
6362,Data Analyst,Enterprise,Retail,UK,Hybrid,Entry,0,PhD,0
6363,Business Analyst,Enterprise,Technology,USA,Onsite,Mid,3,Master,1
6364,AI Engineer,Enterprise,Finance,Canada,Remote,Mid,6,Master,1
6365,Data Scientist,Enterprise,Retail,UK,Onsite,Mid,4,Bachelor,0
6366,Data Engineer,MNC,Education,UK,Onsite,Mid,3,Bachelor,1
6367,Business Analyst,Enterprise,Finance,Australia,Hybrid,Senior,11,PhD,0
6368,Data Scientist,MNC,Technology,Germany,Hybrid,Senior,14,PhD,1
6369,Data Analyst,Startup,Retail,Canada,Hybrid,Mid,5,Bachelor,1
6370,Data Engineer,MNC,Finance,USA,Onsite,Mid,12,PhD,1
6371,Business Analyst,Medium,Retail,Australia,Remote,Entry,5,PhD,1
6372,Data Analyst,MNC,Retail,Australia,Remote,Mid,0,Bachelor,0
6373,Data Scientist,MNC,Education,Germany,Onsite,Entry,11,Master,1
6374,AI Engineer,Startup,E-commerce,Singapore,Remote,Entry,14,Bachelor,1
6375,Data Analyst,Medium,Education,Singapore,Remote,Mid,14,PhD,1
6376,Machine Learning Engineer,Enterprise,Healthcare,Australia,Onsite,Mid,13,Master,1
6377,Data Scientist,MNC,E-commerce,UK,Onsite,Entry,12,PhD,1
6378,Business Analyst,Enterprise,Healthcare,Australia,Remote,Entry,9,Master,1
6379,Data Engineer,Enterprise,Education,Canada,Remote,Mid,8,PhD,1
6380,Data Engineer,Enterprise,Education,Germany,Hybrid,Mid,3,PhD,0
6381,Machine Learning Engineer,Enterprise,Healthcare,USA,Remote,Senior,12,PhD,0
6382,Data Engineer,Medium,Finance,UK,Onsite,Mid,14,Master,0
6383,Business Analyst,Medium,Finance,USA,Onsite,Entry,14,Master,0
6384,Data Analyst,Startup,Retail,India,Onsite,Entry,3,PhD,1
6385,Data Engineer,Startup,E-commerce,Australia,Remote,Mid,6,Bachelor,1
6386,AI Engineer,Enterprise,Technology,Canada,Remote,Mid,11,Bachelor,0
6387,AI Engineer,Medium,Technology,Germany,Remote,Senior,13,Master,0
6388,Data Scientist,Enterprise,Retail,Canada,Remote,Mid,1,Bachelor,1
6389,Machine Learning Engineer,Startup,Education,Singapore,Hybrid,Senior,2,PhD,1
6390,Machine Learning Engineer,Startup,Technology,UK,Onsite,Mid,12,PhD,0
6391,Machine Learning Engineer,MNC,Technology,Australia,Hybrid,Mid,5,Bachelor,0
6392,Data Scientist,Startup,E-commerce,USA,Remote,Mid,9,Master,0
6393,AI Engineer,Enterprise,Healthcare,Canada,Onsite,Senior,13,PhD,1
6394,Machine Learning Engineer,Startup,Technology,Canada,Onsite,Entry,7,PhD,1
6395,Data Engineer,Startup,E-commerce,Australia,Remote,Senior,13,Master,1
6396,Data Analyst,Medium,Technology,Canada,Hybrid,Senior,14,PhD,0
6397,Data Scientist,Enterprise,E-commerce,Australia,Hybrid,Entry,3,PhD,0
6398,AI Engineer,MNC,Retail,UK,Remote,Entry,13,Master,1
6399,Data Analyst,Medium,E-commerce,USA,Onsite,Mid,3,Master,1
6400,Data Scientist,Enterprise,Education,Singapore,Onsite,Entry,5,Master,0
6401,Data Analyst,Startup,Education,India,Onsite,Mid,5,Bachelor,1
6402,Data Scientist,Enterprise,Technology,USA,Onsite,Senior,10,PhD,1
6403,Data Scientist,MNC,Education,Australia,Hybrid,Mid,8,Master,0
6404,Data Analyst,Startup,Healthcare,Germany,Hybrid,Mid,6,Bachelor,1
6405,Data Engineer,Medium,Finance,Australia,Hybrid,Mid,7,Master,0
6406,Business Analyst,Startup,E-commerce,India,Remote,Mid,14,PhD,0
6407,Machine Learning Engineer,MNC,Retail,Australia,Remote,Mid,11,Master,0
6408,Machine Learning Engineer,Enterprise,Technology,Singapore,Hybrid,Senior,9,PhD,1
6409,Data Engineer,Startup,Education,Canada,Onsite,Mid,1,Bachelor,1
6410,Data Engineer,Medium,Healthcare,UK,Remote,Mid,13,Master,0
6411,Business Analyst,Medium,Retail,UK,Hybrid,Mid,7,Bachelor,0
6412,Business Analyst,Enterprise,Retail,Canada,Hybrid,Entry,1,PhD,0
6413,Machine Learning Engineer,MNC,Technology,India,Remote,Senior,13,PhD,0
6414,Machine Learning Engineer,Enterprise,Technology,USA,Hybrid,Entry,1,Bachelor,1
6415,Machine Learning Engineer,MNC,E-commerce,Singapore,Remote,Senior,3,PhD,1
6416,Data Engineer,Medium,Finance,Germany,Onsite,Mid,12,Master,0
6417,Data Scientist,MNC,Education,Germany,Hybrid,Senior,11,PhD,1
6418,Data Engineer,Medium,Technology,Australia,Hybrid,Mid,12,Master,1
6419,AI Engineer,Medium,Healthcare,Canada,Hybrid,Senior,9,Bachelor,1
6420,Data Engineer,Startup,Technology,Canada,Onsite,Entry,1,Master,1
6421,Data Analyst,Medium,Technology,USA,Hybrid,Senior,8,Bachelor,0
6422,Data Scientist,MNC,Technology,Germany,Remote,Senior,0,Bachelor,0
6423,AI Engineer,Enterprise,Finance,Germany,Remote,Mid,1,Bachelor,0
6424,Business Analyst,MNC,E-commerce,Germany,Onsite,Mid,0,PhD,0
6425,AI Engineer,Medium,E-commerce,USA,Onsite,Mid,9,Bachelor,0
6426,Business Analyst,Enterprise,Finance,UK,Hybrid,Mid,2,Master,1
6427,Data Engineer,MNC,E-commerce,USA,Remote,Entry,13,Master,1
6428,Data Scientist,Enterprise,Retail,Australia,Onsite,Entry,4,Bachelor,0
6429,AI Engineer,MNC,Education,Australia,Hybrid,Mid,7,Master,1
6430,Data Engineer,Enterprise,E-commerce,Canada,Hybrid,Senior,14,Bachelor,0
6431,Machine Learning Engineer,Startup,Finance,Singapore,Onsite,Senior,4,Bachelor,0
6432,Data Scientist,Medium,E-commerce,India,Hybrid,Entry,6,Master,1
6433,Data Analyst,MNC,Education,Germany,Hybrid,Entry,7,Master,0
6434,Machine Learning Engineer,Startup,Technology,USA,Hybrid,Senior,12,PhD,0
6435,Business Analyst,MNC,Healthcare,USA,Hybrid,Senior,11,PhD,0
6436,Machine Learning Engineer,Enterprise,Finance,USA,Remote,Entry,7,Bachelor,0
6437,Data Scientist,MNC,Healthcare,Germany,Hybrid,Senior,5,Bachelor,1
6438,Data Scientist,Enterprise,Education,UK,Onsite,Senior,3,PhD,1
6439,AI Engineer,Startup,Healthcare,India,Onsite,Entry,8,PhD,1
6440,AI Engineer,Medium,Education,Canada,Onsite,Mid,0,Bachelor,1
6441,Data Scientist,Enterprise,Technology,USA,Onsite,Senior,13,PhD,1
6442,Data Scientist,MNC,Education,UK,Onsite,Entry,10,Bachelor,0
6443,Business Analyst,Enterprise,Finance,Australia,Remote,Entry,8,Bachelor,0
6444,Business Analyst,Enterprise,Technology,Germany,Remote,Mid,14,Master,0
6445,Data Scientist,Medium,Education,UK,Remote,Entry,11,PhD,0
6446,Machine Learning Engineer,Startup,Technology,Canada,Onsite,Senior,7,PhD,1
6447,Business Analyst,Medium,Education,USA,Remote,Senior,5,Master,0
6448,Data Scientist,Medium,Healthcare,Germany,Remote,Senior,10,Master,0
6449,Data Scientist,Enterprise,Healthcare,India,Hybrid,Senior,0,PhD,0
6450,Business Analyst,MNC,Finance,Australia,Hybrid,Senior,10,Bachelor,0
6451,Business Analyst,Medium,Finance,USA,Onsite,Entry,0,Bachelor,0
6452,Data Scientist,Medium,Finance,USA,Remote,Senior,14,Master,0
6453,Data Analyst,MNC,Retail,Australia,Remote,Senior,13,Bachelor,0
6454,AI Engineer,Startup,Finance,Singapore,Hybrid,Senior,11,Bachelor,1
6455,Data Analyst,Medium,E-commerce,India,Onsite,Entry,8,Bachelor,1
6456,AI Engineer,Medium,Healthcare,Canada,Onsite,Mid,12,Bachelor,1
6457,Machine Learning Engineer,Enterprise,Retail,Australia,Onsite,Mid,6,PhD,1
6458,Data Scientist,Startup,Retail,Singapore,Onsite,Mid,8,Bachelor,0
6459,AI Engineer,Startup,Retail,India,Onsite,Mid,4,Master,0
6460,Data Scientist,MNC,Finance,India,Onsite,Senior,9,Bachelor,0
6461,Data Engineer,Medium,E-commerce,UK,Remote,Entry,11,Bachelor,1
6462,Data Engineer,Enterprise,Retail,India,Hybrid,Entry,11,Master,0
6463,Data Scientist,Startup,Technology,Germany,Hybrid,Senior,11,Master,0
6464,Machine Learning Engineer,Medium,Finance,Canada,Hybrid,Senior,12,Bachelor,1
6465,Business Analyst,MNC,Finance,India,Hybrid,Senior,10,PhD,1
6466,Business Analyst,Startup,Technology,UK,Remote,Senior,13,PhD,0
6467,Data Engineer,MNC,Education,Singapore,Remote,Mid,1,Master,0
6468,Data Scientist,Medium,Retail,Canada,Onsite,Mid,8,PhD,0
6469,Business Analyst,Medium,Healthcare,Canada,Hybrid,Mid,11,Bachelor,1
6470,Business Analyst,Medium,Finance,India,Hybrid,Mid,12,Bachelor,0
6471,Business Analyst,MNC,Healthcare,USA,Onsite,Mid,12,Master,1
6472,Data Analyst,Enterprise,Healthcare,Singapore,Remote,Entry,7,Bachelor,0
6473,Data Engineer,MNC,Finance,USA,Hybrid,Mid,12,Bachelor,1
6474,Data Analyst,MNC,E-commerce,Germany,Onsite,Senior,2,PhD,1
6475,Business Analyst,Medium,Retail,India,Hybrid,Entry,4,Bachelor,0
6476,Business Analyst,Startup,Finance,Germany,Remote,Senior,6,Master,1
6477,Business Analyst,Medium,Education,India,Hybrid,Mid,13,Bachelor,1
6478,Data Scientist,Enterprise,E-commerce,Australia,Hybrid,Entry,3,Master,1
6479,Data Scientist,Enterprise,Finance,UK,Remote,Entry,1,Bachelor,0
6480,Data Engineer,Medium,Technology,India,Remote,Entry,10,Bachelor,1
6481,Business Analyst,MNC,E-commerce,Australia,Remote,Mid,7,Master,1
6482,Machine Learning Engineer,MNC,Technology,Singapore,Remote,Senior,10,Master,1
6483,Data Engineer,Medium,Healthcare,USA,Hybrid,Mid,5,PhD,1
6484,Business Analyst,Startup,E-commerce,UK,Remote,Mid,3,Bachelor,0
6485,Business Analyst,Medium,Retail,USA,Remote,Entry,3,PhD,0
6486,Data Engineer,Startup,Retail,Canada,Remote,Mid,6,PhD,1
6487,Data Analyst,Medium,Education,Australia,Hybrid,Senior,7,Bachelor,0
6488,Machine Learning Engineer,MNC,Healthcare,India,Remote,Senior,14,Bachelor,1
6489,Business Analyst,Enterprise,Technology,UK,Remote,Entry,8,PhD,1
6490,Machine Learning Engineer,MNC,E-commerce,USA,Remote,Mid,9,PhD,1
6491,Data Analyst,Medium,Retail,Canada,Hybrid,Senior,11,Master,0
6492,AI Engineer,Medium,Retail,UK,Remote,Entry,12,Bachelor,1
6493,Business Analyst,MNC,Education,USA,Remote,Entry,4,PhD,1
6494,AI Engineer,Medium,Education,Singapore,Remote,Senior,12,Bachelor,0
6495,Business Analyst,Medium,Education,USA,Remote,Mid,12,PhD,0
6496,Data Analyst,Startup,Healthcare,Australia,Hybrid,Entry,2,Bachelor,0
6497,Data Engineer,Startup,Finance,Germany,Hybrid,Senior,9,Bachelor,0
6498,Data Analyst,Medium,Finance,Canada,Onsite,Mid,12,Bachelor,0
6499,Data Analyst,Enterprise,Education,Canada,Remote,Senior,3,Master,1
6500,Data Engineer,Enterprise,Education,UK,Onsite,Senior,6,PhD,0
6501,Machine Learning Engineer,Startup,Retail,India,Remote,Mid,2,Master,1
6502,AI Engineer,Startup,E-commerce,India,Hybrid,Senior,3,PhD,0
6503,Machine Learning Engineer,Medium,Retail,Germany,Hybrid,Entry,13,PhD,0
6504,Data Engineer,Medium,Education,UK,Onsite,Mid,9,Master,0
6505,AI Engineer,MNC,E-commerce,India,Hybrid,Senior,2,PhD,1
6506,Data Scientist,Medium,E-commerce,Singapore,Hybrid,Entry,12,PhD,1
6507,Data Analyst,MNC,Education,USA,Remote,Entry,1,PhD,0
6508,Data Analyst,Enterprise,Technology,Australia,Hybrid,Senior,6,Master,0
6509,Data Engineer,Medium,Retail,Australia,Onsite,Senior,6,Bachelor,0
6510,Data Engineer,MNC,Finance,Australia,Remote,Entry,4,PhD,1
6511,Data Scientist,Medium,Technology,Canada,Hybrid,Senior,0,PhD,0
6512,Business Analyst,Medium,Retail,USA,Hybrid,Mid,10,Master,1
6513,Data Engineer,MNC,Education,UK,Hybrid,Entry,0,PhD,1
6514,Business Analyst,Medium,Finance,India,Remote,Senior,1,PhD,0
6515,AI Engineer,Enterprise,E-commerce,Germany,Hybrid,Mid,13,Bachelor,0
6516,AI Engineer,Medium,Technology,UK,Remote,Mid,9,Bachelor,0
6517,Machine Learning Engineer,MNC,Technology,Germany,Hybrid,Mid,6,Master,1
6518,Business Analyst,Enterprise,Finance,India,Remote,Entry,9,Bachelor,0
6519,AI Engineer,Startup,Education,UK,Remote,Senior,4,Master,0
6520,Business Analyst,Startup,Education,Canada,Onsite,Senior,9,Bachelor,0
6521,AI Engineer,Startup,Finance,India,Hybrid,Mid,9,PhD,1
6522,AI Engineer,Startup,Retail,Singapore,Remote,Mid,9,Bachelor,1
6523,Data Analyst,Medium,Education,India,Onsite,Mid,4,Master,0
6524,Business Analyst,Enterprise,Technology,Australia,Remote,Entry,5,Bachelor,0
6525,Business Analyst,Medium,Technology,India,Onsite,Entry,6,Master,1
6526,Business Analyst,Medium,E-commerce,Australia,Hybrid,Entry,4,Master,1
6527,AI Engineer,Medium,Technology,Singapore,Onsite,Mid,13,PhD,1
6528,Data Analyst,Medium,Education,USA,Onsite,Mid,8,Bachelor,0
6529,Data Analyst,Enterprise,Technology,Singapore,Remote,Senior,13,PhD,1
6530,Data Scientist,Startup,Education,Canada,Hybrid,Entry,2,Bachelor,1
6531,Data Scientist,Startup,Education,UK,Remote,Mid,6,PhD,1
6532,Machine Learning Engineer,Enterprise,Technology,Australia,Remote,Senior,2,Bachelor,1
6533,Data Scientist,Enterprise,Finance,Germany,Onsite,Mid,6,Master,1
6534,Machine Learning Engineer,Enterprise,Retail,India,Onsite,Mid,10,Master,0
6535,AI Engineer,Enterprise,Technology,Germany,Remote,Entry,0,PhD,1
6536,Business Analyst,MNC,Finance,USA,Onsite,Senior,0,Bachelor,0
6537,Business Analyst,Enterprise,Retail,USA,Onsite,Mid,13,Master,0
6538,Data Engineer,Enterprise,Healthcare,Australia,Remote,Senior,0,PhD,1
6539,Machine Learning Engineer,MNC,Technology,Australia,Remote,Entry,11,PhD,0
6540,Data Analyst,Startup,Finance,Canada,Onsite,Entry,1,Bachelor,0
6541,Data Analyst,Medium,Technology,USA,Onsite,Entry,12,Master,0
6542,Business Analyst,Enterprise,Technology,Australia,Remote,Mid,6,Master,1
6543,Machine Learning Engineer,MNC,Healthcare,UK,Hybrid,Entry,6,PhD,1
6544,Data Scientist,Enterprise,Healthcare,Australia,Hybrid,Mid,4,Master,1
6545,Data Analyst,Enterprise,Healthcare,Canada,Onsite,Entry,12,Master,1
6546,AI Engineer,MNC,Finance,Singapore,Onsite,Senior,7,Bachelor,1
6547,AI Engineer,Medium,Retail,India,Onsite,Mid,6,Bachelor,1
6548,Business Analyst,Enterprise,Education,Germany,Onsite,Entry,2,Bachelor,1
6549,Machine Learning Engineer,Medium,Technology,UK,Onsite,Senior,5,Bachelor,0
6550,AI Engineer,Medium,Education,Canada,Onsite,Senior,8,Bachelor,0
6551,Business Analyst,Enterprise,Retail,USA,Onsite,Mid,11,PhD,0
6552,Data Engineer,Enterprise,Education,Germany,Remote,Entry,4,Bachelor,1
6553,Machine Learning Engineer,MNC,E-commerce,Germany,Onsite,Mid,11,Bachelor,1
6554,AI Engineer,Medium,Healthcare,USA,Onsite,Entry,11,Bachelor,0
6555,Machine Learning Engineer,MNC,Retail,Australia,Onsite,Entry,1,Master,0
6556,Data Scientist,Enterprise,Education,USA,Hybrid,Mid,3,Bachelor,1
6557,Data Scientist,Startup,Technology,Germany,Hybrid,Senior,13,Bachelor,0
6558,Machine Learning Engineer,Medium,E-commerce,India,Onsite,Senior,10,PhD,1
6559,Machine Learning Engineer,Medium,Healthcare,Singapore,Onsite,Mid,13,Bachelor,0
6560,Data Scientist,Enterprise,E-commerce,Australia,Onsite,Entry,7,PhD,0
6561,Machine Learning Engineer,Medium,Technology,India,Hybrid,Entry,5,Master,1
6562,Data Engineer,Medium,Healthcare,Germany,Remote,Entry,11,Bachelor,1
6563,AI Engineer,Startup,Finance,Singapore,Onsite,Entry,10,Bachelor,0
6564,Machine Learning Engineer,Medium,Retail,India,Onsite,Entry,8,PhD,0
6565,Data Analyst,Medium,Education,India,Onsite,Senior,5,PhD,1
6566,AI Engineer,MNC,Retail,Canada,Hybrid,Entry,1,PhD,1
6567,Machine Learning Engineer,Medium,Education,USA,Remote,Mid,9,Bachelor,1
6568,Data Analyst,Medium,Healthcare,Singapore,Onsite,Entry,5,Bachelor,1
6569,Machine Learning Engineer,Enterprise,Education,Australia,Hybrid,Entry,7,Bachelor,1
6570,AI Engineer,MNC,E-commerce,USA,Onsite,Entry,1,PhD,0
6571,Business Analyst,Startup,Retail,USA,Hybrid,Mid,11,Bachelor,0
6572,AI Engineer,Enterprise,Retail,India,Onsite,Entry,4,Bachelor,1
6573,Business Analyst,Enterprise,Retail,Australia,Onsite,Senior,10,Master,1
6574,Data Engineer,Enterprise,E-commerce,Canada,Hybrid,Senior,6,PhD,0
6575,Data Analyst,Enterprise,Retail,USA,Onsite,Senior,6,PhD,1
6576,AI Engineer,Medium,Technology,Canada,Onsite,Entry,9,PhD,1
6577,Data Scientist,Medium,Finance,Germany,Onsite,Senior,13,Bachelor,0
6578,Machine Learning Engineer,Startup,Technology,Canada,Hybrid,Mid,12,PhD,0
6579,AI Engineer,Startup,Retail,Singapore,Hybrid,Entry,13,Bachelor,1
6580,Data Engineer,Startup,E-commerce,India,Remote,Mid,3,PhD,1
6581,Data Engineer,Enterprise,Finance,Australia,Remote,Entry,0,Bachelor,0
6582,Data Scientist,MNC,Retail,Canada,Remote,Entry,3,PhD,0
6583,AI Engineer,Enterprise,Retail,India,Hybrid,Entry,5,PhD,0
6584,Data Analyst,MNC,Finance,UK,Remote,Senior,14,PhD,1
6585,Machine Learning Engineer,Startup,Healthcare,Australia,Onsite,Senior,8,Master,1
6586,Data Engineer,MNC,Retail,India,Hybrid,Senior,14,Bachelor,0
6587,Data Scientist,Medium,Healthcare,Canada,Onsite,Entry,6,Master,0
6588,Data Scientist,Startup,Technology,UK,Hybrid,Entry,2,Master,1
6589,Business Analyst,Startup,Retail,Singapore,Remote,Mid,7,Master,1
6590,Data Engineer,MNC,Finance,Germany,Onsite,Senior,11,Bachelor,0
6591,AI Engineer,Enterprise,Retail,India,Onsite,Mid,7,Bachelor,1
6592,Machine Learning Engineer,MNC,E-commerce,USA,Remote,Entry,10,Bachelor,0
6593,Data Engineer,Medium,Technology,India,Onsite,Mid,10,Master,1
6594,Business Analyst,Startup,Retail,Australia,Hybrid,Senior,5,PhD,1
6595,AI Engineer,MNC,Finance,India,Remote,Entry,7,Bachelor,1
6596,Business Analyst,Enterprise,Finance,Australia,Remote,Mid,10,Master,1
6597,Machine Learning Engineer,Startup,Education,Singapore,Remote,Mid,14,PhD,0
6598,Business Analyst,Startup,Healthcare,India,Hybrid,Mid,4,PhD,1
6599,Machine Learning Engineer,Enterprise,Education,India,Onsite,Senior,4,Bachelor,0
6600,Data Scientist,Startup,Education,UK,Hybrid,Entry,13,Master,1
6601,Business Analyst,Startup,Technology,USA,Onsite,Entry,4,Bachelor,0
6602,Data Scientist,Enterprise,Retail,Australia,Onsite,Senior,4,PhD,0
6603,Business Analyst,MNC,Finance,Canada,Remote,Senior,10,PhD,0
6604,Data Scientist,Medium,Technology,USA,Onsite,Mid,3,Bachelor,1
6605,Data Analyst,Medium,Education,India,Remote,Entry,8,Master,0
6606,Data Analyst,Startup,E-commerce,Canada,Hybrid,Senior,2,Bachelor,1
6607,Data Engineer,Startup,Retail,UK,Remote,Senior,4,PhD,0
6608,Data Engineer,Enterprise,Healthcare,Australia,Onsite,Mid,14,Bachelor,1
6609,Machine Learning Engineer,MNC,Education,India,Remote,Entry,12,PhD,0
6610,Data Scientist,MNC,Technology,Canada,Hybrid,Senior,5,PhD,0
6611,Data Scientist,Medium,Retail,Canada,Onsite,Entry,2,PhD,0
6612,Data Engineer,Medium,Finance,Germany,Remote,Senior,9,PhD,1
6613,Data Engineer,MNC,Healthcare,Germany,Onsite,Senior,8,Master,0
6614,AI Engineer,MNC,Retail,Canada,Remote,Mid,2,Master,0
6615,Data Analyst,Medium,Technology,Singapore,Remote,Senior,2,Bachelor,0
6616,AI Engineer,Medium,Healthcare,India,Onsite,Mid,5,Master,0
6617,AI Engineer,Medium,Retail,UK,Hybrid,Mid,10,PhD,1
6618,Data Engineer,Medium,Education,Australia,Onsite,Mid,8,PhD,0
6619,AI Engineer,Startup,Education,UK,Onsite,Entry,3,Bachelor,1
6620,Data Engineer,Medium,Education,India,Onsite,Mid,9,Bachelor,1
6621,Data Engineer,MNC,Education,Canada,Remote,Mid,14,Bachelor,0
6622,Business Analyst,Startup,Education,Australia,Hybrid,Senior,0,Master,1
6623,Machine Learning Engineer,MNC,E-commerce,Canada,Hybrid,Mid,0,Master,0
6624,Business Analyst,MNC,Technology,India,Remote,Mid,13,Bachelor,0
6625,Business Analyst,Startup,E-commerce,Germany,Remote,Entry,2,Bachelor,1
6626,Data Engineer,Medium,Healthcare,Singapore,Remote,Entry,5,PhD,0
6627,AI Engineer,Medium,Finance,Australia,Hybrid,Senior,9,PhD,0
6628,Business Analyst,Medium,Retail,Germany,Remote,Mid,6,Master,1
6629,Data Analyst,Medium,Education,Australia,Remote,Senior,13,PhD,1
6630,Machine Learning Engineer,Startup,Retail,Germany,Hybrid,Entry,0,Master,1
6631,AI Engineer,Startup,E-commerce,Germany,Hybrid,Senior,13,PhD,1
6632,Machine Learning Engineer,MNC,Healthcare,Canada,Hybrid,Senior,13,PhD,1
6633,Data Engineer,Startup,Healthcare,USA,Remote,Senior,5,Bachelor,1
6634,Business Analyst,MNC,E-commerce,USA,Remote,Senior,13,Bachelor,1
6635,Data Scientist,Enterprise,Healthcare,India,Hybrid,Entry,9,Bachelor,1
6636,Business Analyst,Enterprise,Finance,Australia,Remote,Senior,8,Master,0
6637,Data Analyst,Enterprise,Healthcare,UK,Hybrid,Mid,7,Bachelor,1
6638,Data Scientist,Medium,Retail,USA,Hybrid,Entry,5,Bachelor,0
6639,Data Engineer,Enterprise,Healthcare,Singapore,Hybrid,Entry,12,PhD,0
6640,AI Engineer,Startup,E-commerce,Australia,Remote,Mid,2,PhD,1
6641,Business Analyst,Enterprise,Finance,India,Onsite,Mid,12,Master,0
6642,Data Analyst,Enterprise,Technology,UK,Onsite,Entry,12,PhD,1
6643,Data Engineer,Medium,Education,Canada,Hybrid,Entry,0,Master,0
6644,Data Engineer,Enterprise,Retail,UK,Hybrid,Entry,8,Master,0
6645,Business Analyst,Startup,E-commerce,Germany,Remote,Entry,7,Master,1
6646,Data Engineer,Medium,Healthcare,Singapore,Onsite,Senior,12,Bachelor,1
6647,Business Analyst,Enterprise,Education,Singapore,Onsite,Entry,14,Bachelor,1
6648,Data Engineer,MNC,Retail,USA,Remote,Mid,7,PhD,0
6649,Machine Learning Engineer,Medium,Healthcare,USA,Remote,Entry,1,Bachelor,1
6650,Data Scientist,MNC,Technology,Canada,Onsite,Mid,2,Master,0
6651,Business Analyst,Startup,E-commerce,Germany,Remote,Senior,6,Master,0
6652,Machine Learning Engineer,Enterprise,Finance,UK,Hybrid,Mid,0,PhD,1
6653,Machine Learning Engineer,Enterprise,Finance,Germany,Remote,Senior,4,Master,0
6654,AI Engineer,Enterprise,Healthcare,UK,Onsite,Senior,6,Bachelor,0
6655,Data Analyst,Enterprise,Finance,Australia,Hybrid,Senior,14,Bachelor,1
6656,Machine Learning Engineer,Startup,Finance,India,Hybrid,Mid,10,Master,1
6657,Data Analyst,Medium,Technology,USA,Onsite,Entry,11,PhD,1
6658,Business Analyst,Startup,E-commerce,Australia,Hybrid,Entry,3,PhD,0
6659,Data Engineer,Medium,Healthcare,UK,Onsite,Mid,0,Master,1
6660,Data Engineer,Medium,Healthcare,India,Hybrid,Mid,9,Bachelor,0
6661,Data Analyst,Enterprise,Finance,Singapore,Remote,Mid,0,PhD,1
6662,Data Analyst,Medium,Technology,Australia,Hybrid,Entry,6,Master,0
6663,Business Analyst,Enterprise,Healthcare,Canada,Onsite,Entry,10,PhD,0
6664,Data Engineer,Medium,Education,Australia,Onsite,Mid,14,Bachelor,0
6665,AI Engineer,Medium,Technology,Canada,Onsite,Mid,13,Master,0
6666,Data Scientist,MNC,Technology,USA,Onsite,Mid,3,Master,1
6667,Data Scientist,Medium,Education,Canada,Hybrid,Mid,1,PhD,0
6668,Data Scientist,MNC,E-commerce,Germany,Onsite,Senior,9,Master,1
6669,Data Engineer,MNC,E-commerce,UK,Remote,Entry,7,Bachelor,1
6670,Business Analyst,Enterprise,Education,Australia,Onsite,Entry,2,Bachelor,0
6671,Data Analyst,Enterprise,Retail,Australia,Hybrid,Mid,1,Bachelor,0
6672,Data Scientist,Startup,E-commerce,Australia,Hybrid,Mid,5,PhD,0
6673,Data Analyst,Startup,Education,Canada,Hybrid,Entry,2,Bachelor,1
6674,AI Engineer,Startup,E-commerce,Australia,Onsite,Senior,7,PhD,1
6675,Machine Learning Engineer,Medium,Technology,Australia,Hybrid,Senior,6,PhD,0
6676,Data Engineer,Startup,E-commerce,UK,Onsite,Senior,9,Master,1
6677,Machine Learning Engineer,Enterprise,E-commerce,Singapore,Onsite,Senior,5,Master,1
6678,Data Analyst,Startup,Finance,Germany,Remote,Entry,1,Master,1
6679,AI Engineer,Medium,E-commerce,Singapore,Remote,Entry,10,Bachelor,0
6680,AI Engineer,Startup,Education,Australia,Onsite,Entry,2,Bachelor,1
6681,Data Engineer,Enterprise,Technology,USA,Remote,Entry,4,PhD,0
6682,Data Scientist,MNC,Finance,Germany,Remote,Entry,12,Master,0
6683,Business Analyst,Medium,Retail,Canada,Onsite,Mid,13,Master,1
6684,Machine Learning Engineer,Enterprise,Education,Australia,Remote,Senior,10,Master,0
6685,Data Scientist,Startup,Education,Germany,Remote,Senior,12,Bachelor,0
6686,Data Analyst,Startup,Retail,UK,Remote,Entry,3,PhD,0
6687,Data Scientist,Medium,Education,UK,Onsite,Entry,12,Master,1
6688,Data Scientist,Medium,Healthcare,Australia,Remote,Entry,10,Master,1
6689,Machine Learning Engineer,Startup,E-commerce,UK,Onsite,Mid,12,Master,1
6690,AI Engineer,Medium,Healthcare,USA,Remote,Senior,9,Bachelor,0
6691,Data Scientist,Enterprise,Technology,Canada,Onsite,Mid,3,PhD,1
6692,Data Scientist,Enterprise,Education,UK,Remote,Entry,3,Bachelor,1
6693,Data Analyst,Medium,Education,UK,Remote,Entry,8,Bachelor,1
6694,Business Analyst,MNC,Finance,USA,Remote,Entry,2,Master,0
6695,Data Analyst,Enterprise,Finance,Singapore,Onsite,Senior,14,Master,1
6696,Data Scientist,Enterprise,Retail,UK,Hybrid,Entry,13,PhD,0
6697,Data Scientist,Medium,Retail,India,Onsite,Mid,13,PhD,1
6698,Data Engineer,Startup,Education,UK,Remote,Mid,7,Master,1
6699,Data Analyst,Startup,E-commerce,Germany,Hybrid,Entry,4,Bachelor,1
6700,Data Scientist,Enterprise,Education,India,Onsite,Senior,14,Master,1
6701,Data Analyst,Enterprise,Finance,USA,Onsite,Senior,14,Master,1
6702,Data Scientist,Startup,E-commerce,Australia,Hybrid,Entry,4,Master,1
6703,Business Analyst,Medium,Finance,Australia,Remote,Senior,3,PhD,0
6704,Data Scientist,MNC,Education,Australia,Onsite,Entry,12,Master,0
6705,Data Scientist,MNC,Healthcare,Australia,Onsite,Entry,4,PhD,0
6706,Data Engineer,Medium,Healthcare,Germany,Onsite,Entry,12,Master,0
6707,AI Engineer,Medium,Retail,Singapore,Onsite,Mid,6,Master,1
6708,Business Analyst,Startup,Healthcare,India,Hybrid,Mid,0,Master,1
6709,Data Scientist,Enterprise,Finance,UK,Remote,Senior,8,Master,0
6710,Data Scientist,MNC,Retail,Germany,Remote,Mid,4,Bachelor,0
6711,Data Analyst,Startup,Finance,USA,Remote,Senior,14,PhD,1
6712,Machine Learning Engineer,MNC,Retail,Singapore,Remote,Mid,1,Master,1
6713,Machine Learning Engineer,Medium,Finance,Canada,Remote,Senior,11,PhD,1
6714,Business Analyst,Medium,Finance,Canada,Hybrid,Senior,5,Bachelor,0
6715,AI Engineer,MNC,Healthcare,Singapore,Onsite,Mid,7,PhD,1
6716,Data Scientist,MNC,E-commerce,UK,Remote,Senior,2,PhD,0
6717,Data Scientist,Enterprise,Healthcare,UK,Remote,Mid,9,PhD,1
6718,Machine Learning Engineer,MNC,Technology,USA,Hybrid,Entry,8,Bachelor,1
6719,Business Analyst,MNC,Retail,Canada,Hybrid,Mid,1,Bachelor,1
6720,Data Engineer,MNC,Finance,Australia,Hybrid,Senior,6,PhD,0
6721,Machine Learning Engineer,Enterprise,Education,India,Remote,Mid,3,PhD,1
6722,Data Engineer,Enterprise,Finance,Canada,Hybrid,Entry,9,Master,0
6723,Business Analyst,Startup,Healthcare,Australia,Onsite,Mid,4,PhD,1
6724,AI Engineer,Enterprise,Retail,India,Hybrid,Mid,0,Master,1
6725,AI Engineer,MNC,Healthcare,Singapore,Onsite,Mid,14,Master,1
6726,Data Analyst,Enterprise,Retail,Germany,Hybrid,Mid,14,Bachelor,0
6727,Machine Learning Engineer,Enterprise,Education,Germany,Remote,Mid,2,Master,1
6728,Machine Learning Engineer,Enterprise,Retail,Singapore,Remote,Entry,4,Master,1
6729,AI Engineer,Medium,E-commerce,Canada,Hybrid,Senior,3,PhD,1
6730,Data Scientist,Startup,Healthcare,USA,Onsite,Senior,3,Master,1
6731,Machine Learning Engineer,Medium,Technology,Singapore,Remote,Senior,5,Bachelor,1
6732,Data Analyst,Enterprise,Finance,Singapore,Onsite,Mid,10,PhD,1
6733,Business Analyst,MNC,Finance,Canada,Remote,Entry,4,Master,0
6734,Data Analyst,Enterprise,Technology,USA,Onsite,Entry,3,PhD,1
6735,AI Engineer,Medium,Finance,Singapore,Remote,Senior,5,Master,1
6736,Data Analyst,MNC,Technology,Germany,Onsite,Entry,6,Master,0
6737,Data Scientist,Enterprise,Finance,Germany,Remote,Entry,12,Bachelor,0
6738,Data Analyst,MNC,Retail,Singapore,Hybrid,Mid,2,Bachelor,1
6739,Data Analyst,Startup,Finance,Canada,Onsite,Mid,5,Bachelor,1
6740,Data Scientist,MNC,Education,Australia,Onsite,Senior,1,PhD,1
6741,Business Analyst,Enterprise,Retail,Germany,Onsite,Senior,4,Master,1
6742,Machine Learning Engineer,Medium,Healthcare,UK,Remote,Mid,14,PhD,1
6743,AI Engineer,Medium,Healthcare,Germany,Hybrid,Mid,1,Bachelor,1
6744,Machine Learning Engineer,Startup,Retail,Singapore,Onsite,Mid,3,Master,1
6745,Business Analyst,Enterprise,Education,UK,Hybrid,Entry,6,Bachelor,1
6746,Business Analyst,Medium,Healthcare,Germany,Onsite,Senior,10,Master,0
6747,Data Analyst,MNC,Healthcare,Singapore,Hybrid,Senior,10,Bachelor,0
6748,Data Engineer,Startup,Technology,Germany,Onsite,Senior,13,PhD,0
6749,Data Engineer,Startup,Retail,Canada,Hybrid,Mid,12,Bachelor,0
6750,AI Engineer,Enterprise,Finance,Singapore,Onsite,Entry,0,Bachelor,0
6751,Data Scientist,Startup,Retail,Canada,Remote,Entry,8,Master,0
6752,Machine Learning Engineer,Enterprise,E-commerce,India,Onsite,Entry,9,Master,0
6753,Machine Learning Engineer,Enterprise,Finance,Singapore,Remote,Mid,14,PhD,0
6754,Data Analyst,MNC,E-commerce,USA,Remote,Senior,2,Bachelor,1
6755,Machine Learning Engineer,Medium,Finance,Canada,Onsite,Senior,9,Bachelor,1
6756,Business Analyst,Medium,Healthcare,Canada,Hybrid,Entry,13,Master,1
6757,Data Analyst,Enterprise,Healthcare,UK,Onsite,Senior,13,PhD,0
6758,Data Scientist,Startup,Finance,Australia,Onsite,Entry,6,PhD,1
6759,Data Scientist,Medium,Education,Canada,Remote,Senior,12,Bachelor,0
6760,Data Engineer,MNC,Technology,Australia,Remote,Senior,6,Bachelor,0
6761,Data Scientist,MNC,Healthcare,Australia,Onsite,Senior,3,Bachelor,1
6762,AI Engineer,Startup,Healthcare,Singapore,Onsite,Entry,2,Bachelor,1
6763,Business Analyst,Startup,Retail,India,Hybrid,Mid,8,PhD,1
6764,Data Analyst,Enterprise,Finance,Singapore,Hybrid,Entry,7,Master,0
6765,Machine Learning Engineer,Enterprise,Retail,Germany,Remote,Senior,0,Bachelor,1
6766,Data Engineer,Startup,Healthcare,Australia,Remote,Entry,7,Master,1
6767,AI Engineer,Enterprise,Finance,Australia,Remote,Senior,6,PhD,1
6768,Business Analyst,Startup,Finance,India,Hybrid,Senior,3,Master,1
6769,Data Scientist,Enterprise,Finance,India,Hybrid,Senior,5,Master,0
6770,Data Scientist,MNC,E-commerce,Australia,Remote,Mid,4,PhD,0
6771,AI Engineer,MNC,Healthcare,Singapore,Hybrid,Entry,1,Bachelor,0
6772,Business Analyst,MNC,E-commerce,USA,Hybrid,Senior,13,Bachelor,1
6773,Data Engineer,Startup,Healthcare,UK,Onsite,Senior,13,PhD,1
6774,Data Scientist,Medium,Healthcare,Canada,Onsite,Mid,2,Bachelor,1
6775,Machine Learning Engineer,Startup,Retail,UK,Hybrid,Mid,4,PhD,0
6776,Data Analyst,MNC,Finance,USA,Remote,Mid,3,Master,0
6777,Business Analyst,Medium,Technology,Germany,Hybrid,Entry,11,PhD,0
6778,Business Analyst,MNC,Retail,Canada,Remote,Senior,11,PhD,0
6779,AI Engineer,Startup,Education,India,Remote,Senior,10,PhD,0
6780,Business Analyst,Medium,Education,India,Onsite,Entry,5,Bachelor,1
6781,Business Analyst,MNC,Healthcare,Canada,Remote,Entry,13,PhD,1
6782,Data Engineer,Medium,Education,Germany,Remote,Entry,13,PhD,1
6783,Data Scientist,MNC,Finance,Singapore,Onsite,Mid,3,PhD,0
6784,Business Analyst,Startup,Retail,Singapore,Onsite,Mid,2,Master,1
6785,Data Analyst,MNC,Education,India,Onsite,Entry,9,PhD,1
6786,Data Engineer,MNC,Technology,UK,Onsite,Senior,0,Master,1
6787,Data Analyst,Medium,Healthcare,USA,Remote,Entry,13,Bachelor,0
6788,AI Engineer,Medium,Retail,UK,Remote,Senior,9,Master,0
6789,Business Analyst,Startup,Finance,Singapore,Remote,Mid,11,PhD,1
6790,Machine Learning Engineer,Startup,Retail,India,Remote,Entry,3,Master,1
6791,Data Engineer,Startup,Retail,Australia,Onsite,Senior,0,Master,0
6792,Machine Learning Engineer,Enterprise,Finance,Singapore,Remote,Senior,4,Bachelor,0
6793,Business Analyst,Startup,Healthcare,Germany,Hybrid,Senior,1,PhD,0
6794,Machine Learning Engineer,Startup,Retail,USA,Hybrid,Senior,4,PhD,0
6795,Data Scientist,Medium,Education,Singapore,Remote,Entry,10,PhD,0
6796,Business Analyst,MNC,Education,Germany,Hybrid,Senior,3,PhD,1
6797,AI Engineer,Enterprise,E-commerce,Canada,Onsite,Mid,7,Bachelor,0
6798,Business Analyst,MNC,Finance,UK,Onsite,Entry,2,PhD,0
6799,Data Engineer,Startup,Retail,Australia,Onsite,Senior,12,Master,1
6800,Data Engineer,MNC,Finance,Canada,Onsite,Senior,1,Bachelor,0
6801,Data Analyst,Startup,Retail,Germany,Hybrid,Mid,13,Bachelor,1
6802,Data Scientist,Startup,Finance,Australia,Remote,Mid,9,Bachelor,0
6803,Business Analyst,Startup,Retail,Australia,Onsite,Entry,3,Bachelor,0
6804,Business Analyst,Enterprise,Technology,Singapore,Remote,Entry,11,PhD,0
6805,Data Analyst,MNC,Finance,Singapore,Remote,Senior,4,Bachelor,0
6806,AI Engineer,MNC,Technology,Australia,Remote,Mid,10,Master,0
6807,Data Analyst,MNC,E-commerce,Australia,Hybrid,Mid,7,Master,0
6808,Business Analyst,MNC,E-commerce,UK,Onsite,Senior,7,Bachelor,1
6809,Data Scientist,Medium,Technology,USA,Remote,Mid,4,Master,1
6810,Business Analyst,Medium,Education,USA,Onsite,Entry,12,Master,0
6811,Data Analyst,Enterprise,Education,Australia,Onsite,Entry,12,Master,1
6812,Data Engineer,Medium,Retail,Canada,Hybrid,Senior,12,Bachelor,1
6813,AI Engineer,Startup,Healthcare,India,Remote,Mid,1,Bachelor,1
6814,Business Analyst,Medium,Technology,USA,Onsite,Senior,5,Bachelor,0
6815,Data Scientist,Startup,Education,UK,Remote,Entry,3,PhD,1
6816,AI Engineer,MNC,Education,Singapore,Onsite,Mid,8,PhD,1
6817,Machine Learning Engineer,Medium,E-commerce,Germany,Hybrid,Senior,0,Master,0
6818,Data Analyst,Startup,Retail,Singapore,Remote,Entry,13,Bachelor,1
6819,Data Scientist,Enterprise,Finance,Australia,Onsite,Mid,0,Bachelor,1
6820,AI Engineer,MNC,Finance,Germany,Onsite,Senior,5,Master,0
6821,Data Scientist,Enterprise,E-commerce,India,Onsite,Mid,6,Master,0
6822,Business Analyst,Enterprise,Healthcare,India,Hybrid,Entry,9,PhD,1
6823,Data Engineer,Startup,Education,Singapore,Hybrid,Senior,12,PhD,1
6824,Data Engineer,MNC,Education,UK,Hybrid,Entry,11,Bachelor,0
6825,Business Analyst,Medium,E-commerce,Singapore,Remote,Entry,11,Bachelor,1
6826,Data Analyst,Startup,Finance,UK,Remote,Senior,13,PhD,0
6827,AI Engineer,Enterprise,Technology,Australia,Onsite,Senior,3,Master,1
6828,Data Scientist,Enterprise,Education,India,Hybrid,Mid,4,Master,1
6829,AI Engineer,Medium,Education,Australia,Onsite,Entry,2,PhD,1
6830,Data Analyst,MNC,Finance,India,Remote,Mid,5,PhD,1
6831,Machine Learning Engineer,Startup,Retail,USA,Remote,Senior,9,Master,1
6832,Business Analyst,Startup,Healthcare,Singapore,Remote,Entry,3,PhD,1
6833,Business Analyst,MNC,Technology,India,Hybrid,Entry,1,Bachelor,1
6834,Data Analyst,Startup,Healthcare,USA,Remote,Mid,8,PhD,0
6835,Data Engineer,Enterprise,Retail,Australia,Hybrid,Mid,6,PhD,0
6836,Data Analyst,Medium,Retail,India,Hybrid,Entry,12,Master,0
6837,AI Engineer,Medium,Finance,Singapore,Onsite,Entry,8,Bachelor,1
6838,Data Engineer,MNC,Finance,Australia,Onsite,Mid,7,PhD,1
6839,Data Engineer,Enterprise,Education,USA,Remote,Entry,8,PhD,0
6840,Business Analyst,Startup,Retail,Singapore,Remote,Entry,12,Master,1
6841,Data Analyst,Medium,E-commerce,USA,Onsite,Mid,10,Bachelor,0
6842,Data Engineer,MNC,Healthcare,Canada,Hybrid,Senior,9,PhD,0
6843,Data Engineer,Medium,Healthcare,Singapore,Remote,Entry,8,Master,0
6844,Business Analyst,Startup,Healthcare,UK,Hybrid,Senior,14,Master,1
6845,Data Scientist,Startup,E-commerce,Australia,Remote,Entry,13,Bachelor,1
6846,Business Analyst,Medium,Technology,Germany,Remote,Mid,12,Master,0
6847,Data Scientist,MNC,Healthcare,Australia,Hybrid,Mid,2,PhD,0
6848,Data Analyst,Startup,Retail,India,Remote,Entry,7,PhD,0
6849,AI Engineer,Startup,Healthcare,UK,Remote,Senior,11,PhD,0
6850,Data Analyst,MNC,Retail,UK,Remote,Mid,12,Master,0
6851,AI Engineer,MNC,Healthcare,Singapore,Hybrid,Senior,2,PhD,0
6852,Data Scientist,Startup,Education,Australia,Remote,Entry,8,Master,0
6853,Machine Learning Engineer,Enterprise,Retail,Canada,Hybrid,Mid,3,Master,1
6854,Data Scientist,MNC,Education,India,Onsite,Entry,13,Bachelor,1
6855,Business Analyst,Startup,Retail,Australia,Hybrid,Entry,9,Master,0
6856,Data Engineer,Startup,E-commerce,Canada,Hybrid,Senior,10,PhD,0
6857,Machine Learning Engineer,Startup,Technology,UK,Hybrid,Mid,9,Bachelor,1
6858,Data Analyst,Startup,Retail,USA,Onsite,Entry,5,Master,1
6859,Data Analyst,MNC,Education,UK,Onsite,Mid,14,Master,0
6860,Business Analyst,MNC,Technology,Canada,Onsite,Entry,4,Bachelor,0
6861,Machine Learning Engineer,MNC,Retail,Canada,Onsite,Entry,4,Master,0
6862,Machine Learning Engineer,MNC,Retail,Singapore,Hybrid,Entry,5,PhD,0
6863,Data Scientist,MNC,Education,India,Hybrid,Senior,14,PhD,0
6864,Data Engineer,Startup,Retail,India,Remote,Entry,5,Bachelor,1
6865,AI Engineer,Medium,E-commerce,Germany,Onsite,Entry,13,Bachelor,1
6866,Business Analyst,Startup,Healthcare,Australia,Onsite,Entry,1,PhD,0
6867,Business Analyst,MNC,E-commerce,Australia,Remote,Entry,12,PhD,1
6868,Machine Learning Engineer,Medium,Education,UK,Hybrid,Entry,2,PhD,1
6869,Data Scientist,Enterprise,Healthcare,Singapore,Onsite,Senior,8,PhD,1
6870,Data Scientist,Enterprise,Retail,USA,Onsite,Senior,4,PhD,1
6871,AI Engineer,Medium,E-commerce,Germany,Onsite,Mid,6,PhD,1
6872,Data Analyst,Medium,E-commerce,Australia,Hybrid,Mid,7,Master,0
6873,Data Analyst,Startup,Education,Germany,Hybrid,Mid,11,Bachelor,1
6874,Data Scientist,MNC,Education,Germany,Onsite,Senior,14,Master,1
6875,Data Engineer,Medium,Finance,Australia,Hybrid,Entry,2,Bachelor,1
6876,Business Analyst,Startup,Finance,Singapore,Remote,Mid,12,Master,0
6877,Data Analyst,Startup,Technology,Australia,Remote,Entry,0,Bachelor,0
6878,Machine Learning Engineer,MNC,Retail,Australia,Onsite,Mid,8,Bachelor,1
6879,Data Engineer,Startup,Education,Canada,Hybrid,Senior,12,PhD,1
6880,Data Engineer,Enterprise,Retail,Australia,Onsite,Mid,13,PhD,1
6881,Data Analyst,MNC,E-commerce,UK,Hybrid,Entry,3,Bachelor,1
6882,Data Engineer,MNC,Technology,Singapore,Hybrid,Mid,7,Bachelor,1
6883,Data Analyst,Startup,Technology,Germany,Hybrid,Entry,12,Master,0
6884,Data Scientist,Medium,E-commerce,USA,Onsite,Mid,2,Bachelor,1
6885,Data Analyst,Medium,Education,UK,Hybrid,Entry,14,PhD,1
6886,Data Engineer,MNC,E-commerce,UK,Remote,Entry,5,PhD,1
6887,Business Analyst,Enterprise,Education,Germany,Remote,Mid,2,PhD,1
6888,Business Analyst,Medium,Healthcare,Canada,Onsite,Mid,5,Master,0
6889,Data Analyst,Enterprise,Education,Canada,Remote,Entry,9,PhD,0
6890,Data Scientist,Medium,Education,Germany,Onsite,Entry,8,PhD,0
6891,Data Engineer,Medium,Education,USA,Remote,Entry,12,PhD,0
6892,Machine Learning Engineer,Startup,E-commerce,India,Remote,Mid,1,Master,1
6893,AI Engineer,MNC,Finance,Australia,Remote,Mid,5,Master,0
6894,Machine Learning Engineer,Medium,Healthcare,Australia,Hybrid,Entry,1,Bachelor,1
6895,Data Scientist,Medium,E-commerce,Canada,Onsite,Mid,14,PhD,0
6896,Data Analyst,Enterprise,Education,UK,Remote,Mid,5,Bachelor,1
6897,Data Analyst,Medium,Healthcare,Australia,Hybrid,Mid,0,Master,1
6898,Data Engineer,MNC,Finance,Germany,Remote,Senior,5,Bachelor,1
6899,Data Scientist,MNC,Finance,Australia,Hybrid,Senior,6,Master,0
6900,Data Analyst,Startup,Healthcare,Singapore,Remote,Mid,0,PhD,0
6901,AI Engineer,MNC,Retail,Singapore,Onsite,Mid,3,Master,0
6902,Machine Learning Engineer,Medium,Healthcare,UK,Hybrid,Senior,11,Bachelor,0
6903,AI Engineer,MNC,Retail,Australia,Remote,Entry,6,PhD,0
6904,Machine Learning Engineer,Medium,Technology,USA,Remote,Entry,1,Bachelor,0
6905,Data Engineer,Startup,E-commerce,Germany,Hybrid,Entry,13,PhD,1
6906,Data Scientist,Startup,Retail,Australia,Hybrid,Senior,0,Master,1
6907,Data Engineer,Enterprise,Retail,UK,Onsite,Senior,2,Bachelor,1
6908,Data Engineer,Medium,Healthcare,Germany,Hybrid,Senior,6,Bachelor,0
6909,Data Engineer,Medium,Finance,Singapore,Remote,Entry,5,PhD,1
6910,AI Engineer,MNC,Technology,India,Hybrid,Mid,4,Master,0
6911,Data Scientist,MNC,E-commerce,UK,Onsite,Senior,8,Master,1
6912,Machine Learning Engineer,Medium,Finance,Singapore,Hybrid,Mid,8,PhD,0
6913,AI Engineer,MNC,Education,USA,Remote,Mid,14,Bachelor,0
6914,Data Analyst,Enterprise,Retail,Australia,Remote,Mid,13,PhD,1
6915,Machine Learning Engineer,Startup,Education,India,Remote,Mid,1,Master,1
6916,Data Scientist,Startup,Finance,India,Remote,Mid,10,PhD,0
6917,Business Analyst,Startup,Healthcare,UK,Hybrid,Entry,2,Bachelor,0
6918,Data Engineer,Startup,Technology,Germany,Remote,Senior,5,Master,1
6919,Data Engineer,Startup,Retail,Germany,Onsite,Mid,6,Master,0
6920,AI Engineer,Enterprise,Technology,USA,Hybrid,Entry,1,Bachelor,1
6921,Data Analyst,Medium,Retail,Australia,Remote,Mid,11,Master,0
6922,AI Engineer,Startup,Finance,Germany,Remote,Mid,6,Bachelor,1
6923,Machine Learning Engineer,Startup,Retail,Australia,Remote,Entry,4,PhD,0
6924,AI Engineer,MNC,Healthcare,Australia,Onsite,Entry,6,Bachelor,0
6925,AI Engineer,Startup,Healthcare,India,Hybrid,Entry,11,PhD,1
6926,Business Analyst,MNC,Education,Germany,Hybrid,Entry,2,Master,0
6927,AI Engineer,Medium,Technology,USA,Hybrid,Mid,6,Master,1
6928,Data Scientist,MNC,Education,India,Remote,Mid,10,Bachelor,1
6929,Business Analyst,Enterprise,Education,Canada,Hybrid,Mid,5,PhD,0
6930,Machine Learning Engineer,Medium,Education,Australia,Onsite,Entry,5,Master,0
6931,Data Scientist,Startup,Education,India,Hybrid,Mid,0,PhD,0
6932,Business Analyst,Enterprise,Technology,Singapore,Onsite,Senior,12,Master,0
6933,Data Scientist,Enterprise,Healthcare,USA,Hybrid,Senior,1,Master,0
6934,Data Engineer,MNC,Technology,USA,Hybrid,Mid,11,PhD,0
6935,AI Engineer,Startup,E-commerce,India,Onsite,Entry,11,Bachelor,1
6936,AI Engineer,Startup,Finance,Singapore,Hybrid,Entry,1,Bachelor,0
6937,Data Engineer,Enterprise,E-commerce,UK,Remote,Senior,8,Bachelor,0
6938,Data Engineer,Enterprise,E-commerce,Australia,Remote,Mid,10,Bachelor,1
6939,Business Analyst,Medium,Technology,UK,Onsite,Senior,10,Bachelor,0
6940,Data Analyst,Medium,Education,Germany,Hybrid,Mid,3,Bachelor,0
6941,Business Analyst,Startup,Technology,USA,Onsite,Mid,8,PhD,1
6942,AI Engineer,Startup,Healthcare,UK,Remote,Entry,12,Master,0
6943,Data Analyst,Startup,Finance,Canada,Remote,Senior,0,Master,0
6944,Data Scientist,Enterprise,Finance,UK,Hybrid,Mid,0,Master,0
6945,Data Analyst,Medium,Finance,Australia,Remote,Mid,2,Bachelor,0
6946,Data Scientist,Enterprise,Healthcare,India,Hybrid,Entry,9,Master,1
6947,Data Analyst,Medium,Technology,Singapore,Remote,Mid,14,Bachelor,1
6948,Data Analyst,Startup,Retail,USA,Hybrid,Senior,0,PhD,1
6949,Data Scientist,Enterprise,Education,Singapore,Hybrid,Entry,5,Master,1
6950,AI Engineer,Medium,Finance,Germany,Hybrid,Senior,13,Bachelor,1
6951,Data Scientist,Medium,Technology,Australia,Remote,Senior,1,Master,0
6952,Data Scientist,Medium,Retail,Australia,Remote,Senior,12,Master,0
6953,Machine Learning Engineer,Enterprise,Healthcare,Singapore,Hybrid,Entry,3,PhD,1
6954,Data Scientist,Medium,Healthcare,India,Hybrid,Senior,11,Master,1
6955,Data Engineer,Startup,Retail,Canada,Hybrid,Mid,9,PhD,0
6956,AI Engineer,Enterprise,Education,India,Hybrid,Entry,10,PhD,0
6957,Machine Learning Engineer,Enterprise,Healthcare,UK,Hybrid,Entry,13,PhD,0
6958,Data Scientist,Medium,E-commerce,USA,Onsite,Senior,1,PhD,1
6959,Data Engineer,MNC,Education,UK,Remote,Entry,1,Master,1
6960,Business Analyst,Enterprise,Finance,Singapore,Onsite,Senior,12,Master,1
6961,Business Analyst,Enterprise,Healthcare,Germany,Onsite,Mid,4,Master,0
6962,Business Analyst,Startup,Technology,India,Remote,Entry,13,Master,0
6963,Data Analyst,MNC,Healthcare,India,Onsite,Entry,5,Bachelor,1
6964,Data Analyst,Medium,Technology,Singapore,Onsite,Senior,8,Bachelor,0
6965,Data Scientist,Medium,Education,UK,Hybrid,Mid,1,Bachelor,0
6966,Data Scientist,Startup,Retail,Singapore,Hybrid,Senior,5,Master,1
6967,Machine Learning Engineer,Startup,Finance,Singapore,Remote,Senior,12,PhD,1
6968,AI Engineer,Medium,Finance,UK,Onsite,Mid,4,Master,1
6969,Data Scientist,Enterprise,Finance,USA,Hybrid,Mid,14,Bachelor,1
6970,Business Analyst,Enterprise,Healthcare,Germany,Remote,Mid,0,PhD,0
6971,Machine Learning Engineer,Medium,Finance,Germany,Hybrid,Entry,3,Bachelor,0
6972,AI Engineer,Startup,Healthcare,Singapore,Remote,Mid,4,Bachelor,0
6973,Machine Learning Engineer,MNC,Healthcare,USA,Onsite,Senior,10,Master,1
6974,Data Scientist,MNC,Healthcare,USA,Onsite,Mid,5,PhD,0
6975,Data Analyst,MNC,Finance,Australia,Remote,Mid,0,Master,1
6976,Machine Learning Engineer,Startup,Education,USA,Onsite,Senior,5,Bachelor,1
6977,Machine Learning Engineer,MNC,Healthcare,Singapore,Hybrid,Senior,3,PhD,0
6978,Data Analyst,Medium,Retail,USA,Remote,Entry,2,PhD,1
6979,Data Analyst,Startup,E-commerce,Germany,Onsite,Mid,7,Bachelor,0
6980,Data Engineer,Medium,Education,Canada,Hybrid,Senior,10,Master,1
6981,Data Scientist,Medium,E-commerce,Canada,Remote,Mid,2,Bachelor,0
6982,AI Engineer,Enterprise,Retail,USA,Hybrid,Entry,12,Bachelor,1
6983,Data Scientist,Enterprise,Healthcare,Australia,Onsite,Entry,10,Bachelor,1
6984,Data Engineer,Startup,E-commerce,UK,Remote,Mid,2,PhD,0
6985,Data Engineer,Medium,Healthcare,Australia,Remote,Entry,10,Bachelor,1
6986,Business Analyst,Medium,Finance,Singapore,Hybrid,Mid,2,Master,0
6987,Data Scientist,Enterprise,Education,Australia,Onsite,Entry,8,Bachelor,0
6988,Machine Learning Engineer,Medium,Finance,USA,Onsite,Mid,10,PhD,0
6989,Data Scientist,Medium,E-commerce,UK,Onsite,Senior,12,Master,0
6990,Data Engineer,Medium,Retail,Canada,Remote,Entry,13,Master,0
6991,Data Analyst,MNC,Retail,Germany,Onsite,Mid,14,Bachelor,0
6992,Data Scientist,Startup,E-commerce,Australia,Remote,Entry,4,Bachelor,1
6993,Machine Learning Engineer,Enterprise,Finance,UK,Remote,Senior,0,Master,1
6994,Data Engineer,MNC,Healthcare,USA,Onsite,Senior,11,PhD,0
6995,Data Scientist,Startup,Technology,Germany,Remote,Entry,4,Bachelor,1
6996,Business Analyst,MNC,Technology,Australia,Hybrid,Senior,13,Master,0
6997,Machine Learning Engineer,Startup,Technology,Singapore,Hybrid,Entry,13,Bachelor,1
6998,Data Scientist,Medium,Technology,India,Remote,Entry,7,Master,1
6999,Data Analyst,MNC,Healthcare,USA,Onsite,Mid,2,Master,1
7000,Data Engineer,Enterprise,Retail,India,Remote,Senior,2,Bachelor,1
7001,AI Engineer,Startup,Education,Canada,Hybrid,Senior,4,PhD,1
7002,Data Scientist,Startup,Education,Canada,Hybrid,Senior,8,PhD,1
7003,Data Analyst,Enterprise,E-commerce,Singapore,Onsite,Mid,4,Master,0
7004,Data Engineer,Startup,Education,Australia,Remote,Senior,5,Master,0
7005,Data Engineer,Enterprise,Education,Australia,Hybrid,Entry,5,Master,0
7006,AI Engineer,Enterprise,Education,USA,Remote,Entry,7,PhD,1
7007,AI Engineer,Medium,E-commerce,Canada,Remote,Entry,9,Bachelor,0
7008,Data Scientist,MNC,Education,Australia,Remote,Mid,2,Master,0
7009,Business Analyst,Medium,Healthcare,USA,Remote,Senior,6,PhD,0
7010,Data Analyst,Medium,Healthcare,UK,Onsite,Entry,8,Bachelor,1
7011,Business Analyst,Enterprise,Finance,Singapore,Remote,Entry,10,Master,0
7012,Data Engineer,Startup,Healthcare,Australia,Onsite,Mid,12,Master,0
7013,AI Engineer,Startup,Retail,USA,Onsite,Senior,5,PhD,1
7014,Data Analyst,MNC,Healthcare,Singapore,Onsite,Entry,5,Master,1
7015,Data Engineer,Startup,Finance,USA,Hybrid,Mid,5,PhD,1
7016,AI Engineer,MNC,Technology,Australia,Onsite,Mid,3,Master,1
7017,Data Engineer,Startup,Education,India,Hybrid,Entry,13,PhD,1
7018,Machine Learning Engineer,MNC,Education,Germany,Onsite,Mid,11,Master,0
7019,Data Scientist,Startup,Healthcare,India,Hybrid,Mid,12,Master,1
7020,Data Engineer,Startup,Technology,UK,Remote,Senior,6,Bachelor,1
7021,Data Scientist,Enterprise,E-commerce,Australia,Remote,Entry,1,Master,0
7022,AI Engineer,MNC,Healthcare,USA,Hybrid,Mid,8,Bachelor,1
7023,Data Analyst,Enterprise,E-commerce,Australia,Remote,Entry,1,PhD,0
7024,Data Engineer,Enterprise,Healthcare,India,Remote,Senior,5,PhD,0
7025,Data Analyst,MNC,Technology,Singapore,Onsite,Senior,1,PhD,1
7026,Data Scientist,Startup,Education,India,Remote,Entry,7,Master,0
7027,Machine Learning Engineer,Medium,E-commerce,USA,Hybrid,Mid,11,PhD,0
7028,Data Scientist,Enterprise,Education,USA,Onsite,Mid,8,PhD,0
7029,Business Analyst,Enterprise,Healthcare,Australia,Remote,Mid,12,Bachelor,1
7030,Business Analyst,Startup,Retail,USA,Hybrid,Mid,8,Bachelor,0
7031,Data Analyst,Enterprise,Technology,Canada,Remote,Senior,1,Bachelor,1
7032,AI Engineer,Enterprise,Healthcare,UK,Onsite,Senior,4,Bachelor,0
7033,Data Scientist,Startup,Retail,India,Onsite,Senior,3,PhD,0
7034,Data Analyst,Enterprise,Technology,Australia,Onsite,Entry,7,Bachelor,1
7035,Machine Learning Engineer,MNC,Healthcare,USA,Remote,Entry,4,PhD,0
7036,AI Engineer,Enterprise,Education,Germany,Remote,Mid,2,Bachelor,0
7037,Data Engineer,Enterprise,Healthcare,Canada,Onsite,Mid,13,PhD,0
7038,Data Scientist,Enterprise,Finance,Germany,Hybrid,Entry,11,Master,1
7039,Business Analyst,Enterprise,Technology,USA,Hybrid,Mid,11,Master,0
7040,Machine Learning Engineer,Enterprise,Retail,USA,Remote,Mid,7,Master,1
7041,Business Analyst,Medium,Retail,Australia,Onsite,Mid,10,Bachelor,0
7042,Data Analyst,Enterprise,E-commerce,Australia,Onsite,Mid,12,PhD,1
7043,AI Engineer,Medium,Technology,Australia,Remote,Senior,0,PhD,1
7044,Data Scientist,Enterprise,E-commerce,UK,Hybrid,Senior,10,Bachelor,1
7045,Data Analyst,Startup,E-commerce,UK,Onsite,Entry,9,Bachelor,1
7046,Business Analyst,Medium,Healthcare,Australia,Hybrid,Senior,12,Master,0
7047,Data Engineer,MNC,Finance,India,Onsite,Mid,12,Master,0
7048,Data Engineer,MNC,Retail,USA,Remote,Senior,2,Master,0
7049,Business Analyst,Medium,Retail,UK,Remote,Entry,4,Bachelor,1
7050,Machine Learning Engineer,Medium,E-commerce,India,Onsite,Senior,7,Bachelor,1
7051,AI Engineer,Enterprise,Technology,India,Hybrid,Senior,0,PhD,0
7052,Data Engineer,Medium,Retail,India,Onsite,Mid,2,PhD,1
7053,Data Scientist,Enterprise,E-commerce,Germany,Hybrid,Entry,13,Master,1
7054,Machine Learning Engineer,MNC,Technology,Australia,Remote,Entry,0,Master,0
7055,Business Analyst,Enterprise,Finance,India,Hybrid,Mid,4,Bachelor,0
7056,Business Analyst,Medium,Finance,Canada,Remote,Mid,4,Bachelor,1
7057,Data Scientist,Medium,Healthcare,Singapore,Onsite,Mid,11,PhD,1
7058,Machine Learning Engineer,MNC,Education,India,Remote,Entry,9,Master,0
7059,Data Scientist,MNC,Retail,Singapore,Hybrid,Senior,11,PhD,0
7060,Data Scientist,Startup,Finance,USA,Hybrid,Mid,6,PhD,1
7061,Business Analyst,Medium,E-commerce,Australia,Onsite,Entry,1,Master,1
7062,AI Engineer,Enterprise,E-commerce,India,Onsite,Mid,5,Master,0
7063,Business Analyst,MNC,Retail,Germany,Remote,Entry,12,Master,0
7064,AI Engineer,Medium,Education,Singapore,Onsite,Senior,4,Master,0
7065,Data Analyst,Medium,Finance,UK,Remote,Mid,2,Master,1
7066,Data Engineer,MNC,Retail,Germany,Hybrid,Mid,11,Bachelor,1
7067,Machine Learning Engineer,Startup,Technology,Singapore,Remote,Senior,12,PhD,1
7068,Data Analyst,Startup,Technology,Germany,Remote,Senior,5,Bachelor,1
7069,AI Engineer,MNC,Education,Germany,Onsite,Senior,8,Master,1
7070,Data Scientist,Medium,Education,UK,Hybrid,Entry,11,Bachelor,1
7071,Data Scientist,MNC,Healthcare,UK,Onsite,Senior,5,Master,1
7072,Business Analyst,MNC,E-commerce,Singapore,Hybrid,Entry,14,PhD,0
7073,Business Analyst,Startup,Education,India,Remote,Mid,14,PhD,1
7074,Data Engineer,Startup,Healthcare,Canada,Remote,Senior,11,Bachelor,0
7075,AI Engineer,Medium,Finance,USA,Hybrid,Entry,12,Bachelor,0
7076,Data Engineer,Startup,Technology,Germany,Remote,Entry,6,PhD,0
7077,Machine Learning Engineer,Enterprise,Healthcare,Germany,Onsite,Mid,7,Master,0
7078,Data Engineer,MNC,Retail,Germany,Hybrid,Entry,7,Bachelor,1
7079,Data Scientist,Enterprise,E-commerce,India,Hybrid,Senior,6,Bachelor,1
7080,Data Engineer,Startup,Healthcare,USA,Remote,Entry,10,PhD,1
7081,Data Scientist,MNC,Technology,Australia,Hybrid,Entry,8,Master,0
7082,AI Engineer,Startup,Education,Australia,Onsite,Senior,4,Master,0
7083,Data Analyst,MNC,Technology,UK,Hybrid,Senior,14,PhD,1
7084,Data Analyst,Startup,Finance,Australia,Onsite,Senior,6,Master,1
7085,AI Engineer,Enterprise,Education,Australia,Hybrid,Senior,7,Bachelor,1
7086,AI Engineer,Enterprise,Finance,Singapore,Remote,Entry,8,PhD,0
7087,Data Analyst,MNC,Healthcare,India,Hybrid,Entry,8,Bachelor,1
7088,Machine Learning Engineer,MNC,Technology,Australia,Remote,Mid,5,Bachelor,1
7089,Data Engineer,MNC,E-commerce,Australia,Hybrid,Entry,0,PhD,1
7090,Data Engineer,MNC,Education,USA,Hybrid,Mid,2,PhD,1
7091,Business Analyst,Startup,Education,Germany,Hybrid,Entry,3,Bachelor,1
7092,Machine Learning Engineer,Startup,Technology,USA,Onsite,Entry,8,Bachelor,0
7093,Data Engineer,Medium,E-commerce,Australia,Hybrid,Senior,1,Master,0
7094,Machine Learning Engineer,MNC,Education,Canada,Onsite,Senior,0,Master,1
7095,Data Engineer,Startup,Healthcare,UK,Remote,Mid,5,Master,1
7096,Data Scientist,Startup,Healthcare,UK,Onsite,Mid,14,Bachelor,0
7097,Data Analyst,Medium,E-commerce,USA,Remote,Entry,14,Bachelor,1
7098,Data Analyst,Startup,Healthcare,India,Hybrid,Mid,13,PhD,0
7099,Data Analyst,Startup,Retail,India,Onsite,Mid,12,Master,0
7100,Business Analyst,Startup,Finance,Germany,Onsite,Senior,7,PhD,1
7101,Data Scientist,Startup,Education,USA,Onsite,Mid,9,Bachelor,1
7102,Data Engineer,Startup,Education,Germany,Hybrid,Mid,1,PhD,0
7103,Data Engineer,Enterprise,Education,Singapore,Hybrid,Entry,0,PhD,0
7104,Machine Learning Engineer,Enterprise,Education,Canada,Remote,Senior,12,Master,1
7105,Data Analyst,Enterprise,Education,Germany,Onsite,Entry,7,PhD,1
7106,Data Scientist,Enterprise,E-commerce,USA,Onsite,Mid,5,PhD,1
7107,Data Scientist,Medium,Finance,Canada,Onsite,Mid,1,Bachelor,0
7108,Data Analyst,Startup,Education,Singapore,Onsite,Senior,13,Master,1
7109,AI Engineer,Enterprise,Healthcare,UK,Remote,Senior,2,Bachelor,1
7110,Data Scientist,MNC,Finance,Germany,Hybrid,Senior,0,Bachelor,1
7111,Data Scientist,Enterprise,Healthcare,UK,Hybrid,Mid,11,Master,0
7112,Data Engineer,MNC,Finance,Germany,Remote,Entry,14,Bachelor,0
7113,Data Scientist,Startup,E-commerce,Australia,Onsite,Mid,10,Bachelor,0
7114,Data Scientist,Startup,Technology,Germany,Hybrid,Entry,8,PhD,0
7115,Data Scientist,MNC,Retail,Canada,Onsite,Mid,11,Master,0
7116,Data Engineer,Enterprise,Finance,UK,Onsite,Mid,7,PhD,1
7117,Data Engineer,Enterprise,E-commerce,Germany,Onsite,Mid,12,PhD,1
7118,Data Analyst,MNC,Technology,USA,Onsite,Senior,4,Bachelor,0
7119,Data Analyst,MNC,E-commerce,Australia,Remote,Mid,2,Bachelor,1
7120,Machine Learning Engineer,Startup,Technology,USA,Remote,Senior,8,Bachelor,1
7121,AI Engineer,Enterprise,E-commerce,Australia,Hybrid,Mid,14,Bachelor,1
7122,AI Engineer,Medium,Education,UK,Hybrid,Senior,6,Bachelor,0
7123,AI Engineer,Startup,Healthcare,UK,Remote,Mid,7,Master,1
7124,Machine Learning Engineer,Medium,Technology,UK,Hybrid,Senior,14,Master,0
7125,AI Engineer,Enterprise,Retail,India,Onsite,Entry,0,Bachelor,1
7126,Business Analyst,Medium,Education,Singapore,Hybrid,Mid,0,PhD,1
7127,AI Engineer,Enterprise,Retail,Germany,Onsite,Mid,0,Master,0
7128,Data Analyst,MNC,Technology,Australia,Onsite,Entry,7,Bachelor,1
7129,Data Analyst,Startup,Retail,Singapore,Remote,Mid,5,PhD,0
7130,AI Engineer,MNC,E-commerce,Germany,Onsite,Senior,6,Bachelor,1
7131,Data Engineer,MNC,Retail,India,Hybrid,Entry,10,PhD,1
7132,Data Scientist,Startup,Healthcare,Canada,Onsite,Senior,7,Bachelor,1
7133,Data Scientist,Startup,Technology,Germany,Onsite,Senior,8,Bachelor,0
7134,Business Analyst,Medium,Retail,USA,Hybrid,Senior,14,Bachelor,1
7135,Data Scientist,Medium,Technology,UK,Hybrid,Mid,1,Master,0
7136,Machine Learning Engineer,Enterprise,Finance,USA,Onsite,Entry,11,Bachelor,1
7137,Business Analyst,Startup,Education,UK,Onsite,Mid,10,PhD,0
7138,Machine Learning Engineer,Startup,E-commerce,Canada,Onsite,Senior,13,Master,1
7139,Data Engineer,Medium,Retail,Australia,Onsite,Mid,9,Master,0
7140,Business Analyst,Enterprise,E-commerce,Canada,Onsite,Senior,3,Master,1
7141,Machine Learning Engineer,Startup,Education,USA,Remote,Entry,10,Master,0
7142,Machine Learning Engineer,Medium,Finance,Germany,Onsite,Senior,0,Master,0
7143,Data Scientist,Enterprise,Education,UK,Onsite,Entry,0,Master,1
7144,Data Analyst,Startup,Technology,Canada,Onsite,Mid,11,Bachelor,1
7145,Machine Learning Engineer,Startup,E-commerce,Canada,Hybrid,Senior,13,Master,1
7146,AI Engineer,Startup,Finance,India,Onsite,Mid,7,Master,0
7147,Data Engineer,Enterprise,Healthcare,Australia,Hybrid,Mid,1,Bachelor,1
7148,Machine Learning Engineer,MNC,Technology,Canada,Hybrid,Entry,5,Bachelor,1
7149,Business Analyst,Enterprise,Education,India,Onsite,Entry,3,Master,1
7150,Business Analyst,MNC,Finance,USA,Remote,Senior,12,PhD,1
7151,Business Analyst,MNC,Finance,India,Onsite,Senior,9,Master,1
7152,Machine Learning Engineer,Medium,Finance,Singapore,Onsite,Entry,8,PhD,1
7153,Business Analyst,Medium,Technology,USA,Onsite,Mid,9,Bachelor,1
7154,Data Engineer,Medium,Finance,Germany,Remote,Mid,13,PhD,0
7155,Machine Learning Engineer,MNC,Retail,Germany,Onsite,Senior,12,Bachelor,1
7156,Data Scientist,Medium,E-commerce,India,Hybrid,Senior,12,Bachelor,1
7157,Data Analyst,Enterprise,Finance,Australia,Remote,Entry,4,Master,0
7158,Business Analyst,Enterprise,Technology,Canada,Hybrid,Senior,0,PhD,1
7159,Data Scientist,MNC,Finance,Canada,Onsite,Mid,12,Master,1
7160,Machine Learning Engineer,Enterprise,E-commerce,Australia,Hybrid,Entry,9,Master,1
7161,Data Analyst,MNC,Retail,Germany,Hybrid,Mid,14,Bachelor,0
7162,Data Engineer,Enterprise,Technology,India,Remote,Senior,13,PhD,0
7163,Data Scientist,Enterprise,Education,UK,Hybrid,Mid,7,Master,0
7164,Data Scientist,Enterprise,Education,USA,Onsite,Entry,11,Bachelor,1
7165,Data Engineer,Medium,Healthcare,Germany,Hybrid,Senior,6,PhD,0
7166,Data Analyst,Startup,Technology,UK,Hybrid,Mid,7,Bachelor,1
7167,Data Analyst,Enterprise,Retail,UK,Hybrid,Mid,11,Master,0
7168,Business Analyst,Startup,E-commerce,USA,Onsite,Entry,2,PhD,1
7169,AI Engineer,MNC,Finance,Germany,Onsite,Entry,0,Master,1
7170,Data Analyst,MNC,Technology,Germany,Onsite,Senior,5,Master,0
7171,Data Scientist,Startup,Education,USA,Remote,Senior,6,Master,0
7172,Business Analyst,Startup,Retail,USA,Hybrid,Entry,9,PhD,1
7173,Data Scientist,MNC,Healthcare,India,Hybrid,Mid,10,PhD,0
7174,Data Analyst,Startup,E-commerce,Germany,Hybrid,Entry,8,PhD,0
7175,Business Analyst,Enterprise,Technology,USA,Onsite,Mid,8,Bachelor,0
7176,Machine Learning Engineer,Startup,E-commerce,Australia,Remote,Senior,0,Bachelor,0
7177,AI Engineer,Startup,Finance,Canada,Onsite,Entry,8,Bachelor,0
7178,Business Analyst,Medium,Finance,Germany,Remote,Senior,10,Master,1
7179,Data Analyst,Startup,Finance,Germany,Hybrid,Entry,5,PhD,0
7180,AI Engineer,MNC,Healthcare,Canada,Onsite,Senior,3,PhD,1
7181,Machine Learning Engineer,Enterprise,Finance,Canada,Hybrid,Senior,11,PhD,1
7182,Business Analyst,Enterprise,Technology,India,Onsite,Senior,1,PhD,0
7183,AI Engineer,MNC,Technology,UK,Remote,Mid,9,PhD,0
7184,Business Analyst,Startup,Education,Australia,Onsite,Mid,6,Bachelor,1
7185,Machine Learning Engineer,Startup,Technology,Singapore,Remote,Senior,11,Bachelor,0
7186,Data Engineer,MNC,Healthcare,Australia,Onsite,Entry,6,Bachelor,1
7187,AI Engineer,MNC,Technology,Germany,Hybrid,Mid,5,Bachelor,0
7188,Business Analyst,Enterprise,Technology,Australia,Onsite,Senior,14,Master,0
7189,Data Scientist,Medium,Retail,USA,Hybrid,Mid,11,PhD,1
7190,Data Engineer,Startup,Healthcare,Germany,Hybrid,Mid,6,PhD,0
7191,Data Analyst,MNC,Technology,Germany,Hybrid,Entry,10,Bachelor,0
7192,Business Analyst,Startup,Finance,USA,Hybrid,Entry,7,PhD,1
7193,Data Analyst,Enterprise,E-commerce,UK,Hybrid,Entry,0,Bachelor,1
7194,Data Engineer,MNC,Healthcare,Australia,Hybrid,Senior,13,PhD,1
7195,Machine Learning Engineer,Medium,Technology,USA,Onsite,Entry,7,Bachelor,0
7196,Data Engineer,MNC,Healthcare,USA,Hybrid,Senior,2,Master,1
7197,Business Analyst,MNC,Technology,USA,Remote,Mid,7,Master,0
7198,AI Engineer,MNC,Education,UK,Remote,Mid,8,Master,0
7199,AI Engineer,MNC,Healthcare,Germany,Hybrid,Entry,11,Master,0
7200,Machine Learning Engineer,Startup,Technology,India,Hybrid,Senior,2,Master,0
7201,Machine Learning Engineer,Startup,Technology,UK,Onsite,Senior,12,Bachelor,0
7202,Data Scientist,Medium,Education,USA,Onsite,Senior,6,Bachelor,0
7203,Data Analyst,Medium,Healthcare,Australia,Hybrid,Entry,1,Bachelor,1
7204,Data Scientist,MNC,E-commerce,Singapore,Onsite,Senior,9,Master,0
7205,Business Analyst,MNC,Technology,UK,Hybrid,Entry,6,PhD,0
7206,Data Engineer,MNC,E-commerce,USA,Hybrid,Entry,11,PhD,1
7207,Data Analyst,Startup,Finance,USA,Hybrid,Entry,14,Master,0
7208,Business Analyst,Enterprise,Retail,Germany,Hybrid,Mid,8,Master,0
7209,Data Scientist,Medium,Education,Canada,Remote,Entry,3,Master,1
7210,Data Engineer,Startup,Finance,USA,Remote,Entry,3,PhD,0
7211,Business Analyst,Startup,Finance,Australia,Onsite,Senior,4,PhD,1
7212,Data Scientist,MNC,Education,Australia,Hybrid,Entry,5,Bachelor,1
7213,Data Scientist,Medium,Healthcare,India,Hybrid,Senior,3,Master,0
7214,Data Scientist,Startup,Technology,USA,Hybrid,Entry,9,Master,0
7215,Data Engineer,Enterprise,Education,UK,Onsite,Mid,12,Master,1
7216,Data Analyst,Medium,Finance,Singapore,Remote,Entry,2,Master,0
7217,Machine Learning Engineer,Medium,Education,India,Remote,Entry,13,Bachelor,0
7218,Data Scientist,Medium,E-commerce,India,Onsite,Mid,3,Master,0
7219,Machine Learning Engineer,Medium,Healthcare,Australia,Hybrid,Entry,10,PhD,1
7220,Machine Learning Engineer,Medium,E-commerce,UK,Hybrid,Senior,6,Master,1
7221,Data Engineer,Startup,Education,Canada,Hybrid,Entry,3,PhD,0
7222,Business Analyst,MNC,Healthcare,Germany,Remote,Entry,12,Bachelor,0
7223,AI Engineer,Medium,Healthcare,Canada,Onsite,Mid,6,Master,0
7224,Data Scientist,Medium,Technology,UK,Remote,Senior,0,Master,0
7225,Data Engineer,Startup,Education,USA,Onsite,Mid,5,PhD,0
7226,Data Analyst,Enterprise,Healthcare,Canada,Hybrid,Mid,8,PhD,0
7227,Data Engineer,Startup,Retail,India,Onsite,Senior,9,Master,1
7228,Business Analyst,Medium,Retail,UK,Onsite,Mid,3,PhD,1
7229,AI Engineer,Enterprise,Education,Australia,Remote,Entry,5,PhD,1
7230,Data Scientist,Enterprise,Technology,Germany,Remote,Entry,5,Bachelor,1
7231,Data Engineer,Enterprise,Finance,India,Remote,Entry,0,PhD,1
7232,Business Analyst,Medium,Healthcare,USA,Remote,Senior,12,Bachelor,0
7233,Data Engineer,Startup,Retail,India,Onsite,Senior,1,Bachelor,0
7234,Business Analyst,Startup,Education,Canada,Onsite,Entry,5,PhD,1
7235,Data Engineer,Startup,Technology,Canada,Onsite,Entry,11,Master,1
7236,Business Analyst,MNC,Healthcare,Australia,Onsite,Mid,4,Bachelor,0
7237,Data Scientist,Medium,Finance,Australia,Onsite,Senior,8,Master,0
7238,Machine Learning Engineer,Startup,Retail,Germany,Hybrid,Mid,11,PhD,1
7239,Data Analyst,Startup,Healthcare,India,Hybrid,Entry,1,PhD,0
7240,Machine Learning Engineer,Enterprise,Healthcare,USA,Hybrid,Senior,0,PhD,1
7241,Data Engineer,Enterprise,E-commerce,UK,Remote,Mid,2,Master,1
7242,Business Analyst,MNC,Finance,Australia,Hybrid,Senior,14,Master,0
7243,Data Analyst,Enterprise,Finance,Singapore,Onsite,Senior,14,PhD,1
7244,Data Analyst,Enterprise,Technology,India,Onsite,Senior,3,Bachelor,1
7245,Data Scientist,Medium,E-commerce,Canada,Remote,Mid,9,Bachelor,1
7246,Business Analyst,MNC,Healthcare,Germany,Remote,Senior,1,Master,0
7247,AI Engineer,Enterprise,Healthcare,Australia,Hybrid,Entry,2,PhD,1
7248,Data Scientist,Startup,Healthcare,UK,Hybrid,Mid,8,Bachelor,0
7249,AI Engineer,Medium,Technology,Australia,Remote,Entry,1,PhD,1
7250,Machine Learning Engineer,Enterprise,Healthcare,UK,Onsite,Entry,0,PhD,0
7251,Data Engineer,Enterprise,Finance,Germany,Remote,Entry,4,PhD,0
7252,Data Engineer,Medium,Technology,Singapore,Hybrid,Mid,4,Master,0
7253,AI Engineer,Enterprise,Finance,India,Remote,Senior,13,Master,1
7254,AI Engineer,MNC,Finance,Canada,Remote,Mid,7,Master,0
7255,Data Engineer,MNC,Technology,Germany,Onsite,Entry,10,Bachelor,0
7256,Business Analyst,Medium,Education,Australia,Onsite,Entry,8,Bachelor,0
7257,Machine Learning Engineer,Enterprise,Technology,Australia,Onsite,Entry,2,Master,0
7258,Data Scientist,Enterprise,E-commerce,Germany,Hybrid,Entry,8,Master,0
7259,Data Engineer,Startup,Finance,Canada,Onsite,Mid,4,PhD,0
7260,Data Engineer,MNC,Healthcare,Australia,Hybrid,Senior,2,Master,1
7261,Data Analyst,Enterprise,Healthcare,UK,Onsite,Entry,3,PhD,1
7262,AI Engineer,Enterprise,Technology,India,Hybrid,Senior,2,Master,1
7263,Data Engineer,Enterprise,Technology,Australia,Onsite,Mid,12,PhD,0
7264,Data Analyst,Enterprise,Retail,Germany,Hybrid,Entry,5,Master,0
7265,Machine Learning Engineer,Medium,E-commerce,India,Onsite,Senior,11,Bachelor,0
7266,Business Analyst,Enterprise,Technology,Singapore,Onsite,Senior,3,PhD,0
7267,Machine Learning Engineer,Startup,Technology,Germany,Remote,Entry,9,Bachelor,1
7268,Data Scientist,Enterprise,Education,USA,Hybrid,Mid,0,Bachelor,1
7269,Machine Learning Engineer,Enterprise,Education,USA,Remote,Mid,8,PhD,1
7270,Business Analyst,MNC,Technology,UK,Hybrid,Entry,5,Bachelor,0
7271,Data Analyst,Startup,Technology,Australia,Hybrid,Senior,2,Bachelor,0
7272,Data Analyst,Medium,Education,UK,Remote,Senior,8,Bachelor,0
7273,AI Engineer,MNC,Healthcare,Canada,Hybrid,Mid,7,Bachelor,0
7274,Data Engineer,MNC,Retail,UK,Hybrid,Senior,1,Master,0
7275,Data Scientist,Startup,Education,USA,Remote,Senior,11,Master,0
7276,AI Engineer,Enterprise,Technology,Australia,Remote,Entry,1,PhD,1
7277,Data Engineer,Startup,Finance,UK,Onsite,Mid,13,PhD,1
7278,Machine Learning Engineer,MNC,Technology,Canada,Remote,Mid,13,Master,0
7279,Business Analyst,Medium,Retail,Australia,Onsite,Entry,12,Master,1
7280,AI Engineer,MNC,Finance,Australia,Onsite,Mid,6,PhD,1
7281,Machine Learning Engineer,MNC,Education,UK,Onsite,Senior,10,Bachelor,1
7282,AI Engineer,Enterprise,E-commerce,UK,Onsite,Entry,0,Bachelor,1
7283,Data Scientist,Enterprise,Finance,Germany,Hybrid,Senior,6,Bachelor,1
7284,Machine Learning Engineer,Medium,Retail,UK,Hybrid,Senior,13,PhD,1
7285,Data Analyst,MNC,Finance,Canada,Onsite,Mid,6,PhD,0
7286,Data Analyst,Startup,Finance,Singapore,Onsite,Entry,0,Bachelor,0
7287,Data Scientist,Enterprise,Healthcare,USA,Onsite,Mid,7,PhD,0
7288,Data Analyst,Enterprise,Finance,Singapore,Hybrid,Senior,3,Master,1
7289,AI Engineer,Startup,Retail,Canada,Hybrid,Mid,12,Bachelor,1
7290,Data Scientist,MNC,Technology,USA,Hybrid,Entry,8,PhD,1
7291,Business Analyst,MNC,Education,Germany,Hybrid,Entry,10,PhD,0
7292,Machine Learning Engineer,MNC,Retail,India,Hybrid,Mid,5,PhD,1
7293,AI Engineer,Enterprise,Education,USA,Remote,Senior,7,PhD,0
7294,Machine Learning Engineer,MNC,Education,Germany,Hybrid,Entry,7,Master,1
7295,Machine Learning Engineer,Enterprise,Finance,USA,Onsite,Mid,4,PhD,0
7296,Business Analyst,Enterprise,Technology,USA,Hybrid,Entry,2,Bachelor,1
7297,AI Engineer,Startup,Retail,Canada,Onsite,Mid,0,PhD,0
7298,Machine Learning Engineer,Startup,E-commerce,Canada,Remote,Senior,0,PhD,1
7299,Business Analyst,MNC,Finance,UK,Remote,Mid,4,PhD,0
7300,Data Scientist,Medium,Technology,UK,Remote,Mid,13,Master,1
7301,Business Analyst,Medium,E-commerce,USA,Hybrid,Senior,13,Bachelor,1
7302,Data Engineer,Startup,Technology,Australia,Remote,Senior,5,Master,0
7303,AI Engineer,Enterprise,E-commerce,UK,Remote,Entry,3,Master,1
7304,AI Engineer,Startup,Technology,UK,Onsite,Senior,7,Bachelor,0
7305,Data Engineer,Enterprise,E-commerce,USA,Onsite,Mid,3,Bachelor,0
7306,Data Engineer,Enterprise,Technology,Australia,Onsite,Senior,13,Bachelor,0
7307,Data Engineer,Medium,Finance,Canada,Onsite,Entry,4,Bachelor,0
7308,Data Analyst,Enterprise,Healthcare,Canada,Remote,Senior,2,Bachelor,0
7309,Machine Learning Engineer,Startup,Retail,Singapore,Onsite,Senior,13,Master,1
7310,Data Scientist,Medium,Education,Canada,Onsite,Senior,5,Master,1
7311,Machine Learning Engineer,Medium,Finance,Germany,Onsite,Mid,3,Master,1
7312,AI Engineer,Startup,Technology,India,Hybrid,Mid,4,Bachelor,0
7313,Data Scientist,Medium,Technology,USA,Onsite,Mid,8,PhD,1
7314,Data Scientist,Startup,Education,Singapore,Remote,Mid,14,Bachelor,1
7315,Data Analyst,MNC,Retail,Germany,Onsite,Entry,0,PhD,1
7316,Machine Learning Engineer,MNC,Retail,UK,Hybrid,Mid,3,Master,0
7317,Data Engineer,Medium,Healthcare,USA,Onsite,Senior,5,Master,0
7318,Data Engineer,Startup,E-commerce,Germany,Onsite,Mid,2,Bachelor,1
7319,Business Analyst,Medium,Retail,Australia,Onsite,Senior,4,Bachelor,0
7320,Data Engineer,Medium,E-commerce,Singapore,Remote,Entry,5,Master,0
7321,AI Engineer,MNC,Healthcare,India,Remote,Mid,12,Bachelor,1
7322,Data Analyst,MNC,Healthcare,Australia,Hybrid,Senior,4,Master,1
7323,Machine Learning Engineer,Enterprise,Finance,Canada,Hybrid,Senior,2,Bachelor,1
7324,Data Scientist,Startup,E-commerce,Singapore,Remote,Entry,3,Master,1
7325,Data Engineer,MNC,Technology,Australia,Remote,Mid,6,Master,1
7326,Data Scientist,Enterprise,Technology,USA,Onsite,Senior,7,Master,1
7327,Business Analyst,Startup,E-commerce,India,Remote,Entry,7,Bachelor,0
7328,AI Engineer,MNC,Technology,USA,Onsite,Senior,13,PhD,1
7329,Business Analyst,Enterprise,Retail,Canada,Hybrid,Senior,7,PhD,1
7330,Data Analyst,Medium,E-commerce,USA,Hybrid,Entry,10,Master,1
7331,Data Scientist,Enterprise,E-commerce,Singapore,Onsite,Senior,14,Bachelor,1
7332,Data Engineer,Startup,Education,UK,Onsite,Mid,8,Master,1
7333,Business Analyst,Enterprise,Healthcare,UK,Remote,Entry,7,Master,1
7334,AI Engineer,Startup,Education,UK,Onsite,Mid,12,Master,0
7335,Machine Learning Engineer,Enterprise,Finance,Canada,Onsite,Mid,4,Bachelor,1
7336,AI Engineer,MNC,E-commerce,Australia,Onsite,Entry,14,Bachelor,0
7337,Data Analyst,Startup,E-commerce,Singapore,Remote,Entry,9,Bachelor,0
7338,Data Scientist,Medium,Finance,Singapore,Remote,Mid,8,PhD,1
7339,Data Engineer,Enterprise,Education,Australia,Hybrid,Senior,0,PhD,0
7340,Data Engineer,Startup,Technology,India,Remote,Mid,3,Bachelor,1
7341,Business Analyst,Startup,Retail,Canada,Remote,Entry,6,Bachelor,0
7342,Machine Learning Engineer,Startup,Education,Canada,Onsite,Senior,7,PhD,1
7343,Business Analyst,Enterprise,Technology,Australia,Hybrid,Senior,10,PhD,0
7344,AI Engineer,Enterprise,Retail,USA,Hybrid,Entry,14,Master,0
7345,Data Analyst,Startup,Retail,USA,Hybrid,Mid,5,Master,0
7346,Data Analyst,Enterprise,Education,Australia,Onsite,Entry,9,Master,0
7347,Data Scientist,MNC,Education,Singapore,Remote,Mid,12,Bachelor,1
7348,Data Engineer,Enterprise,E-commerce,UK,Onsite,Senior,0,Bachelor,0
7349,Business Analyst,Startup,Technology,Singapore,Hybrid,Mid,9,Master,0
7350,Data Engineer,MNC,Technology,Australia,Remote,Senior,13,PhD,1
7351,Business Analyst,Enterprise,Education,India,Hybrid,Senior,13,Master,1
7352,AI Engineer,MNC,Retail,Canada,Onsite,Mid,0,PhD,1
7353,Business Analyst,Startup,Healthcare,UK,Remote,Senior,3,Bachelor,0
7354,Data Scientist,Medium,Education,Germany,Hybrid,Entry,4,PhD,0
7355,Data Engineer,Medium,Retail,UK,Onsite,Senior,5,PhD,0
7356,Business Analyst,Startup,Retail,Australia,Hybrid,Mid,9,PhD,1
7357,Data Analyst,Medium,E-commerce,Australia,Remote,Mid,11,Master,1
7358,Machine Learning Engineer,MNC,Healthcare,Australia,Remote,Entry,7,PhD,0
7359,Business Analyst,Startup,Technology,Germany,Onsite,Entry,6,PhD,1
7360,Machine Learning Engineer,MNC,Healthcare,Germany,Hybrid,Entry,5,Bachelor,1
7361,Data Engineer,Enterprise,Finance,UK,Onsite,Senior,3,Bachelor,1
7362,Data Analyst,Startup,E-commerce,Germany,Hybrid,Senior,5,Bachelor,1
7363,Data Engineer,Medium,Retail,UK,Onsite,Senior,2,Bachelor,1
7364,AI Engineer,Startup,Technology,India,Onsite,Senior,14,Bachelor,1
7365,AI Engineer,Medium,E-commerce,India,Remote,Senior,2,PhD,1
7366,Data Analyst,Startup,Technology,Singapore,Hybrid,Mid,2,PhD,0
7367,Data Analyst,Medium,Education,Singapore,Onsite,Senior,6,PhD,1
7368,Data Analyst,Medium,Healthcare,Singapore,Hybrid,Senior,4,Master,1
7369,Data Engineer,MNC,Finance,Canada,Remote,Entry,3,PhD,1
7370,Machine Learning Engineer,Enterprise,Technology,Canada,Remote,Mid,1,PhD,0
7371,Business Analyst,MNC,Finance,Australia,Hybrid,Mid,13,Master,0
7372,Machine Learning Engineer,Enterprise,Technology,India,Hybrid,Entry,3,PhD,0
7373,Data Scientist,Startup,E-commerce,Australia,Remote,Mid,9,PhD,0
7374,Data Engineer,Medium,Education,UK,Hybrid,Entry,1,Master,1
7375,Data Engineer,MNC,Education,India,Onsite,Mid,6,Bachelor,1
7376,Business Analyst,Medium,Education,India,Onsite,Entry,1,PhD,1
7377,Data Engineer,Medium,Finance,USA,Onsite,Mid,7,PhD,1
7378,Data Analyst,Medium,Retail,Canada,Onsite,Mid,7,Master,0
7379,Business Analyst,MNC,Healthcare,India,Hybrid,Entry,9,PhD,1
7380,Machine Learning Engineer,Startup,Healthcare,Singapore,Hybrid,Senior,5,PhD,1
7381,Machine Learning Engineer,Enterprise,Retail,Germany,Onsite,Senior,5,Bachelor,0
7382,Data Scientist,Enterprise,Technology,USA,Remote,Mid,12,PhD,0
7383,Data Engineer,Enterprise,Technology,Singapore,Onsite,Entry,13,PhD,0
7384,Data Scientist,Startup,Technology,India,Remote,Entry,1,Bachelor,1
7385,Data Scientist,Medium,Finance,USA,Remote,Mid,4,Master,1
7386,Data Engineer,Enterprise,E-commerce,UK,Remote,Entry,0,Bachelor,0
7387,AI Engineer,Medium,Finance,Singapore,Hybrid,Mid,0,Master,0
7388,AI Engineer,MNC,Retail,Australia,Remote,Entry,2,Master,0
7389,Business Analyst,MNC,E-commerce,India,Remote,Entry,4,Master,1
7390,Data Analyst,Startup,Healthcare,Canada,Hybrid,Mid,14,Master,0
7391,Business Analyst,Enterprise,Education,UK,Remote,Entry,11,Bachelor,1
7392,Data Analyst,Enterprise,Retail,Singapore,Onsite,Mid,12,Bachelor,0
7393,Data Scientist,Enterprise,Finance,Australia,Remote,Senior,7,PhD,0
7394,Machine Learning Engineer,Startup,Finance,Australia,Remote,Entry,11,Master,0
7395,Machine Learning Engineer,Medium,Education,UK,Hybrid,Senior,11,Master,0
7396,AI Engineer,Medium,Technology,Australia,Remote,Mid,5,PhD,0
7397,Data Engineer,Enterprise,Technology,Singapore,Remote,Entry,11,Bachelor,0
7398,Machine Learning Engineer,Enterprise,Education,Germany,Onsite,Mid,9,Master,0
7399,Data Analyst,Startup,Finance,India,Onsite,Senior,1,Master,1
7400,Data Analyst,Startup,E-commerce,Canada,Hybrid,Entry,5,Master,0
7401,Data Engineer,Enterprise,Finance,USA,Remote,Senior,10,PhD,1
7402,Data Analyst,Medium,E-commerce,Germany,Onsite,Mid,13,Master,1
7403,Data Analyst,Startup,Retail,India,Remote,Senior,14,Master,1
7404,Data Analyst,Startup,Retail,Canada,Remote,Senior,1,Master,1
7405,Data Analyst,Startup,Retail,Australia,Onsite,Mid,7,PhD,0
7406,Business Analyst,Medium,Retail,Australia,Onsite,Senior,11,Bachelor,0
7407,Data Scientist,MNC,E-commerce,Canada,Remote,Senior,5,PhD,1
7408,Machine Learning Engineer,Enterprise,Finance,USA,Onsite,Entry,2,PhD,0
7409,Business Analyst,Startup,Retail,UK,Onsite,Senior,9,PhD,0
7410,Data Engineer,Enterprise,Education,Australia,Remote,Senior,13,PhD,1
7411,Business Analyst,Medium,Technology,Singapore,Remote,Senior,2,Master,1
7412,Data Analyst,Medium,Retail,Germany,Onsite,Senior,9,Master,0
7413,Data Analyst,Startup,Technology,UK,Remote,Entry,8,Bachelor,1
7414,Data Scientist,Enterprise,Technology,Australia,Onsite,Entry,10,Master,0
7415,AI Engineer,Enterprise,Retail,Germany,Remote,Senior,1,PhD,0
7416,Data Engineer,Enterprise,Retail,Germany,Hybrid,Entry,1,Master,0
7417,Data Engineer,MNC,Retail,Singapore,Hybrid,Mid,14,Bachelor,0
7418,Data Scientist,Enterprise,Finance,USA,Onsite,Senior,5,PhD,1
7419,Machine Learning Engineer,Enterprise,E-commerce,UK,Hybrid,Entry,13,PhD,1
7420,Data Engineer,MNC,Education,USA,Hybrid,Mid,10,Bachelor,1
7421,Machine Learning Engineer,MNC,Retail,Germany,Onsite,Mid,14,Master,0
7422,Business Analyst,Enterprise,Healthcare,USA,Hybrid,Mid,0,Master,0
7423,Business Analyst,MNC,Technology,Australia,Onsite,Mid,13,Master,0
7424,Data Engineer,Medium,Technology,Germany,Remote,Entry,8,PhD,0
7425,Machine Learning Engineer,Startup,Healthcare,Germany,Hybrid,Entry,13,Master,0
7426,Data Scientist,Medium,E-commerce,Australia,Hybrid,Entry,9,PhD,1
7427,Data Scientist,Medium,Technology,Canada,Onsite,Senior,13,Bachelor,1
7428,Data Engineer,Medium,Retail,Australia,Onsite,Entry,14,Bachelor,1
7429,Data Scientist,Enterprise,E-commerce,USA,Onsite,Mid,8,Master,1
7430,Machine Learning Engineer,MNC,Retail,Canada,Hybrid,Entry,7,Bachelor,1
7431,Data Scientist,MNC,Technology,USA,Hybrid,Senior,12,Master,0
7432,Data Scientist,Enterprise,Finance,Canada,Onsite,Senior,6,PhD,0
7433,Business Analyst,MNC,Healthcare,Australia,Hybrid,Senior,8,Master,1
7434,AI Engineer,Medium,Healthcare,UK,Onsite,Senior,4,Master,1
7435,Data Analyst,Enterprise,Finance,Singapore,Remote,Mid,0,Bachelor,1
7436,Business Analyst,Startup,Finance,UK,Hybrid,Entry,11,Bachelor,0
7437,Data Scientist,Enterprise,E-commerce,Australia,Remote,Senior,11,PhD,0
7438,Business Analyst,Medium,Education,Singapore,Remote,Entry,11,Bachelor,0
7439,Machine Learning Engineer,MNC,Retail,Singapore,Remote,Mid,6,Bachelor,0
7440,Data Engineer,Medium,Retail,Australia,Onsite,Senior,13,Master,1
7441,Data Analyst,Startup,Healthcare,Australia,Hybrid,Entry,1,PhD,0
7442,Data Scientist,Medium,Education,Germany,Remote,Mid,4,PhD,1
7443,Machine Learning Engineer,MNC,Finance,Germany,Onsite,Mid,5,PhD,1
7444,Machine Learning Engineer,Medium,Technology,Australia,Remote,Entry,9,Bachelor,1
7445,Data Engineer,Medium,E-commerce,USA,Hybrid,Mid,3,Master,1
7446,Data Analyst,Medium,Technology,USA,Hybrid,Senior,10,PhD,0
7447,Data Scientist,Enterprise,Finance,Australia,Remote,Entry,8,Bachelor,1
7448,Business Analyst,Startup,Retail,USA,Onsite,Entry,7,PhD,1
7449,Business Analyst,Startup,Education,UK,Remote,Mid,10,Master,0
7450,Data Engineer,Medium,Technology,Canada,Hybrid,Senior,7,PhD,0
7451,AI Engineer,MNC,Retail,Germany,Hybrid,Mid,5,PhD,1
7452,Data Scientist,Medium,Finance,Singapore,Onsite,Senior,11,Master,0
7453,AI Engineer,MNC,Retail,India,Hybrid,Senior,10,Master,0
7454,Business Analyst,Startup,Retail,UK,Onsite,Senior,0,Master,0
7455,Data Engineer,Startup,Education,Australia,Onsite,Senior,10,Bachelor,1
7456,Data Scientist,Enterprise,Education,USA,Onsite,Entry,4,Master,1
7457,Business Analyst,Enterprise,Retail,Singapore,Onsite,Entry,11,Bachelor,0
7458,Business Analyst,Medium,Education,Germany,Hybrid,Senior,12,Bachelor,0
7459,Data Scientist,MNC,E-commerce,Australia,Hybrid,Entry,8,PhD,0
7460,Business Analyst,Enterprise,Healthcare,Australia,Remote,Senior,4,Master,0
7461,Machine Learning Engineer,Medium,E-commerce,UK,Hybrid,Mid,12,Bachelor,0
7462,AI Engineer,Startup,Education,Germany,Hybrid,Mid,7,Master,0
7463,AI Engineer,MNC,Retail,USA,Onsite,Entry,9,PhD,0
7464,Business Analyst,Medium,Finance,Australia,Onsite,Mid,8,PhD,0
7465,Data Engineer,Enterprise,Finance,USA,Remote,Senior,1,Master,1
7466,Business Analyst,Enterprise,Healthcare,Canada,Onsite,Senior,13,PhD,1
7467,Data Engineer,Enterprise,E-commerce,India,Remote,Entry,12,Master,1
7468,Data Analyst,Enterprise,Education,Canada,Remote,Senior,6,Bachelor,0
7469,Data Engineer,Medium,Finance,Australia,Remote,Mid,9,PhD,0
7470,Data Analyst,Medium,Finance,Australia,Onsite,Mid,8,PhD,0
7471,Machine Learning Engineer,Medium,Retail,Singapore,Onsite,Entry,11,Master,1
7472,Machine Learning Engineer,Medium,E-commerce,Germany,Hybrid,Entry,0,Bachelor,0
7473,Machine Learning Engineer,MNC,Retail,Singapore,Remote,Entry,11,Master,1
7474,Data Engineer,MNC,E-commerce,Germany,Hybrid,Entry,11,Bachelor,0
7475,Machine Learning Engineer,Enterprise,Healthcare,Germany,Onsite,Entry,4,Master,0
7476,Business Analyst,MNC,Retail,UK,Onsite,Mid,7,Bachelor,0
7477,Data Scientist,Medium,E-commerce,USA,Hybrid,Senior,0,PhD,1
7478,AI Engineer,Medium,Finance,Germany,Onsite,Entry,5,Master,1
7479,Data Scientist,Medium,E-commerce,Singapore,Remote,Mid,0,Bachelor,1
7480,Machine Learning Engineer,Medium,Healthcare,Germany,Hybrid,Mid,13,Bachelor,0
7481,Data Scientist,MNC,Finance,Germany,Remote,Senior,12,Master,0
7482,Data Analyst,MNC,Finance,Singapore,Hybrid,Mid,10,Master,0
7483,Data Engineer,Enterprise,Technology,USA,Hybrid,Entry,9,Master,1
7484,Data Engineer,MNC,Retail,Canada,Hybrid,Senior,2,PhD,1
7485,Machine Learning Engineer,Startup,Healthcare,UK,Remote,Senior,4,Master,1
7486,Data Engineer,Enterprise,Education,Canada,Remote,Entry,6,Bachelor,1
7487,Data Analyst,Enterprise,E-commerce,India,Hybrid,Mid,13,Bachelor,0
7488,Business Analyst,Startup,Retail,India,Remote,Senior,12,Bachelor,0
7489,Business Analyst,Startup,Technology,Australia,Onsite,Entry,8,Master,0
7490,AI Engineer,Startup,Technology,USA,Hybrid,Mid,14,Master,1
7491,Data Scientist,Enterprise,Education,Singapore,Hybrid,Mid,2,Bachelor,0
7492,Data Scientist,Startup,Finance,UK,Onsite,Senior,7,Master,1
7493,Business Analyst,Enterprise,Healthcare,India,Remote,Senior,1,PhD,1
7494,Machine Learning Engineer,Medium,E-commerce,Canada,Hybrid,Mid,6,PhD,1
7495,Data Engineer,Enterprise,Healthcare,Germany,Hybrid,Entry,1,PhD,1
7496,Data Engineer,Startup,Healthcare,Germany,Remote,Mid,13,Bachelor,0
7497,AI Engineer,Startup,Technology,Australia,Onsite,Mid,11,PhD,0
7498,Data Analyst,MNC,Technology,Canada,Remote,Mid,3,Bachelor,0
7499,Machine Learning Engineer,Medium,Education,Australia,Hybrid,Entry,10,Bachelor,0
7500,Data Analyst,Medium,Technology,Canada,Onsite,Entry,9,Bachelor,1
7501,Machine Learning Engineer,Medium,E-commerce,Germany,Remote,Mid,12,Bachelor,1
7502,Machine Learning Engineer,Startup,E-commerce,UK,Hybrid,Entry,12,Bachelor,1
7503,Data Scientist,Enterprise,Technology,Singapore,Hybrid,Mid,4,PhD,1
7504,Data Analyst,Startup,Healthcare,Canada,Remote,Mid,4,PhD,0
7505,Machine Learning Engineer,Medium,Healthcare,Australia,Onsite,Mid,13,PhD,1
7506,Business Analyst,MNC,Healthcare,USA,Remote,Entry,13,Bachelor,1
7507,Data Scientist,Startup,Healthcare,Germany,Remote,Mid,7,PhD,1
7508,Business Analyst,Medium,Retail,Germany,Remote,Mid,8,Master,1
7509,AI Engineer,Startup,E-commerce,Australia,Onsite,Entry,11,Bachelor,1
7510,AI Engineer,MNC,Technology,Canada,Remote,Senior,4,Master,1
7511,AI Engineer,MNC,Healthcare,Singapore,Hybrid,Entry,10,Master,0
7512,AI Engineer,MNC,Retail,Australia,Remote,Mid,12,Master,1
7513,Machine Learning Engineer,Medium,Finance,Germany,Onsite,Senior,14,PhD,1
7514,Machine Learning Engineer,Enterprise,Finance,Singapore,Onsite,Entry,1,Master,1
7515,Business Analyst,Medium,Healthcare,India,Hybrid,Mid,3,Bachelor,0
7516,Data Engineer,Startup,Retail,USA,Hybrid,Entry,6,Master,0
7517,Data Scientist,Enterprise,Education,India,Remote,Entry,14,PhD,1
7518,Data Engineer,Enterprise,Education,India,Onsite,Senior,6,Bachelor,0
7519,Data Engineer,Medium,Retail,Singapore,Onsite,Senior,4,Bachelor,0
7520,AI Engineer,Startup,Education,USA,Remote,Senior,6,PhD,1
7521,Machine Learning Engineer,Startup,Healthcare,USA,Remote,Mid,12,PhD,1
7522,Machine Learning Engineer,Enterprise,Retail,UK,Hybrid,Mid,13,Bachelor,0
7523,Data Engineer,MNC,Education,Canada,Hybrid,Mid,5,Bachelor,1
7524,Data Engineer,Enterprise,Technology,UK,Remote,Senior,4,PhD,0
7525,AI Engineer,Medium,E-commerce,India,Onsite,Entry,4,Bachelor,0
7526,Data Analyst,Enterprise,Technology,Germany,Remote,Mid,3,PhD,1
7527,Data Engineer,Enterprise,Finance,Germany,Onsite,Mid,11,Bachelor,0
7528,Data Analyst,MNC,Finance,USA,Hybrid,Mid,10,Bachelor,0
7529,Data Engineer,Medium,E-commerce,Germany,Remote,Entry,3,Bachelor,1
7530,AI Engineer,Startup,Retail,Singapore,Hybrid,Mid,10,Master,0
7531,Machine Learning Engineer,Medium,E-commerce,Australia,Remote,Mid,1,PhD,0
7532,Business Analyst,Enterprise,Healthcare,Australia,Hybrid,Mid,14,Bachelor,0
7533,Business Analyst,Startup,E-commerce,UK,Hybrid,Entry,5,Master,0
7534,Data Engineer,Medium,Technology,USA,Hybrid,Mid,3,Master,0
7535,Business Analyst,MNC,Education,USA,Hybrid,Mid,3,Master,0
7536,Business Analyst,MNC,Retail,India,Hybrid,Entry,3,PhD,1
7537,Data Analyst,MNC,Healthcare,Canada,Hybrid,Senior,1,Bachelor,1
7538,Data Engineer,Enterprise,Finance,Germany,Remote,Senior,7,Bachelor,1
7539,Data Scientist,Enterprise,Technology,Singapore,Hybrid,Senior,8,PhD,1
7540,Data Analyst,Startup,Finance,Singapore,Remote,Entry,8,Master,1
7541,Data Analyst,Enterprise,Education,India,Hybrid,Senior,7,Bachelor,0
7542,Business Analyst,Enterprise,E-commerce,Australia,Onsite,Entry,3,Bachelor,0
7543,Data Analyst,Medium,Finance,Canada,Hybrid,Entry,7,Bachelor,1
7544,Data Scientist,MNC,Retail,Singapore,Onsite,Mid,11,PhD,1
7545,Data Engineer,Medium,Healthcare,Australia,Hybrid,Senior,10,Bachelor,1
7546,Business Analyst,Medium,Retail,UK,Onsite,Entry,6,Master,1
7547,AI Engineer,Startup,E-commerce,Germany,Remote,Entry,13,PhD,0
7548,Data Analyst,Medium,Retail,Australia,Hybrid,Entry,7,Master,1
7549,Machine Learning Engineer,Medium,Retail,Singapore,Hybrid,Mid,13,PhD,0
7550,Machine Learning Engineer,Startup,E-commerce,UK,Hybrid,Mid,4,Master,0
7551,Machine Learning Engineer,Startup,Education,Australia,Hybrid,Entry,6,PhD,0
7552,Business Analyst,MNC,Retail,Canada,Remote,Mid,14,Bachelor,1
7553,Data Scientist,MNC,Finance,UK,Onsite,Senior,11,PhD,1
7554,Business Analyst,Startup,Technology,USA,Remote,Entry,8,Master,1
7555,Machine Learning Engineer,Enterprise,Finance,USA,Remote,Entry,8,Master,0
7556,AI Engineer,MNC,Education,Australia,Remote,Entry,1,PhD,0
7557,Data Scientist,Enterprise,Technology,India,Hybrid,Mid,9,PhD,1
7558,Data Scientist,Medium,Education,Singapore,Remote,Entry,5,Bachelor,1
7559,Machine Learning Engineer,Enterprise,Technology,Canada,Onsite,Mid,3,PhD,0
7560,AI Engineer,Enterprise,E-commerce,Canada,Remote,Entry,6,PhD,0
7561,Data Analyst,Enterprise,Retail,Australia,Hybrid,Entry,11,Master,0
7562,Machine Learning Engineer,MNC,Education,Germany,Hybrid,Mid,12,Bachelor,0
7563,Business Analyst,Startup,Education,Singapore,Hybrid,Entry,3,Master,0
7564,Machine Learning Engineer,Medium,Healthcare,UK,Remote,Mid,2,PhD,1
7565,Business Analyst,Medium,Finance,Australia,Remote,Mid,14,PhD,0
7566,Business Analyst,Startup,Retail,Singapore,Hybrid,Mid,8,PhD,1
7567,Data Engineer,MNC,Retail,Canada,Onsite,Entry,2,Master,0
7568,Data Engineer,Medium,Healthcare,Australia,Onsite,Mid,2,Master,0
7569,Data Engineer,Medium,E-commerce,Canada,Hybrid,Entry,4,Bachelor,1
7570,Business Analyst,Startup,Retail,UK,Hybrid,Entry,5,PhD,0
7571,Data Scientist,Startup,E-commerce,Australia,Onsite,Senior,13,Master,1
7572,Business Analyst,MNC,Education,USA,Onsite,Entry,14,PhD,0
7573,Machine Learning Engineer,Enterprise,Education,Australia,Onsite,Senior,5,Master,1
7574,Data Analyst,Startup,Finance,Canada,Hybrid,Senior,3,PhD,1
7575,Data Scientist,MNC,E-commerce,Canada,Remote,Entry,10,PhD,0
7576,Business Analyst,Enterprise,Education,Germany,Onsite,Senior,1,Master,1
7577,AI Engineer,Startup,Healthcare,UK,Hybrid,Entry,8,Master,0
7578,AI Engineer,Enterprise,Retail,USA,Onsite,Mid,1,Master,0
7579,Machine Learning Engineer,Enterprise,Healthcare,Singapore,Onsite,Entry,12,Bachelor,1
7580,Data Scientist,Medium,Retail,Singapore,Remote,Mid,4,Master,1
7581,Data Scientist,Startup,Finance,USA,Remote,Entry,13,Master,0
7582,Data Analyst,MNC,Finance,UK,Onsite,Senior,14,PhD,0
7583,Data Engineer,Startup,E-commerce,Canada,Remote,Mid,5,Master,1
7584,Business Analyst,Enterprise,Retail,USA,Remote,Senior,3,Bachelor,1
7585,AI Engineer,Enterprise,Education,India,Onsite,Entry,8,PhD,0
7586,AI Engineer,MNC,Education,Germany,Onsite,Senior,10,PhD,0
7587,Data Analyst,Enterprise,Retail,Canada,Hybrid,Entry,7,Bachelor,1
7588,Business Analyst,Startup,E-commerce,Germany,Remote,Mid,12,PhD,1
7589,Business Analyst,MNC,Healthcare,Germany,Hybrid,Entry,2,Master,0
7590,Data Scientist,Medium,E-commerce,Canada,Onsite,Mid,5,Master,0
7591,AI Engineer,MNC,Technology,Germany,Remote,Senior,8,Master,0
7592,Machine Learning Engineer,Medium,Healthcare,UK,Remote,Entry,1,Master,1
7593,Machine Learning Engineer,Medium,E-commerce,Singapore,Onsite,Entry,10,PhD,1
7594,Data Analyst,MNC,Healthcare,UK,Remote,Entry,14,Bachelor,1
7595,Machine Learning Engineer,Startup,Retail,USA,Remote,Mid,7,Bachelor,0
7596,Data Engineer,Startup,Education,Canada,Hybrid,Mid,5,PhD,0
7597,Data Scientist,Enterprise,Retail,Australia,Hybrid,Senior,4,Master,0
7598,AI Engineer,MNC,Technology,UK,Hybrid,Mid,14,Bachelor,0
7599,AI Engineer,Enterprise,Technology,India,Remote,Entry,14,PhD,0
7600,AI Engineer,Enterprise,Retail,UK,Onsite,Senior,3,PhD,1
7601,Business Analyst,Medium,Technology,Germany,Remote,Entry,11,Bachelor,0
7602,Data Engineer,Enterprise,Education,Germany,Hybrid,Mid,8,Master,0
7603,Business Analyst,MNC,Technology,Canada,Hybrid,Entry,6,PhD,1
7604,AI Engineer,Enterprise,Retail,Germany,Onsite,Mid,9,Bachelor,0
7605,Data Scientist,Medium,Finance,Germany,Onsite,Mid,1,Bachelor,0
7606,Machine Learning Engineer,Medium,Education,Germany,Hybrid,Entry,14,Master,1
7607,Machine Learning Engineer,Enterprise,Technology,USA,Remote,Senior,6,Master,0
7608,Data Scientist,Startup,Retail,Singapore,Onsite,Mid,9,Bachelor,0
7609,Data Analyst,Startup,Technology,Singapore,Onsite,Mid,3,Bachelor,1
7610,Machine Learning Engineer,Medium,E-commerce,Australia,Onsite,Entry,1,Bachelor,0
7611,Business Analyst,Medium,Finance,Singapore,Onsite,Senior,14,Bachelor,0
7612,Data Analyst,Medium,Healthcare,USA,Onsite,Mid,10,Bachelor,0
7613,Data Engineer,Medium,Healthcare,Singapore,Hybrid,Entry,14,Master,0
7614,Data Analyst,Startup,E-commerce,Australia,Remote,Entry,3,PhD,0
7615,Data Analyst,Medium,Retail,USA,Onsite,Mid,1,Master,0
7616,Data Analyst,MNC,Healthcare,Australia,Hybrid,Senior,2,Bachelor,0
7617,Data Scientist,Startup,Finance,Australia,Hybrid,Entry,10,Bachelor,1
7618,Data Engineer,MNC,Education,Canada,Remote,Senior,3,PhD,0
7619,Machine Learning Engineer,Enterprise,Retail,Germany,Remote,Senior,14,PhD,1
7620,Machine Learning Engineer,Startup,Retail,Australia,Hybrid,Senior,0,Master,0
7621,Data Engineer,Enterprise,Education,Canada,Hybrid,Mid,8,PhD,1
7622,Machine Learning Engineer,Startup,Finance,UK,Onsite,Entry,8,Bachelor,0
7623,AI Engineer,MNC,Finance,Australia,Onsite,Senior,10,Bachelor,0
7624,Business Analyst,Startup,E-commerce,Singapore,Onsite,Entry,9,PhD,1
7625,AI Engineer,Startup,Retail,Canada,Onsite,Senior,0,Master,0
7626,Business Analyst,Startup,Retail,Australia,Remote,Entry,14,Master,0
7627,Data Engineer,Medium,Retail,Canada,Onsite,Senior,11,Bachelor,0
7628,Data Analyst,MNC,Finance,Singapore,Onsite,Entry,13,Bachelor,1
7629,AI Engineer,Startup,Retail,UK,Remote,Senior,2,Master,1
7630,Data Scientist,Medium,Healthcare,India,Onsite,Entry,6,Bachelor,1
7631,Data Scientist,MNC,Healthcare,Australia,Remote,Mid,13,PhD,0
7632,Data Analyst,MNC,E-commerce,Australia,Remote,Entry,5,PhD,1
7633,Business Analyst,Startup,Healthcare,UK,Onsite,Entry,12,Bachelor,1
7634,Data Analyst,Medium,E-commerce,India,Remote,Senior,13,Master,0
7635,Data Analyst,MNC,Retail,USA,Remote,Senior,4,Bachelor,1
7636,AI Engineer,MNC,Education,India,Hybrid,Mid,0,Bachelor,0
7637,Data Scientist,Medium,Finance,Australia,Remote,Entry,6,PhD,0
7638,Data Analyst,Medium,Education,Germany,Remote,Mid,14,Master,1
7639,Data Analyst,Enterprise,Technology,India,Remote,Entry,12,Master,1
7640,Business Analyst,MNC,Retail,USA,Remote,Entry,1,Master,1
7641,Business Analyst,MNC,Finance,UK,Remote,Senior,7,Master,0
7642,Data Engineer,Enterprise,Retail,UK,Onsite,Mid,12,PhD,0
7643,Data Scientist,Enterprise,Finance,USA,Onsite,Mid,0,Master,0
7644,Data Scientist,Medium,Retail,USA,Hybrid,Entry,0,Bachelor,1
7645,Data Analyst,MNC,Education,Australia,Hybrid,Mid,4,Bachelor,0
7646,Business Analyst,Enterprise,Retail,UK,Hybrid,Mid,13,Bachelor,0
7647,Machine Learning Engineer,Medium,Healthcare,Canada,Hybrid,Entry,2,Bachelor,0
7648,Business Analyst,Startup,E-commerce,USA,Onsite,Mid,9,Master,0
7649,Data Engineer,Startup,Technology,Germany,Onsite,Mid,9,Master,1
7650,Data Engineer,Startup,Education,Singapore,Onsite,Mid,1,PhD,0
7651,Data Engineer,MNC,Healthcare,Singapore,Remote,Senior,9,Master,0
7652,Data Engineer,Startup,Retail,Singapore,Hybrid,Mid,14,Master,0
7653,Machine Learning Engineer,Enterprise,Healthcare,Germany,Remote,Senior,0,PhD,1
7654,Business Analyst,Medium,E-commerce,UK,Onsite,Entry,7,Master,1
7655,Data Scientist,Startup,Education,Germany,Remote,Mid,12,PhD,1
7656,Data Analyst,Medium,Education,India,Onsite,Mid,4,Master,0
7657,Data Engineer,Startup,Retail,Singapore,Hybrid,Mid,2,PhD,0
7658,Data Engineer,Enterprise,Technology,Germany,Hybrid,Mid,1,PhD,1
7659,Data Scientist,Enterprise,Healthcare,India,Remote,Mid,5,PhD,0
7660,Business Analyst,Medium,Healthcare,USA,Remote,Mid,2,Bachelor,0
7661,Data Analyst,Enterprise,Technology,India,Hybrid,Senior,7,PhD,0
7662,Data Engineer,Enterprise,Retail,USA,Hybrid,Mid,13,Bachelor,0
7663,Data Engineer,Startup,Education,USA,Onsite,Senior,0,PhD,0
7664,Machine Learning Engineer,Startup,Finance,India,Remote,Mid,9,PhD,1
7665,Machine Learning Engineer,Startup,E-commerce,Germany,Remote,Mid,8,Bachelor,1
7666,AI Engineer,Startup,E-commerce,India,Onsite,Mid,10,Master,1
7667,Machine Learning Engineer,Startup,Retail,Australia,Hybrid,Entry,9,PhD,0
7668,Business Analyst,Enterprise,Technology,Canada,Remote,Mid,11,Master,0
7669,Machine Learning Engineer,MNC,Healthcare,Germany,Hybrid,Mid,9,Master,0
7670,Data Scientist,MNC,Technology,Australia,Onsite,Mid,13,Bachelor,1
7671,Business Analyst,Startup,Technology,Canada,Remote,Entry,10,Bachelor,0
7672,Data Analyst,MNC,Finance,India,Hybrid,Mid,1,PhD,1
7673,Data Scientist,Startup,Finance,Germany,Hybrid,Mid,8,Bachelor,1
7674,Data Analyst,Medium,Healthcare,Canada,Hybrid,Entry,2,Master,1
7675,Data Scientist,MNC,Healthcare,USA,Onsite,Senior,0,Bachelor,0
7676,AI Engineer,Enterprise,Healthcare,UK,Onsite,Senior,3,Bachelor,1
7677,Data Engineer,Medium,E-commerce,Singapore,Onsite,Senior,6,PhD,0
7678,Data Analyst,Medium,Retail,Germany,Hybrid,Entry,4,PhD,0
7679,Machine Learning Engineer,Medium,Finance,UK,Onsite,Mid,1,Bachelor,0
7680,AI Engineer,Enterprise,Healthcare,Australia,Remote,Senior,9,PhD,1
7681,Data Scientist,MNC,E-commerce,Australia,Onsite,Mid,9,PhD,1
7682,Business Analyst,Medium,Healthcare,UK,Onsite,Entry,4,Bachelor,1
7683,AI Engineer,MNC,Healthcare,USA,Onsite,Mid,9,Bachelor,0
7684,Data Analyst,Startup,Healthcare,Germany,Onsite,Senior,5,PhD,1
7685,AI Engineer,MNC,E-commerce,USA,Hybrid,Entry,9,PhD,0
7686,Machine Learning Engineer,Medium,Healthcare,Canada,Hybrid,Mid,7,Bachelor,1
7687,Business Analyst,Startup,Healthcare,USA,Remote,Entry,8,Bachelor,1
7688,AI Engineer,Enterprise,Retail,UK,Remote,Senior,6,Bachelor,0
7689,Data Scientist,Medium,Education,UK,Hybrid,Senior,4,PhD,0
7690,Data Analyst,Medium,Finance,Canada,Hybrid,Entry,9,Bachelor,0
7691,Machine Learning Engineer,MNC,Education,Canada,Onsite,Mid,0,Master,1
7692,Data Engineer,Medium,Education,Singapore,Onsite,Entry,12,Bachelor,1
7693,Data Engineer,Enterprise,Retail,USA,Hybrid,Senior,0,PhD,1
7694,Machine Learning Engineer,Medium,Education,India,Remote,Mid,3,Bachelor,1
7695,Machine Learning Engineer,Startup,Education,Singapore,Remote,Mid,4,Master,0
7696,Data Engineer,MNC,Retail,UK,Remote,Mid,1,Master,1
7697,Data Scientist,Startup,E-commerce,UK,Remote,Mid,2,Bachelor,1
7698,Machine Learning Engineer,MNC,Finance,India,Onsite,Entry,10,PhD,1
7699,Data Scientist,MNC,E-commerce,Singapore,Remote,Senior,10,Master,0
7700,Business Analyst,Startup,Retail,Singapore,Hybrid,Entry,8,Master,1
7701,Machine Learning Engineer,MNC,Education,Australia,Remote,Senior,5,Bachelor,1
7702,Data Analyst,Medium,Healthcare,USA,Remote,Mid,3,Bachelor,1
7703,Machine Learning Engineer,Startup,Finance,Australia,Hybrid,Entry,0,Master,1
7704,Data Scientist,Startup,Retail,Singapore,Hybrid,Mid,4,PhD,1
7705,Business Analyst,Startup,Finance,Germany,Remote,Senior,12,PhD,0
7706,AI Engineer,Medium,Education,Australia,Remote,Entry,12,Master,1
7707,Data Engineer,Enterprise,E-commerce,Singapore,Remote,Senior,14,PhD,0
7708,Data Engineer,Medium,Technology,USA,Hybrid,Senior,13,PhD,1
7709,Business Analyst,Medium,Finance,Singapore,Onsite,Mid,5,PhD,1
7710,Data Engineer,Medium,Finance,Canada,Hybrid,Entry,2,PhD,1
7711,Business Analyst,Startup,Healthcare,Germany,Hybrid,Mid,8,Master,1
7712,Data Scientist,Medium,Education,Canada,Hybrid,Mid,14,PhD,0
7713,AI Engineer,Medium,E-commerce,Singapore,Hybrid,Senior,3,PhD,1
7714,AI Engineer,Enterprise,Healthcare,Australia,Remote,Senior,6,PhD,1
7715,AI Engineer,Enterprise,Technology,USA,Hybrid,Entry,13,PhD,0
7716,Machine Learning Engineer,Medium,Healthcare,Singapore,Onsite,Entry,3,PhD,0
7717,Machine Learning Engineer,MNC,Education,Canada,Hybrid,Senior,4,PhD,1
7718,Machine Learning Engineer,Enterprise,Retail,Canada,Onsite,Mid,11,Master,0
7719,Data Analyst,Startup,Technology,India,Hybrid,Senior,2,Bachelor,1
7720,Data Engineer,Medium,Technology,Canada,Hybrid,Entry,2,Master,0
7721,AI Engineer,Medium,Finance,Germany,Onsite,Mid,0,PhD,1
7722,Data Analyst,Enterprise,Finance,Germany,Remote,Mid,5,PhD,1
7723,AI Engineer,MNC,Technology,Canada,Onsite,Mid,6,PhD,1
7724,Data Scientist,Medium,Education,Germany,Onsite,Entry,9,PhD,1
7725,Data Scientist,Medium,Retail,UK,Remote,Entry,0,PhD,0
7726,AI Engineer,Enterprise,Technology,Canada,Hybrid,Senior,2,Bachelor,1
7727,Machine Learning Engineer,MNC,Finance,UK,Remote,Senior,6,Master,1
7728,Data Engineer,Enterprise,E-commerce,Canada,Hybrid,Mid,13,Bachelor,1
7729,Data Scientist,Enterprise,Retail,Canada,Onsite,Mid,8,PhD,1
7730,Machine Learning Engineer,MNC,Healthcare,Australia,Hybrid,Mid,10,PhD,0
7731,Data Scientist,Medium,Education,USA,Onsite,Entry,7,Master,1
7732,Data Scientist,Enterprise,Retail,Singapore,Hybrid,Senior,14,Bachelor,0
7733,Data Analyst,Medium,Education,USA,Remote,Mid,3,Master,0
7734,Business Analyst,Medium,Healthcare,Germany,Onsite,Senior,11,Master,0
7735,Business Analyst,Startup,Technology,Canada,Onsite,Mid,6,Bachelor,0
7736,Data Analyst,MNC,Retail,India,Onsite,Senior,9,Master,1
7737,Data Analyst,Enterprise,Education,Australia,Hybrid,Mid,6,Master,1
7738,Business Analyst,MNC,Finance,USA,Hybrid,Mid,11,Master,0
7739,AI Engineer,Enterprise,Education,Singapore,Remote,Entry,5,PhD,1
7740,Data Analyst,Medium,Finance,Germany,Hybrid,Entry,6,PhD,0
7741,Business Analyst,Enterprise,E-commerce,Canada,Onsite,Entry,11,Master,1
7742,AI Engineer,MNC,Retail,Singapore,Remote,Entry,4,PhD,1
7743,Data Analyst,Startup,Retail,Canada,Hybrid,Mid,12,Bachelor,0
7744,Data Analyst,Medium,Finance,Germany,Onsite,Senior,8,Master,0
7745,Data Analyst,Startup,Retail,Australia,Onsite,Senior,2,PhD,1
7746,Data Engineer,Startup,Education,UK,Remote,Entry,6,PhD,1
7747,Data Scientist,MNC,Education,Canada,Hybrid,Senior,10,Master,0
7748,AI Engineer,Medium,Healthcare,USA,Remote,Entry,2,Bachelor,1
7749,Data Engineer,Medium,E-commerce,Canada,Hybrid,Entry,12,Master,0
7750,Data Analyst,Startup,E-commerce,UK,Onsite,Entry,4,PhD,0
7751,Data Engineer,Medium,Technology,India,Remote,Senior,5,Master,1
7752,AI Engineer,MNC,Finance,Australia,Remote,Senior,4,Master,0
7753,Data Analyst,Enterprise,Healthcare,UK,Remote,Senior,13,Master,0
7754,AI Engineer,Enterprise,Healthcare,Australia,Onsite,Entry,12,Bachelor,1
7755,Machine Learning Engineer,Startup,Retail,USA,Onsite,Senior,0,PhD,0
7756,Data Engineer,MNC,Education,Germany,Hybrid,Mid,6,Bachelor,1
7757,Data Analyst,Startup,Education,UK,Remote,Senior,5,Bachelor,0
7758,Machine Learning Engineer,Medium,Technology,Singapore,Onsite,Mid,4,Bachelor,0
7759,Data Analyst,Enterprise,Education,USA,Remote,Mid,2,Master,1
7760,Data Scientist,MNC,Education,Germany,Remote,Mid,14,PhD,0
7761,Machine Learning Engineer,Startup,Technology,Canada,Remote,Mid,2,Bachelor,0
7762,Data Scientist,Medium,Technology,Australia,Remote,Senior,3,PhD,1
7763,Business Analyst,Enterprise,E-commerce,Australia,Hybrid,Mid,6,PhD,1
7764,Data Engineer,Medium,Technology,India,Remote,Entry,1,Master,0
7765,AI Engineer,Enterprise,Technology,Singapore,Hybrid,Entry,14,PhD,1
7766,Business Analyst,MNC,Finance,Canada,Hybrid,Mid,8,PhD,1
7767,Data Engineer,MNC,Healthcare,Singapore,Remote,Senior,1,PhD,1
7768,AI Engineer,Startup,E-commerce,UK,Remote,Mid,5,PhD,0
7769,Data Scientist,Enterprise,Finance,Canada,Onsite,Senior,9,Bachelor,1
7770,Data Analyst,MNC,Technology,UK,Remote,Senior,2,PhD,0
7771,Data Analyst,Medium,Retail,India,Remote,Mid,7,Master,1
7772,Data Scientist,MNC,E-commerce,USA,Hybrid,Mid,12,Master,0
7773,AI Engineer,Enterprise,Technology,Canada,Remote,Senior,5,Bachelor,0
7774,AI Engineer,Medium,Healthcare,Australia,Remote,Mid,13,Master,0
7775,Business Analyst,Medium,Healthcare,India,Hybrid,Senior,0,Bachelor,0
7776,Data Analyst,Enterprise,Technology,India,Remote,Entry,5,Bachelor,0
7777,Data Scientist,Medium,Healthcare,Germany,Onsite,Senior,3,Master,0
7778,Business Analyst,Medium,Education,USA,Onsite,Mid,1,Master,0
7779,AI Engineer,MNC,Finance,Germany,Onsite,Mid,7,Bachelor,0
7780,Machine Learning Engineer,MNC,Education,Singapore,Onsite,Mid,10,Master,0
7781,Data Scientist,Startup,Retail,UK,Hybrid,Entry,7,PhD,1
7782,Data Engineer,MNC,Healthcare,Singapore,Onsite,Senior,1,Bachelor,1
7783,Data Engineer,Startup,Technology,Australia,Remote,Senior,3,Bachelor,1
7784,Data Engineer,Medium,Retail,Germany,Remote,Mid,2,PhD,0
7785,Data Engineer,Medium,E-commerce,Canada,Remote,Mid,13,Bachelor,1
7786,AI Engineer,Medium,Education,India,Onsite,Entry,1,Bachelor,1
7787,Data Analyst,MNC,Healthcare,USA,Remote,Entry,9,PhD,1
7788,Machine Learning Engineer,Enterprise,Healthcare,India,Onsite,Senior,10,PhD,0
7789,Data Analyst,MNC,Retail,India,Onsite,Senior,9,PhD,0
7790,Business Analyst,MNC,E-commerce,UK,Onsite,Mid,13,Master,0
7791,Data Scientist,MNC,Education,Canada,Hybrid,Mid,11,Bachelor,1
7792,Data Scientist,Startup,Retail,USA,Hybrid,Mid,3,PhD,1
7793,Data Scientist,MNC,E-commerce,Germany,Onsite,Senior,13,Master,1
7794,Data Scientist,Medium,E-commerce,Australia,Onsite,Senior,8,Master,0
7795,Data Engineer,Startup,Education,USA,Onsite,Mid,12,PhD,0
7796,AI Engineer,Medium,Healthcare,Singapore,Onsite,Entry,11,Bachelor,1
7797,Business Analyst,Startup,Finance,UK,Remote,Senior,5,Bachelor,1
7798,Data Scientist,MNC,Technology,Germany,Hybrid,Senior,10,Bachelor,0
7799,Data Analyst,Medium,Finance,UK,Remote,Entry,10,Bachelor,0
7800,Data Analyst,Enterprise,Education,India,Onsite,Entry,8,PhD,1
7801,Business Analyst,Enterprise,Healthcare,UK,Onsite,Entry,5,PhD,1
7802,Data Engineer,MNC,Technology,Canada,Remote,Mid,5,Bachelor,0
7803,Data Analyst,Enterprise,Healthcare,USA,Hybrid,Mid,11,PhD,1
7804,Business Analyst,Enterprise,Finance,Singapore,Hybrid,Mid,9,Master,0
7805,Data Analyst,Startup,E-commerce,Germany,Remote,Mid,9,Master,1
7806,Data Analyst,Medium,Retail,Germany,Remote,Senior,3,Master,0
7807,Data Scientist,Medium,Education,UK,Remote,Senior,12,Master,1
7808,Data Engineer,Startup,Finance,Australia,Hybrid,Mid,6,Bachelor,0
7809,AI Engineer,MNC,Finance,UK,Remote,Entry,14,Master,1
7810,Business Analyst,MNC,E-commerce,USA,Onsite,Mid,14,PhD,1
7811,Business Analyst,Enterprise,Healthcare,Australia,Hybrid,Entry,8,Bachelor,0
7812,Data Scientist,Enterprise,Healthcare,Australia,Remote,Mid,14,Bachelor,0
7813,Data Analyst,Enterprise,Retail,India,Onsite,Senior,3,PhD,1
7814,Business Analyst,MNC,Education,India,Hybrid,Senior,12,Master,1
7815,AI Engineer,Enterprise,Healthcare,India,Onsite,Senior,4,PhD,0
7816,Data Scientist,Medium,Education,Singapore,Remote,Mid,5,Master,0
7817,Data Analyst,Enterprise,Technology,UK,Hybrid,Entry,1,PhD,0
7818,Data Engineer,Enterprise,Education,Australia,Remote,Senior,2,PhD,0
7819,Machine Learning Engineer,Startup,Technology,Germany,Remote,Mid,12,Master,1
7820,Machine Learning Engineer,Enterprise,Healthcare,Canada,Remote,Senior,10,Bachelor,1
7821,Business Analyst,Startup,Retail,India,Remote,Senior,14,Master,1
7822,Business Analyst,MNC,Retail,UK,Remote,Entry,4,Master,1
7823,Data Analyst,Startup,Education,India,Remote,Entry,13,Master,1
7824,Business Analyst,Enterprise,Retail,UK,Remote,Mid,13,Master,0
7825,Business Analyst,MNC,Education,Australia,Remote,Mid,0,Bachelor,0
7826,Data Engineer,Startup,Education,Australia,Onsite,Mid,14,Master,0
7827,Machine Learning Engineer,MNC,Retail,Singapore,Remote,Entry,4,PhD,0
7828,Data Analyst,Enterprise,Technology,Singapore,Onsite,Mid,2,Master,0
7829,Data Scientist,Enterprise,Technology,Canada,Onsite,Mid,14,Master,1
7830,Business Analyst,Startup,Healthcare,UK,Remote,Mid,10,PhD,1
7831,Data Analyst,MNC,Education,Singapore,Onsite,Senior,14,Master,0
7832,Business Analyst,MNC,E-commerce,USA,Remote,Entry,11,Master,1
7833,Data Analyst,Medium,Healthcare,Canada,Remote,Entry,10,Master,1
7834,Data Analyst,Medium,Technology,Singapore,Onsite,Mid,5,Bachelor,1
7835,Data Analyst,Medium,Finance,Germany,Onsite,Mid,4,PhD,0
7836,Data Analyst,Medium,Technology,Singapore,Onsite,Mid,6,PhD,1
7837,Business Analyst,Startup,Technology,UK,Onsite,Mid,1,PhD,1
7838,Business Analyst,Enterprise,Education,Germany,Onsite,Mid,8,Master,1
7839,Data Engineer,Medium,Retail,India,Remote,Mid,6,Master,0
7840,Business Analyst,Startup,Education,India,Onsite,Entry,8,Master,0
7841,Business Analyst,Enterprise,Retail,Germany,Remote,Mid,12,Bachelor,1
7842,AI Engineer,Medium,Retail,USA,Hybrid,Mid,9,Master,0
7843,Data Analyst,Enterprise,Technology,Canada,Remote,Senior,11,Master,1
7844,Business Analyst,MNC,Retail,India,Onsite,Senior,14,PhD,0
7845,Data Engineer,MNC,E-commerce,Singapore,Remote,Entry,8,PhD,1
7846,Machine Learning Engineer,Medium,Finance,UK,Hybrid,Mid,2,Bachelor,0
7847,Data Engineer,Medium,Education,Australia,Onsite,Senior,8,PhD,1
7848,Data Engineer,Startup,Technology,UK,Onsite,Mid,11,Master,0
7849,Business Analyst,Medium,E-commerce,Singapore,Remote,Mid,8,PhD,1
7850,Machine Learning Engineer,Enterprise,Education,Australia,Onsite,Senior,12,Bachelor,1
7851,Machine Learning Engineer,MNC,Technology,Canada,Onsite,Mid,0,Master,0
7852,Data Scientist,Startup,Healthcare,UK,Hybrid,Senior,5,Bachelor,0
7853,Machine Learning Engineer,MNC,Education,UK,Hybrid,Entry,5,PhD,1
7854,Data Analyst,Startup,E-commerce,Canada,Remote,Mid,9,Bachelor,1
7855,Data Engineer,MNC,Healthcare,UK,Remote,Mid,10,Bachelor,0
7856,Data Analyst,Medium,Healthcare,Canada,Remote,Entry,3,PhD,0
7857,Data Analyst,MNC,Technology,UK,Onsite,Mid,3,PhD,0
7858,Machine Learning Engineer,Medium,Retail,Singapore,Hybrid,Entry,6,Bachelor,0
7859,Data Analyst,Startup,Education,Australia,Remote,Entry,10,Bachelor,0
7860,AI Engineer,Medium,Finance,Australia,Hybrid,Senior,7,Master,1
7861,Data Analyst,Enterprise,Retail,India,Hybrid,Entry,7,PhD,0
7862,Data Scientist,Startup,Technology,Singapore,Remote,Mid,4,Bachelor,1
7863,Business Analyst,Medium,Healthcare,Canada,Hybrid,Entry,14,Bachelor,0
7864,Data Analyst,Medium,Retail,India,Remote,Senior,5,PhD,1
7865,Machine Learning Engineer,Medium,Finance,Singapore,Hybrid,Senior,7,Master,1
7866,Data Engineer,MNC,Finance,Germany,Hybrid,Senior,6,Bachelor,1
7867,Machine Learning Engineer,Startup,Technology,Germany,Hybrid,Entry,14,Master,0
7868,Business Analyst,Startup,Healthcare,USA,Onsite,Senior,13,Master,1
7869,Business Analyst,MNC,Healthcare,Australia,Remote,Mid,4,PhD,1
7870,Data Scientist,Startup,Finance,UK,Hybrid,Mid,4,Bachelor,1
7871,Data Scientist,Startup,Finance,USA,Remote,Senior,10,Bachelor,1
7872,Machine Learning Engineer,Medium,Finance,UK,Hybrid,Mid,12,Master,1
7873,Machine Learning Engineer,MNC,E-commerce,India,Onsite,Senior,4,Bachelor,1
7874,Data Analyst,Enterprise,E-commerce,USA,Onsite,Entry,9,Master,0
7875,Data Engineer,MNC,Healthcare,Australia,Onsite,Entry,0,Bachelor,0
7876,AI Engineer,Enterprise,Retail,Canada,Onsite,Senior,8,Master,0
7877,Machine Learning Engineer,Enterprise,Healthcare,Canada,Remote,Entry,2,PhD,1
7878,Machine Learning Engineer,Medium,Education,Singapore,Hybrid,Senior,5,Bachelor,0
7879,Data Analyst,MNC,Healthcare,India,Onsite,Senior,5,Master,1
7880,Data Engineer,MNC,Healthcare,Australia,Hybrid,Mid,8,Master,0
7881,AI Engineer,MNC,Finance,Australia,Onsite,Senior,6,Master,1
7882,AI Engineer,Medium,Technology,India,Hybrid,Mid,5,Master,1
7883,Business Analyst,Medium,E-commerce,Singapore,Hybrid,Entry,3,Master,1
7884,Data Engineer,Enterprise,Education,Australia,Onsite,Entry,12,PhD,1
7885,Data Engineer,Enterprise,Healthcare,Australia,Remote,Entry,14,Master,0
7886,AI Engineer,Medium,Healthcare,USA,Onsite,Entry,2,Master,1
7887,AI Engineer,Enterprise,Finance,Singapore,Hybrid,Senior,6,Master,0
7888,AI Engineer,Startup,E-commerce,India,Hybrid,Entry,10,Bachelor,0
7889,Machine Learning Engineer,Medium,Education,Australia,Hybrid,Senior,4,Master,0
7890,Data Analyst,Startup,Technology,Canada,Onsite,Mid,11,PhD,1
7891,Data Engineer,MNC,E-commerce,UK,Remote,Mid,8,Bachelor,0
7892,Data Scientist,MNC,Technology,Germany,Onsite,Senior,5,Bachelor,0
7893,Data Scientist,Enterprise,Finance,UK,Onsite,Senior,7,Bachelor,1
7894,Data Engineer,Medium,Technology,Canada,Remote,Mid,6,PhD,0
7895,Machine Learning Engineer,Startup,E-commerce,USA,Hybrid,Senior,7,PhD,0
7896,Machine Learning Engineer,Startup,Technology,Australia,Hybrid,Senior,4,Master,1
7897,Data Analyst,Enterprise,Education,India,Remote,Entry,5,PhD,1
7898,Business Analyst,Enterprise,Finance,Singapore,Onsite,Entry,0,PhD,0
7899,AI Engineer,Enterprise,Finance,Singapore,Remote,Entry,7,PhD,0
7900,Data Engineer,MNC,Finance,UK,Onsite,Senior,10,Master,1
7901,AI Engineer,Enterprise,Retail,Germany,Hybrid,Senior,9,PhD,0
7902,Data Scientist,MNC,Healthcare,UK,Hybrid,Entry,2,Bachelor,0
7903,Data Engineer,MNC,Retail,Canada,Remote,Entry,6,PhD,0
7904,Business Analyst,MNC,Technology,Canada,Remote,Mid,1,Bachelor,1
7905,Data Analyst,Medium,Education,Singapore,Onsite,Mid,4,Master,0
7906,Data Engineer,Startup,Retail,Singapore,Remote,Entry,14,Master,0
7907,Business Analyst,MNC,Healthcare,UK,Hybrid,Senior,9,PhD,1
7908,Data Scientist,MNC,E-commerce,Germany,Remote,Entry,2,Master,0
7909,Data Engineer,Startup,Finance,UK,Hybrid,Mid,1,Master,1
7910,Data Scientist,MNC,Education,Germany,Onsite,Entry,14,Bachelor,1
7911,Data Scientist,MNC,Education,India,Remote,Entry,2,PhD,0
7912,Data Scientist,Startup,E-commerce,Canada,Remote,Mid,7,Master,0
7913,Data Engineer,Medium,E-commerce,Singapore,Onsite,Mid,3,Bachelor,0
7914,Data Analyst,Startup,Education,Australia,Onsite,Entry,6,Bachelor,1
7915,Data Engineer,Enterprise,Retail,USA,Onsite,Entry,7,Master,0
7916,Data Analyst,Startup,Technology,Germany,Hybrid,Entry,8,PhD,0
7917,Data Analyst,Medium,Education,Australia,Hybrid,Senior,5,Bachelor,0
7918,Data Engineer,MNC,Healthcare,Singapore,Onsite,Mid,14,Master,0
7919,AI Engineer,MNC,Healthcare,India,Onsite,Senior,2,PhD,1
7920,Machine Learning Engineer,Enterprise,Finance,UK,Hybrid,Senior,11,Master,1
7921,Machine Learning Engineer,Enterprise,Technology,USA,Hybrid,Mid,14,PhD,1
7922,Machine Learning Engineer,Enterprise,Finance,Australia,Onsite,Senior,1,Master,1
7923,Data Analyst,Startup,E-commerce,Germany,Remote,Senior,13,PhD,0
7924,Data Analyst,MNC,Technology,Singapore,Remote,Senior,11,PhD,0
7925,AI Engineer,MNC,Healthcare,USA,Onsite,Mid,0,Master,1
7926,Data Engineer,Enterprise,Technology,Singapore,Onsite,Mid,8,Master,1
7927,Data Analyst,Startup,Education,India,Onsite,Entry,12,Master,1
7928,Data Engineer,Startup,Technology,UK,Hybrid,Entry,3,Bachelor,1
7929,Data Analyst,Medium,Healthcare,India,Remote,Senior,13,PhD,0
7930,Machine Learning Engineer,MNC,E-commerce,USA,Hybrid,Mid,14,Bachelor,1
7931,Data Analyst,Startup,Healthcare,Singapore,Hybrid,Senior,10,Master,0
7932,Machine Learning Engineer,MNC,Education,Canada,Hybrid,Entry,2,Bachelor,0
7933,Machine Learning Engineer,Startup,Healthcare,Germany,Remote,Senior,3,Master,0
7934,AI Engineer,Medium,Healthcare,Canada,Onsite,Mid,11,Master,1
7935,Machine Learning Engineer,Enterprise,Education,USA,Hybrid,Senior,11,Master,0
7936,Data Analyst,MNC,Education,UK,Onsite,Entry,7,Bachelor,1
7937,Data Engineer,MNC,Retail,Singapore,Hybrid,Mid,13,Bachelor,0
7938,Machine Learning Engineer,MNC,Finance,Singapore,Remote,Senior,5,Bachelor,0
7939,Business Analyst,MNC,Healthcare,Germany,Onsite,Senior,11,PhD,0
7940,Data Analyst,Medium,Retail,USA,Onsite,Entry,4,PhD,1
7941,Data Analyst,Startup,Retail,USA,Hybrid,Senior,7,PhD,1
7942,Machine Learning Engineer,Startup,Healthcare,UK,Remote,Mid,14,Bachelor,0
7943,Data Engineer,Enterprise,Retail,Australia,Remote,Entry,12,PhD,0
7944,Machine Learning Engineer,Medium,Technology,UK,Onsite,Entry,10,PhD,0
7945,Business Analyst,MNC,E-commerce,UK,Onsite,Entry,9,Master,0
7946,Machine Learning Engineer,Startup,E-commerce,India,Onsite,Mid,10,Master,1
7947,Data Engineer,Startup,Healthcare,Canada,Hybrid,Entry,3,Master,0
7948,Data Scientist,MNC,Healthcare,UK,Hybrid,Entry,2,Master,1
7949,Data Scientist,MNC,E-commerce,USA,Remote,Mid,14,Master,0
7950,AI Engineer,Startup,E-commerce,Germany,Remote,Entry,1,Bachelor,1
7951,Data Engineer,Enterprise,Finance,Canada,Hybrid,Mid,3,Master,1
7952,Data Scientist,Startup,Retail,Australia,Onsite,Entry,4,Master,1
7953,Machine Learning Engineer,Medium,E-commerce,Germany,Remote,Mid,6,Bachelor,1
7954,AI Engineer,Startup,Technology,Canada,Onsite,Mid,12,Master,0
7955,Data Scientist,Startup,E-commerce,Singapore,Remote,Entry,10,PhD,0
7956,Machine Learning Engineer,Medium,Technology,Germany,Onsite,Mid,9,PhD,1
7957,Data Scientist,MNC,Education,Australia,Hybrid,Entry,11,Bachelor,0
7958,Data Engineer,MNC,Finance,India,Hybrid,Entry,2,PhD,1
7959,Data Analyst,Enterprise,Technology,Singapore,Hybrid,Mid,4,PhD,1
7960,Data Analyst,Medium,Education,Canada,Onsite,Entry,14,PhD,0
7961,Business Analyst,Startup,Education,Germany,Hybrid,Senior,1,PhD,1
7962,Data Analyst,Medium,Education,Canada,Hybrid,Mid,1,PhD,0
7963,Business Analyst,Medium,E-commerce,Singapore,Remote,Mid,5,Master,0
7964,Data Analyst,Enterprise,Technology,Germany,Hybrid,Mid,3,Master,1
7965,Business Analyst,Startup,E-commerce,Australia,Hybrid,Senior,10,Master,0
7966,AI Engineer,Enterprise,E-commerce,India,Onsite,Senior,14,Bachelor,0
7967,Data Scientist,Startup,Finance,UK,Remote,Entry,12,Bachelor,1
7968,Data Scientist,MNC,Healthcare,Germany,Onsite,Senior,14,PhD,1
7969,Business Analyst,Medium,Education,USA,Hybrid,Entry,8,PhD,1
7970,Data Engineer,Medium,Retail,Canada,Onsite,Senior,5,Master,1
7971,Data Scientist,Medium,Education,Singapore,Hybrid,Senior,4,PhD,1
7972,Machine Learning Engineer,Enterprise,Healthcare,Australia,Hybrid,Entry,3,Bachelor,1
7973,Machine Learning Engineer,MNC,Healthcare,Singapore,Onsite,Mid,4,Master,0
7974,Data Analyst,MNC,Healthcare,USA,Onsite,Mid,4,Master,1
7975,Data Scientist,Enterprise,Finance,Canada,Remote,Senior,2,Master,1
7976,Data Analyst,MNC,Technology,Canada,Hybrid,Senior,13,PhD,0
7977,Business Analyst,Medium,Education,Canada,Hybrid,Mid,14,PhD,1
7978,Machine Learning Engineer,MNC,Finance,USA,Hybrid,Mid,4,Master,0
7979,Data Engineer,Startup,Technology,Germany,Remote,Mid,12,Bachelor,0
7980,AI Engineer,Medium,Retail,Canada,Hybrid,Entry,5,PhD,0
7981,Data Analyst,Enterprise,Education,Canada,Onsite,Mid,14,PhD,1
7982,Data Engineer,Medium,Technology,Canada,Hybrid,Mid,11,PhD,0
7983,Machine Learning Engineer,Enterprise,Healthcare,UK,Remote,Entry,9,Master,0
7984,Data Analyst,Startup,Healthcare,Singapore,Onsite,Entry,2,Master,0
7985,Data Scientist,Enterprise,Technology,Singapore,Onsite,Senior,8,Master,0
7986,Business Analyst,Enterprise,Finance,USA,Onsite,Mid,13,PhD,1
7987,Machine Learning Engineer,Startup,Healthcare,India,Onsite,Mid,8,Bachelor,0
7988,Machine Learning Engineer,Startup,Retail,Canada,Remote,Senior,11,Bachelor,0
7989,Data Scientist,MNC,Education,Singapore,Onsite,Senior,4,Master,0
7990,Business Analyst,Medium,Healthcare,Singapore,Hybrid,Entry,6,Bachelor,1
7991,AI Engineer,Medium,Healthcare,USA,Onsite,Mid,13,Bachelor,0
7992,AI Engineer,Medium,Education,Germany,Onsite,Mid,6,Master,0
7993,Data Scientist,Enterprise,Education,Australia,Remote,Mid,5,Bachelor,1
7994,Data Analyst,Enterprise,Finance,Canada,Hybrid,Senior,13,Bachelor,1
7995,Business Analyst,Startup,Finance,Singapore,Onsite,Entry,4,Bachelor,1
7996,Machine Learning Engineer,Medium,Finance,Canada,Onsite,Mid,13,Bachelor,1
7997,Business Analyst,Medium,Healthcare,Germany,Hybrid,Mid,6,PhD,1
7998,Machine Learning Engineer,Startup,Finance,USA,Hybrid,Entry,11,Master,1
7999,Business Analyst,MNC,Education,USA,Onsite,Senior,2,Master,1
8000,Business Analyst,Enterprise,Education,Germany,Hybrid,Senior,7,Master,0
8001,Data Analyst,MNC,Healthcare,India,Onsite,Mid,14,PhD,0
8002,Data Scientist,MNC,Technology,India,Hybrid,Mid,11,Master,1
8003,Machine Learning Engineer,MNC,E-commerce,USA,Hybrid,Entry,5,PhD,1
8004,Machine Learning Engineer,Medium,Technology,Singapore,Onsite,Senior,4,Bachelor,1
8005,Business Analyst,MNC,Retail,India,Remote,Senior,12,Master,0
8006,Data Engineer,Medium,Technology,Canada,Hybrid,Mid,5,Master,1
8007,Data Analyst,MNC,Healthcare,USA,Onsite,Mid,13,Bachelor,0
8008,AI Engineer,Medium,Education,India,Remote,Senior,9,PhD,0
8009,AI Engineer,Startup,E-commerce,India,Remote,Senior,11,PhD,1
8010,Data Engineer,Enterprise,E-commerce,India,Onsite,Senior,1,Master,0
8011,Data Analyst,Medium,Education,UK,Onsite,Entry,9,PhD,1
8012,Data Engineer,MNC,Education,Canada,Remote,Mid,7,PhD,1
8013,Machine Learning Engineer,Medium,Retail,UK,Onsite,Entry,3,Master,0
8014,Data Scientist,Enterprise,Education,USA,Remote,Senior,2,PhD,1
8015,Data Analyst,MNC,Retail,USA,Hybrid,Entry,7,PhD,1
8016,Data Engineer,Startup,Finance,India,Onsite,Mid,13,Master,1
8017,Business Analyst,MNC,Education,UK,Hybrid,Entry,10,Master,1
8018,Business Analyst,Startup,Retail,Germany,Remote,Mid,6,Master,1
8019,AI Engineer,Startup,E-commerce,Canada,Remote,Mid,8,PhD,0
8020,Machine Learning Engineer,MNC,Finance,India,Remote,Senior,1,Bachelor,0
8021,Data Scientist,Medium,Technology,India,Hybrid,Entry,2,Master,1
8022,AI Engineer,MNC,Finance,Australia,Remote,Senior,1,Bachelor,0
8023,AI Engineer,Medium,Healthcare,UK,Onsite,Entry,4,Bachelor,0
8024,Data Engineer,Medium,Finance,Australia,Hybrid,Mid,4,Master,1
8025,Business Analyst,Startup,Technology,UK,Hybrid,Entry,9,Bachelor,1
8026,Machine Learning Engineer,Startup,Finance,UK,Remote,Mid,1,Bachelor,0
8027,Data Engineer,Startup,Technology,UK,Remote,Senior,12,Master,1
8028,Business Analyst,MNC,Finance,UK,Hybrid,Mid,4,PhD,0
8029,Machine Learning Engineer,Startup,Education,Australia,Remote,Entry,3,PhD,0
8030,Data Engineer,Enterprise,Retail,Singapore,Remote,Entry,10,Bachelor,0
8031,Data Engineer,MNC,Finance,India,Onsite,Mid,14,Master,1
8032,Business Analyst,Enterprise,E-commerce,Australia,Remote,Entry,0,Master,1
8033,Machine Learning Engineer,Medium,Retail,Germany,Onsite,Senior,14,Master,0
8034,AI Engineer,Startup,Finance,India,Hybrid,Senior,8,Master,0
8035,Machine Learning Engineer,Enterprise,Retail,Australia,Hybrid,Entry,12,Bachelor,0
8036,Data Engineer,Startup,Technology,Singapore,Onsite,Entry,6,PhD,1
8037,AI Engineer,Enterprise,Education,Canada,Onsite,Entry,5,Bachelor,0
8038,Data Analyst,MNC,E-commerce,Australia,Hybrid,Entry,14,Bachelor,1
8039,Data Analyst,Startup,Technology,India,Hybrid,Mid,8,PhD,0
8040,Data Analyst,Enterprise,Healthcare,Australia,Hybrid,Senior,1,Bachelor,0
8041,Data Analyst,Medium,Technology,Australia,Onsite,Senior,7,Bachelor,0
8042,Machine Learning Engineer,Enterprise,Finance,Australia,Hybrid,Mid,10,Master,1
8043,Data Scientist,Enterprise,Education,India,Remote,Mid,4,Bachelor,0
8044,Machine Learning Engineer,Startup,Healthcare,Germany,Hybrid,Entry,1,Bachelor,1
8045,Data Engineer,Medium,Finance,Singapore,Hybrid,Senior,8,Bachelor,0
8046,Machine Learning Engineer,Enterprise,Technology,Singapore,Hybrid,Senior,6,Bachelor,0
8047,Data Engineer,MNC,E-commerce,UK,Onsite,Senior,11,Master,0
8048,Data Analyst,Medium,Retail,India,Hybrid,Entry,12,Bachelor,1
8049,Data Engineer,MNC,Retail,Singapore,Onsite,Senior,7,Master,0
8050,AI Engineer,MNC,Healthcare,USA,Remote,Entry,2,PhD,0
8051,Data Scientist,MNC,Healthcare,Germany,Hybrid,Senior,12,Bachelor,0
8052,Business Analyst,Startup,Education,Germany,Hybrid,Senior,8,PhD,0
8053,Data Scientist,Medium,E-commerce,Germany,Onsite,Entry,13,PhD,0
8054,Data Analyst,Medium,Technology,Australia,Hybrid,Entry,14,Bachelor,1
8055,Data Analyst,Enterprise,Finance,Germany,Onsite,Senior,3,Master,1
8056,Data Scientist,Enterprise,Technology,India,Hybrid,Mid,9,Master,0
8057,Data Scientist,Medium,Healthcare,UK,Remote,Entry,14,Master,0
8058,Data Scientist,Startup,Education,UK,Onsite,Senior,10,Bachelor,0
8059,Data Scientist,Medium,E-commerce,Singapore,Remote,Entry,14,Master,0
8060,Machine Learning Engineer,Medium,Education,Singapore,Onsite,Senior,6,Master,0
8061,Data Engineer,MNC,Retail,India,Onsite,Mid,5,Bachelor,0
8062,Data Engineer,Startup,Healthcare,Australia,Remote,Mid,14,Master,1
8063,AI Engineer,Startup,E-commerce,Germany,Onsite,Mid,9,Master,0
8064,AI Engineer,Enterprise,Retail,Australia,Remote,Mid,6,Master,1
8065,AI Engineer,Startup,Technology,Germany,Hybrid,Senior,14,PhD,0
8066,Machine Learning Engineer,Enterprise,E-commerce,Singapore,Remote,Mid,7,Master,1
8067,AI Engineer,Medium,Retail,UK,Hybrid,Entry,11,Master,1
8068,AI Engineer,Medium,Education,India,Hybrid,Senior,8,Master,1
8069,Machine Learning Engineer,Medium,Technology,Australia,Hybrid,Mid,6,Master,1
8070,Data Engineer,Enterprise,Healthcare,Singapore,Hybrid,Senior,13,Bachelor,0
8071,AI Engineer,MNC,Education,UK,Hybrid,Senior,14,Master,0
8072,AI Engineer,Enterprise,Education,Singapore,Onsite,Senior,13,Master,1
8073,Data Scientist,Startup,E-commerce,Australia,Onsite,Entry,11,PhD,0
8074,Machine Learning Engineer,Startup,Finance,Singapore,Onsite,Senior,8,Bachelor,1
8075,AI Engineer,Startup,Technology,Singapore,Onsite,Mid,0,PhD,1
8076,AI Engineer,Medium,Education,USA,Onsite,Entry,0,PhD,1
8077,Data Engineer,Enterprise,Education,Australia,Hybrid,Senior,10,Master,0
8078,Data Analyst,MNC,Finance,Germany,Onsite,Entry,12,PhD,1
8079,Data Analyst,Medium,Finance,Australia,Remote,Senior,4,Bachelor,0
8080,Data Engineer,Enterprise,Education,Germany,Onsite,Entry,0,PhD,0
8081,Data Analyst,Medium,Finance,UK,Onsite,Senior,8,Bachelor,0
8082,Business Analyst,Enterprise,E-commerce,Australia,Remote,Entry,13,Bachelor,1
8083,AI Engineer,Medium,Retail,USA,Remote,Entry,5,Master,1
8084,Data Engineer,Startup,E-commerce,Canada,Remote,Senior,8,Bachelor,1
8085,Data Scientist,Medium,Retail,Singapore,Onsite,Entry,12,PhD,1
8086,Business Analyst,Startup,Education,Germany,Remote,Senior,6,Bachelor,1
8087,AI Engineer,MNC,E-commerce,USA,Hybrid,Entry,14,Bachelor,0
8088,Data Scientist,Medium,E-commerce,Australia,Hybrid,Mid,6,Master,1
8089,AI Engineer,Medium,Technology,UK,Onsite,Mid,2,Master,1
8090,Machine Learning Engineer,Enterprise,Healthcare,UK,Onsite,Senior,12,Master,1
8091,Data Engineer,Medium,Healthcare,Germany,Hybrid,Mid,1,Master,1
8092,Machine Learning Engineer,Startup,Technology,India,Onsite,Senior,6,Master,1
8093,AI Engineer,MNC,Technology,Germany,Onsite,Senior,14,PhD,0
8094,Data Analyst,MNC,Technology,Canada,Onsite,Entry,14,PhD,1
8095,Data Analyst,Medium,E-commerce,Singapore,Remote,Senior,7,PhD,0
8096,Data Engineer,Medium,Finance,UK,Hybrid,Senior,8,Master,0
8097,AI Engineer,Startup,Technology,UK,Onsite,Mid,10,Master,1
8098,Data Engineer,Enterprise,Retail,Australia,Remote,Mid,6,PhD,1
8099,Data Scientist,Enterprise,Finance,Canada,Onsite,Entry,9,Master,0
8100,Data Scientist,Medium,Education,UK,Hybrid,Entry,0,PhD,0
8101,Business Analyst,Startup,Healthcare,USA,Hybrid,Entry,10,Master,0
8102,Data Analyst,MNC,Healthcare,USA,Remote,Senior,4,Master,1
8103,Data Analyst,Enterprise,E-commerce,India,Remote,Senior,11,Bachelor,1
8104,Data Engineer,Startup,Healthcare,India,Hybrid,Mid,5,Bachelor,1
8105,Business Analyst,Medium,Retail,UK,Hybrid,Entry,3,PhD,1
8106,Data Engineer,Enterprise,Retail,Canada,Onsite,Mid,3,Bachelor,0
8107,Machine Learning Engineer,MNC,Technology,UK,Onsite,Senior,5,Master,1
8108,Data Engineer,MNC,Technology,UK,Hybrid,Mid,1,PhD,0
8109,Machine Learning Engineer,Startup,Finance,Canada,Onsite,Entry,3,Master,1
8110,Data Analyst,Startup,Finance,USA,Onsite,Mid,1,Master,0
8111,AI Engineer,Enterprise,E-commerce,Germany,Hybrid,Entry,5,Master,0
8112,Data Analyst,Startup,Retail,Canada,Hybrid,Mid,6,PhD,0
8113,AI Engineer,Startup,Education,USA,Remote,Senior,5,PhD,0
8114,Data Engineer,Startup,E-commerce,USA,Hybrid,Entry,11,Bachelor,0
8115,AI Engineer,Startup,Retail,Singapore,Remote,Entry,11,Bachelor,0
8116,Data Analyst,Medium,E-commerce,Australia,Hybrid,Senior,2,Bachelor,1
8117,AI Engineer,Enterprise,Technology,Canada,Hybrid,Mid,7,Bachelor,1
8118,Data Scientist,Enterprise,Retail,India,Hybrid,Entry,1,Bachelor,0
8119,Business Analyst,Enterprise,Retail,UK,Onsite,Senior,1,PhD,0
8120,Business Analyst,Medium,E-commerce,USA,Remote,Entry,4,Master,0
8121,AI Engineer,Enterprise,Finance,Germany,Onsite,Senior,9,Bachelor,1
8122,Data Engineer,Startup,Healthcare,Canada,Hybrid,Senior,11,PhD,1
8123,Business Analyst,Enterprise,Retail,UK,Remote,Senior,1,Master,0
8124,Data Scientist,Medium,Education,USA,Remote,Entry,9,Bachelor,0
8125,Data Analyst,MNC,Education,India,Onsite,Entry,3,Master,1
8126,Data Analyst,Startup,Retail,Australia,Onsite,Entry,13,Bachelor,1
8127,Data Engineer,MNC,Education,UK,Onsite,Entry,0,Master,0
8128,Data Analyst,Medium,Education,Germany,Hybrid,Entry,0,Master,1
8129,Business Analyst,Medium,Retail,Germany,Remote,Entry,11,Bachelor,1
8130,Business Analyst,Startup,Technology,USA,Onsite,Senior,11,PhD,0
8131,Data Analyst,Startup,Finance,Australia,Hybrid,Senior,7,Master,0
8132,Machine Learning Engineer,Startup,Healthcare,UK,Remote,Mid,0,PhD,1
8133,Data Scientist,Enterprise,Education,Canada,Onsite,Mid,11,Bachelor,0
8134,AI Engineer,MNC,Retail,Singapore,Remote,Senior,3,Master,0
8135,Machine Learning Engineer,Medium,Technology,USA,Onsite,Entry,12,PhD,0
8136,AI Engineer,Enterprise,Finance,Australia,Onsite,Mid,10,Master,1
8137,Business Analyst,Medium,Healthcare,Germany,Onsite,Mid,4,Master,1
8138,Machine Learning Engineer,Medium,Retail,Singapore,Hybrid,Entry,2,PhD,1
8139,Business Analyst,Startup,Finance,Australia,Onsite,Mid,14,Master,1
8140,AI Engineer,MNC,Retail,India,Hybrid,Senior,2,Bachelor,1
8141,Machine Learning Engineer,Enterprise,E-commerce,Canada,Hybrid,Mid,4,PhD,0
8142,Data Scientist,Startup,Healthcare,Australia,Remote,Senior,4,Bachelor,0
8143,Data Scientist,Startup,Retail,Canada,Remote,Entry,14,Bachelor,1
8144,AI Engineer,MNC,Retail,Germany,Remote,Entry,13,PhD,0
8145,Data Scientist,MNC,E-commerce,Australia,Onsite,Senior,0,Master,0
8146,Machine Learning Engineer,Enterprise,E-commerce,Canada,Hybrid,Senior,12,PhD,0
8147,Data Engineer,Medium,E-commerce,Singapore,Hybrid,Entry,9,PhD,0
8148,Data Engineer,Startup,Finance,Australia,Onsite,Mid,5,PhD,0
8149,Data Analyst,Medium,Finance,India,Remote,Entry,0,Bachelor,0
8150,Business Analyst,MNC,Education,Germany,Remote,Entry,6,Bachelor,1
8151,Data Engineer,Medium,Education,Singapore,Onsite,Entry,12,PhD,0
8152,Data Scientist,Enterprise,Technology,Singapore,Onsite,Senior,2,Bachelor,1
8153,Data Analyst,Medium,Retail,Singapore,Hybrid,Mid,9,Bachelor,0
8154,Business Analyst,Startup,E-commerce,India,Hybrid,Mid,13,Bachelor,1
8155,Data Analyst,Medium,Education,Australia,Remote,Mid,3,Bachelor,1
8156,Data Analyst,Enterprise,Technology,Germany,Remote,Senior,12,PhD,1
8157,Machine Learning Engineer,MNC,Technology,USA,Hybrid,Entry,3,Bachelor,0
8158,Data Scientist,Medium,Education,Australia,Remote,Senior,2,Master,1
8159,Data Scientist,Startup,Healthcare,Canada,Remote,Entry,14,Master,1
8160,AI Engineer,Enterprise,Healthcare,USA,Remote,Senior,0,PhD,1
8161,AI Engineer,Enterprise,Finance,UK,Hybrid,Mid,12,PhD,0
8162,Data Analyst,Medium,E-commerce,Germany,Onsite,Senior,0,Master,1
8163,Data Analyst,Startup,Retail,UK,Hybrid,Entry,0,Master,0
8164,Data Engineer,MNC,Technology,Canada,Remote,Entry,1,PhD,1
8165,Data Scientist,Startup,Education,Australia,Onsite,Senior,5,PhD,1
8166,Data Scientist,Enterprise,E-commerce,Germany,Onsite,Senior,12,Master,0
8167,Data Analyst,MNC,Finance,Singapore,Onsite,Senior,1,Bachelor,0
8168,Data Engineer,Enterprise,Healthcare,UK,Remote,Entry,9,Master,1
8169,Data Scientist,MNC,Technology,UK,Remote,Mid,2,Bachelor,1
8170,AI Engineer,Enterprise,Retail,Canada,Remote,Senior,13,PhD,1
8171,Data Engineer,Startup,E-commerce,Canada,Hybrid,Senior,1,Master,1
8172,Data Analyst,MNC,E-commerce,Singapore,Hybrid,Entry,7,PhD,0
8173,Data Scientist,Startup,Retail,UK,Remote,Mid,2,Master,0
8174,AI Engineer,Startup,Technology,Singapore,Hybrid,Mid,5,Master,0
8175,Data Analyst,Enterprise,Retail,Canada,Onsite,Mid,3,PhD,0
8176,AI Engineer,Medium,Education,Germany,Onsite,Mid,13,PhD,1
8177,Data Analyst,Startup,Education,UK,Hybrid,Entry,0,Master,0
8178,Data Scientist,Medium,E-commerce,USA,Hybrid,Senior,4,PhD,1
8179,Machine Learning Engineer,Medium,Retail,UK,Remote,Mid,6,PhD,0
8180,Data Scientist,MNC,Healthcare,Canada,Remote,Senior,12,Master,1
8181,Business Analyst,Enterprise,Healthcare,India,Remote,Mid,12,Master,0
8182,Data Engineer,MNC,E-commerce,Germany,Remote,Entry,13,PhD,0
8183,Business Analyst,Startup,Retail,Singapore,Onsite,Mid,6,Bachelor,0
8184,AI Engineer,Medium,E-commerce,UK,Onsite,Senior,0,Master,1
8185,Data Scientist,Startup,Finance,Canada,Hybrid,Mid,0,Bachelor,1
8186,Data Scientist,MNC,Healthcare,Canada,Remote,Mid,1,PhD,0
8187,Business Analyst,Enterprise,E-commerce,Singapore,Hybrid,Mid,3,Master,1
8188,Data Engineer,Startup,Healthcare,Germany,Onsite,Senior,11,PhD,0
8189,Data Analyst,MNC,Education,UK,Remote,Mid,14,PhD,1
8190,AI Engineer,Enterprise,Technology,USA,Onsite,Mid,8,Bachelor,0
8191,AI Engineer,MNC,Education,UK,Remote,Mid,9,Master,0
8192,Data Analyst,MNC,Retail,Singapore,Onsite,Senior,9,Bachelor,0
8193,Data Engineer,Startup,Finance,Germany,Hybrid,Entry,5,Bachelor,0
8194,Data Scientist,Startup,Retail,USA,Remote,Senior,13,PhD,1
8195,AI Engineer,Startup,Finance,Canada,Remote,Senior,3,PhD,1
8196,Data Analyst,Enterprise,Retail,India,Hybrid,Mid,13,Bachelor,0
8197,Business Analyst,Medium,E-commerce,India,Onsite,Entry,10,Bachelor,0
8198,Data Engineer,Startup,Healthcare,USA,Remote,Senior,4,Bachelor,1
8199,Machine Learning Engineer,MNC,Education,UK,Hybrid,Mid,7,Bachelor,0
8200,Data Scientist,MNC,Healthcare,UK,Onsite,Mid,6,PhD,0
8201,Data Engineer,Startup,Healthcare,Canada,Remote,Senior,10,PhD,1
8202,AI Engineer,MNC,Technology,Germany,Onsite,Mid,4,Master,0
8203,Data Scientist,Medium,E-commerce,Australia,Remote,Mid,4,PhD,1
8204,Data Scientist,MNC,Education,Singapore,Onsite,Senior,10,PhD,0
8205,Business Analyst,Startup,Healthcare,Singapore,Remote,Mid,13,PhD,1
8206,Machine Learning Engineer,MNC,Finance,Germany,Onsite,Entry,12,Bachelor,0
8207,Data Analyst,Medium,E-commerce,UK,Onsite,Entry,13,PhD,0
8208,Machine Learning Engineer,Enterprise,Healthcare,Canada,Hybrid,Entry,9,PhD,0
8209,Data Scientist,MNC,Finance,Canada,Remote,Senior,5,Bachelor,0
8210,Business Analyst,Medium,Education,UK,Hybrid,Entry,10,PhD,1
8211,Data Engineer,MNC,Healthcare,Australia,Hybrid,Entry,2,PhD,1
8212,Machine Learning Engineer,Enterprise,Retail,Singapore,Onsite,Mid,6,Master,0
8213,Data Engineer,Enterprise,Healthcare,Germany,Hybrid,Entry,8,PhD,1
8214,Data Analyst,MNC,E-commerce,India,Remote,Senior,7,PhD,1
8215,Machine Learning Engineer,Enterprise,Education,India,Onsite,Mid,0,Master,0
8216,Machine Learning Engineer,Enterprise,Education,Canada,Onsite,Entry,13,Bachelor,1
8217,Data Engineer,MNC,Healthcare,Australia,Onsite,Senior,4,Bachelor,0
8218,Data Engineer,Medium,Healthcare,Singapore,Remote,Entry,13,PhD,0
8219,AI Engineer,MNC,Technology,India,Onsite,Senior,5,Master,0
8220,Data Engineer,Enterprise,Finance,Australia,Hybrid,Senior,12,PhD,1
8221,Data Engineer,Medium,Retail,Germany,Onsite,Mid,12,PhD,1
8222,Data Analyst,Startup,Finance,UK,Onsite,Entry,7,Master,1
8223,Machine Learning Engineer,Startup,Finance,Singapore,Hybrid,Senior,7,Bachelor,1
8224,Data Scientist,MNC,Retail,Singapore,Onsite,Senior,9,Bachelor,1
8225,Data Scientist,Startup,Technology,India,Hybrid,Entry,11,PhD,0
8226,Machine Learning Engineer,MNC,Education,Singapore,Onsite,Entry,0,PhD,1
8227,Data Engineer,MNC,E-commerce,Australia,Onsite,Mid,0,PhD,1
8228,Business Analyst,Medium,Education,Germany,Onsite,Entry,14,Bachelor,0
8229,AI Engineer,MNC,Technology,USA,Remote,Senior,2,PhD,0
8230,Business Analyst,MNC,Retail,UK,Hybrid,Mid,6,PhD,1
8231,Machine Learning Engineer,Enterprise,Retail,Canada,Onsite,Senior,14,PhD,0
8232,Data Scientist,Startup,Technology,Australia,Hybrid,Senior,3,PhD,0
8233,AI Engineer,Medium,Healthcare,India,Hybrid,Entry,11,PhD,0
8234,Data Engineer,Enterprise,E-commerce,UK,Hybrid,Senior,5,Master,1
8235,Machine Learning Engineer,Enterprise,E-commerce,Australia,Remote,Senior,12,Master,0
8236,Data Scientist,Enterprise,Healthcare,Australia,Onsite,Entry,7,PhD,1
8237,Data Analyst,Enterprise,Education,Canada,Onsite,Entry,8,Master,0
8238,Machine Learning Engineer,Startup,E-commerce,Australia,Hybrid,Mid,3,Bachelor,1
8239,Business Analyst,Medium,E-commerce,Singapore,Remote,Entry,6,Master,0
8240,Machine Learning Engineer,MNC,Healthcare,Germany,Hybrid,Senior,9,PhD,1
8241,Data Scientist,Startup,Education,Canada,Remote,Mid,1,Bachelor,1
8242,Machine Learning Engineer,Startup,Finance,USA,Remote,Entry,3,PhD,1
8243,Data Analyst,Startup,E-commerce,USA,Onsite,Entry,1,PhD,1
8244,AI Engineer,Startup,Technology,UK,Hybrid,Senior,12,Bachelor,0
8245,AI Engineer,MNC,Healthcare,Germany,Remote,Entry,5,Bachelor,1
8246,Business Analyst,MNC,Finance,Australia,Remote,Entry,11,Bachelor,0
8247,Machine Learning Engineer,Startup,Education,Australia,Hybrid,Senior,0,Master,1
8248,Data Analyst,MNC,Education,India,Hybrid,Mid,7,Master,0
8249,AI Engineer,Startup,Retail,Australia,Hybrid,Mid,4,Bachelor,1
8250,Data Analyst,Enterprise,Healthcare,USA,Hybrid,Senior,12,Master,0
8251,Machine Learning Engineer,Enterprise,Education,USA,Remote,Entry,12,Bachelor,0
8252,Data Scientist,Startup,Healthcare,USA,Onsite,Entry,4,Bachelor,1
8253,Data Analyst,Startup,E-commerce,USA,Remote,Entry,12,Master,1
8254,Data Scientist,Medium,Retail,USA,Remote,Senior,4,PhD,0
8255,Machine Learning Engineer,Enterprise,Retail,Singapore,Remote,Senior,12,PhD,0
8256,Data Scientist,MNC,Retail,Australia,Hybrid,Entry,8,Master,1
8257,Data Engineer,MNC,Retail,Australia,Hybrid,Senior,4,PhD,1
8258,Data Scientist,Startup,Healthcare,Australia,Remote,Entry,12,Master,0
8259,Data Scientist,Medium,Finance,Germany,Hybrid,Entry,8,PhD,1
8260,Data Scientist,Medium,Technology,Canada,Remote,Mid,10,Bachelor,0
8261,Data Analyst,Enterprise,Healthcare,USA,Hybrid,Entry,11,Bachelor,0
8262,Data Scientist,MNC,Healthcare,UK,Onsite,Senior,5,Bachelor,1
8263,Data Scientist,Medium,Technology,Canada,Onsite,Senior,13,Bachelor,1
8264,Data Analyst,Medium,Technology,Singapore,Remote,Senior,7,PhD,1
8265,Data Scientist,Startup,Finance,USA,Remote,Entry,6,Master,0
8266,Data Analyst,Medium,Finance,Singapore,Onsite,Mid,5,PhD,0
8267,Business Analyst,Medium,Healthcare,Singapore,Onsite,Mid,3,PhD,1
8268,Machine Learning Engineer,MNC,Healthcare,UK,Onsite,Senior,14,PhD,1
8269,Data Analyst,Medium,Finance,Singapore,Hybrid,Senior,2,Master,0
8270,Data Scientist,Medium,Technology,Germany,Remote,Entry,12,Master,0
8271,Data Engineer,Medium,Finance,USA,Remote,Senior,12,Master,1
8272,Data Scientist,Enterprise,E-commerce,Singapore,Hybrid,Mid,9,Master,0
8273,Data Engineer,Startup,Finance,Germany,Remote,Mid,12,Master,0
8274,AI Engineer,Enterprise,Healthcare,Singapore,Remote,Senior,6,PhD,0
8275,Data Analyst,Startup,Education,Canada,Remote,Entry,2,PhD,0
8276,Data Analyst,MNC,Education,Canada,Remote,Entry,6,PhD,0
8277,AI Engineer,MNC,E-commerce,USA,Onsite,Senior,3,Bachelor,1
8278,Data Scientist,Startup,Finance,Canada,Onsite,Senior,1,Bachelor,0
8279,Machine Learning Engineer,MNC,Retail,Singapore,Hybrid,Senior,4,Bachelor,1
8280,Data Scientist,Medium,Healthcare,USA,Hybrid,Senior,7,Master,0
8281,Machine Learning Engineer,MNC,Technology,India,Remote,Entry,3,Bachelor,0
8282,Business Analyst,Enterprise,Finance,Canada,Onsite,Mid,11,PhD,1
8283,Data Scientist,Startup,Technology,UK,Hybrid,Entry,8,PhD,0
8284,Data Analyst,MNC,Education,Singapore,Remote,Entry,6,Bachelor,0
8285,AI Engineer,Enterprise,E-commerce,India,Remote,Mid,2,Master,1
8286,Business Analyst,MNC,Technology,UK,Onsite,Entry,7,PhD,1
8287,Data Analyst,Startup,Healthcare,Canada,Remote,Mid,4,Bachelor,0
8288,Data Scientist,Medium,Technology,USA,Onsite,Entry,6,PhD,0
8289,Business Analyst,Medium,Technology,Australia,Onsite,Entry,8,Bachelor,0
8290,Data Analyst,Enterprise,Finance,India,Onsite,Senior,9,Master,1
8291,Data Engineer,Startup,Finance,Singapore,Hybrid,Entry,5,PhD,0
8292,Data Scientist,Enterprise,Education,UK,Hybrid,Mid,14,PhD,1
8293,Data Analyst,Medium,Healthcare,USA,Hybrid,Entry,9,PhD,0
8294,AI Engineer,MNC,Education,India,Remote,Senior,1,PhD,1
8295,AI Engineer,MNC,Retail,UK,Remote,Senior,4,PhD,1
8296,Machine Learning Engineer,MNC,Retail,UK,Hybrid,Entry,9,PhD,1
8297,AI Engineer,MNC,Technology,Canada,Remote,Senior,11,PhD,0
8298,Data Engineer,MNC,Finance,Germany,Remote,Entry,13,Master,1
8299,Data Scientist,Enterprise,Finance,Australia,Onsite,Entry,2,Bachelor,1
8300,Machine Learning Engineer,Enterprise,Technology,Australia,Onsite,Senior,3,Bachelor,1
8301,Business Analyst,Startup,Technology,Australia,Remote,Mid,1,Bachelor,0
8302,AI Engineer,MNC,Retail,Germany,Onsite,Senior,14,Bachelor,1
8303,AI Engineer,Startup,E-commerce,Canada,Onsite,Senior,0,Master,1
8304,AI Engineer,Startup,Education,Germany,Hybrid,Entry,13,Bachelor,0
8305,AI Engineer,Startup,Technology,Singapore,Remote,Entry,6,PhD,0
8306,Business Analyst,MNC,Technology,Canada,Hybrid,Senior,3,PhD,1
8307,Data Scientist,Enterprise,E-commerce,India,Onsite,Senior,8,Master,1
8308,Business Analyst,Enterprise,Finance,Australia,Hybrid,Mid,0,Bachelor,0
8309,Data Engineer,Enterprise,Education,Singapore,Remote,Mid,10,Bachelor,0
8310,Data Engineer,Enterprise,E-commerce,India,Remote,Mid,11,PhD,0
8311,AI Engineer,Enterprise,Finance,Singapore,Hybrid,Mid,12,PhD,0
8312,Data Engineer,Enterprise,Finance,Australia,Remote,Mid,9,PhD,0
8313,Data Scientist,Startup,Healthcare,Canada,Onsite,Entry,4,Master,0
8314,Data Engineer,Enterprise,Retail,Canada,Onsite,Senior,2,Bachelor,1
8315,Data Analyst,Medium,Technology,Australia,Hybrid,Mid,1,PhD,0
8316,Data Scientist,MNC,Education,Canada,Remote,Senior,0,Bachelor,1
8317,Business Analyst,MNC,Technology,Australia,Onsite,Senior,11,Bachelor,1
8318,Machine Learning Engineer,Enterprise,Retail,India,Onsite,Entry,9,PhD,0
8319,Business Analyst,MNC,Retail,Canada,Remote,Mid,3,Master,0
8320,Data Scientist,Enterprise,E-commerce,India,Remote,Entry,9,Master,0
8321,Business Analyst,Enterprise,Education,Canada,Hybrid,Senior,4,PhD,1
8322,Data Analyst,Medium,Healthcare,UK,Remote,Mid,11,Master,0
8323,Data Scientist,Medium,E-commerce,UK,Onsite,Mid,1,PhD,0
8324,Data Scientist,Enterprise,Retail,Singapore,Onsite,Senior,2,Master,1
8325,Machine Learning Engineer,Medium,Retail,India,Onsite,Mid,8,Master,1
8326,Data Analyst,Startup,Technology,Australia,Hybrid,Mid,13,Master,1
8327,AI Engineer,Enterprise,Technology,Germany,Hybrid,Senior,4,Bachelor,1
8328,Data Engineer,Enterprise,Healthcare,UK,Onsite,Senior,13,PhD,0
8329,Data Engineer,MNC,Technology,USA,Remote,Mid,6,Bachelor,1
8330,Business Analyst,Medium,Education,Canada,Hybrid,Mid,7,Bachelor,0
8331,Machine Learning Engineer,Medium,Retail,Singapore,Remote,Entry,0,PhD,0
8332,AI Engineer,Startup,E-commerce,Germany,Hybrid,Senior,14,Master,0
8333,Data Analyst,MNC,E-commerce,USA,Hybrid,Senior,10,Bachelor,1
8334,Data Analyst,Medium,Healthcare,India,Remote,Entry,2,Master,0
8335,AI Engineer,Medium,Healthcare,India,Hybrid,Entry,1,Master,0
8336,Machine Learning Engineer,Startup,Education,Singapore,Onsite,Mid,13,Bachelor,1
8337,Data Scientist,Enterprise,Education,India,Onsite,Senior,10,Master,0
8338,Data Engineer,Medium,Healthcare,Canada,Remote,Entry,1,PhD,0
8339,Data Analyst,Startup,Healthcare,USA,Remote,Senior,3,Master,0
8340,Machine Learning Engineer,Startup,Healthcare,Canada,Onsite,Entry,4,Master,0
8341,AI Engineer,Startup,Education,Australia,Remote,Senior,14,PhD,1
8342,Data Scientist,Medium,E-commerce,Singapore,Remote,Mid,1,PhD,0
8343,Machine Learning Engineer,Medium,Finance,USA,Remote,Entry,7,Master,1
8344,Machine Learning Engineer,Startup,Retail,Germany,Remote,Mid,8,PhD,0
8345,Business Analyst,Medium,Retail,Germany,Onsite,Entry,13,Bachelor,1
8346,Business Analyst,Enterprise,Retail,India,Hybrid,Entry,12,Master,0
8347,Data Scientist,Enterprise,Retail,Singapore,Remote,Senior,8,PhD,1
8348,Data Engineer,MNC,E-commerce,UK,Hybrid,Senior,11,PhD,0
8349,Machine Learning Engineer,Startup,Education,Germany,Hybrid,Senior,7,PhD,1
8350,Data Analyst,Startup,Education,Singapore,Onsite,Entry,1,Bachelor,0
8351,Data Scientist,Enterprise,E-commerce,USA,Hybrid,Senior,4,Master,0
8352,Machine Learning Engineer,MNC,Healthcare,Singapore,Hybrid,Senior,5,PhD,1
8353,Data Engineer,MNC,Healthcare,India,Hybrid,Entry,11,Bachelor,0
8354,Data Scientist,Startup,Education,UK,Onsite,Senior,8,PhD,0
8355,Business Analyst,Medium,E-commerce,UK,Remote,Senior,5,Master,1
8356,Data Scientist,Medium,E-commerce,UK,Onsite,Senior,5,Bachelor,1
8357,Business Analyst,Medium,Technology,UK,Hybrid,Mid,12,PhD,0
8358,Machine Learning Engineer,Enterprise,E-commerce,Germany,Hybrid,Mid,6,Master,0
8359,Data Scientist,Medium,Technology,India,Remote,Senior,2,Master,1
8360,Data Scientist,Startup,E-commerce,UK,Onsite,Senior,6,PhD,1
8361,Business Analyst,Startup,Technology,India,Hybrid,Senior,14,PhD,0
8362,Data Analyst,Enterprise,E-commerce,UK,Hybrid,Mid,14,PhD,1
8363,Data Analyst,Enterprise,Finance,Australia,Onsite,Mid,7,PhD,1
8364,Machine Learning Engineer,Medium,Education,UK,Remote,Senior,8,PhD,1
8365,Machine Learning Engineer,Medium,E-commerce,India,Remote,Mid,1,PhD,0
8366,Data Engineer,Enterprise,Retail,Germany,Hybrid,Senior,2,PhD,1
8367,Business Analyst,Startup,Finance,Germany,Hybrid,Entry,10,PhD,0
8368,Data Analyst,Medium,Retail,Singapore,Remote,Mid,11,Master,0
8369,AI Engineer,Enterprise,Technology,Canada,Onsite,Entry,2,Bachelor,1
8370,Data Engineer,Enterprise,Finance,UK,Remote,Mid,7,Master,0
8371,AI Engineer,MNC,Healthcare,Canada,Remote,Senior,8,PhD,1
8372,Data Analyst,Startup,Technology,Australia,Remote,Senior,3,PhD,1
8373,Machine Learning Engineer,Enterprise,Healthcare,Canada,Remote,Entry,0,Bachelor,0
8374,Data Analyst,Medium,Healthcare,USA,Onsite,Mid,13,PhD,0
8375,Data Engineer,Startup,Finance,Canada,Onsite,Entry,10,Master,1
8376,Data Scientist,Enterprise,Retail,Australia,Hybrid,Mid,7,Master,0
8377,Machine Learning Engineer,MNC,Retail,USA,Remote,Senior,9,PhD,0
8378,Business Analyst,Enterprise,Finance,Australia,Onsite,Senior,6,PhD,1
8379,Data Engineer,Startup,Healthcare,India,Remote,Mid,5,PhD,0
8380,Data Scientist,Medium,Healthcare,UK,Onsite,Senior,6,Master,1
8381,AI Engineer,Enterprise,Technology,USA,Remote,Entry,10,Master,1
8382,Data Scientist,Medium,Retail,Germany,Remote,Senior,1,Bachelor,1
8383,Data Engineer,MNC,Technology,Australia,Onsite,Senior,2,Master,0
8384,Data Scientist,Enterprise,Education,USA,Onsite,Entry,3,Master,0
8385,Data Analyst,MNC,Retail,Australia,Hybrid,Entry,13,Master,0
8386,Business Analyst,Medium,Healthcare,Australia,Onsite,Mid,8,Bachelor,1
8387,Business Analyst,MNC,Technology,UK,Onsite,Senior,3,Bachelor,0
8388,Data Engineer,Medium,Healthcare,Germany,Hybrid,Entry,12,PhD,0
8389,Data Analyst,Enterprise,Healthcare,Germany,Hybrid,Entry,1,Master,0
8390,Business Analyst,Enterprise,Healthcare,Germany,Onsite,Senior,1,Bachelor,0
8391,Data Analyst,Startup,E-commerce,Singapore,Hybrid,Senior,10,Master,0
8392,Machine Learning Engineer,Startup,Healthcare,Germany,Onsite,Senior,11,Master,1
8393,Machine Learning Engineer,MNC,Healthcare,USA,Remote,Mid,10,Master,1
8394,Machine Learning Engineer,Startup,Finance,Canada,Hybrid,Entry,3,PhD,1
8395,Data Scientist,MNC,Healthcare,Singapore,Onsite,Mid,6,Master,1
8396,AI Engineer,Medium,Finance,UK,Onsite,Senior,7,PhD,0
8397,Data Engineer,Enterprise,E-commerce,Singapore,Remote,Mid,7,Master,1
8398,Data Engineer,MNC,Technology,UK,Remote,Mid,4,PhD,1
8399,Data Engineer,Startup,Healthcare,India,Hybrid,Entry,6,PhD,0
8400,Machine Learning Engineer,Startup,Technology,Singapore,Onsite,Entry,3,PhD,1
8401,Data Analyst,Medium,Education,UK,Onsite,Entry,0,Master,1
8402,Machine Learning Engineer,Medium,E-commerce,USA,Hybrid,Senior,3,Bachelor,0
8403,Machine Learning Engineer,Enterprise,Education,India,Remote,Senior,2,PhD,0
8404,Data Scientist,Medium,Education,Singapore,Remote,Mid,13,PhD,1
8405,Data Scientist,Enterprise,Education,India,Onsite,Entry,8,Master,0
8406,Business Analyst,Startup,Retail,USA,Onsite,Entry,1,PhD,1
8407,Business Analyst,Enterprise,Technology,USA,Remote,Entry,14,PhD,1
8408,Data Scientist,MNC,E-commerce,Australia,Onsite,Entry,12,PhD,0
8409,AI Engineer,Enterprise,Education,India,Onsite,Mid,11,Bachelor,0
8410,Business Analyst,MNC,E-commerce,India,Remote,Mid,5,PhD,1
8411,Data Analyst,Startup,Education,Australia,Remote,Mid,3,Bachelor,0
8412,Data Analyst,Medium,Retail,Germany,Remote,Entry,10,Master,0
8413,Data Scientist,Startup,Technology,Canada,Hybrid,Entry,9,PhD,1
8414,Data Analyst,Enterprise,Healthcare,UK,Onsite,Entry,13,Master,0
8415,Business Analyst,Enterprise,Finance,Singapore,Onsite,Senior,4,Bachelor,0
8416,Data Engineer,MNC,Education,Canada,Hybrid,Senior,13,PhD,1
8417,Business Analyst,MNC,Education,USA,Hybrid,Entry,13,Bachelor,0
8418,Business Analyst,Medium,Healthcare,UK,Hybrid,Senior,14,Bachelor,0
8419,Data Analyst,Startup,Technology,UK,Onsite,Mid,12,Bachelor,1
8420,Data Analyst,MNC,Finance,Australia,Hybrid,Mid,6,PhD,0
8421,Machine Learning Engineer,Enterprise,Finance,UK,Onsite,Senior,6,PhD,0
8422,Data Engineer,Enterprise,Finance,Canada,Remote,Mid,9,PhD,0
8423,Data Scientist,Startup,Retail,Australia,Remote,Senior,7,Master,1
8424,Data Scientist,Medium,Finance,USA,Onsite,Entry,8,Master,0
8425,Data Scientist,Enterprise,Retail,UK,Hybrid,Mid,10,PhD,0
8426,Business Analyst,Startup,Education,Singapore,Onsite,Senior,14,PhD,1
8427,Data Analyst,Medium,E-commerce,USA,Onsite,Senior,4,PhD,1
8428,Machine Learning Engineer,MNC,Healthcare,USA,Remote,Entry,3,Bachelor,0
8429,Data Scientist,Medium,Retail,UK,Remote,Entry,9,PhD,0
8430,Data Engineer,Startup,Healthcare,USA,Onsite,Entry,6,Master,1
8431,Data Scientist,MNC,Technology,UK,Hybrid,Senior,9,Bachelor,0
8432,Data Analyst,MNC,Technology,UK,Hybrid,Mid,6,Bachelor,1
8433,Business Analyst,Enterprise,Healthcare,Singapore,Remote,Mid,6,PhD,0
8434,Machine Learning Engineer,Medium,Education,USA,Hybrid,Mid,2,PhD,0
8435,Machine Learning Engineer,Enterprise,E-commerce,Australia,Onsite,Senior,1,PhD,1
8436,Data Scientist,Medium,E-commerce,Germany,Onsite,Entry,1,Bachelor,0
8437,Data Scientist,Medium,E-commerce,Singapore,Remote,Mid,13,Master,0
8438,Business Analyst,Enterprise,Finance,Australia,Hybrid,Senior,7,Master,1
8439,AI Engineer,Startup,Retail,Australia,Onsite,Mid,3,Master,1
8440,AI Engineer,Enterprise,Retail,India,Onsite,Senior,9,PhD,0
8441,Machine Learning Engineer,Startup,E-commerce,India,Hybrid,Senior,8,PhD,0
8442,AI Engineer,Medium,Retail,UK,Remote,Mid,11,Master,1
8443,Data Scientist,Startup,Finance,India,Onsite,Senior,14,PhD,1
8444,Machine Learning Engineer,Enterprise,Technology,Australia,Hybrid,Entry,5,PhD,1
8445,AI Engineer,MNC,Technology,Australia,Onsite,Senior,9,Bachelor,1
8446,Business Analyst,Startup,E-commerce,Canada,Hybrid,Entry,10,PhD,1
8447,AI Engineer,MNC,Finance,Australia,Hybrid,Mid,0,PhD,1
8448,AI Engineer,Medium,Healthcare,Singapore,Onsite,Mid,5,Master,0
8449,Business Analyst,Startup,Technology,UK,Hybrid,Mid,8,PhD,1
8450,Business Analyst,MNC,E-commerce,UK,Onsite,Mid,11,Master,0
8451,Data Scientist,Enterprise,Retail,UK,Hybrid,Mid,12,Bachelor,1
8452,Data Engineer,Enterprise,Education,USA,Onsite,Senior,7,Master,1
8453,Data Analyst,Startup,Retail,USA,Onsite,Mid,11,Master,1
8454,Data Scientist,Medium,Retail,Canada,Hybrid,Mid,7,Master,0
8455,Data Engineer,Startup,Technology,Canada,Hybrid,Entry,7,Bachelor,0
8456,Machine Learning Engineer,MNC,Retail,Germany,Onsite,Senior,0,Bachelor,0
8457,Business Analyst,Medium,Technology,Singapore,Hybrid,Mid,3,Master,1
8458,Data Scientist,Medium,Technology,USA,Hybrid,Senior,10,PhD,1
8459,Data Analyst,Medium,Finance,Australia,Onsite,Entry,6,PhD,1
8460,Business Analyst,Startup,Technology,Australia,Onsite,Entry,9,PhD,1
8461,Business Analyst,Medium,Retail,USA,Hybrid,Mid,10,Master,1
8462,Machine Learning Engineer,MNC,Education,Australia,Hybrid,Mid,7,Bachelor,1
8463,AI Engineer,Startup,Education,UK,Hybrid,Entry,2,PhD,0
8464,Machine Learning Engineer,MNC,Retail,USA,Remote,Senior,4,Master,0
8465,Data Engineer,Medium,Technology,Singapore,Remote,Senior,4,Master,1
8466,Business Analyst,Enterprise,Retail,UK,Remote,Mid,14,PhD,0
8467,AI Engineer,Startup,Education,Australia,Onsite,Entry,7,Master,1
8468,AI Engineer,MNC,E-commerce,Singapore,Remote,Mid,9,Bachelor,0
8469,Machine Learning Engineer,Enterprise,Education,UK,Hybrid,Entry,7,PhD,1
8470,AI Engineer,Startup,Education,USA,Onsite,Entry,11,Master,0
8471,Machine Learning Engineer,MNC,E-commerce,Canada,Onsite,Senior,8,Bachelor,0
8472,Data Engineer,Enterprise,Finance,India,Hybrid,Senior,3,Bachelor,1
8473,AI Engineer,Medium,Technology,UK,Hybrid,Entry,4,PhD,1
8474,Data Scientist,MNC,Finance,UK,Remote,Entry,14,PhD,1
8475,AI Engineer,MNC,Finance,India,Onsite,Entry,4,PhD,0
8476,Business Analyst,Enterprise,Healthcare,Australia,Onsite,Mid,13,Bachelor,1
8477,Business Analyst,Medium,Technology,India,Remote,Mid,10,PhD,0
8478,Data Scientist,Startup,Healthcare,Germany,Onsite,Mid,10,Master,1
8479,AI Engineer,Medium,Retail,Australia,Remote,Entry,3,Master,0
8480,Data Engineer,Medium,Retail,India,Hybrid,Senior,12,Master,1
8481,Data Scientist,Enterprise,Retail,India,Hybrid,Mid,12,PhD,1
8482,Data Engineer,Enterprise,E-commerce,Canada,Hybrid,Entry,2,PhD,1
8483,Data Scientist,Enterprise,Finance,Canada,Onsite,Entry,2,Master,1
8484,AI Engineer,Enterprise,Technology,Singapore,Onsite,Entry,13,PhD,1
8485,Data Engineer,Startup,Technology,UK,Onsite,Senior,1,Master,1
8486,Business Analyst,MNC,Retail,Canada,Remote,Mid,7,Bachelor,0
8487,Data Scientist,MNC,Healthcare,UK,Onsite,Senior,7,Bachelor,1
8488,AI Engineer,Medium,Healthcare,Germany,Remote,Mid,5,PhD,0
8489,Data Scientist,Enterprise,E-commerce,UK,Onsite,Senior,6,Master,1
8490,Business Analyst,Startup,Retail,Australia,Remote,Mid,12,Master,0
8491,Data Engineer,Enterprise,Healthcare,USA,Onsite,Mid,2,Bachelor,1
8492,Data Analyst,Startup,Education,Singapore,Remote,Mid,3,Bachelor,1
8493,Data Analyst,Startup,Technology,Singapore,Onsite,Senior,12,Master,1
8494,Data Analyst,Medium,Education,Australia,Onsite,Senior,2,PhD,0
8495,Machine Learning Engineer,Enterprise,E-commerce,Canada,Onsite,Mid,12,Bachelor,0
8496,Machine Learning Engineer,Medium,Technology,USA,Onsite,Entry,6,PhD,0
8497,Business Analyst,Medium,E-commerce,Germany,Remote,Mid,4,Bachelor,1
8498,Machine Learning Engineer,Enterprise,E-commerce,USA,Remote,Senior,0,PhD,1
8499,Data Analyst,MNC,Technology,USA,Remote,Mid,9,PhD,0
8500,Business Analyst,MNC,Finance,Canada,Hybrid,Mid,10,PhD,1
8501,Business Analyst,Medium,E-commerce,Singapore,Remote,Entry,7,Master,0
8502,Data Scientist,Medium,Finance,Australia,Onsite,Senior,3,Master,1
8503,Data Analyst,Startup,Education,Singapore,Onsite,Mid,10,Bachelor,0
8504,Machine Learning Engineer,Startup,Education,Canada,Onsite,Mid,2,Bachelor,1
8505,Machine Learning Engineer,Enterprise,Technology,UK,Onsite,Mid,4,Bachelor,1
8506,Data Engineer,Startup,Retail,Singapore,Hybrid,Mid,5,Bachelor,1
8507,Business Analyst,MNC,Retail,USA,Remote,Mid,1,Bachelor,0
8508,Data Scientist,Enterprise,Technology,Canada,Remote,Senior,8,Master,1
8509,Data Scientist,MNC,Retail,Germany,Hybrid,Mid,2,Bachelor,0
8510,AI Engineer,Enterprise,Finance,Germany,Onsite,Senior,5,PhD,1
8511,Machine Learning Engineer,Startup,Technology,India,Remote,Entry,3,PhD,1
8512,Machine Learning Engineer,Enterprise,Healthcare,UK,Onsite,Entry,0,PhD,1
8513,Data Engineer,Enterprise,Retail,Germany,Hybrid,Entry,12,Bachelor,1
8514,Data Engineer,Medium,Healthcare,USA,Onsite,Mid,3,PhD,1
8515,Data Scientist,Medium,Healthcare,Australia,Remote,Senior,3,Bachelor,1
8516,AI Engineer,MNC,Education,Australia,Onsite,Senior,12,Master,0
8517,Data Engineer,MNC,E-commerce,Canada,Hybrid,Mid,14,Master,1
8518,Business Analyst,Medium,Technology,USA,Onsite,Entry,2,Master,0
8519,Data Engineer,MNC,Technology,UK,Hybrid,Entry,4,Master,0
8520,AI Engineer,MNC,Retail,Canada,Remote,Senior,13,PhD,1
8521,Data Analyst,MNC,Finance,Singapore,Hybrid,Mid,2,Bachelor,1
8522,Data Scientist,Startup,Education,UK,Remote,Entry,8,Bachelor,0
8523,Data Engineer,Enterprise,Healthcare,India,Remote,Entry,13,Master,0
8524,Data Analyst,MNC,Retail,UK,Onsite,Mid,14,PhD,1
8525,Data Analyst,Medium,Education,India,Remote,Mid,11,PhD,0
8526,Business Analyst,MNC,Retail,USA,Onsite,Entry,2,Bachelor,1
8527,Data Scientist,Medium,Education,Canada,Hybrid,Entry,9,Bachelor,0
8528,AI Engineer,Medium,Retail,Germany,Onsite,Mid,3,Bachelor,1
8529,AI Engineer,Enterprise,Finance,USA,Onsite,Mid,6,Bachelor,1
8530,Data Scientist,MNC,Finance,Germany,Onsite,Senior,0,PhD,0
8531,Machine Learning Engineer,Medium,Finance,UK,Onsite,Entry,11,Master,0
8532,Machine Learning Engineer,MNC,Technology,Germany,Hybrid,Entry,5,PhD,1
8533,AI Engineer,MNC,Retail,UK,Hybrid,Entry,10,PhD,0
8534,Business Analyst,MNC,Education,USA,Remote,Mid,6,Master,1
8535,AI Engineer,Medium,Healthcare,Singapore,Onsite,Entry,6,Bachelor,0
8536,Business Analyst,Startup,Education,Canada,Onsite,Mid,6,PhD,1
8537,Data Scientist,Medium,Healthcare,India,Remote,Senior,0,Master,0
8538,Data Scientist,Enterprise,Healthcare,Canada,Remote,Senior,2,Master,0
8539,Data Engineer,Enterprise,Technology,Australia,Onsite,Entry,5,Master,1
8540,Data Scientist,MNC,Education,Canada,Onsite,Senior,1,Bachelor,0
8541,Data Engineer,Medium,Finance,Germany,Hybrid,Mid,5,Bachelor,0
8542,Machine Learning Engineer,Startup,Finance,Germany,Hybrid,Mid,4,Master,1
8543,AI Engineer,MNC,Education,Germany,Hybrid,Mid,6,PhD,0
8544,AI Engineer,Enterprise,Healthcare,Singapore,Remote,Entry,5,Master,0
8545,Data Analyst,Enterprise,Retail,Canada,Onsite,Mid,5,PhD,0
8546,Business Analyst,Enterprise,Finance,USA,Hybrid,Entry,8,PhD,0
8547,Data Analyst,Medium,Finance,USA,Onsite,Senior,5,Master,0
8548,Data Scientist,Startup,Retail,Australia,Remote,Mid,11,Master,0
8549,Machine Learning Engineer,Startup,Finance,Germany,Hybrid,Entry,8,Bachelor,0
8550,Data Analyst,MNC,Finance,Germany,Onsite,Entry,12,PhD,1
8551,Data Scientist,MNC,Technology,UK,Onsite,Senior,2,PhD,1
8552,AI Engineer,Startup,Education,Germany,Onsite,Senior,14,Bachelor,1
8553,Data Engineer,Startup,Healthcare,Australia,Onsite,Entry,5,Master,1
8554,Data Analyst,MNC,E-commerce,USA,Hybrid,Mid,9,Bachelor,1
8555,AI Engineer,MNC,Finance,India,Onsite,Senior,13,Master,0
8556,Machine Learning Engineer,MNC,Finance,Australia,Onsite,Senior,13,Bachelor,1
8557,Machine Learning Engineer,Medium,Finance,Germany,Hybrid,Senior,4,Master,0
8558,Data Engineer,Medium,E-commerce,USA,Remote,Entry,8,PhD,1
8559,AI Engineer,MNC,Finance,Australia,Hybrid,Entry,8,PhD,1
8560,Data Engineer,Enterprise,Finance,Australia,Remote,Entry,12,PhD,1
8561,Business Analyst,Medium,E-commerce,Singapore,Onsite,Mid,6,PhD,0
8562,Data Analyst,MNC,Education,USA,Onsite,Mid,14,Master,0
8563,Data Engineer,MNC,Retail,India,Onsite,Senior,11,Bachelor,0
8564,Machine Learning Engineer,Medium,Technology,Germany,Hybrid,Entry,3,PhD,0
8565,AI Engineer,Medium,Healthcare,Singapore,Hybrid,Senior,10,Master,0
8566,Data Scientist,Medium,Healthcare,USA,Onsite,Senior,1,Bachelor,1
8567,Data Scientist,MNC,Finance,India,Onsite,Mid,14,Bachelor,0
8568,Data Scientist,Enterprise,E-commerce,India,Onsite,Entry,12,Master,1
8569,Data Analyst,Medium,Technology,Germany,Hybrid,Senior,10,Bachelor,0
8570,Machine Learning Engineer,MNC,Healthcare,Canada,Hybrid,Entry,13,PhD,1
8571,AI Engineer,Enterprise,Finance,Canada,Remote,Senior,10,Master,0
8572,AI Engineer,MNC,Finance,Singapore,Remote,Senior,14,Master,1
8573,AI Engineer,MNC,Education,UK,Hybrid,Entry,13,PhD,0
8574,AI Engineer,Enterprise,E-commerce,Germany,Onsite,Mid,4,PhD,1
8575,Machine Learning Engineer,Startup,Healthcare,USA,Hybrid,Entry,0,Master,0
8576,Machine Learning Engineer,MNC,Healthcare,Canada,Hybrid,Entry,8,Master,0
8577,Business Analyst,Enterprise,Retail,USA,Remote,Senior,7,Bachelor,0
8578,Data Engineer,Enterprise,Technology,Canada,Remote,Senior,9,PhD,1
8579,AI Engineer,Enterprise,E-commerce,Germany,Remote,Entry,1,Master,0
8580,AI Engineer,MNC,Healthcare,USA,Hybrid,Mid,8,Bachelor,1
8581,Data Analyst,Medium,E-commerce,UK,Hybrid,Entry,6,Master,1
8582,Data Analyst,Startup,E-commerce,Canada,Onsite,Senior,3,Master,1
8583,Data Scientist,MNC,E-commerce,Germany,Hybrid,Senior,4,Master,1
8584,Business Analyst,Medium,Technology,Canada,Onsite,Mid,1,PhD,1
8585,Data Engineer,Medium,Technology,USA,Onsite,Senior,9,PhD,0
8586,Data Analyst,Medium,Healthcare,UK,Hybrid,Mid,1,Bachelor,0
8587,Data Scientist,MNC,Finance,India,Remote,Entry,9,Master,0
8588,Machine Learning Engineer,Medium,E-commerce,Australia,Onsite,Mid,13,PhD,0
8589,Data Engineer,Startup,Education,Germany,Remote,Mid,2,PhD,0
8590,Data Scientist,Startup,Technology,India,Remote,Entry,14,Bachelor,1
8591,Data Scientist,Medium,Finance,Australia,Onsite,Entry,4,Bachelor,0
8592,Machine Learning Engineer,MNC,Education,USA,Remote,Entry,13,PhD,1
8593,Data Scientist,Medium,Healthcare,USA,Hybrid,Entry,0,Master,0
8594,AI Engineer,MNC,Retail,Germany,Onsite,Entry,1,Bachelor,1
8595,Data Analyst,MNC,E-commerce,India,Remote,Mid,4,PhD,1
8596,Data Scientist,MNC,Healthcare,Canada,Remote,Entry,3,Master,0
8597,AI Engineer,Medium,Education,India,Remote,Mid,5,PhD,1
8598,Data Scientist,Medium,E-commerce,India,Hybrid,Entry,3,Bachelor,0
8599,Data Engineer,Startup,Education,India,Hybrid,Senior,4,PhD,0
8600,Business Analyst,Startup,Healthcare,India,Hybrid,Mid,4,Master,0
8601,Data Analyst,Startup,Retail,Australia,Onsite,Senior,10,PhD,0
8602,AI Engineer,Medium,Retail,Singapore,Hybrid,Entry,9,Bachelor,0
8603,Business Analyst,Medium,E-commerce,UK,Onsite,Entry,9,Master,0
8604,Machine Learning Engineer,MNC,E-commerce,Germany,Onsite,Mid,0,PhD,0
8605,Data Scientist,Startup,Retail,Canada,Onsite,Senior,8,PhD,1
8606,Data Engineer,Medium,Education,India,Remote,Senior,11,Bachelor,1
8607,Data Analyst,Startup,E-commerce,India,Onsite,Entry,7,Master,1
8608,Business Analyst,Startup,Education,Singapore,Remote,Mid,1,Bachelor,0
8609,Data Scientist,Enterprise,Finance,UK,Onsite,Mid,3,Bachelor,1
8610,Data Analyst,MNC,Technology,India,Hybrid,Mid,13,Master,0
8611,Data Engineer,Enterprise,Finance,India,Hybrid,Entry,2,Master,0
8612,Machine Learning Engineer,Enterprise,Education,India,Remote,Mid,4,Master,1
8613,Data Engineer,Startup,Education,Australia,Remote,Mid,11,Master,1
8614,AI Engineer,Medium,Healthcare,Singapore,Hybrid,Entry,14,Master,0
8615,AI Engineer,MNC,Healthcare,UK,Hybrid,Senior,1,Master,0
8616,Data Analyst,Startup,Technology,USA,Remote,Mid,6,Bachelor,1
8617,Data Analyst,Enterprise,Technology,UK,Onsite,Entry,2,Bachelor,0
8618,Machine Learning Engineer,MNC,Technology,Singapore,Remote,Senior,5,Master,1
8619,Data Engineer,MNC,Technology,Canada,Onsite,Senior,7,Master,0
8620,AI Engineer,Startup,Education,Australia,Hybrid,Entry,12,PhD,0
8621,AI Engineer,Medium,Healthcare,Germany,Hybrid,Entry,7,PhD,0
8622,Data Scientist,MNC,Finance,UK,Remote,Mid,3,Bachelor,1
8623,Data Analyst,Medium,Finance,USA,Remote,Entry,1,PhD,1
8624,Data Scientist,MNC,Retail,Germany,Hybrid,Entry,0,PhD,1
8625,Data Scientist,Enterprise,Finance,Canada,Remote,Senior,2,Bachelor,0
8626,AI Engineer,Medium,Finance,Australia,Onsite,Mid,14,Bachelor,0
8627,Data Scientist,Enterprise,Retail,India,Hybrid,Senior,0,Bachelor,1
8628,Data Analyst,MNC,E-commerce,USA,Hybrid,Mid,10,PhD,0
8629,Data Analyst,Medium,Education,Australia,Remote,Mid,7,Master,1
8630,Data Scientist,Enterprise,Retail,USA,Onsite,Entry,14,Bachelor,0
8631,Machine Learning Engineer,Enterprise,Technology,Canada,Hybrid,Entry,8,Master,1
8632,Data Scientist,Enterprise,Technology,India,Onsite,Senior,7,PhD,1
8633,Machine Learning Engineer,Enterprise,Technology,USA,Hybrid,Entry,14,Master,0
8634,Data Analyst,Startup,Retail,Germany,Remote,Senior,8,Bachelor,1
8635,Machine Learning Engineer,Startup,Finance,Singapore,Hybrid,Senior,4,Bachelor,0
8636,AI Engineer,Medium,Technology,Germany,Remote,Entry,8,Master,0
8637,AI Engineer,MNC,Healthcare,India,Hybrid,Mid,1,PhD,0
8638,Business Analyst,MNC,Education,USA,Onsite,Entry,4,Bachelor,0
8639,Data Analyst,Startup,E-commerce,Canada,Remote,Senior,13,Bachelor,0
8640,Data Scientist,MNC,E-commerce,India,Remote,Entry,2,Master,0
8641,Business Analyst,MNC,Healthcare,USA,Onsite,Entry,14,PhD,1
8642,Machine Learning Engineer,MNC,Healthcare,Canada,Remote,Senior,0,Bachelor,1
8643,Machine Learning Engineer,Medium,Healthcare,Singapore,Remote,Mid,5,Bachelor,1
8644,Data Analyst,MNC,Technology,Australia,Onsite,Mid,6,PhD,1
8645,Data Analyst,Enterprise,Education,Canada,Onsite,Senior,14,Bachelor,0
8646,Data Scientist,MNC,Healthcare,Singapore,Hybrid,Entry,9,PhD,1
8647,Machine Learning Engineer,MNC,E-commerce,Germany,Onsite,Mid,10,Bachelor,0
8648,AI Engineer,Startup,Finance,Canada,Onsite,Entry,1,Bachelor,1
8649,Data Analyst,Startup,Technology,Canada,Onsite,Entry,4,Master,0
8650,Data Scientist,MNC,Education,Singapore,Onsite,Mid,9,Master,1
8651,AI Engineer,Medium,Technology,Singapore,Hybrid,Senior,5,PhD,0
8652,Machine Learning Engineer,Enterprise,Healthcare,Canada,Onsite,Entry,14,Master,0
8653,AI Engineer,Startup,E-commerce,India,Hybrid,Entry,11,Master,1
8654,Business Analyst,MNC,Healthcare,Australia,Onsite,Mid,6,PhD,1
8655,Data Engineer,Startup,Technology,UK,Onsite,Senior,1,Master,0
8656,Machine Learning Engineer,Medium,Retail,Singapore,Onsite,Entry,11,Bachelor,0
8657,Data Analyst,MNC,Retail,Australia,Onsite,Entry,4,Master,0
8658,Data Scientist,Enterprise,Education,Singapore,Remote,Senior,2,Master,1
8659,Data Scientist,Enterprise,Retail,Singapore,Hybrid,Entry,14,PhD,0
8660,AI Engineer,Startup,Healthcare,Australia,Remote,Senior,8,Bachelor,0
8661,Data Engineer,MNC,Technology,Singapore,Hybrid,Senior,0,PhD,0
8662,AI Engineer,Medium,Healthcare,UK,Remote,Mid,14,Bachelor,1
8663,Data Engineer,Enterprise,Education,Canada,Hybrid,Mid,3,PhD,0
8664,Data Analyst,Startup,Healthcare,UK,Remote,Mid,5,Master,0
8665,Data Scientist,Startup,Retail,Australia,Onsite,Entry,9,PhD,0
8666,AI Engineer,Enterprise,Retail,Canada,Onsite,Senior,1,Bachelor,0
8667,Business Analyst,Medium,Retail,Singapore,Remote,Senior,4,Master,1
8668,Data Engineer,Startup,Finance,Singapore,Remote,Entry,14,Bachelor,1
8669,Data Scientist,MNC,Technology,Australia,Remote,Entry,12,Bachelor,0
8670,Data Analyst,Medium,E-commerce,UK,Onsite,Senior,6,PhD,0
8671,Data Analyst,Startup,Finance,USA,Onsite,Entry,12,Bachelor,1
8672,Data Engineer,MNC,Finance,Australia,Remote,Mid,14,PhD,1
8673,Data Engineer,Enterprise,E-commerce,USA,Remote,Senior,7,PhD,1
8674,AI Engineer,Startup,Healthcare,Singapore,Hybrid,Entry,10,Master,1
8675,Data Analyst,MNC,Finance,Canada,Onsite,Mid,0,Bachelor,0
8676,Data Analyst,MNC,Finance,Australia,Remote,Mid,13,Bachelor,0
8677,Data Engineer,Medium,Finance,UK,Onsite,Senior,10,PhD,1
8678,AI Engineer,Startup,Retail,Singapore,Remote,Senior,1,Master,0
8679,AI Engineer,Startup,Retail,Australia,Hybrid,Entry,3,PhD,0
8680,Data Scientist,Startup,E-commerce,Germany,Hybrid,Entry,14,Bachelor,1
8681,Machine Learning Engineer,MNC,Healthcare,Germany,Onsite,Senior,11,Master,1
8682,AI Engineer,Medium,E-commerce,Australia,Hybrid,Senior,14,Master,0
8683,AI Engineer,Medium,Technology,Germany,Hybrid,Entry,3,Bachelor,0
8684,Data Scientist,Enterprise,Technology,Australia,Remote,Mid,9,Bachelor,1
8685,Business Analyst,Medium,Education,Singapore,Hybrid,Senior,0,PhD,0
8686,Business Analyst,Enterprise,E-commerce,USA,Onsite,Senior,1,PhD,0
8687,Data Engineer,MNC,E-commerce,Germany,Hybrid,Entry,7,Master,0
8688,Data Analyst,MNC,Finance,India,Hybrid,Entry,3,Bachelor,1
8689,Business Analyst,Enterprise,Healthcare,Germany,Hybrid,Entry,0,Bachelor,0
8690,Machine Learning Engineer,MNC,Technology,USA,Remote,Senior,7,Bachelor,0
8691,Data Analyst,Medium,Technology,Canada,Hybrid,Entry,0,PhD,1
8692,Data Engineer,MNC,Finance,USA,Onsite,Senior,0,PhD,0
8693,Machine Learning Engineer,Startup,Education,UK,Remote,Mid,12,Bachelor,1
8694,AI Engineer,Medium,Retail,India,Hybrid,Entry,13,Bachelor,0
8695,Business Analyst,Startup,Education,Germany,Remote,Mid,11,Bachelor,0
8696,Data Analyst,Startup,Healthcare,Australia,Onsite,Senior,10,PhD,1
8697,Machine Learning Engineer,Medium,Education,USA,Hybrid,Entry,7,PhD,1
8698,Business Analyst,MNC,Healthcare,UK,Hybrid,Entry,6,Bachelor,1
8699,Business Analyst,Startup,E-commerce,USA,Remote,Mid,8,Bachelor,1
8700,AI Engineer,Enterprise,Healthcare,Singapore,Hybrid,Senior,14,PhD,1
8701,Data Scientist,Enterprise,Retail,Australia,Hybrid,Mid,11,Master,0
8702,Data Scientist,Startup,Technology,Germany,Remote,Mid,8,PhD,0
8703,Data Engineer,MNC,E-commerce,Germany,Onsite,Mid,14,PhD,0
8704,Data Engineer,Startup,E-commerce,Canada,Hybrid,Mid,14,PhD,1
8705,Data Analyst,Enterprise,Healthcare,UK,Onsite,Entry,12,Master,1
8706,Machine Learning Engineer,MNC,Education,Canada,Onsite,Mid,6,PhD,1
8707,Data Analyst,Startup,Education,Singapore,Onsite,Mid,1,Bachelor,0
8708,Data Engineer,Startup,Retail,UK,Remote,Senior,12,Master,1
8709,Data Analyst,Startup,Education,Australia,Hybrid,Mid,13,Master,0
8710,Data Engineer,MNC,E-commerce,India,Remote,Entry,3,Bachelor,1
8711,Data Engineer,MNC,Technology,Germany,Remote,Senior,7,Master,0
8712,Business Analyst,Medium,Retail,Germany,Hybrid,Entry,8,Bachelor,0
8713,Data Engineer,Startup,Finance,USA,Remote,Senior,2,Bachelor,1
8714,Data Engineer,Medium,Retail,Canada,Hybrid,Entry,10,Bachelor,1
8715,Machine Learning Engineer,Medium,Healthcare,India,Onsite,Entry,14,PhD,0
8716,Machine Learning Engineer,Startup,Technology,Germany,Onsite,Entry,3,PhD,0
8717,Data Analyst,Medium,Technology,Germany,Onsite,Entry,6,PhD,1
8718,AI Engineer,Enterprise,Technology,Canada,Hybrid,Senior,3,PhD,1
8719,Data Analyst,Startup,Finance,India,Hybrid,Senior,5,Master,0
8720,Machine Learning Engineer,Enterprise,Retail,USA,Onsite,Entry,10,Master,1
8721,Data Scientist,Medium,Retail,Germany,Remote,Mid,7,Master,0
8722,Machine Learning Engineer,MNC,Finance,India,Remote,Entry,6,Master,1
8723,Data Engineer,Medium,E-commerce,USA,Hybrid,Senior,12,Master,1
8724,Data Analyst,MNC,Education,Canada,Onsite,Entry,2,PhD,1
8725,Machine Learning Engineer,Enterprise,E-commerce,Singapore,Hybrid,Entry,7,PhD,1
8726,Business Analyst,Medium,Technology,India,Onsite,Senior,8,Master,0
8727,Machine Learning Engineer,Startup,E-commerce,Australia,Onsite,Entry,4,Master,0
8728,AI Engineer,Startup,Healthcare,UK,Hybrid,Entry,13,Bachelor,1
8729,AI Engineer,Startup,Healthcare,Singapore,Hybrid,Mid,5,Bachelor,0
8730,Data Analyst,Startup,Education,Singapore,Remote,Entry,10,Master,0
8731,Business Analyst,Enterprise,Finance,Germany,Hybrid,Senior,2,Master,1
8732,Data Scientist,Enterprise,Retail,Australia,Remote,Senior,3,PhD,0
8733,Data Engineer,Enterprise,Finance,Singapore,Remote,Senior,8,PhD,1
8734,Data Scientist,Enterprise,E-commerce,Australia,Onsite,Entry,6,Master,1
8735,Business Analyst,MNC,Healthcare,Singapore,Hybrid,Senior,12,Master,0
8736,Data Analyst,Enterprise,Technology,Canada,Remote,Entry,2,Master,0
8737,Data Engineer,Medium,E-commerce,India,Onsite,Entry,12,Master,0
8738,AI Engineer,Startup,Healthcare,Australia,Onsite,Entry,11,PhD,0
8739,Business Analyst,Enterprise,Technology,Singapore,Onsite,Entry,2,Master,1
8740,AI Engineer,Medium,Finance,UK,Remote,Senior,2,Bachelor,1
8741,Machine Learning Engineer,MNC,Finance,India,Onsite,Senior,6,Master,0
8742,AI Engineer,Enterprise,Education,Australia,Onsite,Senior,0,Bachelor,1
8743,Data Engineer,MNC,Education,Singapore,Hybrid,Senior,8,Master,0
8744,Data Scientist,Startup,Finance,UK,Onsite,Mid,13,Bachelor,1
8745,AI Engineer,Enterprise,Healthcare,India,Hybrid,Entry,6,Master,0
8746,Machine Learning Engineer,MNC,Finance,UK,Hybrid,Entry,5,Bachelor,1
8747,AI Engineer,MNC,Retail,Germany,Hybrid,Mid,7,Bachelor,0
8748,Business Analyst,Enterprise,Technology,Germany,Hybrid,Senior,0,Bachelor,0
8749,Data Analyst,MNC,Retail,Australia,Hybrid,Senior,4,Bachelor,1
8750,Business Analyst,Startup,Finance,Germany,Remote,Mid,3,Master,1
8751,Data Scientist,MNC,Retail,Australia,Hybrid,Entry,3,PhD,1
8752,Data Scientist,MNC,Technology,Germany,Onsite,Entry,5,PhD,0
8753,Data Analyst,Medium,E-commerce,USA,Onsite,Mid,1,PhD,1
8754,AI Engineer,Enterprise,Healthcare,Singapore,Hybrid,Senior,6,Bachelor,0
8755,AI Engineer,Startup,Education,USA,Hybrid,Mid,4,PhD,1
8756,Machine Learning Engineer,MNC,Technology,Singapore,Onsite,Mid,8,Master,0
8757,Data Engineer,Enterprise,Retail,Singapore,Onsite,Senior,5,PhD,1
8758,Data Engineer,Medium,Retail,India,Remote,Senior,10,Bachelor,1
8759,Data Scientist,Medium,E-commerce,Australia,Onsite,Mid,1,PhD,0
8760,Business Analyst,Startup,Retail,Germany,Hybrid,Senior,10,Master,1
8761,Business Analyst,Medium,Finance,USA,Onsite,Senior,4,PhD,1
8762,Machine Learning Engineer,Medium,Healthcare,UK,Onsite,Mid,11,Master,1
8763,AI Engineer,Medium,Finance,UK,Hybrid,Entry,4,Bachelor,1
8764,Business Analyst,Startup,Technology,UK,Onsite,Senior,1,Master,1
8765,Data Analyst,Medium,E-commerce,Canada,Onsite,Mid,0,Master,0
8766,Business Analyst,Startup,Technology,USA,Onsite,Senior,9,PhD,0
8767,Machine Learning Engineer,Medium,Retail,UK,Onsite,Entry,8,Bachelor,1
8768,Data Scientist,Medium,Finance,India,Hybrid,Senior,11,Master,1
8769,Data Engineer,Enterprise,Finance,Germany,Hybrid,Senior,9,PhD,0
8770,Machine Learning Engineer,Enterprise,E-commerce,Canada,Onsite,Mid,9,Bachelor,1
8771,Data Engineer,Enterprise,Retail,Australia,Hybrid,Entry,1,Bachelor,1
8772,Machine Learning Engineer,MNC,Technology,Australia,Hybrid,Senior,13,PhD,1
8773,Data Analyst,Medium,Technology,Singapore,Hybrid,Entry,9,PhD,1
8774,Machine Learning Engineer,Startup,Education,Canada,Remote,Mid,6,Master,0
8775,AI Engineer,Enterprise,Finance,Singapore,Hybrid,Entry,11,Bachelor,1
8776,Machine Learning Engineer,Enterprise,Healthcare,Canada,Remote,Mid,8,Bachelor,1
8777,AI Engineer,Enterprise,Finance,Canada,Hybrid,Entry,13,Bachelor,1
8778,Data Analyst,Startup,Finance,Canada,Hybrid,Mid,9,PhD,1
8779,Data Scientist,MNC,Technology,USA,Hybrid,Entry,9,Master,0
8780,AI Engineer,Enterprise,Technology,Australia,Onsite,Entry,11,Bachelor,1
8781,AI Engineer,MNC,Retail,Germany,Remote,Senior,2,PhD,1
8782,AI Engineer,MNC,Retail,India,Remote,Mid,1,PhD,0
8783,Data Scientist,Enterprise,E-commerce,UK,Hybrid,Entry,1,PhD,1
8784,Data Scientist,MNC,Education,UK,Remote,Mid,2,Master,1
8785,AI Engineer,Startup,Technology,USA,Onsite,Mid,13,Master,1
8786,Data Scientist,Medium,E-commerce,India,Remote,Entry,10,Master,0
8787,Business Analyst,MNC,Retail,Australia,Onsite,Entry,1,PhD,1
8788,Machine Learning Engineer,Enterprise,Retail,Singapore,Hybrid,Senior,5,Master,0
8789,Data Engineer,Enterprise,Healthcare,USA,Hybrid,Mid,1,PhD,1
8790,AI Engineer,Startup,E-commerce,Canada,Onsite,Senior,8,Bachelor,1
8791,Data Analyst,Startup,Education,Australia,Onsite,Entry,13,Master,1
8792,Business Analyst,Startup,E-commerce,Singapore,Hybrid,Senior,10,Master,0
8793,Data Analyst,MNC,E-commerce,Singapore,Remote,Entry,14,Bachelor,1
8794,Data Analyst,Enterprise,Technology,Germany,Remote,Mid,0,Master,1
8795,Business Analyst,Enterprise,Technology,UK,Onsite,Senior,3,PhD,0
8796,Machine Learning Engineer,Enterprise,Finance,Singapore,Onsite,Entry,9,Master,1
8797,Data Engineer,Enterprise,Technology,Canada,Remote,Senior,14,PhD,0
8798,Data Scientist,MNC,Education,Singapore,Remote,Entry,10,Bachelor,0
8799,Data Scientist,Enterprise,E-commerce,USA,Hybrid,Senior,13,PhD,1
8800,AI Engineer,MNC,Finance,Singapore,Hybrid,Entry,10,Master,1
8801,Data Scientist,Medium,Retail,Canada,Hybrid,Senior,8,Bachelor,1
8802,Machine Learning Engineer,Startup,E-commerce,Germany,Onsite,Mid,2,PhD,0
8803,Data Scientist,MNC,E-commerce,Germany,Hybrid,Mid,10,Master,1
8804,Data Scientist,Medium,Technology,UK,Remote,Mid,0,Bachelor,0
8805,Machine Learning Engineer,Enterprise,E-commerce,Australia,Onsite,Senior,9,Bachelor,1
8806,Data Scientist,Enterprise,Technology,India,Hybrid,Mid,14,Bachelor,0
8807,Data Scientist,Startup,Finance,USA,Onsite,Senior,6,Master,1
8808,Business Analyst,Medium,Retail,USA,Remote,Senior,12,Master,1
8809,Data Engineer,Startup,Education,Singapore,Remote,Mid,8,PhD,0
8810,Data Engineer,MNC,Education,Australia,Hybrid,Entry,5,Master,1
8811,Data Engineer,MNC,Finance,India,Onsite,Senior,13,Bachelor,1
8812,Data Scientist,Medium,Retail,India,Onsite,Mid,13,Bachelor,0
8813,Data Analyst,Enterprise,Healthcare,Germany,Onsite,Entry,4,PhD,1
8814,Machine Learning Engineer,Startup,Finance,Australia,Hybrid,Mid,14,Master,0
8815,Data Scientist,Enterprise,Finance,India,Remote,Entry,1,Master,1
8816,Machine Learning Engineer,MNC,Education,Germany,Onsite,Mid,1,Bachelor,1
8817,Machine Learning Engineer,Medium,Healthcare,UK,Onsite,Entry,7,PhD,0
8818,Data Analyst,Enterprise,Healthcare,India,Remote,Entry,3,Master,0
8819,Data Analyst,Medium,Technology,India,Remote,Entry,8,PhD,0
8820,Business Analyst,Enterprise,Retail,Germany,Remote,Senior,2,Master,1
8821,Machine Learning Engineer,Medium,E-commerce,USA,Hybrid,Entry,10,Master,0
8822,Data Analyst,Enterprise,Technology,Germany,Onsite,Senior,4,Master,1
8823,AI Engineer,MNC,Retail,USA,Remote,Mid,0,Bachelor,1
8824,Data Analyst,Startup,Education,Singapore,Remote,Senior,11,PhD,1
8825,AI Engineer,Enterprise,Retail,Germany,Onsite,Mid,12,Master,1
8826,Data Scientist,Startup,E-commerce,UK,Onsite,Entry,12,Bachelor,0
8827,Data Engineer,Enterprise,Finance,Germany,Remote,Mid,6,PhD,1
8828,Data Scientist,Startup,Retail,USA,Remote,Senior,2,Master,1
8829,Data Analyst,Startup,Technology,USA,Remote,Mid,4,Master,1
8830,Machine Learning Engineer,Startup,Finance,Germany,Onsite,Senior,7,PhD,0
8831,Machine Learning Engineer,Startup,Finance,Singapore,Remote,Mid,12,Bachelor,0
8832,Machine Learning Engineer,Enterprise,E-commerce,USA,Hybrid,Mid,9,Master,1
8833,Business Analyst,MNC,Technology,Canada,Remote,Entry,0,PhD,1
8834,Data Engineer,Enterprise,Finance,India,Onsite,Entry,4,Master,0
8835,Business Analyst,Enterprise,E-commerce,Singapore,Onsite,Mid,2,PhD,0
8836,Business Analyst,Startup,Retail,Australia,Onsite,Senior,3,Master,1
8837,Machine Learning Engineer,MNC,Healthcare,Australia,Hybrid,Entry,7,Bachelor,0
8838,Business Analyst,Medium,E-commerce,Canada,Remote,Entry,9,Master,0
8839,Business Analyst,MNC,Finance,Australia,Hybrid,Mid,4,Bachelor,1
8840,Data Scientist,Enterprise,E-commerce,Singapore,Remote,Entry,6,PhD,0
8841,Business Analyst,MNC,Healthcare,Canada,Remote,Entry,14,Bachelor,0
8842,Data Analyst,Medium,Finance,Germany,Onsite,Senior,8,PhD,0
8843,Data Analyst,Medium,Retail,Canada,Remote,Mid,5,PhD,1
8844,AI Engineer,Medium,Technology,Canada,Onsite,Entry,14,Bachelor,0
8845,Data Analyst,Enterprise,Healthcare,Canada,Onsite,Senior,11,PhD,1
8846,Machine Learning Engineer,Medium,Technology,Australia,Remote,Mid,2,PhD,0
8847,Data Scientist,Enterprise,Retail,USA,Onsite,Senior,6,Master,0
8848,Business Analyst,Medium,Healthcare,Australia,Hybrid,Mid,1,Bachelor,1
8849,Machine Learning Engineer,Medium,Technology,India,Remote,Mid,7,Bachelor,1
8850,AI Engineer,Startup,Technology,Australia,Remote,Entry,4,Master,1
8851,Machine Learning Engineer,Startup,Healthcare,Australia,Remote,Entry,12,PhD,1
8852,Machine Learning Engineer,Enterprise,E-commerce,USA,Remote,Mid,12,Master,1
8853,Data Analyst,Enterprise,E-commerce,Canada,Remote,Senior,3,PhD,1
8854,Data Analyst,Startup,Healthcare,Canada,Remote,Entry,12,Bachelor,0
8855,AI Engineer,Enterprise,E-commerce,Germany,Remote,Entry,3,Master,0
8856,Machine Learning Engineer,Enterprise,Finance,Canada,Onsite,Senior,11,PhD,1
8857,AI Engineer,MNC,Education,Canada,Remote,Mid,4,PhD,1
8858,AI Engineer,Enterprise,Education,India,Onsite,Mid,1,Bachelor,1
8859,Data Scientist,Startup,Retail,Australia,Remote,Senior,6,PhD,1
8860,Data Analyst,Enterprise,Technology,USA,Remote,Entry,3,Bachelor,1
8861,Data Scientist,Medium,Finance,Singapore,Onsite,Entry,12,Bachelor,0
8862,Data Scientist,Medium,Finance,Canada,Onsite,Senior,8,Bachelor,0
8863,Machine Learning Engineer,Medium,Education,Singapore,Onsite,Mid,9,Bachelor,1
8864,Machine Learning Engineer,MNC,Education,Canada,Remote,Mid,11,PhD,0
8865,Machine Learning Engineer,MNC,Healthcare,Germany,Onsite,Senior,4,PhD,1
8866,Business Analyst,MNC,Healthcare,Singapore,Hybrid,Mid,13,Bachelor,1
8867,AI Engineer,Startup,Healthcare,India,Remote,Mid,0,Master,0
8868,Machine Learning Engineer,Medium,E-commerce,Canada,Remote,Entry,14,Master,1
8869,Machine Learning Engineer,MNC,Education,Singapore,Onsite,Senior,10,Bachelor,1
8870,Business Analyst,Startup,E-commerce,Germany,Remote,Senior,7,Bachelor,0
8871,Machine Learning Engineer,Medium,Finance,India,Hybrid,Entry,1,PhD,1
8872,Data Scientist,MNC,Technology,Canada,Remote,Entry,10,Bachelor,1
8873,Business Analyst,Medium,Healthcare,USA,Hybrid,Entry,13,Bachelor,0
8874,Data Analyst,Medium,Technology,USA,Onsite,Mid,12,Master,0
8875,Data Scientist,Enterprise,E-commerce,UK,Onsite,Senior,1,PhD,0
8876,Business Analyst,MNC,E-commerce,UK,Remote,Mid,0,Bachelor,0
8877,Machine Learning Engineer,Enterprise,Healthcare,Singapore,Remote,Mid,1,Master,0
8878,Machine Learning Engineer,Medium,E-commerce,UK,Remote,Entry,5,PhD,0
8879,Data Analyst,MNC,Healthcare,Australia,Remote,Mid,4,Bachelor,1
8880,AI Engineer,MNC,Retail,Canada,Remote,Mid,9,Master,0
8881,Data Analyst,Medium,Retail,Singapore,Remote,Senior,1,PhD,1
8882,Machine Learning Engineer,Medium,Retail,Canada,Hybrid,Mid,12,Master,1
8883,Data Engineer,Enterprise,Technology,Canada,Hybrid,Senior,10,Master,1
8884,Data Engineer,MNC,Healthcare,Germany,Hybrid,Senior,4,Master,0
8885,Data Scientist,MNC,Healthcare,USA,Remote,Mid,12,Master,1
8886,Business Analyst,Enterprise,Retail,Singapore,Remote,Entry,7,PhD,0
8887,Business Analyst,Enterprise,Technology,UK,Onsite,Mid,3,Master,1
8888,Data Scientist,Startup,Technology,India,Remote,Entry,0,PhD,0
8889,Data Engineer,MNC,Healthcare,Germany,Remote,Entry,1,Bachelor,1
8890,Data Engineer,Enterprise,Education,Singapore,Onsite,Senior,3,PhD,1
8891,Data Scientist,Enterprise,Healthcare,UK,Onsite,Senior,12,PhD,1
8892,Data Scientist,MNC,Healthcare,USA,Hybrid,Mid,3,Bachelor,1
8893,Machine Learning Engineer,Startup,Education,Germany,Remote,Mid,12,Master,1
8894,Data Analyst,Enterprise,Education,India,Hybrid,Mid,3,PhD,1
8895,Machine Learning Engineer,MNC,Education,USA,Hybrid,Mid,0,Master,0
8896,Data Scientist,Startup,Healthcare,USA,Onsite,Senior,6,Bachelor,0
8897,Data Scientist,MNC,Technology,Singapore,Hybrid,Senior,1,PhD,1
8898,Data Engineer,Startup,Healthcare,Germany,Hybrid,Senior,12,Bachelor,1
8899,Data Analyst,MNC,Education,USA,Hybrid,Senior,7,PhD,0
8900,Business Analyst,Startup,Retail,USA,Remote,Senior,14,Master,1
8901,Data Analyst,Medium,Technology,UK,Onsite,Senior,11,Master,1
8902,Business Analyst,Enterprise,Finance,USA,Remote,Entry,3,Master,0
8903,AI Engineer,Enterprise,E-commerce,USA,Onsite,Entry,5,Bachelor,0
8904,Data Engineer,Enterprise,Retail,Australia,Hybrid,Mid,5,Master,1
8905,Business Analyst,Medium,Retail,Australia,Hybrid,Senior,8,PhD,1
8906,Business Analyst,MNC,Healthcare,Germany,Onsite,Mid,7,Bachelor,1
8907,Data Scientist,MNC,Healthcare,India,Remote,Entry,2,Master,0
8908,Machine Learning Engineer,Enterprise,Education,Singapore,Hybrid,Mid,14,PhD,0
8909,Business Analyst,Startup,Technology,Canada,Hybrid,Senior,8,Bachelor,0
8910,Data Analyst,Enterprise,Finance,Singapore,Onsite,Senior,12,Master,0
8911,Business Analyst,Startup,E-commerce,Singapore,Hybrid,Senior,0,PhD,0
8912,Machine Learning Engineer,Startup,Technology,Australia,Onsite,Mid,9,Master,1
8913,Data Engineer,Enterprise,Finance,USA,Remote,Mid,9,Master,0
8914,Data Engineer,Enterprise,Healthcare,UK,Onsite,Senior,1,PhD,0
8915,Data Scientist,Enterprise,Retail,Australia,Hybrid,Entry,3,Master,0
8916,AI Engineer,MNC,Education,Australia,Remote,Senior,6,Bachelor,0
8917,Machine Learning Engineer,MNC,Healthcare,Australia,Remote,Entry,3,Bachelor,1
8918,Data Scientist,MNC,Education,Canada,Hybrid,Mid,1,PhD,1
8919,Data Scientist,Enterprise,Technology,Canada,Remote,Mid,8,PhD,0
8920,AI Engineer,Enterprise,E-commerce,India,Remote,Senior,8,Bachelor,1
8921,Business Analyst,MNC,Retail,Canada,Remote,Entry,4,Bachelor,0
8922,Data Engineer,Enterprise,Technology,Australia,Remote,Entry,2,Master,0
8923,Machine Learning Engineer,MNC,Technology,Germany,Hybrid,Mid,8,Bachelor,0
8924,Data Engineer,MNC,Education,UK,Hybrid,Mid,6,Bachelor,1
8925,Data Engineer,MNC,Technology,Canada,Remote,Mid,1,Master,0
8926,Data Scientist,MNC,Finance,Australia,Onsite,Mid,0,Master,1
8927,Data Analyst,Enterprise,Retail,Singapore,Remote,Entry,7,Bachelor,1
8928,Data Analyst,Startup,E-commerce,Germany,Onsite,Senior,8,PhD,0
8929,Machine Learning Engineer,Startup,Finance,India,Hybrid,Senior,2,PhD,0
8930,Machine Learning Engineer,Enterprise,Education,UK,Onsite,Entry,0,PhD,0
8931,Machine Learning Engineer,Startup,E-commerce,Canada,Onsite,Mid,10,Master,0
8932,Data Scientist,Enterprise,E-commerce,Germany,Hybrid,Mid,11,PhD,0
8933,Machine Learning Engineer,Enterprise,Education,Germany,Onsite,Entry,14,Master,0
8934,Data Analyst,Enterprise,E-commerce,Singapore,Hybrid,Entry,12,Master,1
8935,Business Analyst,Enterprise,Retail,Germany,Remote,Mid,6,PhD,1
8936,Data Analyst,MNC,Finance,Germany,Onsite,Mid,8,PhD,1
8937,Data Analyst,Startup,Education,Australia,Remote,Mid,12,Master,0
8938,Data Scientist,Medium,E-commerce,UK,Remote,Senior,4,Bachelor,1
8939,Machine Learning Engineer,Medium,Finance,Canada,Onsite,Mid,6,Master,0
8940,AI Engineer,Enterprise,Technology,Germany,Hybrid,Senior,1,Bachelor,0
8941,Data Engineer,Startup,Education,Australia,Hybrid,Entry,5,Bachelor,1
8942,AI Engineer,MNC,Healthcare,USA,Onsite,Mid,6,PhD,0
8943,Data Scientist,Medium,Retail,Singapore,Onsite,Entry,3,Master,1
8944,Business Analyst,Medium,Finance,UK,Onsite,Entry,8,PhD,0
8945,Data Scientist,MNC,Education,Germany,Onsite,Mid,10,Master,0
8946,Data Engineer,MNC,Healthcare,Canada,Hybrid,Senior,6,PhD,1
8947,Data Analyst,MNC,E-commerce,UK,Hybrid,Mid,13,Master,1
8948,AI Engineer,Medium,Healthcare,UK,Hybrid,Mid,2,Bachelor,0
8949,Data Scientist,MNC,E-commerce,India,Onsite,Senior,1,Bachelor,1
8950,Data Scientist,MNC,Retail,UK,Onsite,Entry,14,PhD,0
8951,Machine Learning Engineer,Medium,Retail,Canada,Hybrid,Entry,1,Bachelor,1
8952,Data Scientist,MNC,E-commerce,USA,Hybrid,Senior,10,Master,0
8953,Data Engineer,Startup,Technology,Canada,Remote,Mid,9,Master,1
8954,AI Engineer,Startup,Retail,USA,Hybrid,Senior,3,Bachelor,0
8955,Data Analyst,Startup,Retail,Singapore,Remote,Mid,6,Master,0
8956,Machine Learning Engineer,Enterprise,Technology,UK,Remote,Mid,7,Bachelor,1
8957,Machine Learning Engineer,Enterprise,Retail,Australia,Onsite,Entry,10,PhD,1
8958,Data Engineer,MNC,Healthcare,USA,Onsite,Mid,8,PhD,1
8959,Business Analyst,MNC,Finance,Australia,Hybrid,Senior,5,PhD,0
8960,Business Analyst,Medium,Technology,Australia,Onsite,Mid,11,Bachelor,1
8961,Business Analyst,MNC,Retail,USA,Hybrid,Entry,10,Bachelor,0
8962,Business Analyst,Medium,Technology,USA,Onsite,Mid,9,Master,1
8963,Data Engineer,Enterprise,Technology,Canada,Remote,Senior,13,PhD,0
8964,Data Analyst,Medium,Retail,Singapore,Hybrid,Mid,5,Master,1
8965,Data Engineer,Enterprise,Healthcare,UK,Remote,Senior,3,Master,1
8966,Data Scientist,MNC,Healthcare,USA,Hybrid,Senior,4,PhD,1
8967,Data Engineer,Enterprise,E-commerce,UK,Remote,Senior,3,Master,1
8968,Data Analyst,MNC,Education,Singapore,Remote,Entry,9,Master,0
8969,AI Engineer,MNC,Technology,UK,Hybrid,Senior,12,Master,0
8970,AI Engineer,Medium,Technology,USA,Remote,Mid,8,Bachelor,1
8971,Data Engineer,MNC,Education,UK,Remote,Senior,12,PhD,0
8972,Data Analyst,Startup,Education,Singapore,Hybrid,Mid,12,Bachelor,1
8973,Data Scientist,Medium,Healthcare,Australia,Hybrid,Entry,2,Bachelor,1
8974,Data Scientist,Medium,Retail,Canada,Onsite,Senior,10,Bachelor,1
8975,Data Analyst,Enterprise,Retail,Germany,Hybrid,Senior,8,PhD,1
8976,Data Scientist,Enterprise,E-commerce,India,Hybrid,Mid,0,Bachelor,0
8977,Data Engineer,Startup,E-commerce,Germany,Remote,Mid,6,Master,0
8978,Business Analyst,Medium,Retail,USA,Remote,Entry,9,Bachelor,0
8979,Machine Learning Engineer,Startup,Education,USA,Remote,Entry,2,PhD,0
8980,Machine Learning Engineer,Startup,Retail,USA,Onsite,Senior,0,PhD,1
8981,Data Scientist,Medium,E-commerce,India,Remote,Senior,3,Bachelor,0
8982,Data Engineer,Enterprise,Finance,Singapore,Hybrid,Entry,5,Master,1
8983,AI Engineer,Startup,E-commerce,Canada,Hybrid,Mid,8,PhD,1
8984,Data Analyst,Startup,Education,Australia,Hybrid,Entry,2,Master,0
8985,Business Analyst,Medium,Technology,USA,Hybrid,Entry,3,PhD,1
8986,Data Analyst,Enterprise,Technology,Canada,Remote,Entry,2,PhD,1
8987,Machine Learning Engineer,Startup,Technology,USA,Onsite,Mid,3,Bachelor,0
8988,AI Engineer,Enterprise,Technology,India,Remote,Entry,9,Bachelor,0
8989,Data Scientist,Enterprise,Retail,USA,Onsite,Mid,3,Master,0
8990,Data Scientist,Startup,Healthcare,Singapore,Remote,Senior,8,Master,0
8991,Machine Learning Engineer,Enterprise,Healthcare,Australia,Hybrid,Entry,10,PhD,1
8992,AI Engineer,Medium,Finance,Australia,Onsite,Senior,3,PhD,0
8993,Data Analyst,Enterprise,Education,India,Onsite,Entry,6,PhD,1
8994,Machine Learning Engineer,MNC,Education,USA,Remote,Entry,7,Master,0
8995,Machine Learning Engineer,Startup,Healthcare,UK,Hybrid,Entry,9,Master,1
8996,Machine Learning Engineer,Enterprise,Technology,India,Hybrid,Entry,9,PhD,0
8997,Data Scientist,Medium,Education,Canada,Hybrid,Mid,12,PhD,0
8998,Machine Learning Engineer,Startup,Retail,USA,Remote,Mid,5,Bachelor,0
8999,Data Engineer,Medium,Retail,Canada,Onsite,Entry,4,PhD,1
9000,Machine Learning Engineer,Medium,Technology,USA,Remote,Entry,14,Master,1
9001,Data Analyst,Startup,Retail,India,Remote,Senior,6,PhD,1
9002,Data Scientist,Medium,Finance,USA,Remote,Senior,3,PhD,1
9003,Data Scientist,Enterprise,Technology,USA,Onsite,Mid,3,Master,1
9004,Machine Learning Engineer,Enterprise,Technology,Canada,Onsite,Senior,9,Master,1
9005,Business Analyst,MNC,Retail,UK,Remote,Entry,3,Master,1
9006,Data Scientist,Enterprise,Healthcare,India,Onsite,Mid,9,PhD,0
9007,Business Analyst,Enterprise,Education,USA,Hybrid,Senior,11,PhD,0
9008,Data Scientist,Enterprise,Education,Germany,Hybrid,Senior,1,PhD,1
9009,Data Scientist,Enterprise,E-commerce,Australia,Onsite,Mid,9,Master,1
9010,Data Engineer,Medium,Technology,India,Onsite,Entry,10,Bachelor,1
9011,Data Engineer,Enterprise,Healthcare,UK,Hybrid,Senior,10,Bachelor,1
9012,Machine Learning Engineer,Enterprise,Technology,Germany,Onsite,Senior,5,PhD,0
9013,Data Engineer,Startup,Technology,UK,Remote,Senior,12,Master,0
9014,Data Scientist,Startup,E-commerce,India,Remote,Senior,14,PhD,1
9015,Data Analyst,Enterprise,Education,Canada,Remote,Entry,1,Bachelor,0
9016,Machine Learning Engineer,Enterprise,Retail,India,Remote,Senior,1,Bachelor,1
9017,Data Scientist,MNC,Finance,Canada,Hybrid,Entry,4,PhD,1
9018,Business Analyst,MNC,E-commerce,Germany,Remote,Entry,9,Bachelor,1
9019,AI Engineer,Enterprise,E-commerce,India,Hybrid,Senior,11,PhD,1
9020,Business Analyst,Medium,Finance,Singapore,Remote,Mid,11,Master,0
9021,Machine Learning Engineer,Startup,Healthcare,USA,Hybrid,Entry,7,Master,1
9022,Data Analyst,Enterprise,Healthcare,Germany,Onsite,Mid,13,PhD,1
9023,Data Scientist,Enterprise,E-commerce,UK,Remote,Senior,10,Bachelor,0
9024,Machine Learning Engineer,Medium,Finance,Canada,Remote,Senior,13,Bachelor,0
9025,Data Engineer,Medium,Retail,Singapore,Remote,Entry,5,Master,0
9026,Business Analyst,Enterprise,Retail,Singapore,Onsite,Entry,9,Bachelor,0
9027,Data Analyst,Startup,E-commerce,Germany,Hybrid,Entry,10,Master,0
9028,Data Scientist,Enterprise,Finance,Australia,Remote,Mid,8,Master,1
9029,AI Engineer,Startup,Healthcare,UK,Onsite,Senior,8,Master,0
9030,Data Analyst,MNC,Finance,UK,Remote,Entry,6,Master,1
9031,Machine Learning Engineer,Startup,Healthcare,USA,Hybrid,Entry,7,Bachelor,1
9032,Data Scientist,Medium,Technology,India,Hybrid,Mid,10,Bachelor,0
9033,Data Scientist,Medium,E-commerce,Australia,Onsite,Senior,9,Bachelor,0
9034,Data Scientist,Enterprise,Education,UK,Hybrid,Senior,13,PhD,0
9035,Data Analyst,Enterprise,Retail,Singapore,Remote,Mid,10,PhD,0
9036,Data Engineer,Enterprise,Finance,Singapore,Remote,Entry,10,Master,1
9037,AI Engineer,Enterprise,E-commerce,UK,Remote,Senior,13,Master,1
9038,Business Analyst,Startup,Finance,USA,Remote,Entry,3,Master,0
9039,Business Analyst,Medium,Finance,Germany,Remote,Mid,13,Bachelor,0
9040,AI Engineer,MNC,Finance,Canada,Onsite,Senior,13,Bachelor,1
9041,Machine Learning Engineer,MNC,E-commerce,Singapore,Onsite,Mid,13,Bachelor,0
9042,AI Engineer,MNC,Retail,India,Remote,Mid,14,PhD,1
9043,Machine Learning Engineer,Enterprise,Education,Singapore,Hybrid,Senior,4,PhD,1
9044,Machine Learning Engineer,Startup,Healthcare,India,Remote,Entry,5,Bachelor,0
9045,Machine Learning Engineer,Startup,Education,USA,Remote,Mid,5,Bachelor,1
9046,Data Analyst,Startup,Retail,Australia,Remote,Entry,5,Bachelor,1
9047,AI Engineer,MNC,E-commerce,India,Hybrid,Mid,13,Master,1
9048,Business Analyst,Medium,E-commerce,Germany,Hybrid,Mid,7,PhD,1
9049,Data Scientist,Enterprise,Finance,USA,Hybrid,Mid,2,Bachelor,1
9050,AI Engineer,MNC,Retail,India,Hybrid,Mid,11,Bachelor,1
9051,Data Analyst,Enterprise,Healthcare,Germany,Remote,Mid,10,Master,1
9052,Business Analyst,Medium,E-commerce,Germany,Hybrid,Mid,9,Bachelor,0
9053,Data Analyst,Enterprise,E-commerce,USA,Remote,Mid,10,PhD,0
9054,Data Scientist,Medium,E-commerce,Singapore,Remote,Entry,12,Bachelor,0
9055,Data Scientist,MNC,Healthcare,Canada,Hybrid,Mid,10,PhD,0
9056,Data Scientist,Startup,Technology,Singapore,Remote,Entry,1,Bachelor,1
9057,Business Analyst,Startup,Retail,Germany,Onsite,Entry,8,Master,0
9058,Data Analyst,Startup,Retail,Canada,Hybrid,Entry,10,PhD,0
9059,Machine Learning Engineer,Enterprise,Healthcare,Germany,Remote,Entry,13,Master,0
9060,Data Scientist,Startup,Retail,USA,Remote,Mid,3,Bachelor,0
9061,Business Analyst,MNC,E-commerce,Singapore,Hybrid,Mid,5,Bachelor,0
9062,Business Analyst,Enterprise,Education,Canada,Hybrid,Entry,6,Master,1
9063,AI Engineer,MNC,Healthcare,Germany,Remote,Mid,0,PhD,1
9064,Machine Learning Engineer,Medium,Finance,India,Remote,Mid,2,Bachelor,1
9065,Business Analyst,Enterprise,Technology,Singapore,Onsite,Senior,4,Bachelor,1
9066,Data Engineer,Startup,Retail,Australia,Remote,Senior,13,Bachelor,1
9067,Business Analyst,MNC,Retail,Canada,Onsite,Mid,13,Master,0
9068,Data Engineer,MNC,E-commerce,Singapore,Onsite,Entry,10,Bachelor,0
9069,AI Engineer,Startup,Technology,Singapore,Remote,Entry,13,PhD,0
9070,Data Engineer,Medium,Healthcare,UK,Hybrid,Mid,11,PhD,0
9071,Data Analyst,Enterprise,Healthcare,Germany,Onsite,Mid,0,PhD,0
9072,Data Scientist,Enterprise,E-commerce,UK,Hybrid,Mid,14,Bachelor,1
9073,Business Analyst,MNC,Education,Singapore,Remote,Entry,13,Bachelor,0
9074,AI Engineer,Startup,Technology,UK,Onsite,Entry,4,PhD,0
9075,Data Analyst,Medium,Education,Singapore,Hybrid,Mid,10,Bachelor,0
9076,Business Analyst,MNC,Finance,Canada,Hybrid,Mid,7,PhD,1
9077,Data Scientist,Startup,Healthcare,Singapore,Onsite,Entry,11,PhD,0
9078,Business Analyst,Medium,Healthcare,Australia,Remote,Entry,2,Master,1
9079,Data Scientist,MNC,Technology,USA,Hybrid,Mid,6,PhD,0
9080,AI Engineer,MNC,Education,Singapore,Onsite,Entry,12,Master,0
9081,Data Engineer,Startup,Finance,USA,Onsite,Senior,12,Bachelor,1
9082,Business Analyst,Startup,Healthcare,Germany,Onsite,Mid,5,Master,0
9083,Machine Learning Engineer,Startup,Finance,Canada,Remote,Senior,3,Bachelor,0
9084,Machine Learning Engineer,Startup,E-commerce,UK,Remote,Mid,6,Master,1
9085,Data Engineer,MNC,Finance,Canada,Onsite,Entry,9,Bachelor,0
9086,Business Analyst,Startup,Finance,Australia,Remote,Mid,7,Master,0
9087,Data Scientist,Enterprise,Healthcare,Canada,Hybrid,Senior,9,Master,0
9088,Machine Learning Engineer,Medium,Education,India,Remote,Entry,14,Bachelor,0
9089,Data Analyst,Enterprise,E-commerce,Australia,Onsite,Senior,14,Master,1
9090,Machine Learning Engineer,MNC,Healthcare,Germany,Hybrid,Entry,8,Bachelor,0
9091,Machine Learning Engineer,MNC,Technology,USA,Onsite,Entry,11,PhD,1
9092,Machine Learning Engineer,Enterprise,Finance,UK,Remote,Entry,6,Master,1
9093,Machine Learning Engineer,Enterprise,Technology,India,Onsite,Entry,13,Master,1
9094,Data Analyst,Medium,Technology,Germany,Remote,Entry,11,Master,0
9095,Machine Learning Engineer,Enterprise,Finance,Canada,Remote,Mid,14,PhD,0
9096,Machine Learning Engineer,Medium,Technology,Germany,Onsite,Mid,2,Master,1
9097,Business Analyst,MNC,Finance,Singapore,Onsite,Entry,2,PhD,0
9098,Data Analyst,Enterprise,Education,UK,Remote,Entry,9,Bachelor,0
9099,Data Analyst,Startup,E-commerce,UK,Remote,Senior,3,PhD,1
9100,Data Engineer,Enterprise,Healthcare,UK,Onsite,Senior,1,Bachelor,0
9101,Business Analyst,MNC,Finance,India,Hybrid,Senior,12,Master,1
9102,Data Scientist,Startup,Education,USA,Remote,Senior,9,Master,0
9103,Data Analyst,MNC,E-commerce,USA,Hybrid,Mid,8,Bachelor,1
9104,Data Analyst,Startup,Retail,Australia,Onsite,Mid,1,Master,0
9105,Machine Learning Engineer,Startup,Technology,Canada,Hybrid,Entry,11,Master,0
9106,Machine Learning Engineer,Enterprise,Healthcare,Germany,Remote,Entry,14,PhD,1
9107,Business Analyst,MNC,Technology,UK,Remote,Entry,1,Master,0
9108,Data Scientist,Startup,Education,UK,Remote,Mid,8,Master,0
9109,Machine Learning Engineer,Enterprise,Education,India,Hybrid,Senior,12,Bachelor,0
9110,Data Scientist,Startup,Retail,Australia,Hybrid,Mid,10,Bachelor,0
9111,AI Engineer,Medium,Technology,India,Onsite,Mid,0,Master,1
9112,Machine Learning Engineer,Medium,Education,India,Hybrid,Mid,12,PhD,1
9113,Data Engineer,Startup,Finance,Germany,Remote,Senior,3,Bachelor,1
9114,Business Analyst,Enterprise,Finance,Singapore,Hybrid,Entry,4,Master,0
9115,Business Analyst,MNC,Retail,India,Hybrid,Mid,11,Master,1
9116,AI Engineer,MNC,Education,Canada,Hybrid,Entry,1,Master,0
9117,Data Analyst,MNC,E-commerce,USA,Hybrid,Mid,4,PhD,1
9118,AI Engineer,Medium,E-commerce,Singapore,Remote,Mid,4,Master,0
9119,Data Analyst,Enterprise,E-commerce,Canada,Remote,Mid,12,Bachelor,0
9120,Data Engineer,Medium,Healthcare,UK,Remote,Entry,2,PhD,1
9121,Data Analyst,Medium,Retail,Singapore,Onsite,Mid,9,PhD,1
9122,AI Engineer,Enterprise,Healthcare,Germany,Hybrid,Entry,3,Master,0
9123,Data Analyst,Enterprise,Retail,Australia,Hybrid,Entry,5,Master,0
9124,Business Analyst,Medium,Retail,India,Onsite,Mid,11,Master,1
9125,Data Analyst,Medium,Retail,Germany,Hybrid,Entry,6,PhD,0
9126,Data Engineer,Medium,Retail,USA,Onsite,Mid,13,PhD,0
9127,Machine Learning Engineer,Medium,E-commerce,India,Remote,Mid,0,Bachelor,0
9128,Business Analyst,Enterprise,Technology,Australia,Remote,Entry,7,Bachelor,1
9129,Data Engineer,MNC,Technology,Australia,Remote,Entry,9,Bachelor,1
9130,Data Engineer,Medium,E-commerce,USA,Hybrid,Mid,12,Master,0
9131,Data Engineer,MNC,Finance,Australia,Hybrid,Mid,7,Master,0
9132,Data Scientist,Medium,Finance,India,Remote,Mid,5,Bachelor,1
9133,Business Analyst,Startup,E-commerce,Germany,Onsite,Entry,9,Master,0
9134,Data Analyst,Startup,Retail,USA,Remote,Senior,6,PhD,1
9135,Business Analyst,MNC,Education,Germany,Onsite,Senior,8,Master,0
9136,Data Analyst,MNC,Finance,India,Onsite,Entry,5,Master,0
9137,AI Engineer,Startup,Technology,Canada,Hybrid,Mid,14,Master,0
9138,Business Analyst,Medium,Education,Germany,Onsite,Entry,0,PhD,0
9139,AI Engineer,Enterprise,Healthcare,Singapore,Remote,Entry,12,Master,1
9140,Machine Learning Engineer,Enterprise,Healthcare,USA,Hybrid,Entry,0,Master,1
9141,Data Analyst,MNC,Finance,India,Onsite,Senior,8,PhD,0
9142,Data Engineer,Medium,E-commerce,Germany,Remote,Mid,12,Bachelor,1
9143,Data Scientist,Medium,Finance,Germany,Remote,Senior,8,Master,0
9144,AI Engineer,Startup,Education,Germany,Hybrid,Entry,9,PhD,1
9145,Data Scientist,Enterprise,Retail,USA,Onsite,Entry,3,Bachelor,0
9146,Business Analyst,Enterprise,E-commerce,Australia,Hybrid,Senior,2,PhD,1
9147,Business Analyst,Enterprise,E-commerce,UK,Hybrid,Senior,2,Bachelor,1
9148,Data Scientist,Enterprise,E-commerce,Canada,Hybrid,Entry,12,PhD,0
9149,Data Scientist,Startup,E-commerce,USA,Onsite,Entry,5,Bachelor,0
9150,Business Analyst,MNC,Retail,USA,Onsite,Entry,8,Master,0
9151,Business Analyst,Startup,Retail,Canada,Hybrid,Entry,2,Bachelor,1
9152,Business Analyst,Medium,Technology,Australia,Hybrid,Senior,2,Bachelor,1
9153,Data Scientist,Enterprise,Technology,UK,Onsite,Mid,14,Bachelor,0
9154,Data Analyst,Startup,Healthcare,USA,Remote,Senior,0,PhD,0
9155,AI Engineer,Enterprise,Healthcare,Germany,Remote,Entry,13,Bachelor,0
9156,Business Analyst,MNC,E-commerce,India,Remote,Mid,8,Bachelor,1
9157,Data Analyst,Startup,Finance,Singapore,Onsite,Entry,5,Master,0
9158,Business Analyst,Enterprise,Retail,UK,Remote,Senior,14,Master,1
9159,Data Scientist,Startup,Healthcare,USA,Onsite,Entry,6,Master,0
9160,AI Engineer,Medium,Healthcare,UK,Hybrid,Mid,10,Master,1
9161,Data Engineer,Startup,Retail,India,Remote,Entry,5,PhD,1
9162,AI Engineer,Medium,Technology,USA,Hybrid,Entry,5,Master,0
9163,Business Analyst,Startup,Technology,USA,Hybrid,Senior,13,Bachelor,0
9164,AI Engineer,Startup,Education,Germany,Hybrid,Senior,12,Master,1
9165,Data Scientist,MNC,E-commerce,India,Remote,Senior,14,PhD,0
9166,Business Analyst,Medium,Finance,India,Onsite,Mid,10,PhD,1
9167,Data Scientist,MNC,Retail,Germany,Hybrid,Mid,9,Master,0
9168,Data Engineer,MNC,Healthcare,Germany,Hybrid,Entry,10,Bachelor,0
9169,Data Engineer,MNC,Retail,UK,Onsite,Senior,9,Bachelor,1
9170,Business Analyst,Startup,Retail,UK,Onsite,Senior,0,Master,0
9171,Data Analyst,Medium,Finance,Australia,Onsite,Entry,6,Master,0
9172,AI Engineer,Startup,Technology,USA,Remote,Entry,2,PhD,1
9173,Data Analyst,Startup,Retail,Germany,Remote,Entry,13,PhD,0
9174,Data Scientist,Enterprise,Finance,Germany,Remote,Mid,5,PhD,0
9175,Data Scientist,Medium,Finance,Australia,Hybrid,Mid,12,Master,1
9176,Business Analyst,Enterprise,Finance,Australia,Remote,Senior,5,Master,1
9177,Data Engineer,Enterprise,Healthcare,UK,Onsite,Entry,12,Bachelor,1
9178,AI Engineer,MNC,Technology,UK,Onsite,Senior,14,Bachelor,0
9179,Business Analyst,MNC,Education,Canada,Onsite,Senior,11,PhD,0
9180,Data Analyst,MNC,E-commerce,Australia,Remote,Mid,9,Master,0
9181,AI Engineer,MNC,E-commerce,Australia,Remote,Entry,1,Bachelor,1
9182,Machine Learning Engineer,Medium,Education,Singapore,Hybrid,Mid,0,Master,1
9183,Data Engineer,Startup,Finance,USA,Onsite,Senior,14,Bachelor,1
9184,AI Engineer,MNC,Technology,Canada,Onsite,Entry,11,PhD,0
9185,Business Analyst,Medium,Healthcare,Germany,Onsite,Mid,7,PhD,1
9186,Machine Learning Engineer,Startup,Education,USA,Onsite,Senior,11,Bachelor,1
9187,Machine Learning Engineer,Startup,Retail,Australia,Remote,Entry,2,Bachelor,0
9188,Data Scientist,Enterprise,Technology,UK,Onsite,Senior,2,Bachelor,1
9189,Data Analyst,Medium,E-commerce,Singapore,Remote,Mid,12,Bachelor,0
9190,AI Engineer,Startup,Retail,Canada,Hybrid,Entry,7,Bachelor,1
9191,Data Scientist,Medium,Education,Canada,Remote,Entry,13,PhD,0
9192,Data Analyst,Startup,Education,Germany,Remote,Mid,6,Bachelor,1
9193,AI Engineer,Startup,Retail,Australia,Hybrid,Senior,1,Bachelor,0
9194,Business Analyst,Enterprise,Education,Canada,Remote,Mid,9,Bachelor,0
9195,Data Analyst,Startup,Finance,UK,Onsite,Entry,8,Master,0
9196,Data Scientist,Enterprise,E-commerce,USA,Hybrid,Senior,6,Bachelor,1
9197,Business Analyst,MNC,Education,Australia,Remote,Mid,6,PhD,0
9198,Machine Learning Engineer,MNC,Finance,Singapore,Remote,Senior,8,PhD,0
9199,AI Engineer,Medium,Education,Canada,Remote,Senior,6,Bachelor,1
9200,Data Engineer,MNC,E-commerce,USA,Remote,Mid,12,Master,0
9201,Machine Learning Engineer,MNC,Education,UK,Onsite,Entry,14,Bachelor,1
9202,Business Analyst,Enterprise,Technology,USA,Hybrid,Entry,14,Bachelor,1
9203,Data Scientist,Enterprise,Retail,Singapore,Remote,Mid,12,Bachelor,0
9204,Business Analyst,Startup,Technology,USA,Hybrid,Entry,5,Bachelor,1
9205,Data Analyst,Enterprise,Healthcare,India,Hybrid,Entry,2,Bachelor,1
9206,Business Analyst,Medium,Education,Canada,Onsite,Senior,13,Master,1
9207,Data Scientist,MNC,E-commerce,Canada,Onsite,Senior,7,PhD,0
9208,Data Engineer,Medium,E-commerce,Australia,Remote,Entry,9,Bachelor,1
9209,Data Analyst,Startup,Finance,Singapore,Onsite,Mid,9,Bachelor,0
9210,Data Engineer,MNC,Education,Germany,Remote,Entry,5,PhD,1
9211,Data Engineer,Startup,Healthcare,Germany,Remote,Mid,10,Bachelor,1
9212,AI Engineer,MNC,Healthcare,USA,Hybrid,Senior,10,Bachelor,1
9213,Machine Learning Engineer,MNC,Finance,Singapore,Remote,Entry,0,PhD,1
9214,Data Engineer,MNC,Finance,India,Remote,Senior,3,Bachelor,0
9215,Machine Learning Engineer,Medium,Education,Australia,Hybrid,Entry,5,Master,1
9216,Data Scientist,Medium,Finance,India,Remote,Mid,10,PhD,1
9217,Machine Learning Engineer,Startup,Retail,Canada,Hybrid,Mid,10,Master,0
9218,Business Analyst,Startup,Finance,Canada,Remote,Senior,1,Bachelor,0
9219,Data Engineer,Enterprise,Healthcare,Australia,Onsite,Senior,6,Master,0
9220,Data Engineer,Medium,Healthcare,USA,Hybrid,Entry,2,Bachelor,1
9221,Business Analyst,Enterprise,Education,UK,Hybrid,Entry,3,Bachelor,1
9222,Data Analyst,Startup,Finance,Germany,Hybrid,Senior,0,PhD,0
9223,Data Analyst,Medium,Healthcare,UK,Hybrid,Entry,2,PhD,0
9224,Data Engineer,Medium,Education,UK,Remote,Entry,7,PhD,1
9225,AI Engineer,Enterprise,Retail,USA,Onsite,Entry,9,Bachelor,0
9226,AI Engineer,MNC,Finance,Germany,Hybrid,Senior,14,PhD,1
9227,Data Analyst,Medium,E-commerce,UK,Onsite,Senior,14,Master,1
9228,Data Scientist,MNC,E-commerce,Singapore,Remote,Entry,12,PhD,1
9229,AI Engineer,MNC,E-commerce,Australia,Remote,Entry,1,Master,1
9230,AI Engineer,Enterprise,Education,Singapore,Onsite,Senior,12,Bachelor,0
9231,Data Scientist,Startup,E-commerce,Canada,Remote,Senior,3,PhD,0
9232,Data Analyst,Enterprise,E-commerce,Canada,Onsite,Entry,4,Bachelor,1
9233,Data Analyst,Medium,E-commerce,Canada,Remote,Entry,0,PhD,1
9234,Machine Learning Engineer,Enterprise,Technology,UK,Onsite,Mid,3,PhD,0
9235,Data Scientist,Startup,Technology,Canada,Onsite,Senior,9,Bachelor,0
9236,Machine Learning Engineer,Enterprise,E-commerce,UK,Remote,Senior,8,Master,1
9237,Data Engineer,Enterprise,E-commerce,UK,Hybrid,Mid,7,Bachelor,0
9238,Data Analyst,Enterprise,E-commerce,Singapore,Hybrid,Mid,14,Bachelor,1
9239,Machine Learning Engineer,Enterprise,Education,Canada,Remote,Mid,5,PhD,1
9240,Data Engineer,Startup,Retail,Germany,Onsite,Senior,4,Master,0
9241,Data Analyst,MNC,Education,UK,Remote,Mid,7,Bachelor,0
9242,Machine Learning Engineer,MNC,Finance,Australia,Hybrid,Mid,3,Bachelor,0
9243,Data Scientist,Enterprise,Healthcare,UK,Onsite,Entry,9,Bachelor,0
9244,Data Scientist,MNC,Retail,Germany,Onsite,Entry,11,Bachelor,0
9245,Machine Learning Engineer,Startup,Retail,UK,Remote,Mid,5,Bachelor,0
9246,Data Scientist,Enterprise,Healthcare,USA,Remote,Entry,9,Bachelor,1
9247,Data Analyst,Startup,Technology,UK,Onsite,Mid,4,Bachelor,1
9248,Machine Learning Engineer,Startup,Retail,Germany,Remote,Senior,10,Bachelor,1
9249,AI Engineer,Startup,Finance,Singapore,Hybrid,Entry,11,Master,1
9250,Data Scientist,Startup,Technology,Canada,Hybrid,Entry,2,Bachelor,1
9251,AI Engineer,MNC,Technology,UK,Hybrid,Entry,2,Bachelor,0
9252,Data Analyst,Medium,Finance,India,Remote,Entry,9,PhD,1
9253,AI Engineer,Enterprise,Technology,USA,Remote,Mid,10,Bachelor,0
9254,Business Analyst,MNC,Education,Canada,Remote,Senior,13,PhD,1
9255,AI Engineer,MNC,E-commerce,USA,Hybrid,Mid,2,PhD,0
9256,Data Scientist,Medium,Technology,Singapore,Remote,Entry,14,Bachelor,1
9257,Business Analyst,Startup,Retail,India,Onsite,Entry,4,Bachelor,0
9258,Data Analyst,Enterprise,E-commerce,Singapore,Remote,Senior,7,PhD,1
9259,Data Analyst,Startup,Retail,USA,Onsite,Senior,10,Bachelor,0
9260,Machine Learning Engineer,MNC,Finance,Singapore,Hybrid,Senior,5,Master,1
9261,Machine Learning Engineer,Medium,E-commerce,UK,Hybrid,Mid,9,Master,1
9262,Machine Learning Engineer,Enterprise,E-commerce,India,Remote,Senior,6,Master,0
9263,Machine Learning Engineer,Enterprise,E-commerce,Canada,Onsite,Entry,0,Bachelor,0
9264,Data Scientist,Medium,Retail,Singapore,Hybrid,Mid,0,Bachelor,1
9265,AI Engineer,Enterprise,E-commerce,USA,Remote,Entry,0,Bachelor,1
9266,AI Engineer,Medium,Finance,Australia,Remote,Mid,2,Master,1
9267,Data Analyst,Enterprise,Finance,UK,Hybrid,Senior,11,Bachelor,1
9268,Machine Learning Engineer,Startup,Finance,Canada,Remote,Entry,0,Bachelor,0
9269,Data Analyst,MNC,E-commerce,UK,Onsite,Mid,7,Bachelor,0
9270,Machine Learning Engineer,Enterprise,Education,India,Remote,Mid,1,Bachelor,0
9271,Data Analyst,Startup,Retail,UK,Onsite,Entry,8,PhD,0
9272,Data Scientist,Medium,E-commerce,Australia,Hybrid,Mid,7,Master,1
9273,AI Engineer,Medium,Technology,Australia,Onsite,Mid,9,PhD,0
9274,AI Engineer,MNC,Retail,USA,Remote,Entry,1,Bachelor,1
9275,Business Analyst,Startup,Healthcare,Australia,Onsite,Mid,8,Bachelor,1
9276,Data Engineer,MNC,Education,USA,Onsite,Senior,2,PhD,0
9277,AI Engineer,Medium,Technology,USA,Remote,Senior,4,Master,1
9278,AI Engineer,Medium,Finance,Australia,Hybrid,Mid,0,PhD,1
9279,Business Analyst,Enterprise,Healthcare,USA,Remote,Mid,2,PhD,1
9280,AI Engineer,Medium,Finance,Australia,Hybrid,Entry,9,Bachelor,0
9281,Data Scientist,Startup,Finance,USA,Hybrid,Senior,6,Master,1
9282,Data Engineer,Medium,Retail,Australia,Onsite,Entry,14,PhD,0
9283,Machine Learning Engineer,Medium,Technology,India,Remote,Entry,5,Master,1
9284,Data Analyst,Startup,Healthcare,Singapore,Hybrid,Mid,11,PhD,0
9285,AI Engineer,Startup,Education,USA,Hybrid,Entry,9,Master,1
9286,Data Scientist,Enterprise,Education,UK,Remote,Entry,11,Master,0
9287,AI Engineer,Medium,Finance,Germany,Onsite,Entry,6,PhD,1
9288,Business Analyst,Startup,Education,UK,Onsite,Senior,1,PhD,0
9289,AI Engineer,Startup,Education,USA,Onsite,Mid,14,Master,0
9290,Machine Learning Engineer,Startup,Finance,Australia,Hybrid,Senior,13,Master,0
9291,Data Engineer,Startup,Healthcare,Germany,Hybrid,Mid,13,PhD,0
9292,AI Engineer,Medium,Retail,UK,Hybrid,Senior,12,Master,1
9293,AI Engineer,Medium,Healthcare,UK,Onsite,Senior,6,Bachelor,1
9294,Business Analyst,Medium,Healthcare,Canada,Hybrid,Entry,0,PhD,1
9295,Data Analyst,Medium,Education,Australia,Hybrid,Entry,12,Bachelor,1
9296,Machine Learning Engineer,MNC,Finance,UK,Onsite,Entry,9,PhD,1
9297,Machine Learning Engineer,Medium,Retail,Singapore,Onsite,Mid,5,Master,0
9298,Machine Learning Engineer,Startup,Finance,Australia,Remote,Senior,14,Bachelor,1
9299,Machine Learning Engineer,Medium,E-commerce,India,Onsite,Senior,1,Master,1
9300,AI Engineer,Enterprise,Education,Canada,Hybrid,Mid,10,PhD,1
9301,Business Analyst,Startup,Finance,Australia,Remote,Senior,9,Master,0
9302,Data Analyst,Medium,Education,USA,Onsite,Entry,9,Master,0
9303,AI Engineer,MNC,Retail,Germany,Onsite,Senior,11,Bachelor,0
9304,Business Analyst,MNC,Retail,Australia,Onsite,Mid,13,Master,0
9305,Business Analyst,Medium,Finance,UK,Hybrid,Senior,9,PhD,0
9306,Data Scientist,Medium,Technology,Singapore,Remote,Entry,9,Master,1
9307,Machine Learning Engineer,Startup,Retail,India,Remote,Senior,11,PhD,0
9308,Machine Learning Engineer,Medium,Finance,Germany,Hybrid,Entry,0,Master,1
9309,Machine Learning Engineer,Startup,Healthcare,Australia,Remote,Entry,8,Master,1
9310,AI Engineer,Medium,Education,Germany,Remote,Entry,7,Bachelor,1
9311,Machine Learning Engineer,Medium,Healthcare,Canada,Onsite,Mid,1,PhD,1
9312,AI Engineer,Enterprise,Retail,Australia,Remote,Mid,8,PhD,0
9313,Business Analyst,Enterprise,Retail,UK,Hybrid,Senior,1,Master,1
9314,Business Analyst,MNC,Retail,UK,Remote,Senior,14,PhD,1
9315,Data Engineer,Enterprise,Finance,Australia,Remote,Mid,5,Master,0
9316,Machine Learning Engineer,Medium,Finance,Australia,Hybrid,Senior,6,Bachelor,0
9317,Data Analyst,MNC,Education,Germany,Remote,Entry,1,Master,0
9318,Data Engineer,Startup,E-commerce,USA,Onsite,Mid,2,PhD,1
9319,Data Engineer,Medium,Education,USA,Onsite,Senior,11,PhD,1
9320,Data Analyst,Startup,Technology,USA,Remote,Mid,12,PhD,1
9321,Business Analyst,MNC,Education,Germany,Onsite,Senior,13,Bachelor,1
9322,Business Analyst,Medium,Finance,UK,Remote,Senior,8,Bachelor,0
9323,Machine Learning Engineer,Enterprise,Retail,USA,Hybrid,Senior,6,PhD,1
9324,Data Analyst,Startup,Technology,Canada,Remote,Entry,6,PhD,1
9325,Data Engineer,Medium,Retail,UK,Remote,Mid,0,Bachelor,0
9326,Machine Learning Engineer,Startup,Education,Australia,Hybrid,Mid,10,Master,1
9327,Data Analyst,Enterprise,Technology,Australia,Onsite,Senior,9,Master,0
9328,Business Analyst,Startup,Retail,UK,Onsite,Entry,10,Bachelor,1
9329,AI Engineer,Startup,Finance,Australia,Hybrid,Entry,9,Bachelor,0
9330,Business Analyst,Enterprise,Finance,Singapore,Onsite,Entry,0,PhD,0
9331,AI Engineer,Enterprise,Retail,Germany,Hybrid,Senior,9,Bachelor,1
9332,Data Scientist,Startup,Finance,Canada,Hybrid,Senior,6,Bachelor,0
9333,AI Engineer,MNC,Retail,UK,Remote,Senior,9,PhD,1
9334,Machine Learning Engineer,Enterprise,Healthcare,Australia,Remote,Mid,13,PhD,1
9335,AI Engineer,MNC,E-commerce,Singapore,Remote,Mid,4,Bachelor,1
9336,AI Engineer,MNC,Retail,Singapore,Onsite,Senior,0,Master,1
9337,Data Analyst,Startup,Finance,India,Onsite,Entry,6,Bachelor,1
9338,AI Engineer,MNC,Education,Germany,Hybrid,Entry,9,Bachelor,0
9339,Data Engineer,Enterprise,Healthcare,USA,Hybrid,Senior,9,Bachelor,1
9340,Data Analyst,Enterprise,E-commerce,USA,Hybrid,Entry,4,PhD,1
9341,Data Scientist,Startup,Healthcare,India,Remote,Senior,1,PhD,1
9342,Data Scientist,Medium,Technology,Australia,Remote,Mid,3,Bachelor,0
9343,Data Scientist,MNC,Finance,Singapore,Hybrid,Entry,12,Master,0
9344,AI Engineer,Startup,Technology,Australia,Remote,Mid,11,Master,0
9345,Data Engineer,Medium,Healthcare,Canada,Hybrid,Senior,5,PhD,0
9346,AI Engineer,Enterprise,Finance,Australia,Hybrid,Senior,14,Bachelor,0
9347,AI Engineer,Medium,Technology,Singapore,Remote,Mid,8,Master,1
9348,Business Analyst,MNC,Finance,UK,Remote,Entry,11,Bachelor,1
9349,Business Analyst,Medium,Finance,USA,Remote,Senior,13,Master,0
9350,Business Analyst,Medium,Education,Germany,Hybrid,Senior,3,Master,1
9351,Business Analyst,MNC,E-commerce,Singapore,Onsite,Entry,2,PhD,1
9352,Data Analyst,MNC,Finance,Australia,Hybrid,Entry,10,Master,0
9353,Data Scientist,Enterprise,Healthcare,Canada,Hybrid,Senior,4,Bachelor,0
9354,Data Analyst,Enterprise,E-commerce,UK,Onsite,Entry,5,Master,1
9355,Data Scientist,MNC,Finance,USA,Hybrid,Senior,5,Master,1
9356,Business Analyst,Startup,Retail,UK,Onsite,Mid,10,PhD,0
9357,Business Analyst,MNC,Finance,USA,Hybrid,Entry,6,Master,0
9358,Data Scientist,MNC,Education,Singapore,Hybrid,Mid,14,PhD,0
9359,Data Engineer,MNC,Finance,Singapore,Hybrid,Entry,2,Master,1
9360,Data Analyst,Enterprise,Retail,Germany,Onsite,Senior,9,PhD,1
9361,Data Analyst,Medium,Healthcare,Singapore,Onsite,Mid,1,Bachelor,0
9362,Data Scientist,Medium,Healthcare,Australia,Hybrid,Mid,9,PhD,1
9363,Business Analyst,Enterprise,Healthcare,Singapore,Hybrid,Senior,13,Master,0
9364,AI Engineer,Enterprise,Healthcare,Singapore,Hybrid,Senior,14,PhD,0
9365,AI Engineer,Medium,Education,India,Onsite,Senior,13,Master,1
9366,Data Scientist,Startup,Retail,UK,Hybrid,Mid,12,Master,1
9367,Machine Learning Engineer,Medium,Education,UK,Hybrid,Senior,10,Bachelor,1
9368,Data Scientist,Medium,Education,UK,Hybrid,Mid,5,Master,0
9369,Machine Learning Engineer,Medium,Healthcare,UK,Hybrid,Senior,0,PhD,1
9370,Machine Learning Engineer,MNC,Technology,India,Onsite,Mid,2,PhD,0
9371,Data Scientist,Enterprise,Education,India,Remote,Senior,4,PhD,1
9372,Business Analyst,MNC,Healthcare,USA,Onsite,Senior,2,PhD,0
9373,Data Analyst,MNC,Finance,Singapore,Hybrid,Entry,4,Master,0
9374,Data Engineer,Medium,Healthcare,UK,Onsite,Senior,6,Bachelor,0
9375,Machine Learning Engineer,Enterprise,Education,India,Onsite,Mid,3,PhD,1
9376,AI Engineer,MNC,E-commerce,Singapore,Remote,Senior,13,PhD,1
9377,AI Engineer,Medium,Healthcare,USA,Onsite,Entry,10,PhD,1
9378,Business Analyst,Startup,Retail,India,Hybrid,Mid,0,Master,1
9379,Machine Learning Engineer,Startup,Retail,UK,Hybrid,Mid,1,Master,0
9380,Data Scientist,MNC,Education,Germany,Onsite,Senior,2,Bachelor,0
9381,Data Engineer,Medium,Healthcare,Singapore,Hybrid,Mid,13,Master,1
9382,Data Engineer,Medium,E-commerce,Canada,Hybrid,Senior,3,Bachelor,1
9383,AI Engineer,Startup,Healthcare,USA,Hybrid,Entry,9,Bachelor,1
9384,Machine Learning Engineer,Startup,E-commerce,Singapore,Onsite,Senior,6,PhD,1
9385,Data Scientist,MNC,E-commerce,USA,Hybrid,Entry,11,Master,0
9386,Data Engineer,Startup,Education,India,Remote,Entry,14,Master,1
9387,Data Analyst,Medium,Finance,Singapore,Hybrid,Mid,7,Bachelor,1
9388,Data Engineer,Medium,Healthcare,Singapore,Remote,Mid,14,Master,1
9389,Machine Learning Engineer,Enterprise,Finance,Singapore,Onsite,Entry,13,PhD,1
9390,Data Analyst,MNC,Healthcare,UK,Remote,Senior,12,Master,0
9391,Data Analyst,Medium,Retail,Germany,Remote,Entry,6,Master,0
9392,Data Scientist,Startup,Technology,Australia,Onsite,Entry,3,Master,1
9393,Data Engineer,Enterprise,Finance,Singapore,Remote,Entry,1,Bachelor,1
9394,Data Scientist,Medium,Healthcare,Germany,Remote,Senior,14,PhD,0
9395,Machine Learning Engineer,MNC,Technology,Germany,Hybrid,Mid,1,PhD,1
9396,Business Analyst,Enterprise,Education,USA,Remote,Senior,11,PhD,0
9397,Data Analyst,MNC,E-commerce,UK,Remote,Senior,12,PhD,1
9398,AI Engineer,Startup,Finance,India,Hybrid,Mid,3,Bachelor,0
9399,Business Analyst,MNC,Healthcare,USA,Onsite,Senior,2,PhD,1
9400,Business Analyst,Medium,Education,Singapore,Remote,Entry,5,Master,1
9401,AI Engineer,Startup,Retail,Australia,Hybrid,Senior,8,Bachelor,0
9402,Data Analyst,Startup,Technology,Germany,Hybrid,Mid,11,Master,1
9403,Machine Learning Engineer,Medium,Technology,Singapore,Remote,Entry,10,PhD,0
9404,Machine Learning Engineer,Startup,Education,Australia,Hybrid,Entry,6,Bachelor,1
9405,Data Analyst,MNC,Finance,UK,Hybrid,Senior,3,Master,1
9406,Data Scientist,Medium,E-commerce,Canada,Onsite,Mid,14,PhD,0
9407,Business Analyst,Enterprise,Healthcare,UK,Onsite,Entry,7,Bachelor,1
9408,AI Engineer,Enterprise,Retail,USA,Hybrid,Mid,1,Master,0
9409,AI Engineer,MNC,Retail,India,Remote,Senior,8,PhD,0
9410,Data Analyst,Enterprise,E-commerce,India,Remote,Mid,11,PhD,0
9411,Data Scientist,Enterprise,Retail,Canada,Remote,Mid,5,PhD,0
9412,Data Engineer,Startup,Technology,Germany,Remote,Mid,8,PhD,1
9413,Business Analyst,Startup,Finance,Canada,Onsite,Mid,10,PhD,1
9414,Data Engineer,Medium,Healthcare,Canada,Remote,Senior,11,PhD,0
9415,AI Engineer,Startup,Retail,Singapore,Hybrid,Entry,2,Master,0
9416,Data Analyst,Medium,E-commerce,USA,Onsite,Entry,5,Master,0
9417,AI Engineer,Medium,Technology,Singapore,Hybrid,Entry,14,Bachelor,1
9418,Machine Learning Engineer,Enterprise,E-commerce,UK,Onsite,Mid,5,Bachelor,0
9419,Business Analyst,Enterprise,E-commerce,India,Hybrid,Entry,8,PhD,0
9420,Business Analyst,Enterprise,Technology,Germany,Onsite,Senior,10,PhD,1
9421,Business Analyst,Enterprise,Education,Singapore,Remote,Entry,14,Master,0
9422,AI Engineer,Medium,Healthcare,USA,Onsite,Entry,11,PhD,0
9423,Business Analyst,Enterprise,Retail,India,Hybrid,Senior,2,Master,1
9424,Data Engineer,MNC,Technology,India,Hybrid,Senior,4,Master,1
9425,Data Scientist,Enterprise,Finance,Australia,Hybrid,Entry,6,Bachelor,1
9426,Machine Learning Engineer,Enterprise,E-commerce,Canada,Remote,Senior,2,Bachelor,1
9427,Machine Learning Engineer,MNC,Technology,Australia,Onsite,Senior,2,Master,0
9428,Data Scientist,Medium,Education,USA,Onsite,Mid,10,Bachelor,0
9429,Business Analyst,MNC,Healthcare,Australia,Onsite,Entry,13,PhD,1
9430,Data Scientist,Medium,Healthcare,Singapore,Hybrid,Mid,10,PhD,1
9431,Data Analyst,Startup,Healthcare,Canada,Onsite,Mid,10,PhD,0
9432,Data Engineer,Enterprise,Education,Canada,Onsite,Senior,2,Master,0
9433,Data Scientist,Enterprise,E-commerce,Germany,Onsite,Entry,2,Bachelor,0
9434,Data Analyst,Enterprise,Finance,Singapore,Onsite,Mid,0,PhD,0
9435,Data Engineer,Startup,E-commerce,India,Hybrid,Mid,8,Bachelor,1
9436,AI Engineer,Startup,Education,Germany,Hybrid,Entry,13,PhD,0
9437,Data Scientist,Medium,Finance,Canada,Onsite,Mid,0,PhD,1
9438,Data Engineer,MNC,Education,Australia,Hybrid,Mid,5,Bachelor,0
9439,Data Analyst,Enterprise,Retail,Germany,Remote,Entry,5,PhD,1
9440,AI Engineer,Startup,Retail,Singapore,Hybrid,Entry,6,PhD,1
9441,Business Analyst,Medium,Education,Germany,Onsite,Senior,0,Master,1
9442,Data Engineer,MNC,E-commerce,Australia,Remote,Mid,10,Master,1
9443,Business Analyst,MNC,Technology,Canada,Onsite,Mid,5,Master,0
9444,Data Analyst,MNC,Technology,Germany,Remote,Mid,7,Master,1
9445,Machine Learning Engineer,Startup,Technology,Germany,Onsite,Mid,9,Bachelor,1
9446,Business Analyst,Enterprise,Finance,Canada,Onsite,Senior,9,Master,0
9447,Data Engineer,MNC,Healthcare,Canada,Remote,Entry,9,Bachelor,1
9448,Data Analyst,Medium,E-commerce,USA,Onsite,Entry,3,Bachelor,0
9449,Data Scientist,Enterprise,E-commerce,UK,Onsite,Entry,6,Bachelor,0
9450,Machine Learning Engineer,Enterprise,Finance,Australia,Hybrid,Entry,1,PhD,1
9451,Machine Learning Engineer,Medium,E-commerce,UK,Remote,Senior,4,Bachelor,1
9452,Business Analyst,MNC,Retail,Singapore,Onsite,Mid,5,Master,1
9453,Business Analyst,Enterprise,Retail,Singapore,Hybrid,Entry,2,Master,1
9454,AI Engineer,Startup,Healthcare,Australia,Remote,Entry,1,Master,1
9455,Data Analyst,Startup,E-commerce,USA,Onsite,Mid,1,Bachelor,0
9456,Data Engineer,Startup,Healthcare,India,Remote,Mid,4,Bachelor,0
9457,Data Scientist,Startup,Healthcare,India,Remote,Senior,1,PhD,1
9458,Data Engineer,Medium,Technology,Singapore,Onsite,Senior,12,Bachelor,0
9459,Data Engineer,Enterprise,Retail,Australia,Onsite,Mid,7,Bachelor,1
9460,Data Engineer,Enterprise,Technology,USA,Remote,Mid,9,Bachelor,0
9461,Data Engineer,Startup,Technology,Canada,Remote,Mid,3,Master,1
9462,AI Engineer,Medium,Finance,Canada,Remote,Mid,4,Bachelor,0
9463,Machine Learning Engineer,Enterprise,Healthcare,Canada,Onsite,Mid,5,Bachelor,1
9464,Business Analyst,Medium,Education,UK,Onsite,Mid,6,Master,1
9465,AI Engineer,Startup,Technology,UK,Onsite,Mid,8,Master,1
9466,Data Analyst,Startup,Education,Canada,Hybrid,Mid,3,Bachelor,1
9467,Machine Learning Engineer,Medium,Healthcare,Singapore,Remote,Senior,7,PhD,0
9468,Machine Learning Engineer,Enterprise,Education,UK,Onsite,Mid,8,Bachelor,0
9469,Data Analyst,Medium,Education,Singapore,Remote,Entry,1,Bachelor,1
9470,AI Engineer,Medium,Finance,UK,Onsite,Senior,10,PhD,1
9471,Machine Learning Engineer,Medium,Retail,UK,Remote,Mid,6,Bachelor,0
9472,Data Engineer,MNC,Education,Singapore,Hybrid,Entry,9,Bachelor,1
9473,AI Engineer,Medium,Technology,UK,Remote,Senior,4,Bachelor,0
9474,Data Engineer,Medium,Education,Canada,Onsite,Entry,2,Master,1
9475,AI Engineer,Enterprise,Retail,Australia,Remote,Mid,1,PhD,0
9476,Business Analyst,MNC,Technology,UK,Hybrid,Mid,14,Bachelor,1
9477,AI Engineer,Enterprise,Technology,India,Hybrid,Entry,9,Bachelor,0
9478,Data Analyst,MNC,Education,USA,Onsite,Senior,10,Master,1
9479,Data Analyst,MNC,Retail,India,Remote,Entry,5,Bachelor,0
9480,Machine Learning Engineer,Medium,Healthcare,USA,Onsite,Entry,8,Bachelor,0
9481,Data Engineer,MNC,Retail,India,Remote,Senior,4,Bachelor,1
9482,Data Engineer,Startup,Education,UK,Hybrid,Mid,4,Bachelor,1
9483,Business Analyst,Enterprise,Retail,India,Onsite,Senior,8,PhD,1
9484,Machine Learning Engineer,MNC,E-commerce,Germany,Remote,Mid,12,Bachelor,0
9485,Business Analyst,MNC,Healthcare,UK,Remote,Entry,8,Bachelor,1
9486,Data Scientist,Medium,Education,India,Remote,Entry,4,PhD,1
9487,Data Analyst,Enterprise,Technology,Australia,Hybrid,Senior,2,Bachelor,1
9488,AI Engineer,Medium,E-commerce,UK,Remote,Senior,11,Bachelor,1
9489,Business Analyst,MNC,Technology,India,Hybrid,Mid,2,Bachelor,0
9490,Data Scientist,Startup,Healthcare,India,Hybrid,Mid,14,Master,0
9491,AI Engineer,MNC,Education,Australia,Onsite,Entry,10,Master,0
9492,Business Analyst,MNC,Education,USA,Remote,Senior,3,Bachelor,0
9493,Data Analyst,Startup,E-commerce,Singapore,Onsite,Mid,11,PhD,1
9494,Data Analyst,MNC,E-commerce,Canada,Hybrid,Entry,8,Master,1
9495,AI Engineer,Enterprise,Retail,Germany,Hybrid,Mid,4,Master,1
9496,Machine Learning Engineer,Medium,Healthcare,Germany,Onsite,Mid,13,PhD,0
9497,Machine Learning Engineer,MNC,E-commerce,Australia,Remote,Entry,8,Master,1
9498,Machine Learning Engineer,MNC,Retail,Singapore,Remote,Entry,11,Master,0
9499,AI Engineer,Startup,Education,India,Hybrid,Senior,5,Master,0
9500,Business Analyst,Startup,Retail,Canada,Hybrid,Senior,13,PhD,1
9501,Data Engineer,Startup,E-commerce,Australia,Remote,Senior,2,PhD,1
9502,Data Analyst,MNC,Healthcare,Australia,Hybrid,Entry,4,Master,0
9503,Data Analyst,Startup,Education,Germany,Remote,Senior,10,Master,1
9504,Data Analyst,MNC,E-commerce,UK,Remote,Entry,13,Bachelor,0
9505,AI Engineer,Medium,Finance,India,Onsite,Senior,11,Master,1
9506,Data Analyst,Startup,Healthcare,Canada,Hybrid,Senior,8,PhD,1
9507,Data Engineer,Startup,Finance,Singapore,Hybrid,Entry,7,Bachelor,0
9508,Business Analyst,Enterprise,Finance,Canada,Remote,Senior,8,Bachelor,0
9509,Data Analyst,Startup,Finance,Canada,Remote,Senior,4,Bachelor,1
9510,Data Engineer,Medium,Healthcare,Singapore,Remote,Senior,0,Master,0
9511,Data Engineer,Startup,Technology,Singapore,Remote,Entry,6,PhD,1
9512,AI Engineer,MNC,Retail,Canada,Remote,Mid,3,Bachelor,1
9513,Data Engineer,Medium,Technology,India,Onsite,Mid,3,Master,0
9514,Data Analyst,Medium,Healthcare,India,Remote,Mid,11,PhD,1
9515,AI Engineer,Medium,Retail,Germany,Remote,Senior,2,Master,0
9516,Data Engineer,Enterprise,E-commerce,Singapore,Remote,Mid,11,PhD,0
9517,Data Engineer,Startup,Finance,Canada,Remote,Senior,2,PhD,0
9518,Machine Learning Engineer,Startup,Healthcare,UK,Onsite,Senior,9,PhD,0
9519,Machine Learning Engineer,MNC,Education,Canada,Hybrid,Entry,8,Bachelor,1
9520,Business Analyst,Startup,Healthcare,UK,Onsite,Mid,13,Bachelor,0
9521,Data Scientist,Enterprise,Finance,India,Hybrid,Senior,5,PhD,0
9522,AI Engineer,Startup,Technology,India,Remote,Entry,14,Master,0
9523,AI Engineer,MNC,E-commerce,Germany,Hybrid,Entry,6,Master,1
9524,Business Analyst,Medium,Education,Australia,Remote,Senior,13,Bachelor,0
9525,Machine Learning Engineer,Medium,Technology,UK,Remote,Entry,5,Bachelor,0
9526,Business Analyst,Enterprise,Technology,Australia,Hybrid,Mid,8,Master,1
9527,AI Engineer,Startup,Finance,Germany,Hybrid,Mid,7,PhD,0
9528,Business Analyst,Enterprise,E-commerce,UK,Remote,Mid,13,Master,0
9529,Data Analyst,MNC,Finance,India,Onsite,Entry,6,Master,0
9530,Machine Learning Engineer,Enterprise,Finance,Germany,Onsite,Entry,5,Bachelor,0
9531,Data Analyst,Startup,Technology,USA,Remote,Senior,10,Master,0
9532,Machine Learning Engineer,MNC,Healthcare,USA,Remote,Entry,6,PhD,1
9533,Data Analyst,Medium,E-commerce,Germany,Onsite,Entry,5,Master,0
9534,Data Engineer,Startup,Technology,Germany,Hybrid,Senior,7,PhD,0
9535,Data Scientist,Medium,Finance,Canada,Remote,Entry,11,Master,0
9536,Data Scientist,MNC,Technology,Australia,Hybrid,Mid,6,Bachelor,1
9537,Data Scientist,Enterprise,Finance,India,Onsite,Senior,13,Bachelor,0
9538,Machine Learning Engineer,MNC,Retail,Australia,Hybrid,Senior,0,PhD,1
9539,Machine Learning Engineer,MNC,Healthcare,Germany,Onsite,Senior,5,Bachelor,1
9540,AI Engineer,Enterprise,Retail,Singapore,Remote,Senior,11,Bachelor,1
9541,Data Scientist,Medium,Retail,Singapore,Remote,Mid,6,PhD,1
9542,Data Scientist,Enterprise,Retail,Canada,Remote,Mid,2,Master,0
9543,AI Engineer,Startup,Education,Canada,Hybrid,Senior,1,PhD,1
9544,Data Scientist,Medium,Education,Canada,Hybrid,Senior,5,PhD,0
9545,Data Analyst,Startup,E-commerce,Germany,Remote,Entry,13,PhD,0
9546,AI Engineer,Enterprise,Education,Canada,Hybrid,Entry,14,Bachelor,1
9547,Data Engineer,Startup,Retail,Singapore,Hybrid,Entry,3,Bachelor,0
9548,Data Scientist,Medium,Education,Germany,Onsite,Senior,3,Bachelor,0
9549,Data Engineer,Startup,Finance,Singapore,Hybrid,Mid,2,Bachelor,0
9550,Business Analyst,Enterprise,E-commerce,Germany,Onsite,Mid,13,Bachelor,1
9551,Data Scientist,Medium,Education,Canada,Remote,Senior,12,Master,1
9552,Business Analyst,Medium,Retail,India,Hybrid,Entry,8,PhD,0
9553,Data Scientist,MNC,Technology,Germany,Remote,Mid,6,Master,0
9554,Machine Learning Engineer,MNC,Technology,Canada,Hybrid,Senior,10,Master,1
9555,Data Analyst,Enterprise,Finance,Singapore,Hybrid,Entry,8,PhD,1
9556,Machine Learning Engineer,Enterprise,Education,UK,Remote,Mid,8,Master,0
9557,Data Scientist,MNC,Retail,Australia,Hybrid,Entry,9,Master,1
9558,Business Analyst,Startup,E-commerce,UK,Remote,Senior,4,PhD,0
9559,Data Engineer,Startup,Education,USA,Remote,Senior,2,Bachelor,0
9560,Machine Learning Engineer,Medium,Healthcare,India,Hybrid,Mid,8,Master,0
9561,Data Engineer,Startup,Retail,Germany,Remote,Entry,8,PhD,1
9562,Data Scientist,Medium,Healthcare,Germany,Remote,Senior,8,Bachelor,1
9563,Data Analyst,MNC,Education,Singapore,Remote,Mid,13,Bachelor,1
9564,Data Analyst,Medium,Technology,UK,Remote,Senior,14,Master,0
9565,Data Engineer,Medium,Finance,Singapore,Remote,Entry,2,Master,0
9566,AI Engineer,Enterprise,E-commerce,India,Hybrid,Entry,5,Master,0
9567,Data Scientist,Enterprise,Healthcare,Singapore,Onsite,Senior,9,Bachelor,1
9568,Data Analyst,MNC,Healthcare,USA,Onsite,Senior,12,Master,1
9569,Data Engineer,Enterprise,E-commerce,Canada,Remote,Mid,2,Master,0
9570,Data Scientist,MNC,Healthcare,USA,Onsite,Entry,3,PhD,1
9571,Data Analyst,Startup,Education,Canada,Hybrid,Entry,11,PhD,1
9572,Data Analyst,Startup,Technology,UK,Hybrid,Entry,9,Master,1
9573,Data Scientist,Enterprise,Education,UK,Onsite,Mid,7,Bachelor,1
9574,Machine Learning Engineer,Enterprise,Finance,India,Remote,Mid,4,PhD,1
9575,Data Scientist,MNC,E-commerce,Australia,Hybrid,Entry,0,PhD,0
9576,Data Engineer,Enterprise,Finance,Australia,Onsite,Mid,4,Bachelor,1
9577,Business Analyst,Medium,Healthcare,Singapore,Onsite,Mid,7,Master,0
9578,Data Scientist,Medium,Technology,India,Remote,Mid,12,Bachelor,1
9579,Business Analyst,Medium,Retail,Singapore,Remote,Entry,14,PhD,1
9580,Data Scientist,Medium,Education,Australia,Onsite,Senior,7,PhD,0
9581,Data Engineer,Enterprise,E-commerce,India,Remote,Entry,12,Bachelor,1
9582,Data Scientist,Medium,Retail,UK,Onsite,Entry,6,Bachelor,1
9583,Data Engineer,MNC,Technology,Germany,Onsite,Entry,8,PhD,0
9584,AI Engineer,Medium,Technology,Germany,Remote,Mid,2,PhD,1
9585,Business Analyst,Medium,Education,USA,Hybrid,Mid,2,PhD,1
9586,Machine Learning Engineer,MNC,Technology,Germany,Remote,Senior,12,Bachelor,1
9587,Data Analyst,Medium,Healthcare,Singapore,Hybrid,Entry,10,PhD,0
9588,Machine Learning Engineer,Medium,Education,USA,Hybrid,Mid,0,PhD,1
9589,Data Analyst,Startup,Technology,Canada,Onsite,Entry,9,PhD,1
9590,Data Scientist,MNC,E-commerce,Singapore,Onsite,Mid,4,Master,1
9591,Business Analyst,Enterprise,Finance,India,Remote,Mid,2,Bachelor,1
9592,AI Engineer,MNC,Finance,USA,Onsite,Entry,6,Master,0
9593,AI Engineer,MNC,Education,India,Hybrid,Mid,9,PhD,0
9594,Data Analyst,Enterprise,Retail,USA,Hybrid,Senior,8,Bachelor,1
9595,Data Analyst,Enterprise,Technology,UK,Hybrid,Mid,6,Bachelor,1
9596,AI Engineer,Enterprise,Retail,Singapore,Onsite,Senior,3,Bachelor,1
9597,AI Engineer,Startup,Finance,USA,Remote,Entry,6,PhD,1
9598,Data Engineer,MNC,E-commerce,Canada,Onsite,Senior,3,Bachelor,0
9599,Data Analyst,Startup,Technology,India,Remote,Entry,13,Master,0
9600,Data Scientist,Medium,Healthcare,Singapore,Remote,Mid,0,Bachelor,0
9601,AI Engineer,Medium,Education,Singapore,Remote,Entry,6,Master,1
9602,Data Scientist,Medium,Retail,Canada,Onsite,Entry,4,Master,1
9603,Data Engineer,MNC,Finance,Australia,Onsite,Entry,9,Bachelor,1
9604,Data Analyst,Enterprise,Technology,UK,Onsite,Entry,5,Master,0
9605,Data Scientist,Startup,Healthcare,USA,Remote,Entry,2,Master,1
9606,Business Analyst,Enterprise,Education,UK,Onsite,Entry,14,Master,0
9607,Data Engineer,MNC,Retail,India,Onsite,Mid,1,PhD,0
9608,AI Engineer,Startup,Retail,Australia,Remote,Mid,13,Bachelor,1
9609,Machine Learning Engineer,Startup,E-commerce,Canada,Remote,Entry,11,Bachelor,0
9610,Data Analyst,Enterprise,E-commerce,Australia,Onsite,Entry,7,PhD,1
9611,Machine Learning Engineer,MNC,E-commerce,Germany,Onsite,Mid,9,PhD,1
9612,Machine Learning Engineer,Medium,Education,USA,Onsite,Senior,11,Master,1
9613,Data Engineer,MNC,Technology,Canada,Onsite,Senior,2,Bachelor,1
9614,AI Engineer,Medium,Healthcare,USA,Onsite,Entry,9,Master,1
9615,Business Analyst,Enterprise,Retail,UK,Hybrid,Senior,7,PhD,1
9616,Business Analyst,Medium,E-commerce,UK,Remote,Senior,0,PhD,1
9617,Data Scientist,MNC,Education,UK,Remote,Senior,7,PhD,0
9618,AI Engineer,MNC,E-commerce,Germany,Onsite,Mid,1,PhD,1
9619,Machine Learning Engineer,Startup,Education,UK,Remote,Mid,8,PhD,1
9620,Business Analyst,Startup,E-commerce,Canada,Remote,Senior,3,PhD,0
9621,Data Analyst,MNC,E-commerce,Germany,Remote,Senior,4,PhD,0
9622,Data Analyst,MNC,Healthcare,USA,Hybrid,Mid,11,Bachelor,0
9623,Data Scientist,Startup,Education,UK,Onsite,Senior,1,PhD,0
9624,Data Analyst,Startup,Technology,USA,Remote,Mid,7,PhD,1
9625,Data Analyst,Startup,Finance,Australia,Remote,Entry,0,Master,0
9626,Data Scientist,MNC,Healthcare,UK,Onsite,Mid,0,Bachelor,0
9627,Data Analyst,Medium,Retail,Germany,Hybrid,Senior,10,Bachelor,0
9628,Data Engineer,Enterprise,Healthcare,Australia,Hybrid,Mid,13,Master,1
9629,Data Engineer,Enterprise,E-commerce,Canada,Onsite,Mid,5,Bachelor,1
9630,Machine Learning Engineer,Startup,Finance,Singapore,Hybrid,Senior,8,PhD,0
9631,Data Engineer,MNC,Technology,Canada,Hybrid,Mid,12,PhD,0
9632,Data Analyst,Startup,Finance,Germany,Hybrid,Mid,8,Master,0
9633,AI Engineer,Medium,Education,Germany,Hybrid,Mid,13,PhD,1
9634,AI Engineer,Medium,Technology,UK,Onsite,Mid,7,Bachelor,1
9635,AI Engineer,Startup,Technology,Australia,Onsite,Entry,14,PhD,1
9636,Data Engineer,Startup,Finance,Germany,Onsite,Entry,11,Master,0
9637,Data Analyst,MNC,Technology,Singapore,Remote,Mid,1,Bachelor,1
9638,Business Analyst,Medium,Finance,Singapore,Hybrid,Senior,3,Bachelor,0
9639,Data Engineer,MNC,Education,Germany,Remote,Senior,5,PhD,1
9640,Business Analyst,Startup,Healthcare,UK,Remote,Senior,2,PhD,1
9641,Business Analyst,MNC,Finance,India,Hybrid,Senior,9,PhD,1
9642,AI Engineer,Enterprise,Finance,India,Onsite,Senior,0,Bachelor,1
9643,AI Engineer,Medium,E-commerce,India,Onsite,Entry,13,PhD,0
9644,Data Scientist,MNC,Technology,UK,Remote,Entry,4,Master,1
9645,Business Analyst,MNC,E-commerce,Canada,Onsite,Entry,10,Master,0
9646,Machine Learning Engineer,Medium,Technology,UK,Remote,Mid,13,Master,0
9647,Data Engineer,MNC,Finance,Singapore,Onsite,Entry,9,Master,0
9648,AI Engineer,Medium,Healthcare,Germany,Hybrid,Senior,8,Master,0
9649,Business Analyst,Medium,Healthcare,Singapore,Remote,Entry,8,Bachelor,1
9650,Data Engineer,Startup,Education,India,Hybrid,Senior,10,Master,0
9651,Business Analyst,Medium,Technology,India,Onsite,Mid,10,Bachelor,1
9652,AI Engineer,Startup,Retail,USA,Hybrid,Senior,2,Master,1
9653,Business Analyst,Medium,Healthcare,Canada,Hybrid,Senior,5,Bachelor,1
9654,Machine Learning Engineer,Enterprise,Retail,Germany,Hybrid,Entry,9,PhD,1
9655,Data Scientist,MNC,Technology,Singapore,Hybrid,Entry,0,Bachelor,0
9656,Data Analyst,Enterprise,Retail,UK,Remote,Entry,2,Bachelor,1
9657,Machine Learning Engineer,Enterprise,Education,USA,Remote,Mid,4,Master,1
9658,Data Scientist,Startup,E-commerce,Canada,Hybrid,Entry,10,Bachelor,0
9659,Data Engineer,Startup,Retail,USA,Onsite,Mid,13,PhD,1
9660,Data Engineer,MNC,Education,UK,Onsite,Senior,10,Bachelor,1
9661,Data Scientist,Medium,Retail,UK,Hybrid,Mid,12,PhD,1
9662,Data Scientist,MNC,Healthcare,Canada,Hybrid,Mid,4,PhD,0
9663,AI Engineer,MNC,Finance,UK,Hybrid,Senior,2,Bachelor,1
9664,Business Analyst,Medium,Retail,Australia,Remote,Entry,8,PhD,1
9665,Data Scientist,Medium,Healthcare,India,Hybrid,Mid,11,Master,1
9666,AI Engineer,Startup,Retail,Canada,Hybrid,Entry,9,Bachelor,1
9667,Data Analyst,Startup,E-commerce,USA,Remote,Entry,14,PhD,0
9668,Data Engineer,Startup,Technology,Germany,Hybrid,Senior,8,Master,1
9669,Data Scientist,Startup,E-commerce,India,Hybrid,Senior,12,PhD,1
9670,Data Analyst,Medium,E-commerce,Australia,Remote,Mid,10,Master,1
9671,Machine Learning Engineer,MNC,Retail,Germany,Onsite,Senior,1,Bachelor,1
9672,Data Engineer,Enterprise,Healthcare,Germany,Hybrid,Entry,9,PhD,0
9673,Data Engineer,Startup,E-commerce,India,Onsite,Entry,13,Master,1
9674,AI Engineer,Enterprise,Technology,India,Remote,Mid,8,PhD,1
9675,AI Engineer,Startup,Finance,Singapore,Onsite,Senior,0,Master,1
9676,Machine Learning Engineer,Enterprise,Finance,Singapore,Onsite,Mid,11,Master,1
9677,Data Scientist,Startup,Finance,India,Onsite,Entry,6,PhD,1
9678,Business Analyst,Startup,Technology,UK,Remote,Senior,11,Bachelor,1
9679,Data Scientist,Enterprise,Retail,Germany,Onsite,Mid,2,PhD,0
9680,AI Engineer,MNC,E-commerce,Singapore,Remote,Mid,5,Master,1
9681,Data Analyst,Startup,Finance,USA,Onsite,Senior,6,PhD,1
9682,Business Analyst,MNC,Retail,USA,Hybrid,Senior,5,Bachelor,0
9683,Machine Learning Engineer,MNC,Education,India,Remote,Senior,9,Bachelor,1
9684,Data Engineer,Medium,Healthcare,Singapore,Onsite,Mid,12,PhD,1
9685,Data Scientist,MNC,Healthcare,USA,Remote,Mid,12,Master,0
9686,Data Scientist,Medium,Retail,India,Onsite,Mid,5,PhD,0
9687,Data Scientist,Medium,Education,Singapore,Hybrid,Mid,10,PhD,0
9688,Business Analyst,Startup,Healthcare,India,Remote,Entry,1,PhD,1
9689,Machine Learning Engineer,Medium,Retail,UK,Hybrid,Senior,13,Bachelor,1
9690,Business Analyst,Medium,Finance,UK,Onsite,Senior,3,Bachelor,0
9691,Data Analyst,Enterprise,E-commerce,UK,Onsite,Mid,0,Bachelor,0
9692,Data Engineer,MNC,Education,UK,Remote,Senior,1,Master,0
9693,Business Analyst,Medium,E-commerce,Canada,Remote,Mid,12,Master,1
9694,Machine Learning Engineer,Enterprise,Technology,USA,Hybrid,Entry,14,Master,1
9695,Business Analyst,MNC,Retail,Australia,Remote,Senior,11,Bachelor,0
9696,Business Analyst,Medium,Healthcare,UK,Onsite,Entry,4,PhD,0
9697,Machine Learning Engineer,Startup,Finance,Australia,Onsite,Entry,6,Master,1
9698,AI Engineer,Startup,Healthcare,USA,Onsite,Senior,1,Bachelor,1
9699,Machine Learning Engineer,Startup,Technology,Canada,Hybrid,Senior,8,Master,0
9700,Data Scientist,MNC,Retail,Australia,Remote,Entry,14,Bachelor,0
9701,Data Engineer,Startup,Healthcare,UK,Hybrid,Senior,5,Master,0
9702,Data Analyst,Medium,Technology,UK,Remote,Entry,3,PhD,1
9703,Business Analyst,Startup,Retail,India,Onsite,Entry,13,Bachelor,0
9704,Business Analyst,MNC,Retail,Singapore,Hybrid,Entry,9,Master,0
9705,Data Analyst,Startup,Retail,Australia,Remote,Senior,2,Master,0
9706,Data Engineer,Enterprise,Healthcare,India,Onsite,Senior,5,Master,1
9707,AI Engineer,Startup,Finance,Canada,Onsite,Senior,11,PhD,0
9708,Machine Learning Engineer,Enterprise,E-commerce,Singapore,Onsite,Entry,0,Master,1
9709,Data Engineer,Startup,Technology,India,Remote,Entry,10,Bachelor,0
9710,Machine Learning Engineer,Startup,Healthcare,Germany,Onsite,Entry,4,Bachelor,0
9711,Machine Learning Engineer,Startup,Finance,UK,Remote,Entry,7,Master,0
9712,Machine Learning Engineer,Medium,Education,Canada,Remote,Mid,5,PhD,0
9713,Data Analyst,Enterprise,Healthcare,Germany,Remote,Senior,12,Master,0
9714,Machine Learning Engineer,MNC,Healthcare,USA,Remote,Senior,5,PhD,0
9715,Machine Learning Engineer,Startup,Healthcare,USA,Hybrid,Mid,0,Master,1
9716,Machine Learning Engineer,MNC,Education,UK,Remote,Senior,4,PhD,1
9717,Machine Learning Engineer,Medium,Technology,Germany,Remote,Senior,9,Bachelor,0
9718,Data Engineer,Startup,Retail,Singapore,Hybrid,Entry,6,Master,1
9719,Data Engineer,Startup,Education,Canada,Remote,Mid,4,Master,1
9720,Business Analyst,MNC,Finance,USA,Hybrid,Entry,13,Bachelor,1
9721,Data Scientist,Startup,Education,USA,Onsite,Senior,11,Master,1
9722,Machine Learning Engineer,Medium,Retail,Germany,Remote,Entry,6,Bachelor,0
9723,AI Engineer,MNC,Technology,Germany,Onsite,Mid,1,Master,0
9724,Machine Learning Engineer,Startup,E-commerce,India,Remote,Entry,4,PhD,0
9725,Data Analyst,Enterprise,Healthcare,UK,Onsite,Senior,1,Master,1
9726,Data Analyst,Medium,Healthcare,Australia,Remote,Entry,14,Master,1
9727,Data Engineer,Enterprise,Finance,Australia,Hybrid,Mid,14,Bachelor,0
9728,Data Engineer,Enterprise,E-commerce,Canada,Remote,Senior,14,Master,0
9729,Data Scientist,Medium,Technology,Canada,Onsite,Mid,7,PhD,1
9730,AI Engineer,Enterprise,Finance,USA,Hybrid,Senior,11,Bachelor,0
9731,AI Engineer,MNC,Finance,India,Remote,Mid,14,Master,1
9732,Data Analyst,Medium,Finance,Germany,Onsite,Entry,13,PhD,1
9733,Machine Learning Engineer,Medium,Technology,Singapore,Onsite,Senior,8,PhD,1
9734,Data Engineer,Enterprise,Education,Singapore,Onsite,Entry,10,Bachelor,0
9735,AI Engineer,Enterprise,Technology,Canada,Hybrid,Senior,0,Bachelor,0
9736,Data Scientist,Startup,E-commerce,USA,Onsite,Senior,5,PhD,1
9737,Data Engineer,Medium,Retail,USA,Hybrid,Senior,0,Master,1
9738,AI Engineer,MNC,Finance,UK,Remote,Entry,12,Master,0
9739,Data Analyst,Startup,Finance,Germany,Hybrid,Senior,8,Bachelor,1
9740,AI Engineer,MNC,Education,Germany,Hybrid,Mid,7,PhD,0
9741,Data Scientist,MNC,Finance,USA,Hybrid,Mid,11,Bachelor,1
9742,AI Engineer,Medium,Retail,Singapore,Hybrid,Senior,14,Bachelor,0
9743,AI Engineer,Startup,Healthcare,UK,Remote,Entry,1,Master,1
9744,Business Analyst,Enterprise,Retail,Germany,Hybrid,Senior,8,Master,1
9745,Data Engineer,Startup,E-commerce,Singapore,Remote,Senior,9,Master,0
9746,AI Engineer,Startup,Finance,USA,Onsite,Senior,1,PhD,1
9747,Data Engineer,Medium,Technology,UK,Remote,Mid,5,Bachelor,1
9748,Data Engineer,Enterprise,Technology,Germany,Remote,Mid,9,PhD,1
9749,AI Engineer,Enterprise,Finance,Canada,Remote,Mid,3,Master,0
9750,Business Analyst,Startup,Technology,Germany,Hybrid,Senior,0,Bachelor,0
9751,Data Scientist,Startup,Finance,Singapore,Hybrid,Mid,9,Master,0
9752,Data Engineer,Startup,Healthcare,India,Remote,Entry,2,Master,0
9753,Data Scientist,MNC,Education,Germany,Hybrid,Entry,11,PhD,1
9754,AI Engineer,Medium,Technology,Singapore,Hybrid,Mid,13,PhD,1
9755,Data Scientist,Startup,Finance,Germany,Onsite,Entry,9,Bachelor,1
9756,Data Engineer,MNC,Education,Canada,Hybrid,Entry,7,PhD,1
9757,Business Analyst,Enterprise,Healthcare,Australia,Remote,Entry,1,PhD,1
9758,Data Analyst,Enterprise,E-commerce,USA,Remote,Senior,2,Bachelor,1
9759,AI Engineer,Startup,Healthcare,India,Onsite,Mid,0,Master,1
9760,Data Engineer,MNC,E-commerce,Canada,Hybrid,Entry,7,Bachelor,0
9761,Machine Learning Engineer,Enterprise,Education,Canada,Hybrid,Entry,12,PhD,1
9762,Business Analyst,Medium,E-commerce,UK,Onsite,Entry,2,Master,0
9763,Machine Learning Engineer,Startup,Technology,Canada,Onsite,Entry,0,Master,1
9764,Data Engineer,Startup,Education,Germany,Hybrid,Senior,4,PhD,0
9765,Data Engineer,Enterprise,Retail,Canada,Hybrid,Senior,8,Master,1
9766,AI Engineer,MNC,Retail,Canada,Onsite,Senior,13,Master,0
9767,AI Engineer,MNC,Healthcare,UK,Remote,Entry,6,Master,0
9768,AI Engineer,Startup,Technology,Germany,Onsite,Senior,10,Master,0
9769,AI Engineer,Startup,Technology,Singapore,Onsite,Entry,4,PhD,1
9770,Data Engineer,Medium,Finance,UK,Remote,Entry,12,Master,1
9771,Machine Learning Engineer,Startup,Healthcare,Australia,Onsite,Mid,3,Master,0
9772,AI Engineer,Startup,Retail,UK,Onsite,Entry,9,Master,0
9773,Data Engineer,MNC,E-commerce,Australia,Remote,Entry,5,PhD,0
9774,Data Analyst,Startup,Retail,India,Hybrid,Entry,12,Master,0
9775,Business Analyst,Medium,E-commerce,Australia,Hybrid,Mid,12,PhD,0
9776,Data Scientist,Enterprise,Education,Singapore,Onsite,Mid,9,Master,0
9777,Business Analyst,Startup,Technology,UK,Remote,Senior,13,Bachelor,1
9778,AI Engineer,MNC,Healthcare,Australia,Hybrid,Entry,8,PhD,1
9779,Machine Learning Engineer,Startup,Finance,Canada,Hybrid,Mid,6,PhD,0
9780,AI Engineer,MNC,Education,Singapore,Remote,Mid,9,PhD,0
9781,Business Analyst,Medium,Retail,Canada,Remote,Senior,9,Bachelor,0
9782,AI Engineer,Medium,E-commerce,Australia,Onsite,Entry,2,PhD,0
9783,Data Scientist,Enterprise,Retail,USA,Remote,Senior,13,PhD,0
9784,Data Analyst,Medium,Education,Singapore,Remote,Senior,4,Bachelor,0
9785,Data Analyst,MNC,E-commerce,Australia,Onsite,Senior,8,PhD,0
9786,Data Analyst,Startup,E-commerce,Canada,Hybrid,Senior,11,Master,0
9787,Data Scientist,Medium,Healthcare,India,Remote,Senior,0,Master,0
9788,Data Analyst,Medium,Retail,USA,Hybrid,Entry,3,PhD,1
9789,Data Analyst,Enterprise,Finance,Canada,Remote,Senior,3,PhD,1
9790,Data Engineer,Enterprise,Healthcare,Australia,Remote,Entry,7,Bachelor,1
9791,Machine Learning Engineer,MNC,Technology,Canada,Onsite,Senior,12,Master,1
9792,Machine Learning Engineer,Startup,Finance,Singapore,Hybrid,Mid,5,Bachelor,1
9793,Business Analyst,MNC,Education,USA,Hybrid,Senior,14,PhD,0
9794,Data Analyst,MNC,Finance,Singapore,Remote,Entry,9,Bachelor,0
9795,Data Engineer,MNC,Healthcare,Singapore,Onsite,Entry,11,PhD,0
9796,Data Scientist,Startup,Finance,Singapore,Remote,Senior,8,PhD,0
9797,Machine Learning Engineer,Medium,Education,Germany,Onsite,Senior,9,PhD,0
9798,Machine Learning Engineer,MNC,Education,Canada,Remote,Senior,14,Bachelor,1
9799,Data Analyst,Medium,Finance,Singapore,Remote,Entry,3,Bachelor,0
9800,Data Scientist,MNC,Education,Germany,Remote,Senior,13,Bachelor,1
9801,Data Engineer,Enterprise,Education,Singapore,Onsite,Entry,2,Bachelor,0
9802,AI Engineer,MNC,Education,Canada,Onsite,Mid,0,Master,0
9803,Data Analyst,Enterprise,E-commerce,Singapore,Remote,Senior,1,Bachelor,1
9804,Data Scientist,Medium,Education,Canada,Remote,Mid,3,PhD,1
9805,AI Engineer,Enterprise,Healthcare,Germany,Onsite,Entry,5,Master,1
9806,Data Scientist,Enterprise,Technology,Canada,Hybrid,Mid,5,PhD,0
9807,Data Scientist,Enterprise,Retail,USA,Hybrid,Senior,7,Master,0
9808,AI Engineer,Medium,Healthcare,Germany,Hybrid,Mid,1,Bachelor,1
9809,Business Analyst,MNC,Education,Australia,Hybrid,Entry,1,Master,1
9810,AI Engineer,Startup,Education,Singapore,Hybrid,Entry,12,Master,0
9811,Data Analyst,Medium,Retail,USA,Hybrid,Entry,7,Bachelor,0
9812,Data Scientist,Enterprise,Technology,UK,Remote,Entry,2,Bachelor,0
9813,Business Analyst,Startup,Technology,Australia,Onsite,Mid,0,PhD,0
9814,AI Engineer,Medium,E-commerce,Canada,Remote,Entry,3,Bachelor,1
9815,Business Analyst,Enterprise,Technology,UK,Hybrid,Entry,13,Bachelor,0
9816,Machine Learning Engineer,Enterprise,Education,USA,Remote,Entry,9,PhD,1
9817,Data Engineer,Medium,Education,India,Onsite,Entry,5,PhD,1
9818,Machine Learning Engineer,Enterprise,Healthcare,Germany,Hybrid,Entry,4,Bachelor,0
9819,Data Analyst,Medium,Finance,Canada,Onsite,Entry,13,Master,0
9820,Data Analyst,Startup,Education,Germany,Hybrid,Mid,13,PhD,0
9821,Data Scientist,Startup,Retail,Canada,Onsite,Senior,5,PhD,0
9822,Data Scientist,Enterprise,Education,Australia,Onsite,Senior,1,Master,0
9823,Business Analyst,Startup,Healthcare,UK,Onsite,Entry,4,PhD,1
9824,Machine Learning Engineer,Enterprise,Finance,Australia,Onsite,Entry,4,PhD,0
9825,Business Analyst,Medium,Retail,Germany,Onsite,Senior,5,Master,1
9826,Machine Learning Engineer,Startup,Retail,Canada,Hybrid,Mid,13,Master,1
9827,Business Analyst,Startup,Healthcare,USA,Hybrid,Mid,9,Master,0
9828,Data Analyst,Enterprise,Technology,India,Onsite,Senior,7,Bachelor,1
9829,Data Analyst,Enterprise,Technology,India,Remote,Entry,12,Bachelor,0
9830,Data Scientist,MNC,Retail,UK,Remote,Senior,11,Master,1
9831,Data Engineer,MNC,Education,USA,Remote,Mid,10,Bachelor,1
9832,AI Engineer,Medium,Healthcare,USA,Onsite,Entry,0,PhD,0
9833,Data Analyst,MNC,E-commerce,Canada,Onsite,Entry,11,PhD,0
9834,Business Analyst,Medium,Technology,Germany,Remote,Senior,14,Bachelor,0
9835,Data Engineer,Enterprise,Finance,USA,Remote,Senior,8,Bachelor,1
9836,Business Analyst,Enterprise,Education,India,Remote,Senior,6,Bachelor,1
9837,Machine Learning Engineer,MNC,E-commerce,India,Remote,Mid,2,PhD,0
9838,AI Engineer,Enterprise,E-commerce,Australia,Hybrid,Entry,2,Bachelor,1
9839,Data Analyst,Medium,Retail,Australia,Onsite,Entry,4,Bachelor,1
9840,Machine Learning Engineer,Startup,Healthcare,India,Onsite,Mid,8,PhD,1
9841,Data Analyst,Enterprise,E-commerce,India,Hybrid,Entry,12,Master,0
9842,Data Engineer,Medium,Education,India,Hybrid,Senior,14,Master,1
9843,Machine Learning Engineer,Enterprise,Finance,Germany,Remote,Mid,4,PhD,1
9844,Data Analyst,Enterprise,Education,Canada,Onsite,Senior,1,Master,0
9845,AI Engineer,Startup,Education,Australia,Onsite,Senior,2,Bachelor,0
9846,Business Analyst,Startup,Retail,UK,Remote,Entry,8,PhD,1
9847,Data Scientist,Startup,Retail,Germany,Onsite,Senior,0,Master,1
9848,AI Engineer,Enterprise,Education,UK,Remote,Mid,1,Bachelor,1
9849,Data Engineer,MNC,Finance,Canada,Hybrid,Senior,14,Bachelor,0
9850,Machine Learning Engineer,Medium,Technology,Singapore,Remote,Entry,0,Bachelor,1
9851,Business Analyst,Enterprise,Retail,India,Onsite,Entry,0,PhD,1
9852,Data Engineer,Enterprise,Healthcare,Singapore,Onsite,Mid,12,PhD,1
9853,AI Engineer,MNC,Finance,India,Hybrid,Mid,5,Bachelor,1
9854,Data Analyst,Startup,E-commerce,India,Remote,Mid,13,PhD,1
9855,Data Scientist,MNC,E-commerce,Australia,Hybrid,Senior,11,Bachelor,1
9856,Business Analyst,Medium,Finance,Australia,Remote,Entry,5,Master,1
9857,Data Engineer,Enterprise,Education,Canada,Onsite,Entry,7,Bachelor,0
9858,Machine Learning Engineer,Medium,Education,UK,Remote,Entry,2,Master,1
9859,Machine Learning Engineer,Medium,Education,India,Onsite,Mid,5,PhD,0
9860,Data Engineer,Medium,Education,India,Onsite,Entry,12,Bachelor,1
9861,Data Engineer,Enterprise,Finance,Canada,Remote,Mid,7,Bachelor,0
9862,Data Engineer,Enterprise,E-commerce,UK,Remote,Senior,14,PhD,0
9863,Business Analyst,Medium,Retail,Canada,Remote,Mid,7,PhD,1
9864,Data Analyst,MNC,Healthcare,Germany,Remote,Entry,1,Bachelor,1
9865,Business Analyst,Medium,Finance,UK,Hybrid,Senior,2,Bachelor,0
9866,Data Analyst,Enterprise,Healthcare,Germany,Hybrid,Senior,7,Bachelor,0
9867,AI Engineer,Enterprise,E-commerce,India,Remote,Senior,4,PhD,0
9868,Data Analyst,Medium,Healthcare,Germany,Onsite,Senior,4,PhD,1
9869,Machine Learning Engineer,MNC,Healthcare,India,Onsite,Entry,1,Master,0
9870,Machine Learning Engineer,MNC,Retail,Australia,Onsite,Senior,6,PhD,1
9871,Business Analyst,Enterprise,Finance,Singapore,Hybrid,Senior,11,Bachelor,1
9872,Machine Learning Engineer,MNC,Finance,India,Onsite,Entry,5,Bachelor,1
9873,AI Engineer,Enterprise,Finance,Australia,Remote,Mid,8,Master,1
9874,Machine Learning Engineer,Enterprise,E-commerce,Canada,Onsite,Entry,7,PhD,1
9875,Data Scientist,Startup,Finance,Germany,Remote,Mid,6,PhD,1
9876,Machine Learning Engineer,MNC,Retail,Germany,Remote,Mid,11,Bachelor,1
9877,Data Scientist,Startup,Technology,Canada,Remote,Entry,2,Bachelor,0
9878,Data Engineer,Medium,Retail,India,Remote,Mid,0,Master,0
9879,Data Engineer,Medium,Healthcare,Germany,Onsite,Senior,0,Bachelor,0
9880,Business Analyst,Startup,Technology,Germany,Onsite,Mid,11,Master,1
9881,Data Engineer,Startup,Education,Australia,Remote,Senior,12,Bachelor,0
9882,Business Analyst,Startup,Healthcare,Germany,Remote,Mid,10,Master,1
9883,AI Engineer,Enterprise,Healthcare,Singapore,Hybrid,Entry,1,Master,1
9884,Data Scientist,Enterprise,Healthcare,Germany,Remote,Mid,11,Bachelor,0
9885,Machine Learning Engineer,Startup,Retail,Australia,Remote,Mid,5,Master,0
9886,Data Scientist,MNC,Technology,UK,Hybrid,Entry,3,Master,0
9887,AI Engineer,MNC,Education,Australia,Onsite,Entry,7,Master,1
9888,Data Scientist,Medium,Retail,India,Remote,Entry,11,Bachelor,1
9889,Data Engineer,MNC,Retail,Singapore,Hybrid,Entry,13,PhD,0
9890,Data Analyst,Enterprise,Education,UK,Hybrid,Entry,7,Bachelor,1
9891,AI Engineer,MNC,Retail,India,Hybrid,Mid,8,PhD,1
9892,AI Engineer,Enterprise,Retail,Canada,Onsite,Senior,11,Bachelor,1
9893,AI Engineer,MNC,Technology,India,Hybrid,Entry,10,Master,0
9894,AI Engineer,Enterprise,Retail,USA,Onsite,Senior,13,PhD,1
9895,Machine Learning Engineer,MNC,Healthcare,UK,Onsite,Mid,7,Master,0
9896,Data Engineer,Medium,Finance,Australia,Hybrid,Senior,10,PhD,0
9897,Business Analyst,MNC,Retail,India,Hybrid,Entry,3,Bachelor,1
9898,Data Engineer,MNC,E-commerce,Singapore,Onsite,Senior,12,Bachelor,1
9899,Data Analyst,Startup,Finance,India,Remote,Entry,1,PhD,0
9900,AI Engineer,MNC,Healthcare,UK,Hybrid,Entry,3,PhD,0
9901,Data Analyst,Startup,Retail,UK,Remote,Mid,4,Bachelor,0
9902,Business Analyst,Medium,Healthcare,Singapore,Remote,Senior,10,Bachelor,0
9903,Business Analyst,MNC,Retail,USA,Onsite,Senior,5,PhD,1
9904,Business Analyst,Enterprise,Technology,Australia,Remote,Senior,10,PhD,1
9905,Business Analyst,Enterprise,Retail,Singapore,Hybrid,Mid,2,PhD,0
9906,AI Engineer,MNC,Finance,UK,Onsite,Senior,0,Master,1
9907,AI Engineer,Enterprise,Healthcare,USA,Onsite,Mid,9,Bachelor,0
9908,Data Analyst,Startup,Finance,UK,Hybrid,Mid,9,PhD,1
9909,Data Scientist,Medium,Retail,Singapore,Remote,Entry,6,Bachelor,0
9910,AI Engineer,Startup,Technology,UK,Hybrid,Entry,3,Master,1
9911,AI Engineer,Enterprise,Healthcare,Germany,Remote,Senior,12,Master,1
9912,AI Engineer,MNC,Retail,USA,Onsite,Mid,14,Master,1
9913,Machine Learning Engineer,Medium,Technology,India,Hybrid,Mid,12,Bachelor,0
9914,Data Engineer,Startup,E-commerce,Germany,Onsite,Mid,13,Master,0
9915,Machine Learning Engineer,Enterprise,Education,Germany,Remote,Entry,6,PhD,1
9916,AI Engineer,Enterprise,Healthcare,India,Onsite,Senior,14,Master,0
9917,Data Scientist,MNC,Healthcare,USA,Onsite,Mid,2,Bachelor,0
9918,Data Engineer,MNC,Technology,Singapore,Hybrid,Mid,6,PhD,1
9919,AI Engineer,Enterprise,Education,Singapore,Onsite,Mid,3,Master,0
9920,AI Engineer,Startup,Technology,India,Hybrid,Senior,3,Bachelor,1
9921,Data Analyst,Medium,E-commerce,Singapore,Onsite,Mid,7,PhD,0
9922,Business Analyst,Enterprise,Retail,Germany,Hybrid,Entry,12,Bachelor,0
9923,AI Engineer,Medium,Finance,Germany,Onsite,Mid,8,Bachelor,1
9924,Machine Learning Engineer,Medium,Finance,USA,Remote,Senior,6,Master,1
9925,Data Analyst,Medium,E-commerce,India,Onsite,Entry,10,PhD,0
9926,Data Scientist,Startup,Healthcare,Canada,Onsite,Entry,9,Master,1
9927,Business Analyst,Medium,Education,UK,Onsite,Mid,1,Master,0
9928,Data Scientist,Startup,Retail,USA,Remote,Senior,0,Master,0
9929,Machine Learning Engineer,Startup,Finance,UK,Hybrid,Senior,7,Master,1
9930,Data Engineer,MNC,Technology,UK,Remote,Mid,12,Master,0
9931,AI Engineer,Startup,Retail,USA,Remote,Senior,10,Master,1
9932,Machine Learning Engineer,Enterprise,Finance,Canada,Onsite,Entry,9,Master,1
9933,Machine Learning Engineer,Enterprise,E-commerce,India,Remote,Entry,4,Master,1
9934,Data Scientist,Enterprise,Education,Australia,Hybrid,Mid,2,PhD,1
9935,Machine Learning Engineer,Enterprise,Healthcare,India,Remote,Senior,3,Master,0
9936,AI Engineer,MNC,Finance,Canada,Hybrid,Entry,3,Master,0
9937,Machine Learning Engineer,MNC,Education,Singapore,Remote,Mid,6,PhD,0
9938,Data Engineer,MNC,Finance,USA,Onsite,Entry,14,Master,0
9939,Data Analyst,Startup,Healthcare,Canada,Remote,Mid,9,PhD,0
9940,Data Engineer,Startup,Finance,Singapore,Hybrid,Entry,2,PhD,1
9941,Business Analyst,Enterprise,E-commerce,Germany,Onsite,Senior,12,Master,0
9942,AI Engineer,MNC,Technology,USA,Onsite,Mid,0,Bachelor,0
9943,Data Analyst,MNC,Technology,Canada,Onsite,Entry,9,PhD,0
9944,Data Engineer,Startup,Retail,USA,Onsite,Senior,0,Bachelor,1
9945,Data Scientist,Enterprise,Technology,Australia,Remote,Mid,12,Bachelor,0
9946,AI Engineer,Enterprise,Healthcare,USA,Remote,Mid,0,Bachelor,0
9947,Data Scientist,Medium,Finance,India,Remote,Mid,13,PhD,1
9948,Business Analyst,Enterprise,E-commerce,India,Hybrid,Entry,10,Master,0
9949,Business Analyst,Startup,Retail,Canada,Onsite,Entry,6,Bachelor,1
9950,Data Scientist,MNC,Education,Canada,Remote,Mid,4,Bachelor,1
9951,Data Engineer,Startup,Education,USA,Onsite,Senior,14,PhD,0
9952,Data Engineer,Medium,Technology,UK,Onsite,Entry,3,Master,1
9953,Data Scientist,Enterprise,Technology,Singapore,Remote,Mid,12,PhD,1
9954,Machine Learning Engineer,Enterprise,Education,Singapore,Remote,Entry,14,Bachelor,0
9955,Machine Learning Engineer,Medium,Retail,UK,Hybrid,Entry,5,PhD,0
9956,Data Engineer,MNC,E-commerce,USA,Hybrid,Senior,8,PhD,0
9957,Machine Learning Engineer,Enterprise,Education,Canada,Onsite,Senior,14,PhD,0
9958,Data Engineer,Enterprise,Technology,Germany,Hybrid,Mid,13,Master,1
9959,Machine Learning Engineer,Medium,Finance,Canada,Remote,Senior,0,PhD,0
9960,Machine Learning Engineer,MNC,Technology,UK,Onsite,Senior,14,Bachelor,1
9961,Data Analyst,Enterprise,Retail,Australia,Remote,Mid,1,Bachelor,1
9962,Machine Learning Engineer,MNC,Technology,Singapore,Hybrid,Entry,7,Bachelor,0
9963,Data Analyst,Enterprise,Education,Germany,Onsite,Entry,13,Bachelor,1
9964,Machine Learning Engineer,Medium,Finance,India,Remote,Entry,7,PhD,1
9965,AI Engineer,Medium,Technology,Germany,Hybrid,Senior,5,Master,1
9966,Data Scientist,Startup,E-commerce,Germany,Onsite,Entry,0,Bachelor,0
9967,Data Engineer,Startup,E-commerce,Germany,Onsite,Senior,5,PhD,0
9968,Machine Learning Engineer,Medium,Finance,Australia,Onsite,Senior,11,Master,0
9969,Data Engineer,Enterprise,Education,Australia,Remote,Mid,7,PhD,0
9970,Machine Learning Engineer,Enterprise,Technology,USA,Hybrid,Senior,9,Master,0
9971,Data Engineer,Enterprise,Finance,Germany,Remote,Senior,0,Bachelor,1
9972,Business Analyst,Enterprise,E-commerce,Singapore,Remote,Entry,4,Master,1
9973,Data Engineer,Enterprise,Retail,Germany,Remote,Senior,1,PhD,1
9974,Business Analyst,Medium,Education,Canada,Remote,Senior,11,PhD,1
9975,Data Analyst,Enterprise,Retail,Canada,Remote,Entry,3,Master,1
9976,Machine Learning Engineer,Startup,Technology,Singapore,Hybrid,Entry,4,Master,1
9977,Machine Learning Engineer,Startup,Healthcare,UK,Hybrid,Mid,5,PhD,1
9978,Data Engineer,MNC,Education,USA,Remote,Entry,13,Master,0
9979,Data Analyst,Startup,Finance,Singapore,Hybrid,Senior,0,Bachelor,1
9980,AI Engineer,Medium,Education,USA,Hybrid,Entry,0,Master,1
9981,Data Scientist,Medium,E-commerce,UK,Hybrid,Mid,4,Master,0
9982,Data Engineer,MNC,Finance,Germany,Hybrid,Mid,6,PhD,0
9983,Data Scientist,Startup,Finance,USA,Hybrid,Senior,7,PhD,1
9984,Data Engineer,Medium,Healthcare,Australia,Onsite,Senior,14,Bachelor,1
9985,AI Engineer,MNC,Retail,Canada,Onsite,Entry,6,Master,1
9986,Data Scientist,MNC,E-commerce,Canada,Onsite,Entry,0,Bachelor,0
9987,AI Engineer,Enterprise,E-commerce,USA,Hybrid,Mid,13,Bachelor,1
9988,Data Scientist,Enterprise,Finance,Australia,Onsite,Mid,11,PhD,1
9989,Data Analyst,Startup,Education,Singapore,Hybrid,Senior,3,Master,0
9990,Data Analyst,MNC,Finance,Germany,Onsite,Entry,1,Bachelor,0
9991,Machine Learning Engineer,Startup,Retail,USA,Hybrid,Entry,3,PhD,1
9992,Data Engineer,Startup,Education,Singapore,Remote,Entry,11,Bachelor,1
9993,Data Analyst,MNC,Education,Canada,Hybrid,Entry,0,Bachelor,1
9994,Data Scientist,Enterprise,Finance,USA,Remote,Senior,10,Master,0
9995,Business Analyst,Startup,Healthcare,USA,Hybrid,Senior,10,Bachelor,1
9996,AI Engineer,Startup,Healthcare,Canada,Onsite,Senior,0,Bachelor,1
9997,Machine Learning Engineer,MNC,Retail,UK,Remote,Entry,2,PhD,1
9998,Data Scientist,Medium,Education,Singapore,Remote,Mid,8,PhD,0
9999,AI Engineer,MNC,Retail,Australia,Onsite,Entry,9,Master,1
10000,Machine Learning Engineer,Startup,Education,UK,Hybrid,Mid,4,Master,0
10001,AI Engineer,Enterprise,Finance,USA,Remote,Entry,6,PhD,0
10002,Data Engineer,Medium,Finance,USA,Hybrid,Mid,4,PhD,1
10003,Machine Learning Engineer,Medium,Healthcare,Canada,Hybrid,Mid,9,Master,0
10004,Business Analyst,Medium,Education,Germany,Remote,Mid,9,Bachelor,0
10005,AI Engineer,Medium,Healthcare,Germany,Remote,Mid,1,Bachelor,1
10006,Machine Learning Engineer,MNC,Education,Germany,Onsite,Entry,10,PhD,1
10007,Data Scientist,Medium,Technology,Australia,Onsite,Senior,3,Bachelor,1
10008,Business Analyst,Medium,Healthcare,Singapore,Onsite,Entry,5,Bachelor,0
10009,Data Engineer,Startup,Finance,Australia,Remote,Mid,0,Bachelor,0
10010,Data Engineer,MNC,E-commerce,UK,Hybrid,Entry,13,PhD,1
10011,Data Analyst,Enterprise,E-commerce,UK,Hybrid,Entry,14,PhD,1
10012,Data Scientist,MNC,E-commerce,Australia,Onsite,Senior,13,Bachelor,1
10013,Data Analyst,Medium,Technology,Germany,Onsite,Senior,5,Master,1
10014,AI Engineer,MNC,E-commerce,UK,Onsite,Entry,3,PhD,0
10015,Data Scientist,Enterprise,Finance,Australia,Remote,Mid,9,PhD,0
10016,Data Engineer,Enterprise,Education,Singapore,Hybrid,Mid,7,Bachelor,0
10017,Data Scientist,Enterprise,Education,Singapore,Remote,Mid,12,Master,0
10018,AI Engineer,Startup,Retail,Germany,Onsite,Senior,12,Master,0
10019,Business Analyst,MNC,E-commerce,Germany,Remote,Senior,10,Master,0
10020,Data Analyst,Startup,Finance,Singapore,Onsite,Entry,0,PhD,1
10021,Data Engineer,Startup,Technology,UK,Onsite,Entry,9,Bachelor,1
10022,Machine Learning Engineer,MNC,Retail,India,Onsite,Mid,10,Bachelor,0
10023,Data Engineer,Startup,Retail,UK,Remote,Entry,9,Bachelor,1
10024,Data Analyst,Medium,E-commerce,USA,Onsite,Mid,1,Master,1
10025,Data Analyst,Enterprise,Technology,Canada,Onsite,Entry,7,PhD,1
10026,Data Scientist,Enterprise,Healthcare,UK,Remote,Mid,0,Bachelor,1
10027,Data Scientist,Startup,Finance,Singapore,Remote,Entry,0,Bachelor,1
10028,Data Engineer,Medium,Technology,UK,Hybrid,Mid,0,Bachelor,0
10029,AI Engineer,MNC,Retail,Australia,Hybrid,Senior,5,Bachelor,1
10030,Machine Learning Engineer,Medium,E-commerce,Australia,Remote,Senior,6,Master,0
10031,AI Engineer,Startup,Healthcare,Australia,Onsite,Entry,6,Bachelor,1
10032,Machine Learning Engineer,Medium,Technology,India,Onsite,Mid,6,Master,1
10033,Data Engineer,Enterprise,Retail,Canada,Onsite,Mid,11,Bachelor,1
10034,Data Engineer,Enterprise,Finance,Germany,Remote,Mid,6,Bachelor,0
10035,Machine Learning Engineer,MNC,E-commerce,Germany,Hybrid,Senior,1,Bachelor,1
10036,Data Engineer,Startup,Healthcare,Singapore,Hybrid,Mid,7,Bachelor,0
10037,AI Engineer,Medium,Education,Australia,Hybrid,Senior,4,Bachelor,0
10038,AI Engineer,MNC,Finance,UK,Onsite,Entry,10,Bachelor,1
10039,Data Scientist,Startup,E-commerce,India,Remote,Entry,13,Master,0
10040,Business Analyst,Enterprise,E-commerce,Singapore,Onsite,Entry,6,Master,0
10041,Data Scientist,Startup,Technology,USA,Onsite,Entry,9,PhD,0
10042,AI Engineer,Startup,Education,UK,Onsite,Entry,9,Bachelor,0
10043,Machine Learning Engineer,MNC,Finance,India,Remote,Senior,4,Bachelor,1
10044,Data Analyst,Medium,Technology,UK,Remote,Senior,13,Master,1
10045,Data Analyst,Medium,Education,Australia,Hybrid,Mid,3,Bachelor,0
10046,Business Analyst,Medium,Healthcare,Canada,Onsite,Senior,5,PhD,1
10047,Data Scientist,Enterprise,Retail,Germany,Hybrid,Entry,4,Master,1
10048,Data Engineer,Enterprise,Healthcare,Singapore,Onsite,Entry,12,PhD,0
10049,Data Analyst,Startup,Finance,Singapore,Remote,Senior,11,Bachelor,1
10050,Data Scientist,Startup,E-commerce,Canada,Hybrid,Senior,5,PhD,1
10051,Business Analyst,Medium,Technology,Canada,Hybrid,Mid,13,PhD,0
10052,Machine Learning Engineer,MNC,Education,USA,Remote,Entry,11,Bachelor,1
10053,AI Engineer,Medium,Finance,UK,Onsite,Senior,6,PhD,0
10054,Data Analyst,Enterprise,Healthcare,Australia,Onsite,Mid,9,Master,0
10055,Data Engineer,Medium,Healthcare,USA,Hybrid,Senior,8,PhD,0
10056,Data Engineer,Medium,E-commerce,India,Hybrid,Mid,10,Master,1
10057,AI Engineer,Startup,Education,Canada,Onsite,Senior,3,Master,0
10058,Machine Learning Engineer,MNC,Healthcare,India,Remote,Mid,10,Bachelor,1
10059,Data Engineer,Enterprise,Healthcare,UK,Onsite,Entry,9,Master,1
10060,Data Scientist,Enterprise,Finance,Singapore,Remote,Entry,3,Master,0
10061,Data Engineer,Medium,E-commerce,Canada,Onsite,Senior,5,Master,1
10062,Business Analyst,Medium,Retail,Canada,Hybrid,Senior,1,PhD,0
10063,AI Engineer,Startup,Healthcare,Germany,Hybrid,Senior,0,PhD,0
10064,Data Analyst,MNC,Healthcare,USA,Onsite,Mid,13,Master,1
10065,Business Analyst,Medium,Retail,UK,Onsite,Senior,2,Master,1
10066,Data Analyst,Medium,Technology,Australia,Onsite,Entry,13,PhD,1
10067,AI Engineer,Medium,Technology,USA,Onsite,Entry,6,Master,0
10068,Data Analyst,MNC,Education,Canada,Hybrid,Entry,6,Master,1
10069,Data Engineer,Enterprise,Finance,Germany,Onsite,Mid,5,Master,0
10070,Machine Learning Engineer,MNC,Technology,India,Hybrid,Mid,4,Bachelor,0
10071,Machine Learning Engineer,Enterprise,Retail,Canada,Hybrid,Entry,8,Master,1
10072,Business Analyst,Enterprise,Education,Singapore,Onsite,Senior,14,Master,1
10073,Data Engineer,Enterprise,Technology,India,Onsite,Entry,9,Bachelor,0
10074,Data Engineer,Enterprise,Education,Germany,Onsite,Entry,14,Bachelor,0
10075,AI Engineer,Enterprise,Education,USA,Remote,Mid,13,Master,1
10076,Business Analyst,Enterprise,Healthcare,Canada,Remote,Mid,13,PhD,1
10077,Data Analyst,MNC,Finance,Australia,Remote,Mid,1,PhD,0
10078,Business Analyst,Medium,Healthcare,Canada,Remote,Senior,10,PhD,0
10079,AI Engineer,Enterprise,Retail,Singapore,Hybrid,Mid,7,Bachelor,0
10080,Machine Learning Engineer,Startup,Finance,Australia,Hybrid,Entry,7,Master,0
10081,Data Engineer,MNC,Finance,USA,Hybrid,Senior,5,Bachelor,1
10082,Data Scientist,Startup,Technology,UK,Hybrid,Mid,1,PhD,1
10083,AI Engineer,MNC,Finance,India,Onsite,Entry,7,PhD,1
10084,Data Scientist,Medium,Education,Singapore,Remote,Entry,13,Bachelor,1
10085,AI Engineer,Enterprise,Finance,Germany,Hybrid,Mid,13,Bachelor,0
10086,AI Engineer,Startup,Technology,Australia,Remote,Senior,13,Master,0
10087,Machine Learning Engineer,Enterprise,Retail,Canada,Remote,Senior,5,Master,0
10088,Data Scientist,Medium,Retail,India,Remote,Mid,13,PhD,0
10089,Business Analyst,Startup,E-commerce,Canada,Hybrid,Entry,3,Bachelor,0
10090,Data Analyst,MNC,Finance,USA,Remote,Mid,8,Bachelor,1
10091,Data Scientist,MNC,Education,UK,Onsite,Mid,14,Master,0
10092,Business Analyst,Enterprise,Education,Singapore,Onsite,Mid,10,PhD,0
10093,Business Analyst,Enterprise,E-commerce,Canada,Onsite,Entry,9,PhD,1
10094,Machine Learning Engineer,Medium,E-commerce,UK,Remote,Mid,9,Master,0
10095,Data Analyst,Medium,Retail,USA,Remote,Entry,4,Master,0
10096,Data Analyst,Enterprise,Retail,Germany,Onsite,Senior,7,PhD,1
10097,Data Engineer,Startup,Technology,Singapore,Remote,Mid,12,Bachelor,0
10098,Business Analyst,MNC,Education,Germany,Remote,Mid,2,Master,0
10099,Data Engineer,Medium,Education,India,Onsite,Senior,1,Bachelor,1
10100,Business Analyst,Enterprise,E-commerce,Canada,Remote,Entry,7,Master,0
10101,Business Analyst,Startup,Technology,Australia,Remote,Entry,2,PhD,0
10102,Business Analyst,Medium,Healthcare,USA,Hybrid,Senior,7,PhD,0
10103,Data Scientist,Startup,E-commerce,Canada,Remote,Mid,9,Bachelor,1
10104,Data Scientist,Medium,Technology,Singapore,Hybrid,Entry,2,PhD,0
10105,Data Engineer,Startup,E-commerce,UK,Onsite,Mid,1,PhD,0
10106,AI Engineer,Startup,Finance,USA,Remote,Senior,13,PhD,1
10107,Business Analyst,MNC,Technology,Germany,Onsite,Senior,4,Bachelor,1
10108,Data Engineer,Enterprise,Technology,UK,Hybrid,Entry,5,Master,0
10109,AI Engineer,Enterprise,Education,Canada,Onsite,Entry,12,Bachelor,1
10110,Business Analyst,Enterprise,E-commerce,UK,Hybrid,Mid,0,Bachelor,0
10111,Data Engineer,MNC,Healthcare,Canada,Remote,Entry,14,Master,0
10112,AI Engineer,Startup,Healthcare,UK,Remote,Senior,0,Master,1
10113,Machine Learning Engineer,Enterprise,Finance,Germany,Remote,Entry,0,PhD,0
10114,Data Analyst,Startup,E-commerce,UK,Hybrid,Entry,0,PhD,1
10115,AI Engineer,MNC,Technology,UK,Onsite,Entry,7,Bachelor,0
10116,Data Analyst,Medium,Retail,Singapore,Hybrid,Mid,7,Bachelor,1
10117,Data Analyst,Medium,Healthcare,UK,Onsite,Mid,14,Bachelor,0
10118,Data Analyst,Enterprise,Education,Singapore,Hybrid,Senior,0,Master,0
10119,Data Analyst,Medium,E-commerce,Australia,Remote,Entry,2,Master,0
10120,Data Analyst,Startup,Finance,Singapore,Remote,Mid,13,Master,0
10121,AI Engineer,MNC,Finance,Singapore,Hybrid,Mid,6,Master,0
10122,Business Analyst,MNC,Healthcare,Singapore,Hybrid,Senior,11,Master,1
10123,Data Scientist,Startup,Retail,UK,Hybrid,Senior,11,Master,1
10124,Business Analyst,Medium,Healthcare,Canada,Onsite,Senior,0,Bachelor,1
10125,AI Engineer,Startup,Finance,Germany,Hybrid,Mid,6,PhD,1
10126,Data Scientist,MNC,Technology,Singapore,Onsite,Senior,8,Master,0
10127,Data Scientist,Startup,Technology,USA,Remote,Senior,6,Bachelor,1
10128,Data Analyst,Medium,Finance,Australia,Hybrid,Entry,9,Bachelor,1
10129,AI Engineer,Enterprise,Technology,UK,Hybrid,Mid,1,Master,0
10130,Machine Learning Engineer,MNC,Finance,Australia,Hybrid,Senior,11,Master,0
10131,Data Scientist,MNC,Finance,Singapore,Onsite,Entry,3,PhD,1
10132,Data Scientist,Medium,Healthcare,Germany,Hybrid,Entry,1,PhD,0
10133,AI Engineer,Medium,Healthcare,UK,Remote,Mid,1,Master,1
10134,Data Analyst,Medium,Healthcare,India,Remote,Mid,4,Bachelor,1
10135,Data Analyst,Enterprise,E-commerce,Canada,Hybrid,Entry,0,Bachelor,0
10136,Data Scientist,MNC,Healthcare,UK,Hybrid,Senior,5,Master,1
10137,AI Engineer,Enterprise,Education,USA,Remote,Senior,2,Bachelor,1
10138,Machine Learning Engineer,Startup,Finance,Germany,Hybrid,Mid,0,Bachelor,1
10139,Data Analyst,MNC,Finance,Singapore,Onsite,Mid,4,Bachelor,1
10140,Machine Learning Engineer,Medium,Retail,India,Remote,Mid,4,PhD,1
10141,Data Scientist,Enterprise,Retail,UK,Hybrid,Entry,12,Bachelor,0
10142,Data Scientist,Startup,Technology,Canada,Hybrid,Entry,10,Master,1
10143,Data Analyst,Medium,Finance,Germany,Onsite,Senior,2,PhD,1
10144,AI Engineer,MNC,Finance,USA,Remote,Entry,13,Master,1
10145,Data Scientist,Startup,Retail,Germany,Onsite,Mid,0,PhD,1
10146,Machine Learning Engineer,Enterprise,Healthcare,Australia,Remote,Senior,12,PhD,1
10147,Data Scientist,Startup,Retail,Australia,Remote,Senior,13,PhD,0
10148,AI Engineer,Enterprise,Healthcare,USA,Hybrid,Senior,3,Master,0
10149,Data Scientist,MNC,Retail,USA,Remote,Mid,11,PhD,0
10150,Machine Learning Engineer,Enterprise,Finance,Australia,Hybrid,Entry,9,Master,1
10151,Machine Learning Engineer,Enterprise,Healthcare,India,Remote,Mid,0,Bachelor,1
10152,Data Analyst,Startup,E-commerce,USA,Hybrid,Senior,7,Bachelor,0
10153,Data Engineer,Medium,Retail,Australia,Remote,Senior,5,PhD,0
10154,Machine Learning Engineer,Startup,E-commerce,UK,Hybrid,Entry,2,Bachelor,0
10155,Data Scientist,Startup,Finance,Singapore,Onsite,Entry,13,Bachelor,1
10156,Business Analyst,MNC,Healthcare,UK,Onsite,Mid,10,Master,1
10157,Data Analyst,Enterprise,Technology,Germany,Remote,Mid,9,Bachelor,1
10158,Data Engineer,Enterprise,Retail,USA,Remote,Senior,0,Master,0
10159,Business Analyst,Startup,E-commerce,India,Remote,Mid,4,PhD,0
10160,Data Scientist,Enterprise,Education,India,Onsite,Entry,11,Master,1
10161,Data Scientist,Medium,Healthcare,Canada,Hybrid,Entry,7,Master,1
10162,Data Analyst,Startup,E-commerce,UK,Remote,Mid,10,Bachelor,1
10163,AI Engineer,Enterprise,Technology,Canada,Onsite,Senior,7,PhD,0
10164,Data Analyst,Medium,E-commerce,Canada,Remote,Entry,1,PhD,0
10165,Data Engineer,MNC,Education,UK,Hybrid,Senior,7,PhD,0
10166,Business Analyst,Startup,Finance,Australia,Remote,Mid,10,Bachelor,1
10167,Data Analyst,Enterprise,Technology,India,Remote,Entry,6,Master,0
10168,Data Scientist,Startup,Retail,Singapore,Remote,Entry,13,PhD,1
10169,Business Analyst,Enterprise,Retail,Australia,Onsite,Senior,2,Master,0
10170,Data Analyst,MNC,Technology,Germany,Hybrid,Mid,3,PhD,0
10171,Data Analyst,Medium,Finance,Australia,Remote,Entry,2,Master,0
10172,Data Analyst,Medium,Education,Singapore,Onsite,Entry,12,Master,1
10173,Business Analyst,Medium,Retail,USA,Onsite,Entry,8,PhD,1
10174,Data Scientist,Medium,Retail,Germany,Hybrid,Mid,4,PhD,1
10175,Data Analyst,Enterprise,Technology,Singapore,Onsite,Entry,6,PhD,0
10176,AI Engineer,Enterprise,Education,Germany,Remote,Entry,6,Bachelor,0
10177,AI Engineer,MNC,Education,USA,Onsite,Senior,0,PhD,1
10178,Data Engineer,Startup,Healthcare,Australia,Hybrid,Senior,12,PhD,0
10179,Data Engineer,MNC,Technology,Canada,Remote,Entry,7,PhD,1
10180,Business Analyst,Medium,Education,USA,Onsite,Mid,9,Master,1
10181,AI Engineer,Startup,Retail,India,Onsite,Mid,13,Bachelor,0
10182,Data Engineer,Medium,Finance,Australia,Onsite,Entry,8,Master,0
10183,AI Engineer,Enterprise,Finance,Singapore,Hybrid,Entry,4,Bachelor,1
10184,Data Scientist,MNC,E-commerce,Canada,Hybrid,Mid,6,Master,0
10185,Machine Learning Engineer,Startup,Healthcare,Singapore,Onsite,Senior,10,PhD,1
10186,Data Scientist,Startup,Retail,Australia,Onsite,Senior,8,Master,1
10187,Data Scientist,Startup,Healthcare,Australia,Hybrid,Mid,10,PhD,0
10188,Data Analyst,MNC,Finance,Singapore,Remote,Senior,4,Bachelor,0
10189,Data Analyst,MNC,Retail,Australia,Hybrid,Entry,7,Bachelor,0
10190,Data Engineer,MNC,E-commerce,Australia,Onsite,Mid,10,Master,0
10191,Data Scientist,Medium,Healthcare,USA,Remote,Entry,2,Bachelor,1
10192,Business Analyst,Enterprise,E-commerce,Australia,Onsite,Senior,6,Master,1
10193,Business Analyst,Startup,E-commerce,India,Hybrid,Mid,12,Bachelor,0
10194,Machine Learning Engineer,Medium,Technology,UK,Hybrid,Mid,2,Master,1
10195,Machine Learning Engineer,Startup,Finance,Singapore,Remote,Mid,3,Bachelor,0
10196,Data Analyst,Medium,Education,Australia,Remote,Entry,0,Bachelor,0
10197,Machine Learning Engineer,Startup,Finance,UK,Hybrid,Mid,7,Bachelor,0
10198,Data Engineer,MNC,Education,India,Hybrid,Mid,4,PhD,0
10199,Business Analyst,Medium,Healthcare,India,Hybrid,Senior,3,Bachelor,1
10200,AI Engineer,MNC,Finance,Germany,Onsite,Senior,10,Bachelor,1
10201,AI Engineer,Startup,Finance,India,Onsite,Senior,1,Bachelor,1
10202,Data Analyst,Medium,Technology,Australia,Remote,Senior,8,Master,1
10203,Data Analyst,Medium,Technology,Australia,Hybrid,Senior,12,Master,0
10204,Data Scientist,MNC,E-commerce,Australia,Remote,Entry,11,Master,0
10205,Business Analyst,Enterprise,Retail,Canada,Hybrid,Entry,12,PhD,1
10206,Business Analyst,Startup,E-commerce,Singapore,Onsite,Senior,2,PhD,1
10207,Business Analyst,MNC,Education,Singapore,Onsite,Entry,2,Bachelor,0
10208,AI Engineer,Medium,Healthcare,Australia,Hybrid,Mid,12,Bachelor,1
10209,Data Engineer,Medium,Retail,Canada,Hybrid,Entry,2,PhD,1
10210,Data Analyst,MNC,Healthcare,India,Hybrid,Entry,13,Master,1
10211,Business Analyst,Medium,Healthcare,India,Hybrid,Mid,11,Bachelor,0
10212,Business Analyst,Medium,Technology,Germany,Remote,Senior,14,PhD,1
10213,Data Engineer,Enterprise,E-commerce,Australia,Remote,Entry,12,Master,1
10214,Data Scientist,MNC,Finance,USA,Onsite,Entry,10,PhD,1
10215,Data Analyst,Startup,Education,UK,Onsite,Mid,3,PhD,1
10216,Data Scientist,Medium,Technology,Singapore,Onsite,Senior,1,PhD,1
10217,AI Engineer,Startup,Education,UK,Remote,Entry,14,PhD,0
10218,Data Scientist,Startup,Retail,India,Hybrid,Mid,2,PhD,0
10219,Data Engineer,Startup,Education,Australia,Onsite,Mid,14,PhD,1
10220,Data Scientist,Enterprise,Finance,Canada,Remote,Entry,1,Master,0
10221,Machine Learning Engineer,Enterprise,E-commerce,Singapore,Hybrid,Senior,9,PhD,1
10222,Machine Learning Engineer,MNC,Healthcare,USA,Remote,Senior,8,PhD,1
10223,Business Analyst,Medium,Retail,India,Remote,Senior,7,Master,0
10224,Data Engineer,Enterprise,E-commerce,USA,Hybrid,Entry,9,Bachelor,0
10225,AI Engineer,MNC,Retail,Singapore,Onsite,Mid,6,Bachelor,1
10226,Data Engineer,MNC,Finance,Canada,Onsite,Entry,3,PhD,1
10227,Data Analyst,Startup,Healthcare,USA,Remote,Mid,6,Bachelor,0
10228,Machine Learning Engineer,Enterprise,Retail,Australia,Onsite,Entry,12,PhD,0
10229,Data Engineer,Startup,Education,Germany,Hybrid,Entry,6,Master,1
10230,Data Engineer,Startup,Education,Singapore,Hybrid,Senior,8,Master,0
10231,Data Engineer,Medium,Healthcare,India,Remote,Mid,8,Bachelor,1
10232,Business Analyst,MNC,Healthcare,India,Hybrid,Mid,4,Master,0
10233,AI Engineer,Medium,Retail,Singapore,Hybrid,Senior,6,PhD,0
10234,Data Scientist,Enterprise,Finance,India,Remote,Mid,6,PhD,1
10235,Data Analyst,Startup,Finance,Canada,Onsite,Entry,2,PhD,0
10236,AI Engineer,Enterprise,Retail,USA,Hybrid,Entry,13,Master,1
10237,AI Engineer,Startup,Education,Germany,Hybrid,Mid,10,Bachelor,0
10238,Data Scientist,Medium,Healthcare,Germany,Onsite,Entry,0,Master,0
10239,Data Analyst,Medium,Healthcare,Australia,Remote,Mid,14,PhD,0
10240,Machine Learning Engineer,MNC,Finance,UK,Remote,Senior,1,Bachelor,0
10241,AI Engineer,Enterprise,Healthcare,Germany,Onsite,Entry,3,PhD,1
10242,Data Analyst,Startup,Education,Singapore,Remote,Mid,0,PhD,0
10243,Data Scientist,Startup,Healthcare,Canada,Onsite,Entry,12,Bachelor,0
10244,Data Engineer,Startup,Retail,Germany,Hybrid,Senior,5,Bachelor,1
10245,Machine Learning Engineer,Medium,Finance,Canada,Onsite,Entry,5,PhD,0
10246,Data Scientist,Startup,Retail,Canada,Onsite,Senior,13,Master,1
10247,Data Engineer,MNC,Retail,India,Remote,Senior,8,Master,0
10248,Data Scientist,Enterprise,E-commerce,USA,Hybrid,Mid,8,Bachelor,0
10249,Data Engineer,Enterprise,Retail,Canada,Remote,Entry,2,Bachelor,0
10250,Data Scientist,MNC,Technology,USA,Onsite,Mid,14,Master,0
10251,Machine Learning Engineer,Medium,Retail,Germany,Hybrid,Entry,8,Bachelor,1
10252,Data Engineer,Enterprise,Technology,Singapore,Hybrid,Senior,13,PhD,0
10253,Business Analyst,Startup,Retail,India,Onsite,Entry,13,Master,1
10254,Data Engineer,MNC,E-commerce,Canada,Remote,Senior,3,PhD,0
10255,Data Engineer,MNC,Healthcare,USA,Hybrid,Entry,12,PhD,0
10256,Data Analyst,Enterprise,Education,Germany,Remote,Entry,8,Master,0
10257,Data Scientist,Medium,E-commerce,UK,Hybrid,Mid,13,Master,1
10258,Data Scientist,Enterprise,Education,Canada,Hybrid,Senior,9,Bachelor,0
10259,Data Engineer,MNC,Healthcare,Germany,Onsite,Entry,9,Master,0
10260,Data Engineer,Enterprise,E-commerce,Singapore,Onsite,Entry,0,Master,0
10261,Data Analyst,Enterprise,Healthcare,Australia,Remote,Mid,0,PhD,0
10262,Business Analyst,Startup,Technology,USA,Remote,Mid,3,PhD,1
10263,AI Engineer,Startup,E-commerce,UK,Remote,Mid,1,Master,1
10264,Machine Learning Engineer,Medium,Finance,UK,Remote,Senior,14,Bachelor,1
10265,Data Scientist,Medium,E-commerce,Australia,Remote,Senior,6,PhD,0
10266,AI Engineer,Medium,Retail,Singapore,Remote,Mid,4,Bachelor,0
10267,Business Analyst,Startup,Education,Germany,Hybrid,Senior,11,Bachelor,0
10268,Data Engineer,Startup,E-commerce,UK,Hybrid,Senior,11,Master,1
10269,AI Engineer,Startup,Finance,Singapore,Onsite,Entry,3,Master,0
10270,Data Analyst,Startup,Education,Singapore,Remote,Entry,6,Master,1
10271,Data Scientist,MNC,E-commerce,UK,Onsite,Senior,13,PhD,0
10272,Data Scientist,Medium,Education,Germany,Hybrid,Senior,13,PhD,1
10273,Machine Learning Engineer,Medium,Retail,USA,Hybrid,Entry,12,Master,0
10274,Data Scientist,Enterprise,Retail,Germany,Hybrid,Entry,6,PhD,1
10275,Data Analyst,Medium,Education,Australia,Onsite,Senior,10,PhD,1
10276,AI Engineer,Startup,Education,Canada,Onsite,Mid,7,Bachelor,0
10277,Machine Learning Engineer,Enterprise,Education,UK,Hybrid,Entry,2,Bachelor,1
10278,Data Engineer,Medium,Education,Canada,Remote,Mid,11,Master,1
10279,Data Engineer,Startup,E-commerce,USA,Onsite,Mid,8,Master,1
10280,AI Engineer,MNC,E-commerce,Canada,Onsite,Entry,12,Bachelor,0
10281,Machine Learning Engineer,Medium,Finance,Australia,Remote,Entry,7,Master,0
10282,AI Engineer,Medium,Finance,Germany,Remote,Senior,0,Bachelor,1
10283,Data Engineer,Startup,Education,USA,Remote,Senior,1,Bachelor,0
10284,Business Analyst,Medium,Education,Canada,Onsite,Senior,9,Master,1
10285,Data Engineer,Enterprise,Healthcare,India,Hybrid,Mid,11,Bachelor,1
10286,Data Scientist,Medium,Healthcare,Australia,Remote,Entry,10,PhD,1
10287,AI Engineer,Enterprise,Technology,UK,Hybrid,Senior,13,Bachelor,1
10288,Data Scientist,Enterprise,Education,Canada,Hybrid,Entry,2,Bachelor,1
10289,AI Engineer,Enterprise,Finance,Singapore,Onsite,Mid,1,PhD,0
10290,Data Engineer,MNC,Finance,Germany,Remote,Entry,3,Bachelor,1
10291,Data Engineer,MNC,Education,USA,Remote,Senior,8,Master,1
10292,Data Analyst,Medium,Education,India,Onsite,Mid,12,Bachelor,0
10293,Data Analyst,Enterprise,E-commerce,Singapore,Onsite,Mid,0,Bachelor,0
10294,Business Analyst,MNC,Education,Germany,Onsite,Senior,9,Master,1
10295,Data Analyst,Medium,Finance,Australia,Hybrid,Senior,8,Bachelor,1
10296,Business Analyst,Enterprise,Technology,Australia,Remote,Senior,7,Bachelor,0
10297,Machine Learning Engineer,Startup,Healthcare,India,Remote,Entry,1,Bachelor,0
10298,Machine Learning Engineer,Enterprise,Finance,Australia,Onsite,Mid,10,Bachelor,1
10299,Data Analyst,MNC,Education,Singapore,Hybrid,Senior,5,PhD,1
10300,Machine Learning Engineer,Medium,Technology,Germany,Remote,Senior,3,Master,0
10301,Business Analyst,Enterprise,Healthcare,Canada,Remote,Senior,0,Bachelor,1
10302,Business Analyst,Enterprise,Technology,India,Onsite,Entry,10,PhD,0
10303,Data Engineer,Startup,Education,Singapore,Hybrid,Mid,9,Master,0
10304,AI Engineer,Medium,Retail,Canada,Remote,Senior,7,PhD,0
10305,Data Analyst,Startup,Retail,India,Hybrid,Mid,1,PhD,1
10306,Business Analyst,Enterprise,E-commerce,India,Remote,Entry,4,Master,0
10307,AI Engineer,Startup,Technology,USA,Hybrid,Mid,5,Bachelor,1
10308,Machine Learning Engineer,Enterprise,Finance,USA,Onsite,Senior,6,Master,1
10309,Data Engineer,Startup,E-commerce,Australia,Onsite,Mid,10,Master,0
10310,AI Engineer,MNC,E-commerce,Australia,Hybrid,Senior,6,Bachelor,1
10311,Data Engineer,Startup,E-commerce,Germany,Onsite,Mid,2,Bachelor,0
10312,Data Analyst,Medium,Retail,UK,Onsite,Senior,3,PhD,1
10313,Data Scientist,Enterprise,Healthcare,Germany,Hybrid,Entry,12,PhD,1
10314,Business Analyst,Enterprise,Finance,USA,Onsite,Mid,2,Bachelor,0
10315,Business Analyst,MNC,Education,Germany,Onsite,Entry,7,Master,1
10316,AI Engineer,Enterprise,Technology,Germany,Hybrid,Senior,0,PhD,0
10317,Data Scientist,MNC,Retail,USA,Remote,Senior,3,Bachelor,1
10318,Business Analyst,Startup,Education,UK,Hybrid,Senior,4,Master,0
10319,Machine Learning Engineer,Startup,Technology,USA,Hybrid,Senior,6,Bachelor,0
10320,Machine Learning Engineer,Startup,E-commerce,Germany,Onsite,Mid,8,Master,0
10321,Business Analyst,Enterprise,Healthcare,Singapore,Remote,Senior,7,Bachelor,0
10322,Data Analyst,Enterprise,Retail,USA,Hybrid,Senior,3,Master,0
10323,Business Analyst,Startup,Healthcare,Germany,Remote,Senior,7,Bachelor,0
10324,Data Scientist,Medium,Healthcare,USA,Onsite,Entry,9,PhD,0
10325,AI Engineer,Startup,Technology,Singapore,Remote,Entry,12,Bachelor,1
10326,Data Scientist,MNC,Healthcare,India,Hybrid,Mid,14,Bachelor,1
10327,AI Engineer,Medium,Finance,Canada,Onsite,Entry,4,Master,0
10328,Data Analyst,Medium,Education,Canada,Remote,Entry,1,Bachelor,1
10329,Machine Learning Engineer,MNC,Finance,USA,Onsite,Mid,5,PhD,1
10330,Business Analyst,MNC,E-commerce,Singapore,Hybrid,Mid,14,Master,1
10331,Data Engineer,Startup,Healthcare,Australia,Onsite,Entry,4,Master,1
10332,AI Engineer,MNC,Education,Australia,Onsite,Senior,2,Bachelor,1
10333,Business Analyst,Enterprise,Education,USA,Onsite,Senior,6,Bachelor,1
10334,Data Engineer,MNC,Retail,Germany,Onsite,Mid,4,Master,0
10335,Data Analyst,MNC,E-commerce,UK,Onsite,Entry,11,Bachelor,1
10336,Data Scientist,Medium,Education,India,Remote,Entry,5,PhD,0
10337,Machine Learning Engineer,Medium,Education,Australia,Hybrid,Mid,2,PhD,0
10338,Data Engineer,Startup,Education,Germany,Hybrid,Senior,0,PhD,1
10339,Business Analyst,MNC,Technology,India,Hybrid,Mid,1,PhD,1
10340,Data Engineer,MNC,Retail,Canada,Hybrid,Mid,14,Master,1
10341,Machine Learning Engineer,Medium,Retail,Australia,Remote,Entry,10,Master,0
10342,Business Analyst,Medium,Technology,UK,Onsite,Mid,6,PhD,0
10343,Machine Learning Engineer,Medium,Finance,Canada,Remote,Mid,10,Bachelor,1
10344,Business Analyst,Enterprise,Finance,Australia,Hybrid,Entry,9,Master,1
10345,Data Analyst,Medium,Education,Australia,Hybrid,Mid,5,Master,1
