job_id,candidate_id,required_skill_coverage,skill_proficiency,experience_fit,verified_credential_ratio,education_fit,assessment_performance,avg_evidence_confidence_on_required,same_role_family,match_score,match_pct,recruiter_relevance_0_3,shortlisted
J0001,C0160,0.667,0.667,1.0,0.333,1.0,0.0,0.895,True,0.633,63.3,1,False
J0001,C0149,0.667,1.0,1.0,0.667,1.0,0.0,0.99,True,0.733,73.3,2,True
J0001,C0258,1.0,0.667,0.0,0.0,1.0,0.3,0.64,True,0.613,61.3,1,False
J0001,C0240,0.667,1.0,1.0,0.0,1.0,0.0,0.5,True,0.667,66.7,2,True
J0001,C0144,0.667,0.5,0.0,0.0,1.0,0.0,0.6,True,0.417,41.7,1,False
J0001,C0313,1.0,0.667,0.0,0.0,1.0,0.0,0.533,True,0.583,58.3,1,False
J0001,C0479,0.333,1.0,1.0,0.0,1.0,0.0,0.6,True,0.533,53.3,1,False
J0001,C0518,0.667,0.667,0.0,0.333,1.0,0.0,0.785,True,0.483,48.3,0,False
J0001,C0114,0.667,0.667,1.0,0.0,1.0,0.0,0.82,True,0.6,60.0,2,True
J0001,C0078,0.333,0.667,0.0,0.333,1.0,0.0,0.97,True,0.35,35.0,0,False
J0001,C0128,0.667,0.667,0.0,0.0,1.0,0.0,0.78,True,0.45,45.0,1,False
J0001,C0210,0.333,0.667,0.0,0.0,1.0,0.0,0.4,True,0.317,31.7,0,False
J0001,C0080,0.667,1.0,0.75,0.0,1.0,0.64,0.76,True,0.693,69.3,2,True
J0001,C0314,1.0,0.889,1.0,0.0,0.5,0.52,0.64,True,0.805,80.5,3,True
J0001,C0520,0.333,1.0,1.0,0.333,1.0,0.0,0.99,False,0.567,56.7,1,False
J0001,C0170,0.0,0.0,0.6,0.0,1.0,0.0,0.0,False,0.14,14.0,0,False
J0001,C0321,0.0,0.0,0.0,0.0,1.0,0.0,0.0,False,0.05,5.0,0,False
J0001,C0339,0.0,0.0,0.75,0.0,1.0,0.0,0.0,False,0.162,16.2,0,False
J0001,C0337,1.0,0.556,0.0,0.0,1.0,0.0,0.72,True,0.561,56.1,1,False
J0001,C0087,0.0,0.0,0.0,0.0,1.0,0.0,0.0,False,0.05,5.0,0,False
J0001,C0099,0.0,0.0,0.55,0.0,1.0,0.0,0.0,False,0.132,13.2,0,False
J0001,C0283,0.0,0.0,0.0,0.0,1.0,0.0,0.0,False,0.05,5.0,0,False
J0001,C0033,0.0,0.0,0.8,0.0,1.0,0.0,0.0,False,0.17,17.0,0,False
J0001,C0386,0.0,0.0,0.0,0.0,1.0,0.0,0.0,False,0.05,5.0,0,False
J0001,C0535,0.333,0.667,0.85,0.0,1.0,0.0,0.78,True,0.444,44.4,0,False
J0002,C0374,0.5,0.417,0.0,0.5,1.0,0.0,0.99,True,0.383,38.3,0,False
J0002,C0115,0.5,0.667,0.12,0.0,0.5,0.43,0.84,True,0.419,41.9,0,False
J0002,C0006,0.5,1.0,0.94,0.0,1.0,0.97,0.86,True,0.688,68.8,3,True
J0002,C0541,0.75,0.889,0.56,0.25,1.0,0.0,0.797,True,0.637,63.7,1,False
J0002,C0248,0.75,0.611,0.0,0.0,1.0,0.0,0.66,True,0.472,47.2,0,False
J0002,C0341,0.75,1.0,0.6,0.25,1.0,0.87,0.823,True,0.752,75.2,3,True
J0002,C0378,0.5,0.667,0.6,0.5,1.0,0.52,0.99,True,0.575,57.5,1,False
J0002,C0204,0.75,0.556,0.78,0.0,1.0,0.24,0.9,True,0.602,60.2,1,False
J0002,C0306,0.75,0.5,0.0,0.5,0.5,0.0,0.853,True,0.475,47.5,1,False
J0002,C0444,0.5,0.333,0.0,0.0,1.0,0.0,0.6,True,0.317,31.7,0,False
J0002,C0595,0.75,0.556,0.0,0.25,0.5,0.0,0.723,True,0.461,46.1,1,False
J0002,C0376,1.0,1.0,0.82,0.0,1.0,0.0,0.705,True,0.773,77.3,2,True
J0002,C0501,0.75,0.556,0.26,0.75,1.0,0.0,0.99,True,0.575,57.5,1,False
J0002,C0083,0.5,0.333,0.0,0.0,1.0,0.15,0.9,True,0.332,33.2,0,False
J0002,C0155,0.0,0.0,0.34,0.0,1.0,0.0,0.0,False,0.101,10.1,0,False
J0002,C0036,0.0,0.0,0.0,0.0,1.0,0.0,0.0,False,0.05,5.0,0,False
J0002,C0111,0.25,0.333,0.0,0.0,1.0,0.28,0.9,False,0.245,24.5,0,False
J0002,C0069,0.5,0.667,0.0,0.25,1.0,0.0,0.785,False,0.408,40.8,0,False
J0002,C0446,0.0,0.0,0.22,0.0,0.0,0.0,0.0,False,0.033,3.3,0,False
J0002,C0150,0.0,0.0,0.0,0.0,0.5,0.0,0.0,False,0.025,2.5,0,False
J0002,C0535,0.25,1.0,0.34,0.0,1.0,0.0,0.82,False,0.401,40.1,0,False
J0002,C0192,0.0,0.0,0.68,0.0,1.0,0.0,0.0,False,0.152,15.2,0,False
J0002,C0049,0.0,0.0,0.0,0.0,1.0,0.0,0.0,False,0.05,5.0,0,False
J0002,C0357,0.25,1.0,0.5,0.0,1.0,0.97,0.9,False,0.522,52.2,1,False
J0002,C0381,0.5,0.75,0.0,0.0,1.0,0.19,0.75,False,0.419,41.9,0,False
J0003,C0408,0.5,1.0,0.0,0.5,0.5,0.0,0.99,True,0.475,47.5,1,False
J0003,C0292,0.0,0.0,0.0,0.0,1.0,0.0,0.0,True,0.05,5.0,0,False
J0003,C0146,0.5,1.0,0.0,0.5,1.0,0.61,0.99,True,0.561,56.1,1,False
J0003,C0442,1.0,0.75,0.0,1.0,1.0,0.37,0.98,True,0.737,73.7,2,True
J0003,C0311,1.0,0.75,1.0,0.5,0.5,0.0,0.695,True,0.775,77.5,3,True
J0003,C0368,0.5,1.0,0.0,0.5,0.5,0.0,0.97,True,0.475,47.5,0,False
J0003,C0307,0.0,0.0,0.0,0.0,0.5,0.0,0.0,True,0.025,2.5,0,False
J0003,C0358,0.5,1.0,1.0,0.5,1.0,0.33,0.99,True,0.683,68.3,2,True
J0003,C0013,0.5,1.0,0.633,0.5,0.5,0.63,0.99,True,0.633,63.3,2,True
J0003,C0414,0.5,1.0,0.733,0.5,0.5,0.0,0.99,True,0.585,58.5,2,True
J0003,C0446,1.0,0.75,0.367,1.0,0.5,0.395,0.99,True,0.77,77.0,2,True
J0003,C0481,1.0,1.0,0.867,0.0,0.5,0.0,0.8,True,0.755,75.5,3,True
J0003,C0462,0.5,1.0,0.0,0.5,0.5,0.0,0.97,True,0.475,47.5,1,False
J0003,C0405,0.0,0.0,0.0,0.0,1.0,0.0,0.0,True,0.05,5.0,0,False
J0003,C0467,0.0,0.0,0.0,0.0,1.0,0.0,0.0,False,0.05,5.0,0,False
J0003,C0010,0.0,0.0,0.567,0.0,1.0,0.0,0.0,False,0.135,13.5,0,False
J0003,C0491,0.0,0.0,0.0,0.0,1.0,0.0,0.0,False,0.05,5.0,0,False
J0003,C0039,0.0,0.0,0.0,0.0,1.0,0.0,0.0,False,0.05,5.0,0,False
J0003,C0145,0.0,0.0,1.0,0.0,1.0,0.0,0.0,False,0.2,20.0,0,False
J0003,C0178,0.0,0.0,0.0,0.0,1.0,0.0,0.0,False,0.05,5.0,0,False
J0003,C0097,0.0,0.0,0.8,0.0,1.0,0.0,0.0,False,0.17,17.0,0,False
J0003,C0015,0.0,0.0,0.0,0.0,1.0,0.0,0.0,False,0.05,5.0,0,False
J0003,C0337,0.0,0.0,0.0,0.0,1.0,0.0,0.0,False,0.05,5.0,0,False
J0003,C0423,0.0,0.0,1.0,0.0,1.0,0.0,0.0,False,0.2,20.0,0,False
J0004,C0104,1.0,0.417,1.0,1.0,0.5,0.29,0.99,True,0.787,78.7,3,True
J0004,C0195,0.5,1.0,1.0,0.5,0.5,0.0,0.99,True,0.625,62.5,2,True
J0004,C0140,0.5,1.0,1.0,0.5,0.5,0.0,0.99,True,0.625,62.5,1,False
J0004,C0311,0.5,1.0,1.0,0.0,0.5,0.0,0.8,True,0.575,57.5,2,True
J0004,C0361,1.0,0.833,1.0,1.0,0.5,0.0,0.99,True,0.842,84.2,3,True
J0004,C0358,0.5,0.667,1.0,0.5,1.0,0.54,0.99,True,0.637,63.7,1,False
J0004,C0307,0.5,0.333,1.0,0.5,0.5,0.0,0.99,True,0.492,49.2,1,False
J0004,C0442,0.5,0.333,1.0,0.5,1.0,0.34,0.99,True,0.551,55.1,1,False
J0004,C0289,0.5,1.0,1.0,0.0,0.5,0.0,0.82,True,0.575,57.5,2,True
J0004,C0368,1.0,0.417,1.0,0.5,0.5,0.0,0.875,True,0.708,70.8,2,True
J0004,C0200,0.5,1.0,1.0,0.5,0.5,0.75,0.99,True,0.7,70.0,1,False
J0004,C0130,1.0,0.667,1.0,1.0,0.5,0.0,0.99,True,0.808,80.8,3,True
J0004,C0404,1.0,0.417,1.0,1.0,0.5,0.33,0.99,True,0.791,79.1,3,True
J0004,C0151,1.0,1.0,1.0,1.0,0.5,0.86,0.99,True,0.961,96.1,3,True
J0004,C0497,0.0,0.0,1.0,0.0,1.0,0.0,0.0,False,0.2,20.0,0,False
J0004,C0063,0.0,0.0,1.0,0.0,1.0,0.0,0.0,False,0.2,20.0,0,False
J0004,C0452,0.0,0.0,1.0,0.0,1.0,0.0,0.0,False,0.2,20.0,0,False
J0004,C0547,0.0,0.0,1.0,0.0,1.0,0.0,0.0,False,0.2,20.0,0,False
J0004,C0554,0.0,0.0,1.0,0.0,1.0,0.0,0.0,False,0.2,20.0,0,False
J0004,C0216,0.0,0.0,1.0,0.0,1.0,0.0,0.0,False,0.2,20.0,0,False
J0004,C0373,0.0,0.0,1.0,0.0,1.0,0.0,0.0,False,0.2,20.0,0,False
J0004,C0297,0.0,0.0,1.0,0.0,1.0,0.0,0.0,False,0.2,20.0,0,False
J0004,C0279,0.0,0.0,1.0,0.0,1.0,0.0,0.0,False,0.2,20.0,0,False
J0004,C0466,0.0,0.0,1.0,0.0,1.0,0.0,0.0,False,0.2,20.0,0,False
J0004,C0131,0.0,0.0,1.0,0.0,1.0,0.0,0.0,False,0.2,20.0,0,False
J0005,C0536,0.2,0.667,0.9,0.0,1.0,0.0,0.6,True,0.398,39.8,1,False
J0005,C0294,0.2,0.667,0.45,0.0,0.5,0.0,0.8,True,0.306,30.6,0,False
J0005,C0074,0.6,1.0,1.0,0.0,1.0,0.865,0.867,True,0.726,72.6,3,True
J0005,C0089,0.8,0.417,0.325,0.0,1.0,0.33,0.775,True,0.535,53.5,1,False
J0005,C0579,0.8,0.667,0.85,0.0,0.5,0.55,0.785,True,0.661,66.1,2,True
J0005,C0087,0.8,0.417,0.0,0.2,1.0,0.0,0.782,True,0.473,47.3,1,False
J0005,C0027,0.6,0.889,0.7,0.0,1.0,0.5,0.833,True,0.623,62.3,1,False
J0005,C0456,0.6,0.444,0.0,0.0,1.0,0.0,0.773,True,0.379,37.9,0,False
J0005,C0330,1.0,0.933,0.475,0.0,1.0,0.0,0.708,True,0.708,70.8,2,True
J0005,C0500,0.6,0.444,0.0,0.4,1.0,0.0,0.907,True,0.419,41.9,1,False
J0005,C0293,0.8,0.792,0.375,0.0,1.0,0.0,0.78,True,0.585,58.5,1,False
J0005,C0270,0.4,0.583,0.0,0.2,1.0,0.0,0.795,True,0.347,34.7,0,False
J0005,C0005,0.6,0.889,0.0,0.6,1.0,0.0,0.977,True,0.528,52.8,1,False
J0005,C0469,0.4,0.833,0.475,0.0,1.0,0.0,0.7,True,0.448,44.8,0,False
J0005,C0584,0.6,0.444,0.15,0.4,1.0,0.0,0.933,True,0.441,44.1,0,False
J0005,C0015,0.2,0.5,0.0,0.2,0.5,0.38,0.99,False,0.263,26.3,0,False
J0005,C0491,0.2,0.333,0.0,0.2,1.0,0.0,0.97,False,0.217,21.7,0,False
J0005,C0040,0.4,0.667,0.825,0.0,0.5,0.4,0.75,True,0.482,48.2,1,False
J0005,C0107,0.0,0.0,0.0,0.0,1.0,0.0,0.0,False,0.05,5.0,0,False
J0005,C0310,0.0,0.0,1.0,0.0,1.0,0.0,0.0,False,0.2,20.0,0,False
J0005,C0217,0.0,0.0,0.0,0.0,1.0,0.0,0.0,False,0.05,5.0,0,False
J0005,C0004,0.6,0.722,0.375,0.0,1.0,0.9,0.78,False,0.581,58.1,1,False
J0005,C0377,0.0,0.0,0.0,0.0,1.0,0.0,0.0,False,0.05,5.0,0,False
J0005,C0556,0.2,0.5,0.625,0.0,1.0,0.0,0.6,False,0.324,32.4,0,False
J0005,C0311,0.0,0.0,0.85,0.0,0.0,0.0,0.0,False,0.128,12.8,0,False
J0006,C0319,0.0,0.0,1.0,0.0,1.0,0.0,0.0,True,0.2,20.0,0,False
J0006,C0136,0.667,0.75,0.0,0.333,1.0,0.0,0.875,True,0.5,50.0,1,False
J0006,C0315,0.667,0.75,1.0,0.0,1.0,0.88,0.86,True,0.705,70.5,2,True
J0006,C0228,0.333,1.0,0.95,0.0,1.0,0.0,0.82,True,0.526,52.6,1,False
J0006,C0256,0.667,1.0,1.0,0.0,1.0,0.0,0.7,True,0.667,66.7,2,True
J0006,C0548,0.333,1.0,1.0,0.0,1.0,0.0,0.82,True,0.533,53.3,1,False
J0006,C0145,0.667,1.0,1.0,0.333,1.0,0.0,0.795,True,0.7,70.0,2,True
J0006,C0277,0.667,0.667,1.0,0.0,1.0,0.0,0.79,True,0.6,60.0,1,False
J0006,C0491,0.667,0.5,0.0,0.333,1.0,0.23,0.935,True,0.473,47.3,1,False
J0006,C0247,0.667,1.0,1.0,0.0,1.0,0.65,0.88,True,0.732,73.2,2,True
J0006,C0561,1.0,0.889,1.0,0.0,0.5,0.0,0.733,True,0.753,75.3,2,True
J0006,C0440,1.0,0.889,1.0,0.667,1.0,0.56,0.967,True,0.9,90.0,3,True
J0006,C0159,0.667,0.417,0.7,0.0,0.5,0.23,0.92,True,0.503,50.3,1,False
J0006,C0276,1.0,1.0,1.0,0.667,0.5,0.67,0.853,True,0.909,90.9,3,True
J0006,C0034,0.333,0.5,0.0,0.0,1.0,0.0,0.6,False,0.283,28.3,0,False
J0006,C0208,0.333,1.0,0.6,0.0,1.0,0.42,0.92,False,0.515,51.5,1,False
J0006,C0436,0.0,0.0,1.0,0.0,0.5,0.0,0.0,False,0.175,17.5,0,False
J0006,C0027,0.0,0.0,1.0,0.0,1.0,0.0,0.0,False,0.2,20.0,0,False
J0006,C0127,0.0,0.0,0.0,0.0,1.0,0.0,0.0,False,0.05,5.0,0,False
J0006,C0192,0.333,1.0,1.0,0.0,1.0,0.47,0.92,False,0.58,58.0,1,False
J0006,C0482,0.0,0.0,0.0,0.0,0.5,0.0,0.0,False,0.025,2.5,0,False
J0006,C0540,0.0,0.0,1.0,0.0,1.0,0.0,0.0,False,0.2,20.0,0,False
J0006,C0186,0.333,0.5,1.0,0.0,1.0,0.0,0.4,False,0.433,43.3,1,False
J0006,C0470,0.0,0.0,1.0,0.0,1.0,0.0,0.0,False,0.2,20.0,0,False
J0006,C0006,0.333,1.0,1.0,0.0,1.0,0.97,0.92,False,0.63,63.0,2,True
J0007,C0140,0.5,0.667,0.567,0.5,0.5,0.0,0.99,True,0.493,49.3,1,False
J0007,C0481,0.5,1.0,0.867,0.0,0.5,0.0,0.78,True,0.555,55.5,1,False
J0007,C0442,1.0,0.417,0.0,1.0,1.0,0.37,0.99,True,0.67,67.0,1,False
J0007,C0018,0.0,0.0,0.967,0.0,0.5,0.0,0.0,True,0.17,17.0,0,False
J0007,C0130,1.0,0.75,0.733,1.0,0.5,0.0,0.97,True,0.785,78.5,3,True
J0007,C0361,0.5,0.667,0.633,0.5,0.5,0.49,0.99,True,0.552,55.2,1,False
J0007,C0414,1.0,1.0,0.733,1.0,0.5,0.0,0.98,True,0.835,83.5,3,True
J0007,C0151,0.0,0.0,1.0,0.0,0.5,0.0,0.0,True,0.175,17.5,0,False
J0007,C0013,1.0,0.833,0.633,1.0,0.5,0.61,0.99,True,0.848,84.8,3,True
J0007,C0104,1.0,1.0,0.8,1.0,0.5,0.41,0.99,True,0.886,88.6,3,True
J0007,C0368,0.5,0.5,0.0,0.5,0.5,0.0,0.99,True,0.375,37.5,0,False
J0007,C0249,0.0,0.0,0.8,0.0,0.5,0.0,0.0,True,0.145,14.5,0,False
J0007,C0146,0.0,0.0,0.0,0.0,1.0,0.0,0.0,True,0.05,5.0,0,False
J0007,C0195,0.5,0.333,0.0,0.5,0.5,0.0,0.99,True,0.342,34.2,0,False
J0007,C0433,0.0,0.0,1.0,0.0,1.0,0.0,0.0,False,0.2,20.0,0,False
J0007,C0563,0.0,0.0,0.767,0.0,1.0,0.0,0.0,False,0.165,16.5,0,False
J0007,C0557,0.0,0.0,0.667,0.0,1.0,0.0,0.0,False,0.15,15.0,0,False
J0007,C0471,0.0,0.0,0.0,0.0,1.0,0.0,0.0,False,0.05,5.0,0,False
J0007,C0384,0.0,0.0,1.0,0.0,1.0,0.0,0.0,False,0.2,20.0,0,False
J0007,C0350,0.0,0.0,1.0,0.0,1.0,0.0,0.0,False,0.2,20.0,0,False
J0007,C0163,0.0,0.0,0.267,0.0,1.0,0.0,0.0,False,0.09,9.0,0,False
J0007,C0588,0.0,0.0,0.0,0.0,1.0,0.0,0.0,False,0.05,5.0,0,False
J0007,C0097,0.0,0.0,0.8,0.0,1.0,0.0,0.0,False,0.17,17.0,0,False
J0007,C0034,0.0,0.0,0.0,0.0,1.0,0.0,0.0,False,0.05,5.0,0,False
J0007,C0059,0.0,0.0,0.367,0.0,1.0,0.0,0.0,False,0.105,10.5,0,False
J0008,C0473,0.667,0.75,1.0,0.667,1.0,0.0,0.97,True,0.683,68.3,2,True
J0008,C0224,1.0,0.833,1.0,0.333,1.0,0.25,0.89,True,0.825,82.5,3,True
J0008,C0063,0.667,0.75,1.0,0.333,1.0,0.29,0.795,True,0.679,67.9,3,True
J0008,C0490,1.0,0.667,1.0,0.0,1.0,0.4,0.827,True,0.773,77.3,2,True
J0008,C0552,1.0,0.833,1.0,0.0,1.0,0.0,0.793,True,0.767,76.7,3,True
J0008,C0312,0.667,0.75,1.0,0.333,1.0,0.0,0.885,True,0.65,65.0,1,False
J0008,C0023,1.0,0.833,1.0,0.0,1.0,0.65,0.833,True,0.832,83.2,3,True
J0008,C0320,0.667,0.75,1.0,0.0,1.0,0.0,0.5,True,0.617,61.7,1,False
J0008,C0169,1.0,1.0,1.0,0.333,1.0,0.0,0.783,True,0.833,83.3,3,True
J0008,C0568,0.333,1.0,1.0,0.0,1.0,0.54,0.94,True,0.587,58.7,1,False
J0008,C0461,1.0,0.833,1.0,0.0,1.0,0.0,0.533,True,0.767,76.7,3,True
J0008,C0581,1.0,0.667,1.0,0.667,1.0,0.0,0.933,True,0.8,80.0,3,True
J0008,C0509,0.333,1.0,1.0,0.0,1.0,0.0,0.6,True,0.533,53.3,1,False
J0008,C0574,0.333,1.0,1.0,0.0,1.0,0.0,0.6,True,0.533,53.3,1,False
J0008,C0136,0.333,0.5,1.0,0.0,1.0,0.0,0.4,False,0.433,43.3,0,False
J0008,C0363,0.0,0.0,1.0,0.0,1.0,0.0,0.0,False,0.2,20.0,0,False
J0008,C0007,0.0,0.0,1.0,0.0,1.0,0.0,0.0,False,0.2,20.0,0,False
J0008,C0561,0.333,1.0,1.0,0.0,0.5,0.0,0.4,False,0.508,50.8,1,False
J0008,C0198,0.0,0.0,1.0,0.0,1.0,0.0,0.0,False,0.2,20.0,0,False
J0008,C0304,0.0,0.0,1.0,0.0,0.5,0.0,0.0,False,0.175,17.5,0,False
J0008,C0034,0.0,0.0,1.0,0.0,1.0,0.0,0.0,False,0.2,20.0,0,False
J0008,C0049,0.0,0.0,1.0,0.0,1.0,0.0,0.0,False,0.2,20.0,0,False
J0008,C0087,0.0,0.0,1.0,0.0,1.0,0.0,0.0,False,0.2,20.0,0,False
J0008,C0481,0.0,0.0,1.0,0.0,0.0,0.0,0.0,False,0.15,15.0,0,False
J0008,C0048,0.0,0.0,1.0,0.0,1.0,0.0,0.0,False,0.2,20.0,0,False
J0009,C0257,0.8,1.0,1.0,0.4,1.0,0.79,0.875,True,0.839,83.9,3,True
J0009,C0348,0.4,1.0,1.0,0.0,1.0,0.0,0.78,True,0.56,56.0,1,False
J0009,C0329,0.4,1.0,1.0,0.2,1.0,0.65,0.885,True,0.645,64.5,3,True
J0009,C0235,0.4,0.75,1.0,0.0,1.0,0.0,0.59,True,0.51,51.0,1,False
J0009,C0039,0.6,0.667,1.0,0.2,0.5,0.0,0.85,True,0.568,56.8,1,False
J0009,C0010,0.4,1.0,1.0,0.2,1.0,0.0,0.875,True,0.58,58.0,1,False
J0009,C0197,0.8,1.0,1.0,0.0,1.0,0.0,0.715,True,0.72,72.0,3,True
J0009,C0522,0.8,1.0,1.0,0.0,1.0,0.0,0.79,True,0.72,72.0,3,True
J0009,C0459,0.6,1.0,1.0,0.6,1.0,0.0,0.983,True,0.7,70.0,3,True
J0009,C0073,0.2,1.0,1.0,0.0,1.0,0.0,0.78,True,0.48,48.0,1,False
J0009,C0309,1.0,1.0,1.0,0.2,1.0,0.0,0.806,True,0.82,82.0,2,True
J0009,C0040,0.2,0.5,1.0,0.0,0.5,0.4,0.9,True,0.395,39.5,0,False
J0009,C0035,0.6,1.0,1.0,0.0,1.0,0.0,0.733,True,0.64,64.0,1,False
J0009,C0135,0.2,1.0,1.0,0.0,1.0,0.0,0.6,True,0.48,48.0,1,False
J0009,C0145,0.0,0.0,1.0,0.0,1.0,0.0,0.0,False,0.2,20.0,0,False
J0009,C0420,0.0,0.0,1.0,0.0,1.0,0.0,0.0,False,0.2,20.0,0,False
J0009,C0094,0.0,0.0,1.0,0.0,1.0,0.0,0.0,False,0.2,20.0,0,False
J0009,C0192,0.0,0.0,1.0,0.0,1.0,0.0,0.0,False,0.2,20.0,0,False
J0009,C0260,0.0,0.0,1.0,0.0,1.0,0.0,0.0,False,0.2,20.0,0,False
J0009,C0268,0.2,1.0,1.0,0.0,0.5,0.0,0.78,False,0.455,45.5,1,False
J0009,C0200,0.0,0.0,1.0,0.0,0.0,0.0,0.0,False,0.15,15.0,0,False
J0009,C0230,0.0,0.0,1.0,0.0,1.0,0.0,0.0,False,0.2,20.0,0,False
J0009,C0461,0.0,0.0,1.0,0.0,1.0,0.0,0.0,False,0.2,20.0,0,False
J0009,C0316,0.2,1.0,1.0,0.0,1.0,0.0,0.78,False,0.48,48.0,1,False
J0009,C0584,0.8,0.75,1.0,0.4,1.0,0.0,0.895,True,0.71,71.0,3,True
J0010,C0300,0.333,1.0,1.0,0.333,1.0,0.0,0.95,True,0.567,56.7,1,False
J0010,C0366,0.333,1.0,1.0,0.0,1.0,0.92,0.9,True,0.625,62.5,2,True
J0010,C0431,0.667,0.75,1.0,0.667,1.0,0.0,0.98,True,0.683,68.3,2,True
J0010,C0441,0.333,0.333,1.0,0.333,1.0,0.0,0.97,True,0.433,43.3,0,False
J0010,C0524,0.667,1.0,1.0,0.667,1.0,0.0,0.99,True,0.733,73.3,2,True
J0010,C0392,0.667,0.5,1.0,0.333,1.0,0.13,0.885,True,0.613,61.3,1,False
J0010,C0150,1.0,0.778,1.0,0.0,0.5,0.66,0.7,True,0.797,79.7,3,True
J0010,C0419,0.667,1.0,1.0,0.333,1.0,0.0,0.795,True,0.7,70.0,2,True
J0010,C0194,0.667,0.75,1.0,0.0,1.0,0.0,0.6,True,0.617,61.7,2,True
J0010,C0212,0.667,0.75,1.0,0.0,1.0,0.0,0.69,True,0.617,61.7,1,False
J0010,C0050,0.667,0.417,1.0,0.667,1.0,0.0,0.97,True,0.617,61.7,1,False
J0010,C0395,0.667,0.417,1.0,0.333,1.0,0.0,0.875,True,0.583,58.3,2,True
J0010,C0117,0.333,0.5,1.0,0.0,1.0,0.39,0.88,True,0.472,47.2,1,False
J0010,C0227,0.667,0.667,1.0,0.0,1.0,0.37,0.77,True,0.637,63.7,1,False
J0010,C0444,0.0,0.0,1.0,0.0,1.0,0.0,0.0,False,0.2,20.0,0,False
J0010,C0187,0.0,0.0,1.0,0.0,0.5,0.0,0.0,False,0.175,17.5,0,False
J0010,C0340,0.0,0.0,1.0,0.0,1.0,0.0,0.0,False,0.2,20.0,0,False
J0010,C0597,0.0,0.0,1.0,0.0,1.0,0.0,0.0,False,0.2,20.0,0,False
J0010,C0504,0.333,0.5,1.0,0.0,1.0,0.0,0.78,False,0.433,43.3,0,False
J0010,C0599,0.333,0.5,1.0,0.0,1.0,0.39,0.9,False,0.472,47.2,1,False
J0010,C0530,0.0,0.0,1.0,0.0,1.0,0.0,0.0,False,0.2,20.0,0,False
J0010,C0579,0.0,0.0,1.0,0.0,0.5,0.0,0.0,False,0.175,17.5,0,False
J0010,C0438,0.0,0.0,1.0,0.0,1.0,0.0,0.0,False,0.2,20.0,0,False
J0010,C0540,0.0,0.0,1.0,0.0,1.0,0.0,0.0,False,0.2,20.0,0,False
J0011,C0116,0.8,0.875,1.0,0.4,1.0,0.35,0.86,True,0.77,77.0,3,True
J0011,C0054,0.4,1.0,1.0,0.4,1.0,0.0,0.97,True,0.6,60.0,2,True
J0011,C0274,1.0,0.767,1.0,0.0,1.0,0.18,0.644,True,0.771,77.1,2,True
J0011,C0582,0.8,0.833,1.0,0.0,1.0,0.61,0.82,True,0.748,74.8,3,True
J0011,C0269,0.4,1.0,1.0,0.4,1.0,0.58,0.98,True,0.658,65.8,2,True
J0011,C0047,0.6,0.833,1.0,0.2,1.0,0.0,0.863,True,0.627,62.7,1,False
J0011,C0325,0.8,1.0,1.0,0.4,1.0,0.605,0.875,True,0.821,82.1,3,True
J0011,C0419,0.8,0.917,1.0,0.2,1.0,0.0,0.792,True,0.723,72.3,3,True
J0011,C0117,0.6,0.778,1.0,0.2,1.0,0.455,0.917,True,0.661,66.1,2,True
J0011,C0441,0.2,1.0,1.0,0.0,1.0,0.21,0.92,True,0.501,50.1,1,False
J0011,C0202,0.4,0.75,1.0,0.2,0.5,0.0,0.905,True,0.505,50.5,0,False
J0011,C0331,0.6,0.778,1.0,0.0,1.0,0.3,0.847,True,0.626,62.6,2,True
J0011,C0026,0.2,0.333,1.0,0.0,1.0,0.0,0.6,True,0.347,34.7,0,False
J0011,C0454,0.4,0.75,1.0,0.0,0.5,0.4,0.84,True,0.525,52.5,1,False
J0011,C0242,0.0,0.0,1.0,0.0,1.0,0.0,0.0,False,0.2,20.0,0,False
J0011,C0346,0.2,0.5,1.0,0.2,1.0,0.0,0.99,False,0.4,40.0,0,False
J0011,C0176,0.0,0.0,1.0,0.0,1.0,0.0,0.0,False,0.2,20.0,0,False
J0011,C0195,0.0,0.0,1.0,0.0,0.0,0.0,0.0,False,0.15,15.0,0,False
J0011,C0217,0.4,0.667,1.0,0.2,1.0,0.385,0.955,True,0.552,55.2,2,True
J0011,C0084,0.2,1.0,1.0,0.0,1.0,0.0,0.82,False,0.48,48.0,1,False
J0011,C0529,0.0,0.0,1.0,0.0,1.0,0.0,0.0,False,0.2,20.0,0,False
J0011,C0429,0.2,1.0,1.0,0.0,1.0,0.0,0.78,False,0.48,48.0,1,False
J0011,C0142,0.2,0.5,1.0,0.0,1.0,0.0,0.78,False,0.38,38.0,0,False
J0011,C0492,0.0,0.0,1.0,0.0,1.0,0.0,0.0,False,0.2,20.0,0,False
J0011,C0032,0.0,0.0,1.0,0.0,1.0,0.0,0.0,False,0.2,20.0,0,False
J0012,C0159,0.667,0.667,0.35,0.0,0.5,0.18,0.84,True,0.496,49.6,1,False
J0012,C0375,1.0,0.611,0.0,0.333,1.0,0.0,0.79,True,0.606,60.6,2,True
J0012,C0335,1.0,0.722,0.0,0.333,1.0,0.48,0.79,True,0.676,67.6,2,True
J0012,C0256,1.0,1.0,0.5,0.0,1.0,0.41,0.767,True,0.766,76.6,3,True
J0012,C0567,0.333,1.0,1.0,0.0,1.0,0.71,0.92,True,0.604,60.4,2,True
J0012,C0391,0.667,0.75,0.25,0.0,1.0,0.15,0.86,True,0.519,51.9,1,False
J0012,C0491,1.0,0.611,0.0,0.333,1.0,0.23,0.83,True,0.629,62.9,3,True
J0012,C0184,0.667,0.667,0.25,0.333,1.0,0.25,0.935,True,0.546,54.6,1,False
J0012,C0548,0.0,0.0,0.525,0.0,1.0,0.0,0.0,True,0.129,12.9,0,False
J0012,C0474,0.333,0.5,0.0,0.333,1.0,0.0,0.99,True,0.317,31.7,0,False
J0012,C0247,1.0,0.889,0.575,0.0,1.0,0.65,0.84,True,0.779,77.9,3,True
J0012,C0145,1.0,1.0,1.0,0.333,1.0,0.0,0.797,True,0.833,83.3,3,True
J0012,C0228,0.667,0.833,0.475,0.0,1.0,0.0,0.8,True,0.555,55.5,1,False
J0012,C0136,1.0,0.611,0.0,0.333,1.0,0.12,0.77,True,0.618,61.8,1,False
J0012,C0599,0.0,0.0,0.0,0.0,1.0,0.0,0.0,False,0.05,5.0,0,False
J0012,C0470,0.0,0.0,1.0,0.0,1.0,0.0,0.0,False,0.2,20.0,0,False
J0012,C0581,0.333,1.0,0.225,0.333,1.0,0.0,0.99,False,0.45,45.0,1,False
J0012,C0098,0.0,0.0,0.0,0.0,0.5,0.0,0.0,False,0.025,2.5,0,False
J0012,C0141,0.0,0.0,1.0,0.0,1.0,0.0,0.0,False,0.2,20.0,0,False
J0012,C0064,0.0,0.0,1.0,0.0,1.0,0.0,0.0,False,0.2,20.0,0,False
J0012,C0446,0.0,0.0,0.275,0.0,0.0,0.0,0.0,False,0.041,4.1,0,False
J0012,C0359,0.0,0.0,0.35,0.0,1.0,0.0,0.0,False,0.103,10.2,0,False
J0012,C0356,0.0,0.0,0.0,0.0,1.0,0.0,0.0,False,0.05,5.0,0,False
J0012,C0198,0.333,0.333,0.0,0.0,1.0,0.0,0.6,False,0.25,25.0,0,False
J0013,C0181,0.6,0.833,1.0,0.0,1.0,0.615,0.807,True,0.668,66.8,2,True
J0013,C0161,0.6,0.833,1.0,0.4,1.0,0.26,0.86,True,0.673,67.3,2,True
J0013,C0053,0.6,0.833,1.0,0.4,1.0,0.0,0.92,True,0.647,64.7,2,True
J0013,C0221,0.8,1.0,1.0,0.0,1.0,0.93,0.84,True,0.813,81.3,3,True
J0013,C0518,0.4,0.75,1.0,0.2,1.0,0.32,0.795,True,0.562,56.2,1,False
J0013,C0514,0.8,0.875,1.0,0.2,1.0,0.0,0.788,True,0.715,71.5,2,True
J0013,C0149,0.6,1.0,1.0,0.4,1.0,0.0,0.933,True,0.68,68.0,1,False
J0013,C0287,0.4,0.5,1.0,0.2,0.5,0.0,0.885,True,0.455,45.5,0,False
J0013,C0166,0.6,0.833,1.0,0.6,1.0,0.37,0.983,True,0.704,70.4,2,True
J0013,C0346,0.8,0.875,1.0,0.2,1.0,0.0,0.777,True,0.715,71.5,2,True
J0013,C0144,0.8,0.875,1.0,0.0,1.0,0.0,0.645,True,0.695,69.5,2,True
J0013,C0546,0.6,1.0,1.0,0.0,1.0,0.0,0.813,True,0.64,64.0,3,True
J0013,C0260,0.2,0.5,1.0,0.0,1.0,0.0,0.78,True,0.38,38.0,0,False
J0013,C0535,0.6,1.0,1.0,0.0,1.0,0.0,0.8,True,0.64,64.0,1,False
J0013,C0441,0.2,1.0,1.0,0.0,1.0,0.0,0.78,False,0.48,48.0,1,False
J0013,C0503,0.2,1.0,1.0,0.0,1.0,0.0,0.78,False,0.48,48.0,0,False
J0013,C0108,0.2,1.0,1.0,0.2,1.0,0.0,0.95,False,0.5,50.0,0,False
J0013,C0292,0.0,0.0,1.0,0.0,0.5,0.0,0.0,False,0.175,17.5,0,False
J0013,C0467,0.0,0.0,1.0,0.0,1.0,0.0,0.0,False,0.2,20.0,0,False
J0013,C0107,0.0,0.0,1.0,0.0,1.0,0.0,0.0,False,0.2,20.0,0,False
J0013,C0312,0.0,0.0,1.0,0.0,1.0,0.0,0.0,False,0.2,20.0,0,False
J0013,C0233,0.4,1.0,1.0,0.0,1.0,0.65,0.91,True,0.625,62.5,1,False
J0013,C0382,0.2,1.0,1.0,0.0,1.0,0.0,0.78,False,0.48,48.0,1,False
J0013,C0094,0.0,0.0,1.0,0.0,1.0,0.0,0.0,False,0.2,20.0,0,False
J0013,C0428,0.0,0.0,1.0,0.0,1.0,0.0,0.0,False,0.2,20.0,0,False
J0014,C0128,0.667,0.75,1.0,0.0,0.5,0.27,0.84,True,0.619,61.9,1,False
J0014,C0314,1.0,1.0,1.0,0.0,0.0,0.84,0.713,True,0.834,83.4,3,True
J0014,C0560,1.0,1.0,1.0,0.0,0.5,0.0,0.72,True,0.775,77.5,2,True
J0014,C0250,0.333,0.5,1.0,0.333,0.5,0.24,0.99,True,0.466,46.6,0,False
J0014,C0080,0.333,1.0,1.0,0.0,0.5,0.0,0.82,True,0.508,50.8,1,False
J0014,C0143,0.667,1.0,1.0,0.0,1.0,0.18,0.75,True,0.685,68.5,2,True
J0014,C0472,1.0,1.0,1.0,0.0,0.0,0.0,0.66,True,0.75,75.0,3,True
J0014,C0003,1.0,1.0,1.0,0.333,0.5,0.345,0.837,True,0.843,84.3,3,True
J0014,C0154,0.667,1.0,1.0,0.0,0.5,0.0,0.71,True,0.642,64.2,2,True
J0014,C0137,0.333,1.0,1.0,0.0,0.5,0.16,0.9,True,0.524,52.4,1,False
J0014,C0275,0.667,0.75,1.0,0.333,0.5,0.0,0.775,True,0.625,62.5,1,False
J0014,C0142,1.0,1.0,1.0,0.0,0.5,0.41,0.76,True,0.816,81.6,3,True
J0014,C0233,0.0,0.0,1.0,0.0,0.5,0.0,0.0,True,0.175,17.5,0,False
J0014,C0221,0.333,1.0,1.0,0.0,1.0,0.0,0.8,True,0.533,53.3,1,False
J0014,C0150,0.333,1.0,1.0,0.0,0.0,0.66,0.9,False,0.549,54.9,1,False
J0014,C0199,0.0,0.0,1.0,0.0,1.0,0.0,0.0,False,0.2,20.0,0,False
J0014,C0065,0.0,0.0,1.0,0.0,0.5,0.0,0.0,False,0.175,17.5,0,False
J0014,C0232,0.0,0.0,1.0,0.0,0.5,0.0,0.0,False,0.175,17.5,0,False
J0014,C0207,0.0,0.0,1.0,0.0,0.5,0.0,0.0,False,0.175,17.5,0,False
J0014,C0385,0.0,0.0,1.0,0.0,0.5,0.0,0.0,False,0.175,17.5,0,False
J0014,C0102,0.0,0.0,1.0,0.0,0.5,0.0,0.0,False,0.175,17.5,0,False
J0014,C0291,0.0,0.0,1.0,0.0,0.0,0.0,0.0,False,0.15,15.0,0,False
J0014,C0222,0.0,0.0,1.0,0.0,1.0,0.0,0.0,False,0.2,20.0,0,False
J0014,C0297,0.333,1.0,1.0,0.333,0.5,0.0,0.97,False,0.542,54.2,2,True
J0015,C0313,0.8,0.708,1.0,0.0,1.0,0.0,0.595,True,0.662,66.2,2,True
J0015,C0214,0.8,0.875,1.0,0.2,1.0,0.0,0.802,True,0.715,71.5,3,True
J0015,C0535,0.6,0.833,1.0,0.2,1.0,0.23,0.87,True,0.65,65.0,2,True
J0015,C0149,0.6,1.0,1.0,0.2,1.0,0.0,0.877,True,0.66,66.0,2,True
J0015,C0260,0.6,1.0,1.0,0.0,1.0,0.0,0.727,True,0.64,64.0,2,True
J0015,C0447,0.6,0.833,1.0,0.0,1.0,0.0,0.8,True,0.607,60.7,1,False
J0015,C0166,0.2,0.5,1.0,0.2,1.0,0.0,0.99,True,0.4,40.0,0,False
J0015,C0250,0.8,0.667,1.0,0.4,1.0,0.34,0.93,True,0.727,72.7,2,True
J0015,C0025,0.2,1.0,1.0,0.2,1.0,0.0,0.97,True,0.5,50.0,0,False
J0015,C0314,0.8,1.0,1.0,0.0,0.5,0.855,0.81,True,0.781,78.1,3,True
J0015,C0030,0.8,0.583,1.0,0.2,1.0,0.25,0.858,True,0.682,68.2,2,True
J0015,C0160,0.8,0.75,1.0,0.4,1.0,0.0,0.795,True,0.71,71.0,2,True
J0015,C0114,1.0,0.9,1.0,0.0,1.0,0.0,0.772,True,0.78,78.0,2,True
J0015,C0287,0.6,0.667,1.0,0.6,0.5,0.38,0.99,True,0.646,64.6,2,True
J0015,C0382,0.2,1.0,1.0,0.0,1.0,0.0,0.78,False,0.48,48.0,1,False
J0015,C0492,0.0,0.0,1.0,0.0,1.0,0.0,0.0,False,0.2,20.0,0,False
J0015,C0231,0.0,0.0,1.0,0.0,1.0,0.0,0.0,False,0.2,20.0,0,False
J0015,C0015,0.2,0.5,1.0,0.2,0.5,0.38,0.99,False,0.413,41.3,0,False
J0015,C0210,1.0,0.667,1.0,0.0,1.0,0.0,0.592,True,0.733,73.3,3,True
J0015,C0263,0.2,1.0,1.0,0.2,1.0,0.0,0.97,False,0.5,50.0,1,False
J0015,C0067,0.0,0.0,1.0,0.0,1.0,0.0,0.0,False,0.2,20.0,0,False
J0015,C0390,0.2,1.0,1.0,0.0,1.0,0.83,0.9,False,0.563,56.3,1,False
J0015,C0012,0.4,1.0,1.0,0.4,1.0,0.0,0.98,True,0.6,60.0,1,False
J0015,C0311,0.0,0.0,1.0,0.0,0.0,0.0,0.0,False,0.15,15.0,0,False
J0016,C0543,0.5,1.0,1.0,0.25,1.0,0.0,0.885,True,0.625,62.5,1,False
J0016,C0286,0.75,0.667,1.0,0.25,1.0,0.0,0.723,True,0.658,65.8,2,True
J0016,C0153,0.75,1.0,1.0,0.0,1.0,0.0,0.66,True,0.7,70.0,2,True
J0016,C0439,0.75,0.667,1.0,0.25,1.0,0.0,0.843,True,0.658,65.8,2,True
J0016,C0092,0.75,0.667,1.0,0.0,1.0,0.0,0.813,True,0.633,63.3,2,True
J0016,C0477,0.5,1.0,1.0,0.0,1.0,0.0,0.69,True,0.6,60.0,2,True
J0016,C0343,0.5,0.75,1.0,0.0,1.0,0.31,0.92,True,0.581,58.1,1,False
J0016,C0068,0.5,1.0,1.0,0.0,1.0,0.775,0.92,True,0.678,67.8,1,False
J0016,C0460,0.5,0.75,1.0,0.25,1.0,0.0,0.795,True,0.575,57.5,1,False
J0016,C0265,0.25,1.0,1.0,0.0,1.0,0.0,0.6,True,0.5,50.0,1,False
J0016,C0489,0.75,0.667,1.0,0.0,1.0,0.0,0.6,True,0.633,63.3,2,True
J0016,C0106,1.0,0.625,1.0,0.0,1.0,0.52,0.76,True,0.777,77.7,3,True
J0016,C0243,0.75,0.667,1.0,0.5,1.0,0.0,0.84,True,0.683,68.3,3,True
J0016,C0139,1.0,0.875,1.0,0.75,1.0,0.543,0.938,True,0.904,90.4,3,True
J0016,C0324,1.0,0.625,1.0,0.5,0.5,0.0,0.89,True,0.75,75.0,2,True
J0016,C0373,0.25,1.0,1.0,0.0,1.0,0.0,0.6,False,0.5,50.0,1,False
J0016,C0175,0.5,0.75,1.0,0.0,1.0,0.0,0.69,False,0.55,55.0,1,False
J0016,C0415,0.0,0.0,1.0,0.0,1.0,0.0,0.0,False,0.2,20.0,0,False
J0016,C0241,0.0,0.0,1.0,0.0,1.0,0.0,0.0,False,0.2,20.0,0,False
J0016,C0376,0.25,1.0,1.0,0.0,1.0,0.0,0.78,False,0.5,50.0,0,False
J0016,C0268,0.0,0.0,1.0,0.0,0.5,0.0,0.0,False,0.175,17.5,0,False
J0016,C0056,0.0,0.0,1.0,0.0,1.0,0.0,0.0,False,0.2,20.0,0,False
J0016,C0341,0.25,1.0,1.0,0.0,1.0,0.0,0.6,False,0.5,50.0,1,False
J0016,C0510,0.0,0.0,1.0,0.0,1.0,0.0,0.0,False,0.2,20.0,0,False
J0017,C0020,0.25,0.667,0.0,0.0,1.0,0.42,0.92,True,0.325,32.5,0,False
J0017,C0055,0.75,0.667,0.0,0.0,1.0,0.0,0.66,True,0.483,48.3,1,False
J0017,C0208,0.25,0.5,0.24,0.0,1.0,0.0,0.78,True,0.286,28.6,0,False
J0017,C0413,0.75,0.889,0.46,0.25,1.0,0.45,0.903,True,0.667,66.7,1,False
J0017,C0570,1.0,0.917,0.72,0.0,1.0,0.62,0.825,True,0.803,80.3,3,True
J0017,C0113,0.75,0.778,0.3,0.0,1.0,0.0,0.74,True,0.551,55.1,2,True
J0017,C0230,1.0,0.417,0.0,0.25,1.0,0.0,0.698,True,0.558,55.8,1,False
J0017,C0173,0.25,0.5,0.0,0.0,1.0,0.31,0.92,True,0.281,28.1,0,False
J0017,C0236,0.75,0.444,0.0,0.0,1.0,0.0,0.72,True,0.439,43.9,0,False
J0017,C0350,0.75,0.778,0.92,0.5,1.0,0.39,0.86,True,0.733,73.3,2,True
J0017,C0177,0.75,0.444,0.0,0.25,1.0,0.33,0.883,True,0.497,49.7,1,False
J0017,C0042,0.5,0.75,0.56,0.0,1.0,0.0,0.81,True,0.484,48.4,1,False
J0017,C0124,0.75,1.0,1.0,0.25,1.0,0.0,0.723,True,0.725,72.5,3,True
J0017,C0273,0.0,0.0,0.38,0.0,1.0,0.0,0.0,True,0.107,10.7,0,False
J0017,C0435,0.0,0.0,0.74,0.0,1.0,0.0,0.0,False,0.161,16.1,0,False
J0017,C0422,0.0,0.0,1.0,0.0,1.0,0.0,0.0,False,0.2,20.0,0,False
J0017,C0582,0.25,1.0,0.36,0.0,1.0,0.0,0.6,False,0.404,40.4,0,False
J0017,C0082,0.25,1.0,0.78,0.0,1.0,0.0,0.6,False,0.467,46.7,1,False
J0017,C0299,0.0,0.0,0.0,0.0,1.0,0.0,0.0,False,0.05,5.0,0,False
J0017,C0563,0.0,0.0,0.46,0.0,1.0,0.0,0.0,False,0.119,11.9,0,False
J0017,C0136,0.0,0.0,0.0,0.0,1.0,0.0,0.0,False,0.05,5.0,0,False
J0017,C0059,0.25,0.5,0.22,0.25,0.5,0.0,0.99,False,0.283,28.3,0,False
J0017,C0268,0.25,1.0,0.72,0.0,0.5,0.0,0.78,False,0.433,43.3,0,False
J0017,C0417,0.0,0.0,0.4,0.0,1.0,0.0,0.0,False,0.11,11.0,0,False
J0018,C0136,0.667,1.0,1.0,0.0,1.0,0.0,0.58,True,0.667,66.7,2,True
J0018,C0315,0.667,1.0,1.0,0.0,1.0,0.78,0.91,True,0.745,74.5,3,True
J0018,C0145,0.667,1.0,1.0,0.0,1.0,0.0,0.7,True,0.667,66.7,1,False
J0018,C0335,0.667,0.75,1.0,0.0,1.0,0.36,0.76,True,0.653,65.3,2,True
J0018,C0589,0.667,0.833,1.0,0.333,0.5,0.49,0.945,True,0.691,69.1,2,True
J0018,C0228,0.0,0.0,1.0,0.0,1.0,0.0,0.0,True,0.2,20.0,0,False
J0018,C0184,0.333,1.0,1.0,0.333,1.0,0.0,0.97,True,0.567,56.7,1,False
J0018,C0558,0.333,1.0,1.0,0.333,1.0,0.0,0.97,True,0.567,56.7,1,False
J0018,C0561,1.0,1.0,1.0,0.0,0.5,0.0,0.6,True,0.775,77.5,3,True
J0018,C0256,0.667,1.0,1.0,0.0,1.0,0.41,0.75,True,0.708,70.8,3,True
J0018,C0474,0.333,0.333,1.0,0.0,1.0,0.0,0.6,True,0.4,40.0,0,False
J0018,C0440,0.667,1.0,1.0,0.667,1.0,0.0,0.98,True,0.733,73.3,2,True
J0018,C0548,0.667,0.833,1.0,0.333,1.0,0.0,0.905,True,0.667,66.7,2,True
J0018,C0277,0.667,0.833,1.0,0.0,1.0,0.44,0.91,True,0.677,67.7,3,True
J0018,C0399,0.0,0.0,1.0,0.0,1.0,0.0,0.0,False,0.2,20.0,0,False
J0018,C0247,1.0,0.889,1.0,0.0,1.0,0.0,0.807,True,0.778,77.8,3,True
J0018,C0016,0.333,0.333,1.0,0.0,1.0,0.38,0.9,False,0.438,43.8,0,False
J0018,C0430,0.333,0.333,1.0,0.0,1.0,0.0,0.6,False,0.4,40.0,0,False
J0018,C0577,0.333,1.0,1.0,0.333,0.5,0.0,0.99,False,0.542,54.2,1,False
J0018,C0052,0.0,0.0,1.0,0.0,1.0,0.0,0.0,False,0.2,20.0,0,False
J0018,C0418,0.333,1.0,1.0,0.333,1.0,0.0,0.99,False,0.567,56.7,2,True
J0018,C0446,0.0,0.0,1.0,0.0,0.0,0.0,0.0,False,0.15,15.0,0,False
J0018,C0087,0.0,0.0,1.0,0.0,1.0,0.0,0.0,False,0.2,20.0,0,False
J0018,C0200,0.0,0.0,1.0,0.0,0.0,0.0,0.0,False,0.15,15.0,0,False
J0018,C0099,0.0,0.0,1.0,0.0,1.0,0.0,0.0,False,0.2,20.0,0,False
J0019,C0124,0.667,1.0,1.0,0.0,0.5,0.0,0.59,True,0.642,64.2,2,True
J0019,C0088,1.0,0.722,1.0,0.333,0.5,0.32,0.903,True,0.785,78.5,3,True
J0019,C0097,0.667,0.833,1.0,0.0,0.5,0.0,0.8,True,0.608,60.8,2,True
J0019,C0547,0.0,0.0,1.0,0.0,0.5,0.0,0.0,True,0.175,17.5,0,False
J0019,C0448,0.667,0.417,1.0,0.333,0.5,0.0,0.885,True,0.558,55.8,2,True
J0019,C0215,0.667,0.667,1.0,0.0,1.0,0.0,0.69,True,0.6,60.0,2,True
J0019,C0415,0.667,0.583,1.0,0.333,0.5,0.0,0.905,True,0.592,59.2,2,True
J0019,C0390,0.333,0.5,1.0,0.0,0.5,0.0,0.78,True,0.408,40.8,0,False
J0019,C0190,0.333,0.333,1.0,0.0,0.5,0.28,0.9,True,0.403,40.3,0,False
J0019,C0339,0.667,1.0,1.0,0.0,0.5,0.62,0.86,True,0.704,70.4,3,True
J0019,C0044,0.333,0.5,1.0,0.0,0.0,0.0,0.78,True,0.383,38.3,0,False
J0019,C0384,0.0,0.0,1.0,0.0,0.5,0.0,0.0,True,0.175,17.5,0,False
J0019,C0127,0.0,0.0,1.0,0.0,0.5,0.0,0.0,True,0.175,17.5,0,False
J0019,C0042,0.333,1.0,1.0,0.0,0.5,0.0,0.6,True,0.508,50.8,0,False
J0019,C0137,0.0,0.0,1.0,0.0,0.5,0.0,0.0,False,0.175,17.5,0,False
J0019,C0195,0.0,0.0,1.0,0.0,0.0,0.0,0.0,False,0.15,15.0,0,False
J0019,C0290,0.0,0.0,1.0,0.0,0.5,0.0,0.0,False,0.175,17.5,0,False
J0019,C0438,0.333,0.333,1.0,0.0,1.0,0.0,0.78,True,0.4,40.0,0,False
J0019,C0119,0.0,0.0,1.0,0.0,0.5,0.0,0.0,False,0.175,17.5,0,False
J0019,C0080,0.0,0.0,1.0,0.0,0.5,0.0,0.0,False,0.175,17.5,0,False
J0019,C0589,0.0,0.0,1.0,0.0,0.0,0.0,0.0,False,0.15,15.0,0,False
J0019,C0140,0.0,0.0,1.0,0.0,0.0,0.0,0.0,False,0.15,15.0,0,False
J0019,C0403,0.0,0.0,1.0,0.0,0.5,0.0,0.0,False,0.175,17.5,0,False
J0019,C0210,0.0,0.0,1.0,0.0,0.5,0.0,0.0,False,0.175,17.5,0,False
J0019,C0211,0.0,0.0,1.0,0.0,0.5,0.0,0.0,False,0.175,17.5,0,False
J0020,C0554,0.75,0.889,0.85,0.25,1.0,0.0,0.73,True,0.68,68.0,2,True
J0020,C0172,0.5,1.0,0.975,0.5,1.0,0.57,0.99,True,0.703,70.3,2,True
J0020,C0048,1.0,0.5,0.0,0.25,1.0,0.0,0.698,True,0.575,57.5,1,False
J0020,C0533,0.5,0.667,0.4,0.25,1.0,0.0,0.695,True,0.468,46.8,1,False
J0020,C0392,0.75,0.556,0.0,0.25,1.0,0.13,0.79,True,0.499,49.9,1,False
J0020,C0580,1.0,0.917,0.75,0.25,1.0,0.0,0.782,True,0.771,77.1,3,True
J0020,C0300,0.25,0.5,0.0,0.0,1.0,0.0,0.78,True,0.25,25.0,0,False
J0020,C0454,0.25,0.333,0.0,0.0,0.5,0.0,0.78,True,0.192,19.2,0,False
J0020,C0571,1.0,0.583,0.3,0.0,1.0,0.3,0.675,True,0.642,64.2,2,True
J0020,C0120,0.75,0.722,0.0,0.25,1.0,0.0,0.723,True,0.519,51.9,1,False
J0020,C0129,1.0,0.75,0.7,0.0,1.0,0.97,0.825,True,0.802,80.2,2,True
J0020,C0523,0.75,0.889,0.925,0.0,1.0,0.8,0.787,True,0.747,74.7,2,True
J0020,C0202,0.25,0.667,0.425,0.25,0.5,0.0,0.99,True,0.347,34.7,0,False
J0020,C0002,0.5,0.667,0.3,0.0,1.0,0.0,0.8,True,0.428,42.8,0,False
J0020,C0007,0.0,0.0,0.0,0.0,1.0,0.0,0.0,False,0.05,5.0,0,False
J0020,C0591,0.25,0.5,0.0,0.0,1.0,0.0,0.6,False,0.25,25.0,0,False
J0020,C0276,0.0,0.0,0.7,0.0,0.5,0.0,0.0,False,0.13,13.0,0,False
J0020,C0396,0.5,0.583,0.6,0.25,1.0,0.0,0.895,False,0.482,48.2,1,False
J0020,C0228,0.25,1.0,0.475,0.25,1.0,0.0,0.97,False,0.446,44.6,1,False
J0020,C0310,0.0,0.0,1.0,0.0,1.0,0.0,0.0,False,0.2,20.0,0,False
J0020,C0544,0.0,0.0,0.55,0.0,1.0,0.0,0.0,False,0.132,13.2,0,False
J0020,C0084,0.0,0.0,1.0,0.0,1.0,0.0,0.0,False,0.2,20.0,0,False
J0020,C0567,0.0,0.0,1.0,0.0,1.0,0.0,0.0,False,0.2,20.0,0,False
J0020,C0427,0.0,0.0,0.525,0.0,1.0,0.0,0.0,False,0.129,12.9,0,False
J0020,C0597,0.25,0.5,0.0,0.0,1.0,0.17,0.9,False,0.267,26.7,0,False
J0021,C0304,0.333,1.0,0.4,0.333,0.5,0.0,0.99,True,0.452,45.2,0,False
J0021,C0264,0.333,1.0,0.3,0.0,1.0,0.58,0.94,True,0.486,48.6,0,False
J0021,C0533,0.333,1.0,0.4,0.333,1.0,0.0,0.99,True,0.477,47.7,0,False
J0021,C0580,1.0,0.889,0.75,0.333,1.0,0.0,0.79,True,0.774,77.4,3,True
J0021,C0582,0.667,1.0,0.45,0.333,1.0,0.63,0.945,True,0.681,68.1,2,True
J0021,C0372,0.333,0.333,0.25,0.0,1.0,0.0,0.78,True,0.288,28.8,0,False
J0021,C0081,0.333,1.0,1.0,0.333,1.0,0.0,0.97,True,0.567,56.7,1,False
J0021,C0392,0.667,0.667,0.0,0.333,1.0,0.31,0.795,True,0.514,51.4,1,False
J0021,C0588,1.0,0.611,0.0,0.0,1.0,0.0,0.66,True,0.572,57.2,1,False
J0021,C0493,1.0,0.611,0.0,0.0,1.0,0.0,0.66,True,0.572,57.2,1,False
J0021,C0542,0.333,0.5,0.0,0.333,1.0,0.0,0.99,True,0.317,31.7,0,False
J0021,C0569,0.333,0.5,0.0,0.333,1.0,0.15,0.99,True,0.332,33.2,0,False
J0021,C0077,1.0,0.556,0.0,0.0,1.0,0.0,0.72,True,0.561,56.1,1,False
J0021,C0217,0.333,0.333,0.0,0.0,1.0,0.15,0.9,True,0.265,26.5,0,False
J0021,C0584,0.0,0.0,0.15,0.0,1.0,0.0,0.0,False,0.073,7.3,0,False
J0021,C0044,0.0,0.0,0.0,0.0,0.5,0.0,0.0,False,0.025,2.5,0,False
J0021,C0563,0.333,1.0,0.575,0.0,1.0,0.0,0.8,False,0.47,47.0,1,False
J0021,C0568,0.0,0.0,0.875,0.0,1.0,0.0,0.0,False,0.181,18.1,0,False
J0021,C0130,0.0,0.0,0.55,0.0,0.0,0.0,0.0,False,0.082,8.2,0,False
J0021,C0065,0.0,0.0,1.0,0.0,1.0,0.0,0.0,False,0.2,20.0,0,False
J0021,C0176,0.0,0.0,0.65,0.0,1.0,0.0,0.0,False,0.148,14.8,0,False
J0021,C0028,0.333,0.5,0.0,0.0,1.0,0.0,0.6,False,0.283,28.3,0,False
J0021,C0207,0.0,0.0,0.75,0.0,1.0,0.0,0.0,False,0.162,16.2,0,False
J0021,C0013,0.0,0.0,0.475,0.0,0.0,0.0,0.0,False,0.071,7.1,0,False
J0021,C0179,0.333,0.667,0.325,0.0,1.0,0.0,0.6,True,0.365,36.5,0,False
J0022,C0412,0.333,1.0,1.0,0.0,0.5,0.0,0.82,True,0.508,50.8,1,False
J0022,C0302,0.667,0.75,0.0,0.0,0.5,0.62,0.74,True,0.504,50.4,1,False
J0022,C0107,0.667,0.75,0.0,0.333,0.5,0.0,0.885,True,0.475,47.5,0,False
J0022,C0464,0.333,0.5,0.0,0.333,0.5,0.15,0.99,True,0.307,30.7,0,False
J0022,C0266,0.667,1.0,1.0,0.0,0.5,0.0,0.5,True,0.642,64.2,2,True
J0022,C0521,0.333,1.0,1.0,0.0,0.5,0.0,0.4,True,0.508,50.8,1,False
J0022,C0100,1.0,1.0,1.0,0.333,1.0,0.51,0.863,True,0.884,88.4,3,True
J0022,C0403,0.333,1.0,0.0,0.333,0.5,0.0,0.95,True,0.392,39.2,1,False
J0022,C0239,0.333,1.0,0.0,0.0,0.5,0.0,0.6,True,0.358,35.8,0,False
J0022,C0219,0.667,1.0,1.0,0.333,0.5,0.0,0.885,True,0.675,67.5,2,True
J0022,C0262,0.333,1.0,1.0,0.0,0.5,0.49,0.92,True,0.557,55.7,2,True
J0022,C0321,0.667,1.0,0.0,0.333,0.5,0.93,0.935,True,0.618,61.8,1,False
J0022,C0393,1.0,0.833,1.0,0.0,1.0,0.0,0.673,True,0.767,76.7,3,True
J0022,C0229,1.0,0.833,0.0,0.333,0.5,0.44,0.79,True,0.669,66.9,2,True
J0022,C0413,0.0,0.0,1.0,0.0,0.5,0.0,0.0,False,0.175,17.5,0,False
J0022,C0362,0.0,0.0,1.0,0.0,0.5,0.0,0.0,False,0.175,17.5,0,False
J0022,C0264,0.0,0.0,1.0,0.0,0.5,0.0,0.0,False,0.175,17.5,0,False
J0022,C0185,0.0,0.0,1.0,0.0,0.5,0.0,0.0,False,0.175,17.5,0,False
J0022,C0033,0.333,1.0,1.0,0.333,0.5,0.0,0.97,True,0.542,54.2,1,False
J0022,C0335,0.0,0.0,0.0,0.0,1.0,0.0,0.0,False,0.05,5.0,0,False
J0022,C0568,0.0,0.0,1.0,0.0,0.5,0.0,0.0,False,0.175,17.5,0,False
J0022,C0158,0.0,0.0,1.0,0.0,0.5,0.0,0.0,False,0.175,17.5,0,False
J0022,C0167,0.0,0.0,1.0,0.0,0.5,0.0,0.0,False,0.175,17.5,0,False
J0022,C0461,0.0,0.0,0.0,0.0,0.5,0.0,0.0,False,0.025,2.5,0,False
J0023,C0451,1.0,1.0,1.0,0.25,1.0,0.763,0.927,True,0.901,90.1,3,True
J0023,C0023,1.0,0.875,1.0,0.0,1.0,0.65,0.82,True,0.84,84.0,3,True
J0023,C0427,1.0,1.0,1.0,0.0,1.0,0.0,0.75,True,0.8,80.0,3,True
J0023,C0568,0.5,0.75,1.0,0.0,1.0,0.425,0.92,True,0.592,59.2,1,False
J0023,C0490,1.0,0.625,1.0,0.0,1.0,0.4,0.82,True,0.765,76.5,3,True
J0023,C0234,0.75,1.0,1.0,0.5,1.0,0.52,0.973,True,0.802,80.2,3,True
J0023,C0473,0.75,0.667,1.0,0.5,1.0,0.0,0.907,True,0.683,68.3,2,True
J0023,C0461,1.0,1.0,1.0,0.0,1.0,0.0,0.5,True,0.8,80.0,3,True
J0023,C0280,0.75,0.833,1.0,0.25,1.0,0.535,0.93,True,0.745,74.5,2,True
J0023,C0312,0.5,0.5,1.0,0.25,1.0,0.0,0.885,True,0.525,52.5,1,False
J0023,C0574,0.5,1.0,1.0,0.25,1.0,0.0,0.795,True,0.625,62.5,1,False
J0023,C0043,1.0,0.75,1.0,0.5,1.0,0.23,0.92,True,0.823,82.3,3,True
J0023,C0540,0.75,1.0,1.0,0.5,1.0,0.64,0.953,True,0.814,81.4,3,True
J0023,C0581,1.0,0.625,1.0,0.5,1.0,0.33,0.925,True,0.808,80.8,3,True
J0023,C0148,0.0,0.0,1.0,0.0,1.0,0.0,0.0,False,0.2,20.0,0,False
J0023,C0565,0.0,0.0,1.0,0.0,1.0,0.0,0.0,False,0.2,20.0,0,False
J0023,C0516,0.0,0.0,1.0,0.0,1.0,0.0,0.0,False,0.2,20.0,0,False
J0023,C0366,0.0,0.0,1.0,0.0,1.0,0.0,0.0,False,0.2,20.0,0,False
J0023,C0558,0.25,0.5,1.0,0.25,1.0,0.0,0.97,False,0.425,42.5,1,False
J0023,C0074,0.0,0.0,1.0,0.0,1.0,0.0,0.0,False,0.2,20.0,0,False
J0023,C0416,0.0,0.0,1.0,0.0,1.0,0.0,0.0,False,0.2,20.0,0,False
J0023,C0367,0.0,0.0,1.0,0.0,1.0,0.0,0.0,False,0.2,20.0,0,False
J0023,C0536,0.0,0.0,1.0,0.0,1.0,0.0,0.0,False,0.2,20.0,0,False
J0023,C0305,0.0,0.0,1.0,0.0,1.0,0.0,0.0,False,0.2,20.0,0,False
J0024,C0542,0.667,0.833,1.0,0.0,1.0,0.21,0.84,True,0.654,65.4,2,True
J0024,C0061,0.667,1.0,1.0,0.0,1.0,0.0,0.6,True,0.667,66.7,2,True
J0024,C0226,0.667,0.75,1.0,0.0,0.5,0.0,0.59,True,0.592,59.2,1,False
J0024,C0238,1.0,0.778,1.0,0.0,1.0,0.35,0.767,True,0.791,79.1,3,True
J0024,C0105,0.333,0.5,1.0,0.0,0.5,0.0,0.76,True,0.408,40.8,1,False
J0024,C0325,0.667,1.0,1.0,0.667,1.0,0.91,0.99,True,0.824,82.4,3,True
J0024,C0457,0.667,0.417,1.0,0.0,1.0,0.27,0.85,True,0.577,57.7,1,False
J0024,C0029,0.667,0.583,1.0,0.333,1.0,0.3,0.795,True,0.647,64.7,2,True
J0024,C0300,0.0,0.0,1.0,0.0,1.0,0.0,0.0,True,0.2,20.0,0,False
J0024,C0171,1.0,0.778,1.0,0.0,1.0,0.0,0.66,True,0.756,75.6,2,True
J0024,C0304,0.0,0.0,1.0,0.0,0.5,0.0,0.0,True,0.175,17.5,0,False
J0024,C0395,0.333,0.333,1.0,0.333,1.0,0.0,0.97,True,0.433,43.3,0,False
J0024,C0194,0.667,0.667,1.0,0.0,1.0,0.0,0.69,True,0.6,60.0,1,False
J0024,C0571,0.667,0.667,1.0,0.0,1.0,0.3,0.85,True,0.63,63.0,2,True
J0024,C0282,0.0,0.0,1.0,0.0,0.5,0.0,0.0,False,0.175,17.5,0,False
J0024,C0579,0.0,0.0,1.0,0.0,0.5,0.0,0.0,False,0.175,17.5,0,False
J0024,C0523,0.333,0.667,1.0,0.0,1.0,0.0,0.6,True,0.467,46.7,1,False
J0024,C0347,0.0,0.0,1.0,0.0,1.0,0.0,0.0,False,0.2,20.0,0,False
J0024,C0013,0.0,0.0,1.0,0.0,0.0,0.0,0.0,False,0.15,15.0,0,False
J0024,C0221,0.0,0.0,1.0,0.0,1.0,0.0,0.0,False,0.2,20.0,0,False
J0024,C0042,0.0,0.0,1.0,0.0,1.0,0.0,0.0,False,0.2,20.0,0,False
J0024,C0532,0.0,0.0,1.0,0.0,1.0,0.0,0.0,False,0.2,20.0,0,False
J0024,C0212,0.333,0.333,1.0,0.0,1.0,0.0,0.6,True,0.4,40.0,0,False
J0024,C0517,0.0,0.0,1.0,0.0,0.5,0.0,0.0,False,0.175,17.5,0,False
J0024,C0145,0.0,0.0,1.0,0.0,1.0,0.0,0.0,False,0.2,20.0,0,False
J0025,C0216,0.25,1.0,0.0,0.25,1.0,0.0,0.97,True,0.375,37.5,0,False
J0025,C0217,0.25,0.5,0.0,0.25,1.0,0.24,0.99,True,0.299,29.9,0,False
J0025,C0533,0.25,1.0,1.0,0.0,1.0,0.0,0.4,True,0.5,50.0,1,False
J0025,C0054,0.75,1.0,1.0,0.5,1.0,0.0,0.907,True,0.75,75.0,3,True
J0025,C0026,0.75,0.667,0.0,0.25,1.0,0.12,0.83,True,0.52,52.0,1,False
J0025,C0554,0.5,1.0,1.0,0.25,1.0,0.0,0.795,True,0.625,62.5,3,True
J0025,C0061,0.75,1.0,1.0,0.0,1.0,0.0,0.673,True,0.7,70.0,3,True
J0025,C0264,0.75,0.667,1.0,0.0,1.0,0.58,0.84,True,0.691,69.1,2,True
J0025,C0212,0.5,0.5,0.0,0.0,1.0,0.0,0.69,True,0.35,35.0,0,False
J0025,C0134,0.75,1.0,1.0,0.0,1.0,0.0,0.607,True,0.7,70.0,2,True
J0025,C0077,0.75,0.5,0.0,0.0,1.0,0.0,0.78,True,0.45,45.0,1,False
J0025,C0523,0.5,1.0,1.0,0.0,1.0,0.0,0.71,True,0.6,60.0,2,True
J0025,C0246,0.25,0.5,0.0,0.0,1.0,0.17,0.9,True,0.267,26.7,0,False
J0025,C0174,0.25,0.5,1.0,0.0,1.0,0.0,0.8,True,0.4,40.0,0,False
J0025,C0164,0.5,0.5,0.0,0.5,1.0,0.27,0.99,True,0.427,42.7,0,False
J0025,C0005,0.25,1.0,0.0,0.25,1.0,0.0,0.97,False,0.375,37.5,0,False
J0025,C0483,0.0,0.0,1.0,0.0,1.0,0.0,0.0,False,0.2,20.0,0,False
J0025,C0282,0.0,0.0,0.0,0.0,0.5,0.0,0.0,False,0.025,2.5,0,False
J0025,C0514,0.25,0.5,0.0,0.25,1.0,0.0,0.99,False,0.275,27.5,0,False
J0025,C0475,0.5,0.5,0.0,0.25,1.0,0.0,0.885,False,0.375,37.5,0,False
J0025,C0295,0.25,1.0,1.0,0.0,1.0,0.0,0.6,False,0.5,50.0,1,False
J0025,C0360,0.25,0.5,0.0,0.25,1.0,0.0,0.97,False,0.275,27.5,0,False
J0025,C0193,0.0,0.0,0.9,0.0,1.0,0.0,0.0,False,0.185,18.5,0,False
J0025,C0274,0.75,0.667,0.0,0.0,1.0,0.45,0.64,True,0.528,52.8,1,False
J0026,C0558,0.667,0.5,0.0,0.333,1.0,0.0,0.685,True,0.45,45.0,1,False
J0026,C0474,0.667,0.333,0.0,0.333,1.0,0.0,0.785,True,0.417,41.7,0,False
J0026,C0440,0.667,0.833,0.65,0.0,1.0,0.64,0.91,True,0.645,64.5,1,False
J0026,C0001,1.0,0.667,0.85,0.0,1.0,0.0,0.74,True,0.711,71.1,2,True
J0026,C0145,0.333,1.0,1.0,0.333,1.0,0.0,0.99,True,0.567,56.7,1,False
J0026,C0059,0.667,0.333,0.275,0.333,0.5,0.14,0.945,True,0.447,44.7,0,False
J0026,C0567,0.0,0.0,1.0,0.0,1.0,0.0,0.0,True,0.2,20.0,0,False
J0026,C0319,0.667,0.5,0.95,0.667,1.0,0.0,0.99,True,0.626,62.6,2,True
J0026,C0561,1.0,1.0,1.0,0.0,0.5,0.0,0.74,True,0.775,77.5,3,True
J0026,C0276,1.0,0.778,0.7,0.333,0.5,0.0,0.803,True,0.719,71.9,2,True
J0026,C0391,0.667,0.333,0.25,0.333,1.0,0.0,0.895,True,0.454,45.4,0,False
J0026,C0530,0.333,0.333,0.0,0.333,1.0,0.18,0.99,True,0.301,30.1,0,False
J0026,C0159,0.667,0.5,0.35,0.0,0.5,0.18,0.86,True,0.462,46.2,1,False
J0026,C0297,0.667,0.667,0.45,0.333,1.0,0.0,0.895,True,0.551,55.1,2,True
J0026,C0505,0.0,0.0,0.0,0.0,1.0,0.0,0.0,False,0.05,5.0,0,False
J0026,C0195,0.0,0.0,0.0,0.0,0.0,0.0,0.0,False,0.0,0.0,0,False
J0026,C0384,0.0,0.0,1.0,0.0,1.0,0.0,0.0,False,0.2,20.0,0,False
J0026,C0596,0.667,0.667,0.425,0.0,1.0,0.22,0.75,False,0.536,53.6,1,False
J0026,C0469,0.333,0.667,0.475,0.333,1.0,0.0,0.99,False,0.421,42.1,1,False
J0026,C0167,0.333,1.0,1.0,0.0,1.0,0.0,0.6,False,0.533,53.3,2,True
J0026,C0554,0.333,0.667,0.85,0.0,1.0,0.0,0.8,False,0.444,44.4,1,False
J0026,C0061,0.333,0.667,1.0,0.0,1.0,0.0,0.8,False,0.467,46.7,1,False
J0026,C0310,0.0,0.0,1.0,0.0,1.0,0.0,0.0,False,0.2,20.0,0,False
J0026,C0404,0.0,0.0,0.325,0.0,0.0,0.0,0.0,False,0.049,4.9,0,False
J0026,C0420,0.333,0.667,0.95,0.333,1.0,0.0,0.99,False,0.492,49.2,1,False
J0027,C0501,1.0,0.75,1.0,1.0,1.0,0.0,0.985,True,0.85,85.0,3,True
J0027,C0376,1.0,1.0,1.0,0.0,1.0,0.0,0.705,True,0.8,80.0,3,True
J0027,C0478,1.0,1.0,1.0,0.0,1.0,0.885,0.76,True,0.889,88.9,3,True
J0027,C0595,0.75,1.0,1.0,0.0,0.5,0.0,0.533,True,0.675,67.5,2,True
J0027,C0378,0.5,1.0,1.0,0.5,1.0,0.52,0.99,True,0.702,70.2,3,True
J0027,C0506,0.25,1.0,1.0,0.0,1.0,0.74,0.92,True,0.574,57.4,1,False
J0027,C0188,0.75,1.0,1.0,0.0,1.0,0.66,0.82,True,0.766,76.6,3,True
J0027,C0121,1.0,0.875,1.0,0.25,1.0,0.0,0.847,True,0.8,80.0,3,True
J0027,C0231,0.75,1.0,1.0,0.75,1.0,0.0,0.983,True,0.775,77.5,2,True
J0027,C0115,0.5,0.75,1.0,0.0,0.5,0.67,0.87,True,0.592,59.2,2,True
J0027,C0248,0.5,0.75,1.0,0.0,1.0,0.0,0.69,True,0.55,55.0,1,False
J0027,C0204,0.5,1.0,1.0,0.0,1.0,0.28,0.9,True,0.628,62.8,1,False
J0027,C0537,1.0,1.0,1.0,0.5,1.0,0.0,0.89,True,0.85,85.0,3,True
J0027,C0526,0.75,0.667,1.0,0.0,1.0,0.0,0.66,True,0.633,63.3,1,False
J0027,C0524,0.0,0.0,1.0,0.0,1.0,0.0,0.0,False,0.2,20.0,0,False
J0027,C0495,0.0,0.0,1.0,0.0,1.0,0.0,0.0,False,0.2,20.0,0,False
J0027,C0264,0.0,0.0,1.0,0.0,1.0,0.0,0.0,False,0.2,20.0,0,False
J0027,C0189,0.0,0.0,1.0,0.0,1.0,0.0,0.0,False,0.2,20.0,0,False
J0027,C0029,0.0,0.0,1.0,0.0,1.0,0.0,0.0,False,0.2,20.0,0,False
J0027,C0076,0.25,0.5,1.0,0.0,1.0,0.4,0.9,False,0.44,44.0,0,False
J0027,C0525,0.0,0.0,1.0,0.0,1.0,0.0,0.0,False,0.2,20.0,0,False
J0027,C0477,0.25,1.0,1.0,0.0,1.0,0.34,0.92,False,0.534,53.4,1,False
J0027,C0161,0.25,1.0,1.0,0.0,1.0,0.0,0.6,False,0.5,50.0,1,False
J0027,C0230,0.0,0.0,1.0,0.0,1.0,0.0,0.0,False,0.2,20.0,0,False
J0028,C0488,0.6,1.0,1.0,0.0,1.0,0.0,0.66,True,0.64,64.0,2,True
J0028,C0423,0.4,1.0,1.0,0.2,1.0,0.13,0.955,True,0.593,59.3,1,False
J0028,C0557,0.4,1.0,1.0,0.0,1.0,0.0,0.6,True,0.56,56.0,1,False
J0028,C0272,1.0,0.667,1.0,0.4,1.0,0.16,0.892,True,0.789,78.9,3,True
J0028,C0426,0.4,1.0,1.0,0.2,1.0,0.55,0.955,True,0.635,63.5,1,False
J0028,C0364,0.8,0.708,1.0,0.0,1.0,0.26,0.81,True,0.688,68.8,2,True
J0028,C0465,0.6,0.667,1.0,0.0,1.0,0.17,0.86,True,0.59,59.0,1,False
J0028,C0425,0.4,1.0,1.0,0.0,1.0,0.52,0.86,True,0.612,61.2,2,True
J0028,C0040,0.4,1.0,1.0,0.0,0.5,0.62,0.75,True,0.597,59.7,1,False
J0028,C0329,0.4,1.0,1.0,0.2,1.0,0.0,0.885,True,0.58,58.0,2,True
J0028,C0338,0.6,0.778,1.0,0.0,1.0,0.0,0.66,True,0.596,59.6,2,True
J0028,C0330,0.8,1.0,1.0,0.0,1.0,0.0,0.695,True,0.72,72.0,2,True
J0028,C0285,0.4,1.0,1.0,0.0,1.0,0.0,0.71,True,0.56,56.0,1,False
J0028,C0263,0.6,1.0,1.0,0.2,1.0,0.0,0.723,True,0.66,66.0,2,True
J0028,C0151,0.0,0.0,1.0,0.0,0.0,0.0,0.0,False,0.15,15.0,0,False
J0028,C0529,0.0,0.0,1.0,0.0,1.0,0.0,0.0,False,0.2,20.0,0,False
J0028,C0576,0.2,1.0,1.0,0.2,1.0,0.6,0.99,False,0.56,56.0,1,False
J0028,C0370,0.6,0.778,1.0,0.0,0.5,0.46,0.753,True,0.617,61.7,2,True
J0028,C0229,0.0,0.0,1.0,0.0,1.0,0.0,0.0,False,0.2,20.0,0,False
J0028,C0033,0.0,0.0,1.0,0.0,1.0,0.0,0.0,False,0.2,20.0,0,False
J0028,C0253,0.0,0.0,1.0,0.0,1.0,0.0,0.0,False,0.2,20.0,0,False
J0028,C0291,0.0,0.0,1.0,0.0,0.5,0.0,0.0,False,0.175,17.5,0,False
J0028,C0438,0.0,0.0,1.0,0.0,1.0,0.0,0.0,False,0.2,20.0,0,False
J0028,C0565,0.2,1.0,1.0,0.2,1.0,0.0,0.99,False,0.5,50.0,1,False
J0029,C0532,1.0,1.0,1.0,0.0,1.0,0.0,0.727,True,0.8,80.0,3,True
J0029,C0266,0.667,1.0,1.0,0.0,1.0,0.0,0.6,True,0.667,66.7,2,True
J0029,C0521,0.333,1.0,1.0,0.0,1.0,0.0,0.4,True,0.533,53.3,1,False
J0029,C0421,0.333,1.0,1.0,0.0,1.0,0.0,0.6,True,0.533,53.3,1,False
J0029,C0290,0.333,0.5,1.0,0.333,1.0,0.18,0.99,True,0.485,48.5,1,False
J0029,C0107,0.667,0.5,1.0,0.333,1.0,0.0,0.885,True,0.6,60.0,1,False
J0029,C0009,1.0,1.0,1.0,0.333,0.5,0.0,0.85,True,0.808,80.8,3,True
J0029,C0162,0.667,0.417,1.0,0.0,1.0,0.0,0.78,True,0.55,55.0,1,False
J0029,C0529,0.333,1.0,1.0,0.0,1.0,0.0,0.6,True,0.533,53.3,1,False
J0029,C0017,0.333,0.5,1.0,0.333,1.0,0.25,0.99,True,0.492,49.2,0,False
J0029,C0410,0.667,0.583,1.0,0.333,0.5,0.0,0.885,True,0.592,59.2,1,False
J0029,C0007,0.667,0.417,1.0,0.667,1.0,0.0,0.97,True,0.617,61.7,1,False
J0029,C0594,0.667,0.667,1.0,0.0,0.5,0.0,0.79,True,0.575,57.5,1,False
J0029,C0389,1.0,0.444,1.0,0.0,1.0,0.18,0.753,True,0.707,70.7,3,True
J0029,C0380,0.667,0.5,1.0,0.333,1.0,0.0,0.875,True,0.6,60.0,2,True
J0029,C0217,0.0,0.0,1.0,0.0,1.0,0.0,0.0,False,0.2,20.0,0,False
J0029,C0385,0.333,0.5,1.0,0.0,1.0,0.4,0.92,False,0.473,47.3,1,False
J0029,C0357,0.333,0.5,1.0,0.333,1.0,0.0,0.99,False,0.467,46.7,1,False
J0029,C0447,0.0,0.0,1.0,0.0,1.0,0.0,0.0,False,0.2,20.0,0,False
J0029,C0482,0.333,0.5,1.0,0.0,0.5,0.0,0.78,False,0.408,40.8,1,False
J0029,C0205,0.0,0.0,1.0,0.0,1.0,0.0,0.0,False,0.2,20.0,0,False
J0029,C0511,0.333,1.0,1.0,0.0,1.0,0.0,0.6,False,0.533,53.3,1,False
J0029,C0192,1.0,1.0,1.0,0.0,1.0,0.71,0.773,True,0.871,87.1,3,True
J0029,C0187,0.0,0.0,1.0,0.0,0.5,0.0,0.0,False,0.175,17.5,0,False
J0029,C0424,0.0,0.0,1.0,0.0,0.5,0.0,0.0,False,0.175,17.5,0,False
J0030,C0485,1.0,0.722,1.0,1.0,0.5,0.12,0.977,True,0.831,83.1,3,True
J0030,C0481,1.0,1.0,1.0,0.0,0.5,0.97,0.7,True,0.872,87.2,3,True
J0030,C0405,0.667,0.75,1.0,0.0,1.0,0.0,0.6,True,0.617,61.7,2,True
J0030,C0057,0.667,0.833,1.0,0.667,1.0,0.0,0.99,True,0.7,70.0,2,True
J0030,C0368,0.667,0.75,1.0,0.333,0.5,0.0,0.875,True,0.625,62.5,2,True
J0030,C0104,1.0,0.833,1.0,1.0,0.5,0.29,0.99,True,0.871,87.1,3,True
J0030,C0531,0.333,1.0,1.0,0.333,0.5,0.93,0.99,True,0.635,63.5,2,True
J0030,C0291,0.667,1.0,1.0,0.667,1.0,0.915,0.99,True,0.825,82.5,3,True
J0030,C0442,0.667,0.417,1.0,0.667,1.0,0.355,0.99,True,0.652,65.2,1,False
J0030,C0292,0.667,1.0,1.0,0.333,1.0,0.63,0.945,True,0.763,76.3,3,True
J0030,C0151,0.667,1.0,1.0,0.667,0.5,0.86,0.99,True,0.794,79.4,2,True
J0030,C0404,0.667,0.75,1.0,0.667,0.5,0.33,0.99,True,0.691,69.1,1,False
J0030,C0079,0.667,1.0,1.0,0.667,0.5,0.0,0.97,True,0.708,70.8,1,False
J0030,C0187,0.333,1.0,1.0,0.333,1.0,0.0,0.99,True,0.567,56.7,1,False
J0030,C0131,0.0,0.0,1.0,0.0,1.0,0.0,0.0,False,0.2,20.0,0,False
J0030,C0377,0.0,0.0,1.0,0.0,1.0,0.0,0.0,False,0.2,20.0,0,False
J0030,C0237,0.0,0.0,1.0,0.0,1.0,0.0,0.0,False,0.2,20.0,0,False
J0030,C0431,0.0,0.0,1.0,0.0,1.0,0.0,0.0,False,0.2,20.0,0,False
J0030,C0019,0.0,0.0,1.0,0.0,1.0,0.0,0.0,False,0.2,20.0,0,False
J0030,C0174,0.0,0.0,1.0,0.0,1.0,0.0,0.0,False,0.2,20.0,0,False
J0030,C0566,0.0,0.0,1.0,0.0,1.0,0.0,0.0,False,0.2,20.0,0,False
J0030,C0444,0.0,0.0,1.0,0.0,1.0,0.0,0.0,False,0.2,20.0,0,False
J0030,C0024,0.0,0.0,1.0,0.0,1.0,0.0,0.0,False,0.2,20.0,0,False
J0030,C0570,0.0,0.0,1.0,0.0,1.0,0.0,0.0,False,0.2,20.0,0,False
J0030,C0524,0.0,0.0,1.0,0.0,1.0,0.0,0.0,False,0.2,20.0,0,False
J0031,C0592,0.6,0.833,1.0,0.4,1.0,0.0,0.847,True,0.647,64.7,2,True
J0031,C0240,0.4,1.0,1.0,0.0,1.0,0.0,0.71,True,0.56,56.0,1,False
J0031,C0154,0.4,1.0,1.0,0.4,1.0,0.0,0.99,True,0.6,60.0,1,False
J0031,C0507,0.6,0.667,1.0,0.0,1.0,0.27,0.707,True,0.6,60.0,1,False
J0031,C0560,0.4,0.75,1.0,0.0,1.0,0.0,0.5,True,0.51,51.0,1,False
J0031,C0572,0.6,0.5,1.0,0.2,1.0,0.0,0.843,True,0.56,56.0,1,False
J0031,C0250,0.8,0.75,1.0,0.2,1.0,0.39,0.887,True,0.729,72.9,3,True
J0031,C0260,0.2,1.0,1.0,0.0,1.0,0.0,0.78,True,0.48,48.0,1,False
J0031,C0535,0.2,1.0,1.0,0.0,1.0,0.0,0.8,True,0.48,48.0,1,False
J0031,C0114,0.8,0.75,1.0,0.0,1.0,0.37,0.835,True,0.707,70.7,3,True
J0031,C0165,0.8,0.875,1.0,0.0,1.0,0.557,0.835,True,0.751,75.1,3,True
J0031,C0287,0.4,1.0,1.0,0.2,0.5,0.0,0.875,True,0.555,55.5,1,False
J0031,C0143,0.0,0.0,1.0,0.0,1.0,0.0,0.0,True,0.2,20.0,0,False
J0031,C0479,0.6,1.0,1.0,0.0,1.0,0.0,0.727,True,0.64,64.0,2,True
J0031,C0299,0.2,0.5,1.0,0.2,1.0,0.24,0.99,False,0.424,42.4,0,False
J0031,C0421,0.2,1.0,1.0,0.0,1.0,0.0,0.82,False,0.48,48.0,1,False
J0031,C0248,0.0,0.0,1.0,0.0,1.0,0.0,0.0,False,0.2,20.0,0,False
J0031,C0277,0.0,0.0,1.0,0.0,1.0,0.0,0.0,False,0.2,20.0,0,False
J0031,C0179,0.0,0.0,1.0,0.0,1.0,0.0,0.0,False,0.2,20.0,0,False
J0031,C0514,1.0,0.7,1.0,0.2,1.0,0.28,0.814,True,0.788,78.8,3,True
J0031,C0380,0.0,0.0,1.0,0.0,1.0,0.0,0.0,False,0.2,20.0,0,False
J0031,C0236,0.2,1.0,1.0,0.0,1.0,0.58,0.92,False,0.538,53.8,1,False
J0031,C0360,0.6,0.833,1.0,0.2,1.0,0.0,0.85,True,0.627,62.7,2,True
J0031,C0483,0.0,0.0,1.0,0.0,1.0,0.0,0.0,False,0.2,20.0,0,False
J0031,C0317,0.2,0.5,1.0,0.0,1.0,0.0,0.78,False,0.38,38.0,0,False
J0032,C0355,0.8,0.583,0.0,0.0,0.5,0.315,0.795,True,0.493,49.3,0,False
J0032,C0118,0.8,1.0,1.0,0.0,0.5,0.497,0.895,True,0.745,74.5,3,True
J0032,C0032,0.4,1.0,1.0,0.2,0.5,0.0,0.795,True,0.555,55.5,0,False
J0032,C0598,0.6,0.667,0.6,0.2,0.5,0.0,0.797,True,0.508,50.8,0,False
J0032,C0347,1.0,0.667,0.0,0.0,0.5,0.0,0.708,True,0.558,55.8,1,False
J0032,C0281,0.8,0.875,1.0,0.0,0.5,0.0,0.75,True,0.67,67.0,2,True
J0032,C0596,1.0,0.733,0.85,0.4,0.5,0.28,0.812,True,0.767,76.7,2,True
J0032,C0399,0.8,0.917,1.0,0.0,0.5,0.0,0.765,True,0.678,67.8,2,True
J0032,C0180,1.0,0.733,0.95,0.4,0.5,0.0,0.868,True,0.754,75.4,3,True
J0032,C0551,1.0,1.0,1.0,0.0,0.5,0.0,0.8,True,0.775,77.5,3,True
J0032,C0443,1.0,0.567,0.45,0.6,0.5,0.0,0.914,True,0.666,66.6,2,True
J0032,C0342,0.8,1.0,1.0,0.2,0.5,0.0,0.748,True,0.715,71.5,3,True
J0032,C0261,0.4,0.75,1.0,0.0,0.5,0.25,0.88,True,0.51,51.0,1,False
J0032,C0295,0.6,0.889,0.8,0.0,0.5,0.0,0.667,True,0.563,56.3,1,False
J0032,C0159,0.0,0.0,0.7,0.0,0.0,0.0,0.0,False,0.105,10.5,0,False
J0032,C0543,0.2,1.0,1.0,0.0,0.5,0.0,0.6,False,0.455,45.5,0,False
J0032,C0579,0.4,0.833,1.0,0.0,0.0,0.55,0.87,False,0.532,53.2,1,False
J0032,C0522,0.4,0.833,1.0,0.0,0.5,0.0,0.61,False,0.502,50.2,1,False
J0032,C0048,0.4,0.833,0.0,0.0,0.5,0.0,0.6,False,0.352,35.2,0,False
J0032,C0054,0.2,1.0,1.0,0.0,0.5,0.0,0.78,False,0.455,45.5,0,False
J0032,C0082,0.2,1.0,1.0,0.0,0.5,0.74,0.9,False,0.529,52.9,0,False
J0032,C0511,0.0,0.0,1.0,0.0,0.5,0.0,0.0,False,0.175,17.5,0,False
J0032,C0411,0.2,0.5,0.0,0.0,0.5,0.0,0.78,False,0.205,20.5,0,False
J0032,C0400,0.2,1.0,0.85,0.2,0.5,0.0,0.99,False,0.453,45.3,1,False
J0033,C0576,1.0,0.9,1.0,0.8,1.0,0.625,0.948,True,0.923,92.3,3,True
J0033,C0544,0.6,0.833,1.0,0.0,1.0,0.17,0.827,True,0.624,62.4,1,False
J0033,C0244,0.8,0.625,1.0,0.0,1.0,0.28,0.77,True,0.673,67.3,2,True
J0033,C0534,0.6,1.0,1.0,0.0,1.0,0.0,0.807,True,0.64,64.0,1,False
J0033,C0266,0.6,1.0,1.0,0.0,1.0,0.0,0.533,True,0.64,64.0,1,False
J0033,C0393,0.8,0.875,1.0,0.0,1.0,0.0,0.755,True,0.695,69.5,2,True
J0033,C0327,0.8,0.875,1.0,0.0,1.0,0.0,0.705,True,0.695,69.5,2,True
J0033,C0458,0.4,0.75,1.0,0.2,1.0,0.0,0.875,True,0.53,53.0,1,False
J0033,C0532,0.8,1.0,1.0,0.0,1.0,0.0,0.74,True,0.72,72.0,2,True
J0033,C0036,0.8,0.75,1.0,0.0,1.0,0.0,0.64,True,0.67,67.0,1,False
J0033,C0211,1.0,0.8,1.0,0.0,1.0,0.0,0.668,True,0.76,76.0,3,True
J0033,C0262,0.8,0.875,1.0,0.0,1.0,0.59,0.76,True,0.754,75.4,2,True
J0033,C0410,0.4,0.75,1.0,0.2,0.5,0.0,0.895,True,0.505,50.5,1,False
J0033,C0545,0.6,1.0,1.0,0.0,1.0,0.0,0.727,True,0.64,64.0,2,True
J0033,C0205,0.0,0.0,1.0,0.0,1.0,0.0,0.0,False,0.2,20.0,0,False
J0033,C0020,0.0,0.0,1.0,0.0,1.0,0.0,0.0,False,0.2,20.0,0,False
J0033,C0450,0.0,0.0,1.0,0.0,0.5,0.0,0.0,False,0.175,17.5,0,False
J0033,C0374,0.2,0.5,1.0,0.2,1.0,0.0,0.97,False,0.4,40.0,0,False
J0033,C0588,0.0,0.0,1.0,0.0,1.0,0.0,0.0,False,0.2,20.0,0,False
J0033,C0142,0.0,0.0,1.0,0.0,1.0,0.0,0.0,False,0.2,20.0,0,False
J0033,C0350,0.0,0.0,1.0,0.0,1.0,0.0,0.0,False,0.2,20.0,0,False
J0033,C0461,0.0,0.0,1.0,0.0,1.0,0.0,0.0,False,0.2,20.0,0,False
J0033,C0470,0.0,0.0,1.0,0.0,1.0,0.0,0.0,False,0.2,20.0,0,False
J0033,C0480,0.6,0.667,1.0,0.4,1.0,0.0,0.913,False,0.613,61.3,2,True
J0034,C0325,0.8,0.833,0.86,0.2,1.0,0.6,0.807,True,0.746,74.6,3,True
J0034,C0523,0.6,0.889,0.74,0.2,1.0,0.0,0.797,True,0.599,59.9,2,True
J0034,C0051,0.8,0.75,0.42,0.0,1.0,0.65,0.775,True,0.648,64.8,2,True
J0034,C0048,1.0,0.633,0.0,0.2,1.0,0.0,0.714,True,0.597,59.7,2,True
J0034,C0029,0.6,0.556,0.0,0.0,1.0,0.36,0.767,True,0.437,43.7,1,False
J0034,C0150,0.6,0.778,0.0,0.0,0.5,0.66,0.7,True,0.487,48.7,1,False
J0034,C0397,0.2,0.667,1.0,0.0,0.5,0.0,0.78,True,0.388,38.8,0,False
J0034,C0179,0.6,0.778,0.26,0.0,1.0,0.0,0.6,True,0.485,48.5,1,False
J0034,C0082,0.2,1.0,0.78,0.0,1.0,0.74,0.9,True,0.521,52.1,1,False
J0034,C0205,0.6,0.556,0.0,0.0,1.0,0.0,0.6,True,0.401,40.1,0,False
J0034,C0402,0.6,1.0,1.0,0.0,0.5,0.885,0.88,True,0.704,70.4,3,True
J0034,C0117,0.4,0.667,0.0,0.2,1.0,0.39,0.925,True,0.402,40.2,0,False
J0034,C0366,0.4,1.0,1.0,0.0,1.0,0.83,0.9,True,0.643,64.3,2,True
J0034,C0269,0.0,0.0,0.0,0.0,1.0,0.0,0.0,True,0.05,5.0,0,False
J0034,C0073,0.4,0.667,0.4,0.0,1.0,0.0,0.79,False,0.403,40.3,0,False
J0034,C0138,0.0,0.0,1.0,0.0,1.0,0.0,0.0,False,0.2,20.0,0,False
J0034,C0332,0.0,0.0,0.0,0.0,1.0,0.0,0.0,False,0.05,5.0,0,False
J0034,C0321,0.0,0.0,0.0,0.0,1.0,0.0,0.0,False,0.05,5.0,0,False
J0034,C0575,0.0,0.0,1.0,0.0,1.0,0.0,0.0,False,0.2,20.0,0,False
J0034,C0349,0.0,0.0,1.0,0.0,1.0,0.0,0.0,False,0.2,20.0,0,False
J0034,C0481,0.0,0.0,0.52,0.0,0.0,0.0,0.0,False,0.078,7.8,0,False
J0034,C0593,0.0,0.0,0.0,0.0,1.0,0.0,0.0,False,0.05,5.0,0,False
J0034,C0143,0.2,0.333,0.0,0.0,1.0,0.0,0.6,False,0.197,19.7,0,False
J0034,C0383,0.0,0.0,0.0,0.0,1.0,0.0,0.0,False,0.05,5.0,0,False
J0034,C0134,0.6,0.889,0.32,0.0,1.0,0.0,0.74,True,0.516,51.6,1,False
J0035,C0250,0.333,0.5,0.24,0.0,1.0,0.0,0.8,True,0.319,31.9,0,False
J0035,C0142,1.0,0.667,0.0,0.667,1.0,0.55,0.86,True,0.705,70.5,2,True
J0035,C0572,0.667,0.75,0.0,0.0,1.0,0.0,0.69,True,0.467,46.7,1,False
J0035,C0313,0.667,0.75,0.0,0.0,1.0,0.0,0.69,True,0.467,46.7,1,False
J0035,C0019,0.333,1.0,0.0,0.333,0.5,0.0,0.97,True,0.392,39.2,0,False
J0035,C0084,0.667,1.0,1.0,0.333,1.0,0.73,0.955,True,0.773,77.3,3,True
J0035,C0507,0.667,0.5,0.0,0.0,1.0,0.26,0.91,True,0.443,44.3,1,False
J0035,C0346,1.0,0.667,0.0,0.0,1.0,0.0,0.713,True,0.583,58.3,1,False
J0035,C0030,0.333,0.5,0.0,0.333,1.0,0.0,0.99,True,0.317,31.7,0,False
J0035,C0060,0.0,0.0,0.62,0.0,1.0,0.0,0.0,True,0.143,14.3,0,False
J0035,C0298,0.667,1.0,0.78,0.333,0.5,0.43,0.895,True,0.685,68.5,2,True
J0035,C0310,0.333,1.0,1.0,0.0,1.0,0.9,0.92,True,0.623,62.3,2,True
J0035,C0560,0.667,0.5,0.0,0.0,1.0,0.0,0.59,True,0.417,41.7,0,False
J0035,C0181,0.333,1.0,0.5,0.0,1.0,0.6,0.92,True,0.518,51.8,1,False
J0035,C0294,0.0,0.0,0.36,0.0,0.5,0.0,0.0,False,0.079,7.9,0,False
J0035,C0216,0.0,0.0,0.0,0.0,1.0,0.0,0.0,False,0.05,5.0,0,False
J0035,C0438,0.0,0.0,0.0,0.0,1.0,0.0,0.0,False,0.05,5.0,0,False
J0035,C0450,0.0,0.0,0.0,0.0,0.5,0.0,0.0,False,0.025,2.5,0,False
J0035,C0469,0.333,1.0,0.38,0.0,1.0,0.0,0.6,False,0.44,44.0,1,False
J0035,C0592,0.667,0.75,0.24,0.0,1.0,0.0,0.6,True,0.503,50.3,1,False
J0035,C0292,0.0,0.0,0.0,0.0,0.5,0.0,0.0,False,0.025,2.5,0,False
J0035,C0264,0.333,1.0,0.24,0.0,1.0,0.58,0.94,False,0.477,47.7,0,False
J0035,C0466,0.333,0.5,0.0,0.0,0.5,0.0,0.6,False,0.258,25.8,0,False
J0035,C0477,0.333,0.5,0.0,0.0,1.0,0.0,0.78,False,0.283,28.3,0,False
J0035,C0167,0.0,0.0,1.0,0.0,1.0,0.0,0.0,False,0.2,20.0,0,False
J0036,C0482,1.0,0.542,0.0,0.0,0.5,0.0,0.64,True,0.533,53.3,1,False
J0036,C0563,1.0,0.917,0.46,0.0,1.0,0.0,0.795,True,0.702,70.2,2,True
J0036,C0068,0.5,1.0,0.84,0.25,1.0,0.68,0.945,True,0.669,66.9,2,True
J0036,C0278,0.75,0.889,0.86,0.5,1.0,0.0,0.793,True,0.707,70.7,3,True
J0036,C0543,0.75,1.0,0.92,0.25,1.0,0.0,0.783,True,0.713,71.3,3,True
J0036,C0199,0.75,1.0,0.54,0.0,1.0,0.8,0.813,True,0.711,71.1,3,True
J0036,C0119,0.5,0.667,0.36,0.0,1.0,0.64,0.86,True,0.501,50.1,1,False
J0036,C0396,0.75,0.5,0.48,0.0,1.0,0.0,0.807,True,0.522,52.2,1,False
J0036,C0163,1.0,0.5,0.16,0.0,0.5,0.435,0.805,True,0.592,59.2,1,False
J0036,C0343,0.0,0.0,0.68,0.0,1.0,0.0,0.0,True,0.152,15.2,0,False
J0036,C0207,0.25,0.333,0.6,0.25,1.0,0.0,0.97,True,0.332,33.2,0,False
J0036,C0286,0.75,0.389,0.0,0.25,1.0,0.0,0.717,True,0.453,45.3,0,False
J0036,C0439,0.75,0.5,0.0,0.5,1.0,0.0,0.9,True,0.5,50.0,1,False
J0036,C0486,0.5,0.417,0.26,0.0,1.0,0.0,0.7,True,0.372,37.2,0,False
J0036,C0109,0.25,0.5,0.0,0.25,1.0,0.0,0.99,False,0.275,27.5,0,False
J0036,C0104,0.0,0.0,0.48,0.0,0.0,0.0,0.0,False,0.072,7.2,0,False
J0036,C0440,0.25,1.0,0.52,0.0,1.0,0.0,0.78,False,0.428,42.8,0,False
J0036,C0491,0.0,0.0,0.0,0.0,1.0,0.0,0.0,False,0.05,5.0,0,False
J0036,C0475,0.25,0.5,0.0,0.25,1.0,0.0,0.99,False,0.275,27.5,0,False
J0036,C0085,0.25,1.0,0.16,0.0,1.0,0.0,0.82,False,0.374,37.4,0,False
J0036,C0031,0.75,0.889,0.6,0.25,1.0,0.0,0.857,True,0.643,64.3,1,False
J0036,C0537,0.0,0.0,1.0,0.0,1.0,0.0,0.0,False,0.2,20.0,0,False
J0036,C0407,0.0,0.0,0.0,0.0,1.0,0.0,0.0,False,0.05,5.0,0,False
J0036,C0404,0.0,0.0,0.26,0.0,0.0,0.0,0.0,False,0.039,3.9,0,False
J0036,C0590,0.25,1.0,1.0,0.25,1.0,0.98,0.99,False,0.623,62.3,1,False
J0037,C0232,0.4,0.417,1.0,0.0,1.0,0.0,0.5,True,0.443,44.3,1,False
J0037,C0348,0.8,0.792,1.0,0.2,1.0,0.0,0.838,True,0.698,69.8,2,True
J0037,C0488,0.8,0.458,1.0,0.2,1.0,0.0,0.833,True,0.632,63.2,2,True
J0037,C0197,1.0,0.867,1.0,0.0,1.0,0.0,0.724,True,0.773,77.3,3,True
J0037,C0456,0.6,0.833,1.0,0.2,1.0,0.0,0.783,True,0.627,62.7,1,False
J0037,C0584,0.4,0.5,1.0,0.2,1.0,0.0,0.895,True,0.48,48.0,1,False
J0037,C0052,0.4,1.0,1.0,0.0,1.0,0.0,0.7,True,0.56,56.0,1,False
J0037,C0089,0.6,0.444,1.0,0.0,1.0,0.0,0.793,True,0.529,52.9,1,False
J0037,C0459,0.6,1.0,1.0,0.6,1.0,0.0,0.99,True,0.7,70.0,2,True
J0037,C0156,0.6,0.833,1.0,0.2,1.0,0.38,0.79,True,0.665,66.5,3,True
J0037,C0476,0.2,1.0,1.0,0.0,1.0,0.0,0.8,True,0.48,48.0,1,False
J0037,C0093,0.6,0.778,1.0,0.0,1.0,0.0,0.713,True,0.596,59.6,1,False
J0037,C0365,0.6,0.611,1.0,0.4,1.0,0.0,0.787,True,0.602,60.2,2,True
J0037,C0453,0.4,1.0,1.0,0.2,1.0,0.0,0.895,True,0.58,58.0,1,False
J0037,C0106,0.0,0.0,1.0,0.0,1.0,0.0,0.0,False,0.2,20.0,0,False
J0037,C0482,0.4,0.417,1.0,0.0,0.5,0.0,0.5,False,0.418,41.8,0,False
J0037,C0537,0.2,1.0,1.0,0.0,1.0,0.0,0.82,False,0.48,48.0,0,False
J0037,C0596,0.4,0.583,1.0,0.2,1.0,0.34,0.795,False,0.531,53.1,1,False
J0037,C0364,0.8,0.583,1.0,0.0,1.0,0.0,0.8,True,0.637,63.7,2,True
J0037,C0180,0.6,0.722,1.0,0.2,1.0,0.0,0.797,False,0.604,60.4,1,False
J0037,C0484,0.4,0.833,1.0,0.0,1.0,0.0,0.61,True,0.527,52.7,1,False
J0037,C0527,0.2,0.5,1.0,0.0,1.0,0.0,0.78,False,0.38,38.0,0,False
J0037,C0444,0.2,0.5,1.0,0.0,1.0,0.0,0.6,False,0.38,38.0,0,False
J0037,C0590,0.8,1.0,1.0,0.6,1.0,0.9,0.938,True,0.87,87.0,3,True
J0037,C0001,0.2,1.0,1.0,0.0,1.0,0.0,0.82,False,0.48,48.0,1,False
J0038,C0502,1.0,0.833,1.0,0.2,1.0,0.0,0.786,True,0.787,78.7,3,True
J0038,C0156,0.6,1.0,1.0,0.2,1.0,0.38,0.73,True,0.698,69.8,3,True
J0038,C0035,0.8,1.0,1.0,0.0,1.0,0.89,0.78,True,0.809,80.9,3,True
J0038,C0257,0.8,1.0,1.0,0.2,1.0,0.79,0.777,True,0.819,81.9,3,True
J0038,C0283,0.4,0.833,1.0,0.2,1.0,0.14,0.795,True,0.561,56.1,1,False
J0038,C0074,0.8,1.0,1.0,0.0,1.0,0.81,0.775,True,0.801,80.1,3,True
J0038,C0126,0.2,1.0,1.0,0.2,1.0,0.0,0.95,True,0.5,50.0,1,False
J0038,C0476,0.6,0.889,1.0,0.0,1.0,0.0,0.793,True,0.618,61.8,1,False
J0038,C0345,0.4,1.0,1.0,0.2,1.0,0.96,0.935,True,0.676,67.6,2,True
J0038,C0496,0.8,0.917,1.0,0.2,1.0,0.14,0.847,True,0.737,73.7,3,True
J0038,C0538,0.6,0.833,1.0,0.4,1.0,0.395,0.933,True,0.686,68.6,3,True
J0038,C0484,0.8,1.0,1.0,0.0,1.0,0.0,0.71,True,0.72,72.0,2,True
J0038,C0076,0.4,0.75,1.0,0.2,1.0,0.39,0.945,True,0.569,56.9,1,False
J0038,C0334,0.2,1.0,1.0,0.0,1.0,0.0,0.8,True,0.48,48.0,0,False
J0038,C0470,0.2,1.0,1.0,0.0,1.0,0.84,0.92,False,0.564,56.4,2,True
J0038,C0096,0.0,0.0,1.0,0.0,1.0,0.0,0.0,False,0.2,20.0,0,False
J0038,C0398,0.2,1.0,1.0,0.0,1.0,0.0,0.78,False,0.48,48.0,1,False
J0038,C0077,0.2,0.5,1.0,0.0,1.0,0.0,0.78,False,0.38,38.0,1,False
J0038,C0253,0.2,1.0,1.0,0.2,1.0,0.0,0.99,False,0.5,50.0,1,False
J0038,C0493,0.2,1.0,1.0,0.0,1.0,0.0,0.78,False,0.48,48.0,1,False
J0038,C0040,0.4,1.0,1.0,0.0,0.5,0.4,0.75,True,0.575,57.5,2,True
J0038,C0105,0.0,0.0,1.0,0.0,0.5,0.0,0.0,False,0.175,17.5,0,False
J0038,C0516,0.4,1.0,1.0,0.2,1.0,0.0,0.795,False,0.58,58.0,1,False
J0038,C0125,0.0,0.0,1.0,0.0,1.0,0.0,0.0,False,0.2,20.0,0,False
J0038,C0100,0.0,0.0,1.0,0.0,1.0,0.0,0.0,False,0.2,20.0,0,False
J0039,C0001,0.667,1.0,1.0,0.333,1.0,0.0,0.785,True,0.7,70.0,2,True
J0039,C0491,0.667,0.667,1.0,0.333,1.0,0.0,0.875,True,0.633,63.3,2,True
J0039,C0319,0.0,0.0,1.0,0.0,1.0,0.0,0.0,True,0.2,20.0,0,False
J0039,C0228,0.0,0.0,1.0,0.0,1.0,0.0,0.0,True,0.2,20.0,0,False
J0039,C0297,0.667,0.833,1.0,0.0,1.0,0.0,0.81,True,0.633,63.3,1,False
J0039,C0548,0.333,1.0,1.0,0.0,1.0,0.0,0.82,True,0.533,53.3,1,False
J0039,C0184,0.0,0.0,1.0,0.0,1.0,0.0,0.0,True,0.2,20.0,0,False
J0039,C0335,1.0,0.778,1.0,0.0,1.0,0.36,0.707,True,0.792,79.2,3,True
J0039,C0340,0.667,1.0,1.0,0.0,1.0,0.0,0.79,True,0.667,66.7,2,True
J0039,C0256,0.667,0.833,1.0,0.0,1.0,0.6,0.76,True,0.693,69.3,3,True
J0039,C0530,0.333,1.0,1.0,0.333,1.0,0.0,0.97,True,0.567,56.7,1,False
J0039,C0145,0.667,1.0,1.0,0.333,1.0,0.0,0.775,True,0.7,70.0,3,True
J0039,C0159,0.333,1.0,1.0,0.0,0.5,0.28,0.94,True,0.536,53.6,1,False
J0039,C0561,1.0,1.0,1.0,0.0,0.5,0.0,0.74,True,0.775,77.5,3,True
J0039,C0065,0.333,1.0,1.0,0.0,1.0,0.0,0.82,False,0.533,53.3,1,False
J0039,C0003,0.0,0.0,1.0,0.0,1.0,0.0,0.0,False,0.2,20.0,0,False
J0039,C0380,0.0,0.0,1.0,0.0,1.0,0.0,0.0,False,0.2,20.0,0,False
J0039,C0224,0.0,0.0,1.0,0.0,1.0,0.0,0.0,False,0.2,20.0,0,False
J0039,C0513,0.0,0.0,1.0,0.0,1.0,0.0,0.0,False,0.2,20.0,0,False
J0039,C0549,0.0,0.0,1.0,0.0,1.0,0.0,0.0,False,0.2,20.0,0,False
J0039,C0209,0.333,0.333,1.0,0.333,1.0,0.0,0.97,False,0.433,43.3,0,False
J0039,C0316,1.0,0.889,1.0,0.333,1.0,0.0,0.79,True,0.811,81.1,3,True
J0039,C0557,0.0,0.0,1.0,0.0,1.0,0.0,0.0,False,0.2,20.0,0,False
J0039,C0457,0.0,0.0,1.0,0.0,1.0,0.0,0.0,False,0.2,20.0,0,False
J0039,C0476,0.333,1.0,1.0,0.0,1.0,0.0,0.82,False,0.533,53.3,1,False
J0040,C0387,0.6,0.889,1.0,0.2,1.0,0.615,0.903,True,0.699,69.9,1,False
J0040,C0480,0.6,0.667,0.75,0.0,1.0,0.0,0.787,True,0.536,53.6,1,False
J0040,C0460,0.6,0.667,0.0,0.0,1.0,0.18,0.76,True,0.441,44.1,0,False
J0040,C0513,1.0,0.667,0.0,0.0,1.0,0.0,0.636,True,0.583,58.3,2,True
J0040,C0243,0.6,0.556,0.0,0.4,1.0,0.0,0.907,True,0.441,44.1,1,False
J0040,C0119,0.6,0.667,0.45,0.0,1.0,0.64,0.78,True,0.555,55.5,1,False
J0040,C0278,0.6,0.889,1.0,0.2,1.0,0.73,0.77,True,0.711,71.1,3,True
J0040,C0286,0.8,0.5,0.0,0.4,1.0,0.0,0.835,True,0.51,51.0,1,False
J0040,C0343,0.2,0.333,0.85,0.0,1.0,0.2,0.94,True,0.344,34.4,0,False
J0040,C0439,0.2,0.667,0.0,0.0,1.0,0.0,0.78,True,0.263,26.3,0,False
J0040,C0324,0.6,0.444,0.3,0.4,0.5,0.49,0.967,True,0.488,48.8,1,False
J0040,C0385,0.2,0.333,0.3,0.0,1.0,0.0,0.8,True,0.242,24.2,0,False
J0040,C0058,0.8,0.833,1.0,0.2,1.0,0.42,0.828,True,0.749,74.9,2,True
J0040,C0357,0.6,0.778,0.625,0.4,1.0,0.97,0.96,True,0.676,67.6,2,True
J0040,C0445,0.2,1.0,1.0,0.2,1.0,0.53,0.99,False,0.553,55.3,1,False
J0040,C0562,0.0,0.0,0.725,0.0,1.0,0.0,0.0,False,0.159,15.9,0,False
J0040,C0305,0.2,1.0,0.0,0.0,1.0,0.0,0.78,False,0.33,33.0,0,False
J0040,C0477,0.8,0.583,0.0,0.0,1.0,0.265,0.8,True,0.513,51.3,1,False
J0040,C0418,0.2,0.667,0.375,0.2,1.0,0.0,0.97,False,0.34,34.0,0,False
J0040,C0129,0.0,0.0,0.7,0.0,1.0,0.0,0.0,False,0.155,15.5,0,False
J0040,C0348,0.2,1.0,0.625,0.0,1.0,0.0,0.78,False,0.424,42.4,1,False
J0040,C0591,0.2,1.0,0.0,0.0,1.0,0.0,0.78,False,0.33,33.0,0,False
J0040,C0588,0.0,0.0,0.0,0.0,1.0,0.0,0.0,False,0.05,5.0,0,False
J0040,C0412,0.2,1.0,1.0,0.0,1.0,0.0,0.78,False,0.48,48.0,1,False
J0040,C0461,0.0,0.0,0.0,0.0,1.0,0.0,0.0,False,0.05,5.0,0,False
J0041,C0160,1.0,0.875,1.0,0.25,1.0,0.0,0.748,True,0.8,80.0,3,True
J0041,C0455,0.5,0.75,1.0,0.0,1.0,0.22,0.76,True,0.572,57.2,1,False
J0041,C0472,1.0,0.75,1.0,0.0,0.5,0.3,0.8,True,0.755,75.5,3,True
J0041,C0137,0.25,1.0,1.0,0.0,1.0,0.32,0.9,True,0.532,53.2,1,False
J0041,C0114,0.75,1.0,1.0,0.0,1.0,0.0,0.82,True,0.7,70.0,2,True
J0041,C0149,0.5,1.0,1.0,0.25,1.0,0.0,0.905,True,0.625,62.5,3,True
J0041,C0166,0.0,0.0,1.0,0.0,1.0,0.0,0.0,True,0.2,20.0,0,False
J0041,C0514,1.0,1.0,1.0,0.0,1.0,0.0,0.69,True,0.8,80.0,3,True
J0041,C0314,1.0,1.0,1.0,0.0,0.5,0.743,0.835,True,0.849,84.9,3,True
J0041,C0025,0.5,1.0,1.0,0.25,1.0,0.0,0.875,True,0.625,62.5,1,False
J0041,C0346,0.75,0.833,1.0,0.25,1.0,0.0,0.79,True,0.692,69.2,2,True
J0041,C0233,0.5,1.0,1.0,0.0,1.0,0.8,0.92,True,0.68,68.0,2,True
J0041,C0258,0.75,1.0,1.0,0.0,1.0,0.3,0.7,True,0.73,73.0,2,True
J0041,C0275,0.5,1.0,1.0,0.25,1.0,0.0,0.795,True,0.625,62.5,2,True
J0041,C0100,0.0,0.0,1.0,0.0,1.0,0.0,0.0,False,0.2,20.0,0,False
J0041,C0504,0.25,0.5,1.0,0.0,1.0,0.0,0.78,False,0.4,40.0,0,False
J0041,C0489,0.0,0.0,1.0,0.0,1.0,0.0,0.0,False,0.2,20.0,0,False
J0041,C0087,0.0,0.0,1.0,0.0,1.0,0.0,0.0,False,0.2,20.0,0,False
J0041,C0058,0.25,1.0,1.0,0.0,1.0,0.0,0.6,False,0.5,50.0,1,False
J0041,C0161,0.5,0.75,1.0,0.25,1.0,0.225,0.945,True,0.598,59.8,2,True
J0041,C0062,0.25,0.5,1.0,0.0,1.0,0.23,0.88,False,0.423,42.3,0,False
J0041,C0212,0.25,1.0,1.0,0.0,1.0,0.0,0.78,False,0.5,50.0,1,False
J0041,C0498,0.0,0.0,1.0,0.0,1.0,0.0,0.0,False,0.2,20.0,0,False
J0041,C0548,0.25,1.0,1.0,0.25,1.0,0.0,0.99,False,0.525,52.5,1,False
J0041,C0445,0.0,0.0,1.0,0.0,1.0,0.0,0.0,False,0.2,20.0,0,False
J0042,C0162,0.5,0.5,0.0,0.0,1.0,0.0,0.69,True,0.35,35.0,0,False
J0042,C0036,1.0,0.542,0.0,0.25,1.0,0.0,0.693,True,0.583,58.3,1,False
J0042,C0575,0.25,0.667,1.0,0.25,1.0,0.5,0.99,True,0.508,50.8,1,False
J0042,C0593,0.5,0.333,0.0,0.0,1.0,0.14,0.84,True,0.331,33.1,0,False
J0042,C0363,0.5,0.833,0.3,0.25,1.0,0.0,0.795,True,0.487,48.7,1,False
J0042,C0389,0.75,0.333,0.0,0.25,1.0,0.0,0.777,True,0.442,44.2,0,False
J0042,C0412,0.5,0.833,0.94,0.0,1.0,0.0,0.8,True,0.558,55.8,2,True
J0042,C0186,0.75,0.889,0.7,0.0,1.0,0.0,0.787,True,0.633,63.3,1,False
J0042,C0290,0.5,0.333,0.0,0.25,1.0,0.215,0.955,True,0.363,36.3,0,False
J0042,C0175,0.75,0.611,0.0,0.25,1.0,0.0,0.79,True,0.497,49.7,1,False
J0042,C0321,0.75,0.5,0.0,0.25,1.0,0.32,0.93,True,0.507,50.7,1,False
J0042,C0022,0.25,0.333,0.0,0.25,1.0,0.0,0.99,True,0.242,24.2,0,False
J0042,C0302,0.5,0.333,0.0,0.0,1.0,0.0,0.6,True,0.317,31.7,0,False
J0042,C0380,1.0,0.375,0.0,0.5,1.0,0.18,0.91,True,0.593,59.3,1,False
J0042,C0586,0.0,0.0,0.42,0.0,1.0,0.0,0.0,False,0.113,11.3,0,False
J0042,C0205,0.0,0.0,0.0,0.0,1.0,0.0,0.0,False,0.05,5.0,0,False
J0042,C0540,0.0,0.0,0.8,0.0,1.0,0.0,0.0,False,0.17,17.0,0,False
J0042,C0544,1.0,0.667,0.44,0.25,1.0,0.17,0.863,True,0.691,69.1,2,True
J0042,C0413,0.0,0.0,0.46,0.0,1.0,0.0,0.0,False,0.119,11.9,0,False
J0042,C0528,0.0,0.0,0.0,0.0,1.0,0.0,0.0,False,0.05,5.0,0,False
J0042,C0258,0.0,0.0,0.0,0.0,1.0,0.0,0.0,False,0.05,5.0,0,False
J0042,C0548,0.0,0.0,0.42,0.0,1.0,0.0,0.0,False,0.113,11.3,0,False
J0042,C0499,0.0,0.0,0.7,0.0,1.0,0.0,0.0,False,0.155,15.5,0,False
J0042,C0552,0.0,0.0,0.26,0.0,1.0,0.0,0.0,False,0.089,8.9,0,False
J0042,C0423,0.0,0.0,0.64,0.0,1.0,0.0,0.0,False,0.146,14.6,0,False
J0043,C0492,0.75,0.889,0.34,0.0,1.0,0.0,0.667,True,0.579,57.9,1,False
J0043,C0155,0.25,0.5,0.34,0.0,1.0,0.0,0.78,True,0.301,30.1,0,False
J0043,C0369,0.0,0.0,0.0,0.0,1.0,0.0,0.0,True,0.05,5.0,0,False
J0043,C0096,0.5,0.833,0.44,0.5,1.0,0.0,0.99,True,0.533,53.3,1,False
J0043,C0175,0.75,0.611,0.0,0.25,1.0,0.0,0.79,True,0.497,49.7,1,False
J0043,C0239,0.5,0.667,0.0,0.25,1.0,0.0,0.875,True,0.408,40.8,0,False
J0043,C0388,0.75,1.0,0.72,0.25,1.0,0.0,0.803,True,0.683,68.3,2,True
J0043,C0363,0.25,0.667,0.3,0.25,1.0,0.0,0.99,True,0.353,35.3,0,False
J0043,C0290,0.75,0.444,0.0,0.0,1.0,0.31,0.907,True,0.47,47.0,0,False
J0043,C0033,0.5,0.75,0.32,0.25,1.0,0.47,0.955,True,0.52,52.0,1,False
J0043,C0393,0.75,0.889,0.34,0.0,1.0,0.0,0.807,True,0.579,57.9,1,False
J0043,C0262,0.75,0.722,0.44,0.0,1.0,0.69,0.707,True,0.629,62.9,2,True
J0043,C0534,0.5,0.667,0.58,0.0,1.0,0.0,0.81,True,0.47,47.0,1,False
J0043,C0222,0.25,1.0,0.0,0.0,1.0,0.0,0.4,True,0.35,35.0,0,False
J0043,C0359,0.0,0.0,0.28,0.0,1.0,0.0,0.0,False,0.092,9.2,0,False
J0043,C0069,0.25,0.5,0.0,0.25,1.0,0.0,0.97,False,0.275,27.5,0,False
J0043,C0230,0.0,0.0,0.0,0.0,1.0,0.0,0.0,False,0.05,5.0,0,False
J0043,C0088,0.0,0.0,0.46,0.0,1.0,0.0,0.0,False,0.119,11.9,0,False
J0043,C0168,0.25,1.0,0.42,0.0,0.5,0.0,0.8,False,0.388,38.8,0,False
J0043,C0497,0.0,0.0,0.0,0.0,1.0,0.0,0.0,False,0.05,5.0,0,False
J0043,C0481,0.0,0.0,0.52,0.0,0.0,0.0,0.0,False,0.078,7.8,0,False
J0043,C0219,0.5,1.0,1.0,0.5,1.0,0.0,0.98,True,0.65,65.0,1,False
J0043,C0082,0.0,0.0,0.78,0.0,1.0,0.0,0.0,False,0.167,16.7,0,False
J0043,C0338,0.0,0.0,0.0,0.0,1.0,0.0,0.0,False,0.05,5.0,0,False
J0043,C0131,0.25,1.0,0.46,0.25,1.0,0.0,0.99,False,0.444,44.4,0,False
J0044,C0084,1.0,1.0,1.0,0.0,1.0,0.72,0.853,True,0.872,87.2,3,True
J0044,C0161,0.667,0.417,0.8,0.333,1.0,0.225,0.945,True,0.576,57.6,1,False
J0044,C0298,0.667,0.667,1.0,0.333,0.5,0.54,0.895,True,0.662,66.2,3,True
J0044,C0560,0.667,0.5,0.0,0.0,1.0,0.0,0.78,True,0.417,41.7,0,False
J0044,C0003,1.0,0.5,0.0,0.667,1.0,0.345,0.967,True,0.651,65.1,1,False
J0044,C0143,0.667,0.333,0.0,0.0,1.0,0.18,0.75,True,0.401,40.1,0,False
J0044,C0508,0.667,0.333,1.0,0.333,1.0,0.0,0.795,True,0.567,56.7,1,False
J0044,C0114,1.0,0.889,1.0,0.0,1.0,0.0,0.82,True,0.778,77.8,3,True
J0044,C0181,1.0,0.611,1.0,0.0,1.0,0.515,0.813,True,0.774,77.4,3,True
J0044,C0313,1.0,0.611,0.0,0.0,1.0,0.0,0.66,True,0.572,57.2,1,False
J0044,C0053,1.0,0.611,1.0,0.333,1.0,0.0,0.85,True,0.756,75.6,3,True
J0044,C0447,1.0,0.5,1.0,0.0,1.0,0.0,0.793,True,0.7,70.0,3,True
J0044,C0071,0.667,0.833,1.0,0.0,1.0,0.0,0.7,True,0.633,63.3,2,True
J0044,C0287,1.0,0.389,0.0,0.667,0.5,0.38,0.92,True,0.607,60.7,1,False
J0044,C0108,0.333,0.333,0.0,0.333,1.0,0.0,0.97,False,0.283,28.3,0,False
J0044,C0334,0.333,0.667,1.0,0.0,1.0,0.0,0.6,False,0.467,46.7,0,False
J0044,C0121,0.0,0.0,1.0,0.0,1.0,0.0,0.0,False,0.2,20.0,0,False
J0044,C0397,0.0,0.0,1.0,0.0,0.5,0.0,0.0,False,0.175,17.5,0,False
J0044,C0217,0.333,0.667,0.0,0.0,1.0,0.53,0.92,False,0.37,37.0,0,False
J0044,C0294,0.0,0.0,1.0,0.0,0.5,0.0,0.0,False,0.175,17.5,0,False
J0044,C0349,0.0,0.0,1.0,0.0,1.0,0.0,0.0,False,0.2,20.0,0,False
J0044,C0088,0.333,1.0,1.0,0.333,1.0,0.0,0.97,False,0.567,56.7,1,False
J0044,C0166,0.333,0.333,0.0,0.333,1.0,0.37,0.99,True,0.32,32.0,0,False
J0044,C0559,0.333,0.333,0.0,0.0,1.0,0.0,0.6,False,0.25,25.0,0,False
J0044,C0347,0.333,0.667,0.0,0.0,1.0,0.0,0.78,False,0.317,31.7,0,False
J0045,C0553,1.0,0.417,0.0,0.0,1.0,0.0,0.78,True,0.533,53.3,1,False
J0045,C0409,0.75,0.778,1.0,0.0,1.0,0.0,0.66,True,0.656,65.6,1,False
J0045,C0433,1.0,1.0,1.0,0.25,1.0,0.0,0.852,True,0.825,82.5,3,True
J0045,C0037,1.0,0.833,1.0,0.25,1.0,0.75,0.823,True,0.867,86.7,3,True
J0045,C0170,1.0,0.417,1.0,0.25,1.0,0.0,0.802,True,0.708,70.8,3,True
J0045,C0004,1.0,0.792,1.0,0.0,1.0,0.0,0.805,True,0.758,75.8,3,True
J0045,C0401,0.5,0.583,1.0,0.0,1.0,0.27,0.84,True,0.544,54.4,1,False
J0045,C0443,1.0,0.417,0.9,0.5,1.0,0.0,0.8,True,0.718,71.8,3,True
J0045,C0596,1.0,0.833,1.0,0.25,1.0,0.0,0.693,True,0.792,79.2,3,True
J0045,C0041,0.75,0.667,0.0,0.0,1.0,0.13,0.7,True,0.496,49.6,1,False
J0045,C0399,1.0,0.917,1.0,0.0,1.0,0.0,0.81,True,0.783,78.3,3,True
J0045,C0075,0.75,0.5,1.0,0.0,1.0,0.37,0.773,True,0.637,63.7,2,True
J0045,C0091,0.75,0.389,0.0,0.5,1.0,0.28,0.953,True,0.506,50.6,1,False
J0045,C0261,0.0,0.0,1.0,0.0,1.0,0.0,0.0,True,0.2,20.0,0,False
J0045,C0523,0.25,1.0,1.0,0.0,1.0,0.0,0.82,False,0.5,50.0,1,False
J0045,C0458,0.0,0.0,0.0,0.0,1.0,0.0,0.0,False,0.05,5.0,0,False
J0045,C0147,0.25,0.5,0.0,0.0,1.0,0.27,0.9,False,0.277,27.7,0,False
J0045,C0270,0.25,0.5,0.0,0.25,1.0,0.0,0.99,False,0.275,27.5,0,False
J0045,C0541,0.0,0.0,1.0,0.0,1.0,0.0,0.0,False,0.2,20.0,0,False
J0045,C0216,0.0,0.0,0.0,0.0,1.0,0.0,0.0,False,0.05,5.0,0,False
J0045,C0297,0.25,1.0,1.0,0.0,1.0,0.0,0.82,False,0.5,50.0,1,False
J0045,C0241,0.75,0.778,1.0,0.0,1.0,0.57,0.773,True,0.713,71.3,2,True
J0045,C0055,0.0,0.0,0.0,0.0,1.0,0.0,0.0,False,0.05,5.0,0,False
J0045,C0420,0.25,1.0,1.0,0.0,1.0,0.0,0.6,False,0.5,50.0,1,False
J0045,C0482,0.25,0.5,0.0,0.0,1.0,0.0,0.4,False,0.25,25.0,0,False
J0046,C0287,0.667,0.667,0.0,0.333,0.0,0.38,0.875,True,0.471,47.1,1,False
J0046,C0025,0.333,1.0,0.56,0.0,0.5,0.0,0.78,True,0.442,44.2,0,False
J0046,C0181,0.333,0.667,0.5,0.0,1.0,0.43,0.92,True,0.435,43.5,1,False
J0046,C0560,0.667,0.583,0.0,0.0,0.5,0.0,0.59,True,0.408,40.8,0,False
J0046,C0250,0.333,1.0,0.24,0.0,0.5,0.0,0.82,True,0.394,39.4,0,False
J0046,C0060,0.667,0.667,0.62,0.333,0.5,0.0,0.905,True,0.551,55.1,1,False
J0046,C0071,0.333,0.667,0.34,0.0,0.5,0.0,0.8,True,0.343,34.3,0,False
J0046,C0137,0.333,0.5,0.0,0.333,0.5,0.12,0.99,True,0.304,30.4,0,False
J0046,C0592,0.667,0.833,0.24,0.0,1.0,0.0,0.6,True,0.519,51.9,1,False
J0046,C0259,1.0,0.889,0.48,0.0,0.5,0.48,0.72,True,0.723,72.3,2,True
J0046,C0268,0.667,0.833,0.72,0.0,0.0,0.0,0.78,True,0.541,54.1,1,False
J0046,C0310,0.0,0.0,1.0,0.0,0.5,0.0,0.0,True,0.175,17.5,0,False
J0046,C0053,1.0,0.722,0.64,0.333,0.5,0.0,0.85,True,0.699,69.9,2,True
J0046,C0123,0.667,0.667,0.28,0.0,0.5,0.0,0.7,True,0.467,46.7,0,False
J0046,C0511,0.0,0.0,0.74,0.0,0.5,0.0,0.0,False,0.136,13.6,0,False
J0046,C0400,0.0,0.0,0.34,0.0,0.5,0.0,0.0,False,0.076,7.6,0,False
J0046,C0544,0.0,0.0,0.44,0.0,0.5,0.0,0.0,False,0.091,9.1,0,False
J0046,C0545,0.0,0.0,0.8,0.0,1.0,0.0,0.0,False,0.17,17.0,0,False
J0046,C0494,0.0,0.0,1.0,0.0,0.5,0.0,0.0,False,0.175,17.5,0,False
J0046,C0525,0.0,0.0,0.0,0.0,0.5,0.0,0.0,False,0.025,2.5,0,False
J0046,C0508,1.0,0.778,0.4,0.667,0.5,0.0,0.927,True,0.707,70.7,2,True
J0046,C0182,0.333,0.333,0.14,0.0,1.0,0.33,0.92,False,0.304,30.4,0,False
J0046,C0282,0.0,0.0,0.0,0.0,0.0,0.0,0.0,False,0.0,0.0,0,False
J0046,C0202,0.333,0.333,0.34,0.0,0.0,0.0,0.82,False,0.251,25.1,0,False
J0046,C0505,0.0,0.0,0.0,0.0,0.5,0.0,0.0,False,0.025,2.5,0,False
J0047,C0224,1.0,0.7,1.0,0.4,1.0,0.215,0.912,True,0.802,80.2,3,True
J0047,C0427,1.0,0.9,1.0,0.0,1.0,0.0,0.764,True,0.78,78.0,3,True
J0047,C0280,0.6,0.833,1.0,0.2,1.0,0.535,0.93,True,0.68,68.0,3,True
J0047,C0490,0.8,0.5,1.0,0.0,1.0,0.4,0.82,True,0.66,66.0,1,False
J0047,C0509,0.6,0.833,1.0,0.2,1.0,0.6,0.823,True,0.687,68.7,2,True
J0047,C0540,0.6,1.0,1.0,0.4,1.0,0.64,0.953,True,0.744,74.4,3,True
J0047,C0234,0.8,0.875,1.0,0.4,1.0,0.48,0.96,True,0.783,78.3,3,True
J0047,C0063,0.8,0.75,1.0,0.2,1.0,0.485,0.818,True,0.739,73.9,3,True
J0047,C0169,1.0,1.0,1.0,0.6,1.0,0.0,0.866,True,0.86,86.0,3,True
J0047,C0552,1.0,0.7,1.0,0.0,1.0,0.0,0.748,True,0.74,74.0,2,True
J0047,C0568,0.6,0.833,1.0,0.0,1.0,0.45,0.92,True,0.652,65.2,2,True
J0047,C0461,1.0,0.8,1.0,0.0,1.0,0.0,0.556,True,0.76,76.0,3,True
J0047,C0312,0.6,0.5,1.0,0.4,1.0,0.0,0.92,True,0.58,58.0,1,False
J0047,C0023,1.0,0.9,1.0,0.2,1.0,0.69,0.854,True,0.869,86.9,3,True
J0047,C0017,0.0,0.0,1.0,0.0,1.0,0.0,0.0,False,0.2,20.0,0,False
J0047,C0524,0.2,1.0,1.0,0.2,1.0,0.0,0.99,False,0.5,50.0,1,False
J0047,C0578,0.0,0.0,1.0,0.0,1.0,0.0,0.0,False,0.2,20.0,0,False
J0047,C0454,0.2,0.5,1.0,0.0,0.5,0.4,0.9,False,0.395,39.5,0,False
J0047,C0196,0.2,1.0,1.0,0.0,1.0,0.0,0.8,False,0.48,48.0,1,False
J0047,C0208,0.2,0.5,1.0,0.0,1.0,0.0,0.78,False,0.38,38.0,0,False
J0047,C0351,0.0,0.0,1.0,0.0,1.0,0.0,0.0,False,0.2,20.0,0,False
J0047,C0428,0.2,0.5,1.0,0.0,1.0,0.0,0.6,False,0.38,38.0,0,False
J0047,C0077,0.2,1.0,1.0,0.0,1.0,0.0,0.78,False,0.48,48.0,0,False
J0047,C0199,0.0,0.0,1.0,0.0,1.0,0.0,0.0,False,0.2,20.0,0,False
J0047,C0010,0.0,0.0,1.0,0.0,1.0,0.0,0.0,False,0.2,20.0,0,False
J0048,C0416,0.75,0.889,1.0,0.0,1.0,0.0,0.72,True,0.678,67.8,2,True
J0048,C0281,0.5,1.0,1.0,0.0,1.0,0.0,0.79,True,0.6,60.0,1,False
J0048,C0118,0.75,0.889,1.0,0.0,1.0,0.497,0.927,True,0.727,72.7,2,True
J0048,C0225,0.5,0.75,1.0,0.0,1.0,0.0,0.6,True,0.55,55.0,1,False
J0048,C0399,0.75,1.0,1.0,0.0,1.0,0.0,0.82,True,0.7,70.0,2,True
J0048,C0037,0.75,0.778,1.0,0.0,1.0,0.75,0.833,True,0.731,73.1,2,True
J0048,C0433,1.0,0.917,1.0,0.0,1.0,0.0,0.65,True,0.783,78.3,2,True
J0048,C0326,0.75,0.833,1.0,0.25,1.0,0.0,0.85,True,0.692,69.2,2,True
J0048,C0180,1.0,0.833,1.0,0.25,1.0,0.0,0.788,True,0.792,79.2,3,True
J0048,C0295,0.5,1.0,1.0,0.0,1.0,0.0,0.7,True,0.6,60.0,2,True
J0048,C0178,0.75,0.611,1.0,0.25,1.0,0.0,0.843,True,0.647,64.7,3,True
J0048,C0028,1.0,0.708,1.0,0.0,1.0,0.0,0.545,True,0.742,74.2,3,True
J0048,C0371,0.25,1.0,1.0,0.25,1.0,0.0,0.97,True,0.525,52.5,1,False
J0048,C0367,0.75,1.0,1.0,0.25,1.0,0.63,0.83,True,0.788,78.8,3,True
J0048,C0134,0.25,1.0,1.0,0.0,1.0,0.0,0.82,False,0.5,50.0,1,False
J0048,C0123,0.25,0.333,1.0,0.0,1.0,0.0,0.8,False,0.367,36.7,0,False
J0048,C0527,0.25,1.0,1.0,0.0,1.0,0.0,0.6,True,0.5,50.0,1,False
J0048,C0478,0.0,0.0,1.0,0.0,1.0,0.0,0.0,False,0.2,20.0,0,False
J0048,C0109,0.25,1.0,1.0,0.0,1.0,0.76,0.92,False,0.576,57.6,2,True
J0048,C0387,0.0,0.0,1.0,0.0,1.0,0.0,0.0,False,0.2,20.0,0,False
J0048,C0201,0.0,0.0,1.0,0.0,1.0,0.0,0.0,False,0.2,20.0,0,False
J0048,C0300,0.25,0.667,1.0,0.25,1.0,0.0,0.95,False,0.458,45.8,0,False
J0048,C0321,0.0,0.0,1.0,0.0,1.0,0.0,0.0,False,0.2,20.0,0,False
J0048,C0499,0.25,0.667,1.0,0.0,1.0,0.63,0.92,False,0.496,49.6,1,False
J0048,C0526,0.0,0.0,1.0,0.0,1.0,0.0,0.0,False,0.2,20.0,0,False
J0049,C0259,0.5,1.0,1.0,0.0,1.0,0.54,0.66,True,0.654,65.4,2,True
J0049,C0258,0.5,1.0,1.0,0.0,1.0,0.0,0.69,True,0.6,60.0,1,False
J0049,C0128,0.25,0.5,1.0,0.0,1.0,0.0,0.78,True,0.4,40.0,1,False
J0049,C0275,0.25,1.0,1.0,0.0,1.0,0.0,0.6,True,0.5,50.0,1,False
J0049,C0572,1.0,0.625,1.0,0.0,1.0,0.0,0.735,True,0.725,72.5,2,True
J0049,C0499,0.5,1.0,1.0,0.25,1.0,0.63,0.945,True,0.688,68.8,1,False
J0049,C0360,0.25,0.5,1.0,0.0,1.0,0.0,0.6,True,0.4,40.0,0,False
J0049,C0455,0.75,0.667,1.0,0.25,1.0,0.22,0.837,True,0.68,68.0,2,True
J0049,C0240,0.75,1.0,1.0,0.0,1.0,0.0,0.593,True,0.7,70.0,3,True
J0049,C0144,1.0,0.625,1.0,0.0,1.0,0.0,0.645,True,0.725,72.5,2,True
J0049,C0060,0.5,0.75,1.0,0.25,1.0,0.0,0.895,True,0.575,57.5,2,True
J0049,C0123,1.0,0.75,1.0,0.0,1.0,0.0,0.695,True,0.75,75.0,2,True
J0049,C0165,1.0,0.75,1.0,0.0,1.0,0.95,0.77,True,0.845,84.5,3,True
J0049,C0583,0.5,0.75,1.0,0.25,1.0,0.0,0.785,True,0.575,57.5,2,True
J0049,C0126,0.0,0.0,1.0,0.0,1.0,0.0,0.0,False,0.2,20.0,0,False
J0049,C0134,0.5,1.0,1.0,0.0,1.0,0.0,0.71,False,0.6,60.0,2,True
J0049,C0194,0.5,1.0,1.0,0.25,1.0,0.61,0.795,False,0.686,68.6,2,True
J0049,C0267,0.25,0.5,1.0,0.0,1.0,0.0,0.4,False,0.4,40.0,0,False
J0049,C0418,0.5,1.0,1.0,0.25,1.0,0.3,0.955,True,0.655,65.5,1,False
J0049,C0172,0.25,1.0,1.0,0.25,1.0,0.43,0.99,False,0.568,56.8,1,False
J0049,C0578,0.25,0.5,1.0,0.0,1.0,0.0,0.4,False,0.4,40.0,0,False
J0049,C0503,0.5,0.5,1.0,0.0,1.0,0.0,0.69,False,0.5,50.0,1,False
J0049,C0525,0.25,0.5,1.0,0.0,1.0,0.0,0.6,False,0.4,40.0,0,False
J0049,C0232,0.5,0.5,1.0,0.0,1.0,0.0,0.5,False,0.5,50.0,1,False
J0049,C0454,0.25,0.5,1.0,0.0,1.0,0.4,0.9,False,0.44,44.0,1,False
J0050,C0053,1.0,1.0,1.0,0.25,1.0,0.0,0.843,True,0.825,82.5,3,True
J0050,C0535,0.75,0.833,1.0,0.25,1.0,0.23,0.863,True,0.715,71.5,3,True
J0050,C0025,0.25,1.0,1.0,0.0,1.0,0.0,0.78,True,0.5,50.0,1,False
J0050,C0071,0.25,1.0,1.0,0.0,1.0,0.0,0.8,True,0.5,50.0,1,False
J0050,C0143,0.5,0.75,1.0,0.0,1.0,0.18,0.75,True,0.568,56.8,1,False
J0050,C0250,0.5,0.5,1.0,0.25,1.0,0.24,0.905,True,0.549,54.9,1,False
J0050,C0060,0.5,1.0,1.0,0.25,1.0,0.0,0.905,True,0.625,62.5,2,True
J0050,C0019,0.75,0.833,1.0,0.75,0.5,0.0,0.97,True,0.717,71.7,2,True
J0050,C0508,1.0,0.875,1.0,0.25,1.0,0.42,0.827,True,0.842,84.2,3,True
J0050,C0514,0.5,0.75,1.0,0.0,1.0,0.0,0.69,True,0.55,55.0,1,False
J0050,C0030,1.0,0.625,1.0,0.5,1.0,0.25,0.91,True,0.8,80.0,2,True
J0050,C0518,0.5,1.0,1.0,0.25,1.0,0.0,0.785,True,0.625,62.5,1,False
J0050,C0128,0.75,0.667,1.0,0.0,1.0,0.27,0.82,True,0.66,66.0,1,False
J0050,C0258,1.0,0.75,1.0,0.0,1.0,0.355,0.8,True,0.786,78.6,3,True
J0050,C0248,0.0,0.0,1.0,0.0,1.0,0.0,0.0,False,0.2,20.0,0,False
J0050,C0221,0.25,1.0,1.0,0.0,1.0,0.0,0.8,True,0.5,50.0,0,False
J0050,C0226,0.25,1.0,1.0,0.0,0.5,0.0,0.4,False,0.475,47.5,1,False
J0050,C0086,0.0,0.0,1.0,0.0,1.0,0.0,0.0,False,0.2,20.0,0,False
J0050,C0083,0.25,0.5,1.0,0.25,1.0,0.4,0.99,False,0.465,46.5,0,False
J0050,C0161,0.25,1.0,1.0,0.0,1.0,0.17,0.9,True,0.517,51.7,1,False
J0050,C0460,0.0,0.0,1.0,0.0,1.0,0.0,0.0,False,0.2,20.0,0,False
J0050,C0480,0.0,0.0,1.0,0.0,1.0,0.0,0.0,False,0.2,20.0,0,False
J0050,C0260,0.5,1.0,1.0,0.0,1.0,0.0,0.7,True,0.6,60.0,1,False
J0050,C0262,0.0,0.0,1.0,0.0,1.0,0.0,0.0,False,0.2,20.0,0,False
J0050,C0348,0.0,0.0,1.0,0.0,1.0,0.0,0.0,False,0.2,20.0,0,False
J0051,C0161,0.6,0.556,0.8,0.0,1.0,0.17,0.767,True,0.538,53.8,1,False
J0051,C0250,0.4,0.667,1.0,0.2,1.0,0.455,0.955,True,0.559,55.9,1,False
J0051,C0507,1.0,0.467,0.0,0.0,1.0,0.27,0.62,True,0.57,57.0,2,True
J0051,C0313,0.8,0.458,0.0,0.0,1.0,0.0,0.64,True,0.462,46.2,0,False
J0051,C0214,0.6,0.556,1.0,0.2,1.0,0.0,0.87,True,0.571,57.1,1,False
J0051,C0322,0.2,0.667,1.0,0.2,1.0,0.59,0.99,True,0.492,49.2,1,False
J0051,C0298,0.4,0.667,1.0,0.4,0.5,0.485,0.99,True,0.557,55.7,1,False
J0051,C0210,0.8,0.542,0.0,0.4,1.0,0.0,0.78,True,0.518,51.8,1,False
J0051,C0166,0.4,0.333,0.0,0.4,1.0,0.0,0.98,True,0.317,31.7,0,False
J0051,C0337,0.6,0.5,0.0,0.2,1.0,0.415,0.923,True,0.451,45.2,1,False
J0051,C0084,1.0,0.867,1.0,0.2,1.0,0.65,0.826,True,0.858,85.8,3,True
J0051,C0314,0.6,1.0,1.0,0.0,0.5,0.855,0.867,True,0.7,70.0,2,True
J0051,C0149,0.4,1.0,1.0,0.0,1.0,0.0,0.8,True,0.56,56.0,1,False
J0051,C0078,0.4,0.417,0.0,0.4,1.0,0.0,0.98,True,0.333,33.3,0,False
J0051,C0521,0.2,1.0,1.0,0.0,1.0,0.0,0.78,False,0.48,48.0,1,False
J0051,C0181,0.4,0.667,1.0,0.0,1.0,0.53,0.91,True,0.546,54.6,1,False
J0051,C0208,0.4,0.5,1.0,0.0,1.0,0.42,0.85,False,0.502,50.2,0,False
J0051,C0501,0.4,0.5,1.0,0.2,1.0,0.0,0.905,False,0.48,48.0,0,False
J0051,C0447,0.4,0.5,1.0,0.0,1.0,0.0,0.6,True,0.46,46.0,1,False
J0051,C0412,0.2,1.0,1.0,0.2,1.0,0.95,0.99,False,0.595,59.5,1,False
J0051,C0225,0.0,0.0,1.0,0.0,1.0,0.0,0.0,False,0.2,20.0,0,False
J0051,C0460,0.4,0.333,0.0,0.2,1.0,0.18,0.955,False,0.315,31.5,0,False
J0051,C0524,0.2,1.0,1.0,0.2,1.0,0.0,0.99,False,0.5,50.0,1,False
J0051,C0556,0.2,0.667,1.0,0.0,1.0,0.0,0.6,False,0.413,41.3,1,False
J0051,C0256,0.2,0.667,1.0,0.0,1.0,0.0,0.6,False,0.413,41.3,1,False
J0052,C0131,1.0,0.917,0.767,0.5,1.0,0.0,0.885,True,0.798,79.8,3,True
J0052,C0306,1.0,0.542,0.0,0.75,0.5,0.22,0.962,True,0.63,63.0,1,False
J0052,C0083,0.5,0.75,0.0,0.25,1.0,0.18,0.945,True,0.443,44.3,1,False
J0052,C0483,0.5,1.0,0.833,0.5,1.0,0.82,0.99,True,0.707,70.7,2,True
J0052,C0305,1.0,0.542,0.0,0.5,1.0,0.0,0.79,True,0.608,60.8,1,False
J0052,C0341,0.75,0.722,1.0,0.25,1.0,0.0,0.73,True,0.669,66.9,2,True
J0052,C0115,0.5,1.0,0.2,0.0,0.5,0.67,0.87,True,0.522,52.2,1,False
J0052,C0121,1.0,0.542,0.433,0.25,1.0,0.0,0.843,True,0.648,64.8,1,False
J0052,C0379,0.75,0.5,0.433,0.0,1.0,0.0,0.733,True,0.515,51.5,1,False
J0052,C0152,1.0,0.667,0.0,0.25,1.0,0.16,0.777,True,0.624,62.4,2,True
J0052,C0444,0.5,0.75,0.0,0.0,1.0,0.0,0.6,True,0.4,40.0,0,False
J0052,C0506,0.25,1.0,1.0,0.0,1.0,0.89,0.94,True,0.589,58.9,1,False
J0052,C0374,0.75,0.389,0.0,0.75,1.0,0.0,0.977,True,0.503,50.3,1,False
J0052,C0526,0.5,0.667,0.0,0.0,1.0,0.0,0.6,True,0.383,38.3,0,False
J0052,C0568,0.0,0.0,1.0,0.0,1.0,0.0,0.0,False,0.2,20.0,0,False
J0052,C0578,0.5,0.667,0.0,0.0,1.0,0.17,0.65,False,0.4,40.0,0,False
J0052,C0257,0.75,1.0,1.0,0.25,1.0,0.79,0.837,False,0.804,80.4,2,True
J0052,C0230,0.0,0.0,0.0,0.0,1.0,0.0,0.0,False,0.05,5.0,0,False
J0052,C0206,0.0,0.0,0.0,0.0,1.0,0.0,0.0,False,0.05,5.0,0,False
J0052,C0576,0.25,0.667,0.833,0.25,1.0,0.6,0.99,False,0.493,49.3,1,False
J0052,C0197,0.75,0.889,1.0,0.0,1.0,0.0,0.747,False,0.678,67.8,2,True
J0052,C0439,0.25,0.333,0.0,0.0,1.0,0.0,0.78,False,0.217,21.7,0,False
J0052,C0269,0.0,0.0,0.0,0.0,1.0,0.0,0.0,False,0.05,5.0,0,False
J0052,C0365,0.75,0.556,0.0,0.5,1.0,0.0,0.86,False,0.511,51.1,1,False
J0052,C0319,0.0,0.0,1.0,0.0,1.0,0.0,0.0,False,0.2,20.0,0,False
J0053,C0556,0.75,1.0,0.833,0.0,1.0,0.0,0.74,True,0.675,67.5,1,False
J0053,C0103,0.5,0.667,0.0,0.0,1.0,0.0,0.5,True,0.383,38.3,0,False
J0053,C0437,0.75,1.0,1.0,0.0,1.0,0.0,0.713,True,0.7,70.0,2,True
J0053,C0208,0.25,0.5,0.4,0.25,1.0,0.0,0.99,True,0.335,33.5,0,False
J0053,C0382,0.5,1.0,0.733,0.0,1.0,0.0,0.8,True,0.56,56.0,1,False
J0053,C0230,0.75,0.5,0.0,0.0,1.0,0.0,0.6,True,0.45,45.0,0,False
J0053,C0066,0.5,1.0,1.0,0.0,1.0,0.0,0.69,True,0.6,60.0,2,True
J0053,C0415,0.75,0.611,0.4,0.5,1.0,0.0,0.927,True,0.582,58.2,1,False
J0053,C0406,0.75,0.556,0.0,0.25,1.0,0.2,0.79,True,0.506,50.6,1,False
J0053,C0547,0.75,0.611,0.0,0.0,1.0,0.46,0.92,True,0.518,51.8,1,False
J0053,C0099,0.5,1.0,0.367,0.5,1.0,0.56,0.99,True,0.611,61.1,1,False
J0053,C0252,0.75,0.444,0.0,0.5,1.0,0.0,0.92,True,0.489,48.9,1,False
J0053,C0549,0.75,1.0,1.0,0.0,1.0,0.9,0.7,True,0.79,79.0,3,True
J0053,C0438,0.5,1.0,0.0,0.0,1.0,0.0,0.4,True,0.45,45.0,1,False
J0053,C0488,0.0,0.0,0.0,0.0,1.0,0.0,0.0,False,0.05,5.0,0,False
J0053,C0100,0.0,0.0,0.833,0.0,1.0,0.0,0.0,False,0.175,17.5,0,False
J0053,C0028,0.0,0.0,0.0,0.0,1.0,0.0,0.0,False,0.05,5.0,0,False
J0053,C0528,0.0,0.0,0.0,0.0,1.0,0.0,0.0,False,0.05,5.0,0,False
J0053,C0167,0.75,1.0,1.0,0.25,1.0,0.85,0.823,True,0.81,81.0,3,True
J0053,C0444,0.0,0.0,0.0,0.0,1.0,0.0,0.0,False,0.05,5.0,0,False
J0053,C0518,0.0,0.0,0.0,0.0,1.0,0.0,0.0,False,0.05,5.0,0,False
J0053,C0152,0.0,0.0,0.0,0.0,1.0,0.0,0.0,False,0.05,5.0,0,False
J0053,C0131,0.0,0.0,0.767,0.0,1.0,0.0,0.0,False,0.165,16.5,0,False
J0053,C0319,0.0,0.0,1.0,0.0,1.0,0.0,0.0,False,0.2,20.0,0,False
J0053,C0357,0.0,0.0,0.833,0.0,1.0,0.0,0.0,False,0.175,17.5,0,False
J0054,C0115,0.5,1.0,1.0,0.0,0.5,0.55,0.91,True,0.63,63.0,2,True
J0054,C0374,0.75,0.444,1.0,0.75,1.0,0.0,0.977,True,0.664,66.4,2,True
J0054,C0526,0.25,0.5,1.0,0.0,1.0,0.0,0.78,True,0.4,40.0,0,False
J0054,C0204,0.25,0.5,1.0,0.0,1.0,0.16,0.9,True,0.416,41.6,0,False
J0054,C0599,1.0,0.792,1.0,0.0,1.0,0.44,0.725,True,0.802,80.2,3,True
J0054,C0501,0.75,0.444,1.0,0.5,1.0,0.0,0.927,True,0.639,63.9,2,True
J0054,C0223,1.0,0.458,1.0,0.0,0.5,0.0,0.735,True,0.667,66.7,2,True
J0054,C0483,0.5,1.0,1.0,0.25,1.0,0.82,0.895,True,0.707,70.7,3,True
J0054,C0444,0.5,0.5,1.0,0.0,1.0,0.0,0.6,True,0.5,50.0,1,False
J0054,C0231,0.5,1.0,1.0,0.5,1.0,0.0,0.98,True,0.65,65.0,3,True
J0054,C0248,0.5,0.5,1.0,0.0,1.0,0.0,0.69,True,0.5,50.0,1,False
J0054,C0188,0.5,0.583,1.0,0.0,1.0,0.64,0.86,True,0.581,58.1,1,False
J0054,C0121,1.0,0.708,1.0,0.25,1.0,0.0,0.843,True,0.767,76.7,3,True
J0054,C0506,0.75,1.0,1.0,0.0,1.0,0.777,0.92,True,0.778,77.8,3,True
J0054,C0152,1.0,0.583,1.0,0.25,1.0,0.203,0.853,True,0.762,76.2,3,True
J0054,C0383,0.75,0.611,1.0,0.5,1.0,0.48,0.96,True,0.72,72.0,3,True
J0054,C0522,0.0,0.0,1.0,0.0,1.0,0.0,0.0,False,0.2,20.0,0,False
J0054,C0513,0.0,0.0,1.0,0.0,1.0,0.0,0.0,False,0.2,20.0,0,False
J0054,C0527,0.0,0.0,1.0,0.0,1.0,0.0,0.0,False,0.2,20.0,0,False
J0054,C0375,0.0,0.0,1.0,0.0,1.0,0.0,0.0,False,0.2,20.0,0,False
J0054,C0523,0.0,0.0,1.0,0.0,1.0,0.0,0.0,False,0.2,20.0,0,False
J0054,C0134,0.0,0.0,1.0,0.0,1.0,0.0,0.0,False,0.2,20.0,0,False
J0054,C0066,0.0,0.0,1.0,0.0,1.0,0.0,0.0,False,0.2,20.0,0,False
J0054,C0146,0.0,0.0,1.0,0.0,0.5,0.0,0.0,False,0.175,17.5,0,False
J0054,C0296,0.0,0.0,1.0,0.0,1.0,0.0,0.0,False,0.2,20.0,0,False
J0055,C0060,0.4,0.75,1.0,0.2,1.0,0.0,0.905,True,0.53,53.0,1,False
J0055,C0078,0.2,1.0,1.0,0.2,1.0,0.0,0.97,True,0.5,50.0,1,False
J0055,C0508,0.8,0.875,1.0,0.2,1.0,0.42,0.827,True,0.757,75.7,3,True
J0055,C0123,0.8,0.875,1.0,0.0,1.0,0.33,0.685,True,0.728,72.8,2,True
J0055,C0258,1.0,0.9,1.0,0.0,1.0,0.355,0.72,True,0.816,81.6,3,True
J0055,C0592,0.6,1.0,1.0,0.2,1.0,0.0,0.723,True,0.66,66.0,2,True
J0055,C0142,0.8,0.875,1.0,0.0,1.0,0.41,0.72,True,0.736,73.6,3,True
J0055,C0008,0.4,1.0,1.0,0.2,1.0,0.0,0.905,True,0.58,58.0,2,True
J0055,C0479,0.4,1.0,1.0,0.0,1.0,0.81,0.76,True,0.641,64.1,1,False
J0055,C0322,0.6,1.0,1.0,0.6,1.0,0.59,0.977,True,0.759,75.9,3,True
J0055,C0499,0.4,1.0,1.0,0.2,1.0,0.63,0.945,True,0.643,64.3,2,True
J0055,C0535,0.6,1.0,1.0,0.2,1.0,0.23,0.863,True,0.683,68.3,1,False
J0055,C0310,0.4,1.0,1.0,0.0,1.0,0.9,0.86,True,0.65,65.0,2,True
J0055,C0447,1.0,1.0,1.0,0.0,1.0,0.0,0.8,True,0.8,80.0,3,True
J0055,C0049,0.2,1.0,1.0,0.2,1.0,0.0,0.97,False,0.5,50.0,1,False
J0055,C0549,0.2,1.0,1.0,0.0,1.0,0.52,0.88,False,0.532,53.2,2,True
J0055,C0477,0.0,0.0,1.0,0.0,1.0,0.0,0.0,False,0.2,20.0,0,False
J0055,C0241,0.2,1.0,1.0,0.0,1.0,0.0,0.8,False,0.48,48.0,1,False
J0055,C0089,0.0,0.0,1.0,0.0,1.0,0.0,0.0,False,0.2,20.0,0,False
J0055,C0233,0.2,1.0,1.0,0.0,1.0,0.65,0.92,True,0.545,54.5,1,False
J0055,C0207,0.0,0.0,1.0,0.0,1.0,0.0,0.0,False,0.2,20.0,0,False
J0055,C0111,0.2,1.0,1.0,0.0,1.0,0.0,0.78,False,0.48,48.0,1,False
J0055,C0158,0.2,0.5,1.0,0.2,1.0,0.28,0.99,False,0.428,42.8,0,False
J0055,C0344,0.0,0.0,1.0,0.0,1.0,0.0,0.0,False,0.2,20.0,0,False
J0055,C0425,0.0,0.0,1.0,0.0,1.0,0.0,0.0,False,0.2,20.0,0,False
J0056,C0493,0.6,0.611,0.0,0.2,1.0,0.0,0.783,True,0.432,43.2,0,False
J0056,C0002,0.6,0.611,0.24,0.2,1.0,0.33,0.897,True,0.501,50.1,1,False
J0056,C0542,0.6,0.667,0.0,0.4,1.0,0.18,0.96,True,0.481,48.1,1,False
J0056,C0331,0.4,0.5,0.28,0.0,1.0,0.3,0.87,True,0.382,38.2,0,False
J0056,C0205,0.4,0.667,0.0,0.0,1.0,0.0,0.6,True,0.343,34.3,0,False
J0056,C0580,1.0,0.933,0.6,0.0,1.0,0.0,0.664,True,0.727,72.7,3,True
J0056,C0212,0.4,0.75,0.0,0.0,1.0,0.0,0.69,True,0.36,36.0,0,False
J0056,C0431,0.4,0.667,0.0,0.2,1.0,0.0,0.785,True,0.363,36.3,1,False
J0056,C0555,1.0,0.867,0.44,0.6,1.0,0.0,0.87,True,0.749,74.9,3,True
J0056,C0366,0.4,1.0,1.0,0.0,1.0,0.785,0.91,True,0.639,63.9,1,False
J0056,C0274,1.0,0.567,0.0,0.0,1.0,0.305,0.68,True,0.594,59.4,1,False
J0056,C0525,0.6,0.667,0.0,0.0,1.0,0.0,0.66,True,0.423,42.3,1,False
J0056,C0238,0.8,0.792,0.0,0.0,1.0,0.49,0.83,True,0.577,57.7,1,False
J0056,C0318,1.0,0.667,0.4,0.0,1.0,0.43,0.852,True,0.686,68.6,3,True
J0056,C0358,0.0,0.0,0.64,0.0,0.5,0.0,0.0,False,0.121,12.1,0,False
J0056,C0482,0.2,1.0,0.0,0.0,0.5,0.0,0.4,False,0.305,30.5,0,False
J0056,C0003,0.2,1.0,0.0,0.0,1.0,0.0,0.6,False,0.33,33.0,0,False
J0056,C0083,0.0,0.0,0.0,0.0,1.0,0.0,0.0,False,0.05,5.0,0,False
J0056,C0473,0.0,0.0,0.0,0.0,1.0,0.0,0.0,False,0.05,5.0,0,False
J0056,C0170,0.2,1.0,0.24,0.0,1.0,0.0,0.82,False,0.366,36.6,0,False
J0056,C0484,0.2,1.0,0.56,0.0,1.0,0.0,0.82,False,0.414,41.4,1,False
J0056,C0522,0.2,1.0,0.52,0.0,1.0,0.0,0.4,False,0.408,40.8,0,False
J0056,C0362,0.2,1.0,0.8,0.0,1.0,0.0,0.6,False,0.45,45.0,1,False
J0056,C0217,0.0,0.0,0.0,0.0,1.0,0.0,0.0,True,0.05,5.0,0,False
J0056,C0588,0.8,0.667,0.0,0.4,1.0,0.0,0.835,True,0.543,54.3,1,False
J0057,C0464,0.4,0.667,0.0,0.4,1.0,0.27,0.99,True,0.41,41.0,0,False
J0057,C0544,0.8,0.917,0.44,0.0,1.0,0.0,0.745,True,0.619,61.9,2,True
J0057,C0349,0.8,1.0,1.0,0.2,1.0,0.63,0.873,True,0.803,80.3,3,True
J0057,C0458,0.4,0.5,0.0,0.2,1.0,0.65,0.885,True,0.395,39.5,0,False
J0057,C0594,0.8,0.708,0.22,0.6,0.5,0.0,0.838,True,0.58,58.0,1,False
J0057,C0302,0.8,0.708,0.0,0.2,1.0,0.62,0.762,True,0.594,59.4,1,False
J0057,C0162,0.4,0.667,0.0,0.2,1.0,0.33,0.795,True,0.396,39.6,0,False
J0057,C0562,0.2,1.0,0.58,0.0,1.0,0.74,0.92,True,0.491,49.1,1,False
J0057,C0515,1.0,0.933,1.0,0.4,1.0,0.71,0.932,True,0.898,89.8,3,True
J0057,C0219,0.8,1.0,1.0,0.4,1.0,0.0,0.9,True,0.76,76.0,3,True
J0057,C0421,0.4,1.0,1.0,0.0,1.0,0.0,0.82,True,0.56,56.0,1,False
J0057,C0519,0.6,0.611,0.0,0.4,1.0,0.0,0.86,True,0.452,45.2,1,False
J0057,C0327,0.8,0.833,0.68,0.0,1.0,0.0,0.8,True,0.639,63.9,1,False
J0057,C0107,0.6,0.778,0.0,0.2,1.0,0.0,0.73,True,0.466,46.6,0,False
J0057,C0442,0.0,0.0,0.0,0.0,0.5,0.0,0.0,False,0.025,2.5,0,False
J0057,C0274,0.0,0.0,0.0,0.0,1.0,0.0,0.0,False,0.05,5.0,0,False
J0057,C0124,0.0,0.0,1.0,0.0,1.0,0.0,0.0,False,0.2,20.0,0,False
J0057,C0258,0.0,0.0,0.0,0.0,1.0,0.0,0.0,False,0.05,5.0,0,False
J0057,C0143,0.0,0.0,0.0,0.0,1.0,0.0,0.0,False,0.05,5.0,0,False
J0057,C0548,0.0,0.0,0.42,0.0,1.0,0.0,0.0,False,0.113,11.3,0,False
J0057,C0414,0.0,0.0,0.44,0.0,0.0,0.0,0.0,False,0.066,6.6,0,False
J0057,C0289,0.0,0.0,0.38,0.0,0.0,0.0,0.0,False,0.057,5.7,0,False
J0057,C0005,0.0,0.0,0.0,0.0,1.0,0.0,0.0,False,0.05,5.0,0,False
J0057,C0119,0.4,1.0,0.36,0.0,1.0,0.75,0.91,False,0.539,53.9,1,False
J0057,C0573,0.0,0.0,0.14,0.0,1.0,0.0,0.0,False,0.071,7.1,0,False
J0058,C0543,0.25,1.0,0.92,0.25,1.0,0.0,0.99,True,0.513,51.3,1,False
J0058,C0110,0.5,0.5,0.0,0.25,1.0,0.18,0.885,True,0.393,39.3,0,False
J0058,C0058,0.75,1.0,0.9,0.25,1.0,0.695,0.943,True,0.78,78.0,2,True
J0058,C0563,0.75,0.889,0.46,0.0,1.0,0.0,0.793,True,0.597,59.7,1,False
J0058,C0482,0.5,0.5,0.0,0.0,1.0,0.0,0.69,True,0.35,35.0,0,False
J0058,C0153,0.75,0.778,0.42,0.0,1.0,0.0,0.593,True,0.569,56.9,2,True
J0058,C0439,0.5,0.667,0.0,0.0,1.0,0.0,0.78,True,0.383,38.3,0,False
J0058,C0600,0.75,0.778,0.78,0.5,1.0,0.0,0.86,True,0.673,67.3,2,True
J0058,C0092,1.0,0.542,0.24,0.0,1.0,0.38,0.84,True,0.632,63.2,1,False
J0058,C0163,0.5,0.75,0.16,0.0,1.0,0.61,0.86,True,0.485,48.5,1,False
J0058,C0520,0.75,0.778,0.54,0.25,1.0,0.0,0.803,True,0.612,61.2,2,True
J0058,C0489,0.75,0.556,0.16,0.0,1.0,0.0,0.533,True,0.485,48.5,1,False
J0058,C0324,1.0,0.417,0.24,0.75,1.0,0.0,0.937,True,0.644,64.4,2,True
J0058,C0436,0.75,0.833,0.52,0.0,1.0,0.55,0.767,True,0.65,65.0,1,False
J0058,C0427,0.0,0.0,0.42,0.0,1.0,0.0,0.0,False,0.113,11.3,0,False
J0058,C0250,0.0,0.0,0.24,0.0,1.0,0.0,0.0,False,0.086,8.6,0,False
J0058,C0386,0.5,0.583,0.0,0.0,1.0,0.0,0.78,False,0.367,36.7,0,False
J0058,C0402,0.0,0.0,1.0,0.0,1.0,0.0,0.0,False,0.2,20.0,0,False
J0058,C0002,0.0,0.0,0.24,0.0,1.0,0.0,0.0,False,0.086,8.6,0,False
J0058,C0137,0.0,0.0,0.0,0.0,1.0,0.0,0.0,False,0.05,5.0,0,False
J0058,C0005,0.0,0.0,0.0,0.0,1.0,0.0,0.0,False,0.05,5.0,0,False
J0058,C0343,0.5,0.583,0.68,0.0,1.0,0.31,0.92,True,0.5,50.0,1,False
J0058,C0098,0.5,0.583,0.0,0.25,1.0,0.0,0.775,False,0.392,39.2,1,False
J0058,C0014,0.0,0.0,0.0,0.0,1.0,0.0,0.0,False,0.05,5.0,0,False
J0058,C0201,0.5,1.0,0.62,0.25,1.0,0.87,0.795,True,0.655,65.5,2,True
J0059,C0184,0.4,0.5,0.333,0.2,1.0,0.25,0.935,True,0.405,40.5,0,False
J0059,C0530,0.6,0.833,0.0,0.4,1.0,0.355,0.96,True,0.532,53.2,1,False
J0059,C0340,0.6,1.0,0.867,0.0,1.0,0.0,0.733,True,0.62,62.0,1,False
J0059,C0558,0.6,0.667,0.0,0.2,1.0,0.0,0.717,True,0.443,44.3,1,False
J0059,C0589,0.4,1.0,1.0,0.0,0.5,0.595,0.92,True,0.594,59.4,1,False
J0059,C0145,0.6,1.0,1.0,0.4,1.0,0.0,0.913,True,0.68,68.0,2,True
J0059,C0548,0.4,1.0,0.7,0.4,1.0,0.65,0.99,True,0.62,62.0,2,True
J0059,C0297,0.6,1.0,0.6,0.2,1.0,0.0,0.863,True,0.6,60.0,2,True
J0059,C0159,0.4,0.75,0.467,0.0,0.5,0.18,0.86,True,0.423,42.3,0,False
J0059,C0375,0.4,0.75,0.0,0.4,1.0,0.0,0.98,True,0.4,40.0,0,False
J0059,C0474,0.8,0.75,0.0,0.4,1.0,0.18,0.79,True,0.578,57.8,1,False
J0059,C0391,0.6,0.833,0.333,0.2,1.0,0.0,0.797,True,0.527,52.7,1,False
J0059,C0491,0.6,0.667,0.0,0.0,1.0,0.23,0.813,True,0.446,44.6,0,False
J0059,C0001,1.0,1.0,1.0,0.2,1.0,0.0,0.762,True,0.82,82.0,3,True
J0059,C0133,0.0,0.0,0.0,0.0,1.0,0.0,0.0,False,0.05,5.0,0,False
J0059,C0513,0.2,1.0,0.0,0.0,1.0,0.0,0.6,False,0.33,33.0,0,False
J0059,C0076,0.0,0.0,0.0,0.0,1.0,0.0,0.0,False,0.05,5.0,0,False
J0059,C0222,0.0,0.0,0.0,0.0,1.0,0.0,0.0,False,0.05,5.0,0,False
J0059,C0344,0.2,0.5,1.0,0.0,1.0,0.0,0.8,False,0.38,38.0,0,False
J0059,C0137,0.0,0.0,0.0,0.0,1.0,0.0,0.0,False,0.05,5.0,0,False
J0059,C0567,0.2,1.0,1.0,0.0,1.0,0.0,0.82,True,0.48,48.0,1,False
J0059,C0256,0.6,1.0,0.667,0.0,1.0,0.6,0.847,True,0.65,65.0,1,False
J0059,C0252,0.2,1.0,0.0,0.0,1.0,0.7,0.92,False,0.4,40.0,0,False
J0059,C0532,0.0,0.0,1.0,0.0,1.0,0.0,0.0,False,0.2,20.0,0,False
J0059,C0544,0.0,0.0,0.733,0.0,1.0,0.0,0.0,False,0.16,16.0,0,False
J0060,C0193,1.0,0.633,0.18,0.0,1.0,0.25,0.832,True,0.629,62.9,1,False
J0060,C0383,0.6,0.444,0.0,0.4,1.0,0.225,0.953,True,0.441,44.1,1,False
J0060,C0379,0.8,0.625,0.26,0.2,1.0,0.0,0.792,True,0.554,55.4,1,False
J0060,C0537,1.0,1.0,1.0,0.4,1.0,0.0,0.876,True,0.84,84.0,3,True
J0060,C0374,0.8,0.542,0.0,0.8,1.0,0.0,0.98,True,0.558,55.8,1,False
J0060,C0478,1.0,1.0,1.0,0.2,1.0,0.885,0.806,True,0.909,90.9,3,True
J0060,C0305,0.8,0.417,0.0,0.4,1.0,0.0,0.79,True,0.493,49.3,1,False
J0060,C0341,0.8,0.792,0.6,0.4,1.0,0.0,0.785,True,0.658,65.8,2,True
J0060,C0378,0.6,0.778,0.6,0.6,1.0,0.52,0.983,True,0.648,64.8,2,True
J0060,C0248,0.4,1.0,0.0,0.0,1.0,0.0,0.69,True,0.41,41.0,0,False
J0060,C0444,0.6,0.667,0.0,0.0,1.0,0.0,0.6,True,0.423,42.3,0,False
J0060,C0152,1.0,0.633,0.0,0.2,1.0,0.16,0.802,True,0.613,61.3,2,True
J0060,C0064,1.0,1.0,0.98,0.4,1.0,0.95,0.896,True,0.932,93.2,3,True
J0060,C0131,0.8,0.917,0.46,0.4,1.0,0.0,0.885,True,0.662,66.2,1,False
J0060,C0236,0.0,0.0,0.0,0.0,1.0,0.0,0.0,False,0.05,5.0,0,False
J0060,C0363,0.0,0.0,0.3,0.0,1.0,0.0,0.0,False,0.095,9.5,0,False
J0060,C0592,0.4,0.333,0.24,0.0,1.0,0.0,0.8,False,0.313,31.3,0,False
J0060,C0532,0.2,1.0,1.0,0.0,1.0,0.0,0.8,False,0.48,48.0,1,False
J0060,C0536,0.2,0.667,0.72,0.0,1.0,0.0,0.6,False,0.371,37.1,0,False
J0060,C0407,0.0,0.0,0.0,0.0,1.0,0.0,0.0,False,0.05,5.0,0,False
J0060,C0002,0.0,0.0,0.24,0.0,1.0,0.0,0.0,False,0.086,8.6,0,False
J0060,C0059,0.0,0.0,0.22,0.0,0.5,0.0,0.0,False,0.058,5.8,0,False
J0060,C0057,0.0,0.0,0.62,0.0,0.5,0.0,0.0,False,0.118,11.8,0,False
J0060,C0006,0.8,1.0,0.94,0.0,1.0,0.927,0.89,True,0.804,80.4,3,True
J0060,C0020,0.0,0.0,0.0,0.0,1.0,0.0,0.0,False,0.05,5.0,0,False
J0061,C0175,0.5,1.0,1.0,0.0,1.0,0.0,0.69,True,0.6,60.0,1,False
J0061,C0410,0.5,0.833,1.0,0.25,0.5,0.0,0.895,True,0.567,56.7,1,False
J0061,C0244,1.0,0.708,1.0,0.0,1.0,0.0,0.64,True,0.742,74.2,3,True
J0061,C0575,0.5,1.0,1.0,0.25,1.0,0.5,0.905,True,0.675,67.5,2,True
J0061,C0349,0.75,1.0,1.0,0.0,1.0,0.79,0.76,True,0.779,77.9,3,True
J0061,C0100,1.0,0.833,1.0,0.25,1.0,0.42,0.878,True,0.834,83.4,3,True
J0061,C0222,0.5,1.0,1.0,0.0,1.0,0.54,0.66,True,0.654,65.4,3,True
J0061,C0090,0.25,1.0,1.0,0.0,1.0,0.0,0.82,True,0.5,50.0,1,False
J0061,C0458,0.5,0.75,1.0,0.25,1.0,0.0,0.875,True,0.575,57.5,1,False
J0061,C0192,0.75,1.0,1.0,0.0,1.0,0.71,0.773,True,0.771,77.1,3,True
J0061,C0515,0.5,0.833,1.0,0.25,1.0,0.795,0.955,True,0.671,67.1,1,False
J0061,C0034,0.75,0.778,1.0,0.5,1.0,0.2,0.94,True,0.726,72.6,3,True
J0061,C0403,0.25,1.0,1.0,0.25,1.0,0.0,0.95,True,0.525,52.5,1,False
J0061,C0219,0.75,1.0,1.0,0.5,1.0,0.0,0.913,True,0.75,75.0,2,True
J0061,C0057,0.0,0.0,1.0,0.0,0.5,0.0,0.0,False,0.175,17.5,0,False
J0061,C0468,0.0,0.0,1.0,0.0,1.0,0.0,0.0,False,0.2,20.0,0,False
J0061,C0430,0.0,0.0,1.0,0.0,1.0,0.0,0.0,False,0.2,20.0,0,False
J0061,C0368,0.0,0.0,1.0,0.0,0.0,0.0,0.0,False,0.15,15.0,0,False
J0061,C0163,0.5,0.833,1.0,0.0,0.5,0.435,0.9,False,0.585,58.5,1,False
J0061,C0218,0.0,0.0,1.0,0.0,1.0,0.0,0.0,False,0.2,20.0,0,False
J0061,C0207,0.25,0.333,1.0,0.25,1.0,0.0,0.97,False,0.392,39.2,0,False
J0061,C0325,0.0,0.0,1.0,0.0,1.0,0.0,0.0,False,0.2,20.0,0,False
J0061,C0495,0.5,0.667,1.0,0.0,1.0,0.555,0.92,True,0.589,58.9,1,False
J0061,C0048,0.0,0.0,1.0,0.0,1.0,0.0,0.0,False,0.2,20.0,0,False
J0061,C0115,0.0,0.0,1.0,0.0,0.5,0.0,0.0,False,0.175,17.5,0,False
J0062,C0123,1.0,0.778,0.7,0.0,1.0,0.0,0.533,True,0.711,71.1,3,True
J0062,C0210,0.667,0.75,0.0,0.333,1.0,0.0,0.875,True,0.5,50.0,1,False
J0062,C0154,0.333,1.0,1.0,0.0,1.0,0.0,0.6,True,0.533,53.3,1,False
J0062,C0019,0.667,0.583,0.0,0.667,0.5,0.0,0.97,True,0.475,47.5,1,False
J0062,C0275,1.0,0.556,0.0,0.667,1.0,0.0,0.84,True,0.628,62.8,1,False
J0062,C0071,0.0,0.0,0.85,0.0,1.0,0.0,0.0,True,0.178,17.8,0,False
J0062,C0298,0.667,0.833,1.0,0.333,0.5,0.43,0.895,True,0.685,68.5,2,True
J0062,C0259,1.0,0.722,1.0,0.0,1.0,0.41,0.927,True,0.785,78.5,3,True
J0062,C0337,0.667,0.667,0.0,0.333,1.0,0.0,0.785,True,0.483,48.3,0,False
J0062,C0572,0.333,0.667,0.0,0.0,1.0,0.0,0.6,True,0.317,31.7,0,False
J0062,C0181,0.333,0.667,1.0,0.0,1.0,0.6,0.92,True,0.527,52.7,1,False
J0062,C0346,0.667,0.583,0.0,0.0,1.0,0.0,0.69,True,0.433,43.3,0,False
J0062,C0161,0.0,0.0,0.4,0.0,1.0,0.0,0.0,True,0.11,11.0,0,False
J0062,C0053,1.0,0.722,1.0,0.0,1.0,0.0,0.807,True,0.744,74.4,3,True
J0062,C0359,0.0,0.0,0.7,0.0,1.0,0.0,0.0,False,0.155,15.5,0,False
J0062,C0137,0.667,0.417,0.0,0.333,1.0,0.14,0.945,True,0.447,44.7,1,False
J0062,C0459,0.0,0.0,1.0,0.0,1.0,0.0,0.0,False,0.2,20.0,0,False
J0062,C0034,0.0,0.0,0.0,0.0,1.0,0.0,0.0,False,0.05,5.0,0,False
J0062,C0097,0.0,0.0,1.0,0.0,1.0,0.0,0.0,False,0.2,20.0,0,False
J0062,C0156,0.0,0.0,0.0,0.0,1.0,0.0,0.0,False,0.05,5.0,0,False
J0062,C0496,0.0,0.0,0.7,0.0,1.0,0.0,0.0,False,0.155,15.5,0,False
J0062,C0283,0.0,0.0,0.0,0.0,1.0,0.0,0.0,False,0.05,5.0,0,False
J0062,C0002,0.0,0.0,0.6,0.0,1.0,0.0,0.0,False,0.14,14.0,0,False
J0062,C0118,0.0,0.0,1.0,0.0,1.0,0.0,0.0,False,0.2,20.0,0,False
J0062,C0149,0.667,1.0,1.0,0.333,1.0,0.0,0.905,True,0.7,70.0,2,True
J0063,C0420,0.4,1.0,1.0,0.2,1.0,0.56,0.955,True,0.636,63.6,1,False
J0063,C0450,0.6,0.667,1.0,0.0,0.5,0.0,0.66,True,0.548,54.8,1,False
J0063,C0415,0.6,0.667,1.0,0.4,1.0,0.0,0.92,True,0.613,61.3,1,False
J0063,C0236,0.6,0.833,1.0,0.0,1.0,0.0,0.6,True,0.607,60.7,2,True
J0063,C0099,0.4,0.75,1.0,0.2,1.0,0.44,0.885,True,0.574,57.4,1,False
J0063,C0556,0.6,1.0,1.0,0.0,1.0,0.0,0.727,True,0.64,64.0,2,True
J0063,C0323,0.6,1.0,1.0,0.2,0.5,0.0,0.863,True,0.635,63.5,2,True
J0063,C0296,0.4,0.5,1.0,0.2,1.0,0.0,0.795,True,0.48,48.0,1,False
J0063,C0497,0.2,1.0,1.0,0.2,1.0,0.0,0.99,True,0.5,50.0,1,False
J0063,C0413,0.2,1.0,1.0,0.0,1.0,0.0,0.82,True,0.48,48.0,0,False
J0063,C0208,0.4,0.5,1.0,0.2,1.0,0.0,0.885,True,0.48,48.0,1,False
J0063,C0042,0.8,1.0,1.0,0.2,1.0,0.0,0.797,True,0.74,74.0,3,True
J0063,C0273,0.4,1.0,1.0,0.4,1.0,0.74,0.99,True,0.674,67.4,2,True
J0063,C0049,0.2,1.0,1.0,0.2,1.0,0.0,0.97,True,0.5,50.0,1,False
J0063,C0141,0.6,1.0,1.0,0.4,1.0,0.59,0.967,True,0.739,73.9,3,True
J0063,C0307,0.0,0.0,1.0,0.0,0.0,0.0,0.0,False,0.15,15.0,0,False
J0063,C0465,0.0,0.0,1.0,0.0,1.0,0.0,0.0,False,0.2,20.0,0,False
J0063,C0554,0.2,1.0,1.0,0.0,1.0,0.0,0.8,False,0.48,48.0,1,False
J0063,C0155,0.2,1.0,1.0,0.0,1.0,0.94,0.92,False,0.574,57.4,2,True
J0063,C0170,0.2,0.5,1.0,0.2,1.0,0.0,0.97,False,0.4,40.0,0,False
J0063,C0122,1.0,0.8,1.0,0.0,1.0,0.23,0.772,True,0.783,78.3,3,True
J0063,C0241,0.2,1.0,1.0,0.0,1.0,0.0,0.8,False,0.48,48.0,1,False
J0063,C0143,0.2,0.5,1.0,0.0,1.0,0.0,0.6,False,0.38,38.0,0,False
J0063,C0355,0.2,0.5,1.0,0.0,1.0,0.0,0.78,False,0.38,38.0,0,False
J0063,C0559,0.2,0.5,1.0,0.0,1.0,0.0,0.6,False,0.38,38.0,0,False
J0064,C0454,0.4,0.75,0.0,0.0,0.5,0.4,0.65,True,0.375,37.5,0,False
J0064,C0047,0.8,0.5,0.325,0.2,1.0,0.56,0.877,True,0.595,59.5,1,False
J0064,C0430,0.6,0.444,0.0,0.2,1.0,0.0,0.663,True,0.399,39.9,1,False
J0064,C0356,0.6,0.389,0.0,0.4,1.0,0.0,0.907,True,0.408,40.8,0,False
J0064,C0082,0.4,1.0,0.975,0.0,1.0,0.74,0.75,True,0.63,63.0,2,True
J0064,C0116,0.8,0.708,0.6,0.2,1.0,0.35,0.872,True,0.657,65.7,1,False
J0064,C0542,0.6,0.444,0.0,0.2,1.0,0.21,0.897,True,0.42,42.0,0,False
J0064,C0419,0.8,0.792,0.8,0.0,1.0,0.77,0.73,True,0.725,72.5,2,True
J0064,C0002,0.6,0.5,0.3,0.0,1.0,0.33,0.84,True,0.468,46.8,0,False
J0064,C0372,0.2,0.5,0.25,0.0,1.0,0.0,0.6,True,0.268,26.8,0,False
J0064,C0587,0.8,0.917,0.475,0.2,0.5,0.725,0.832,True,0.692,69.2,2,True
J0064,C0318,0.8,0.75,0.5,0.0,1.0,0.515,0.835,True,0.647,64.6,2,True
J0064,C0194,0.6,0.889,0.0,0.2,1.0,0.61,0.79,True,0.549,54.9,1,False
J0064,C0571,0.6,0.611,0.3,0.0,1.0,0.0,0.667,True,0.457,45.7,1,False
J0064,C0394,0.0,0.0,0.4,0.0,1.0,0.0,0.0,False,0.11,11.0,0,False
J0064,C0406,0.0,0.0,0.0,0.0,1.0,0.0,0.0,False,0.05,5.0,0,False
J0064,C0108,0.6,0.556,0.0,0.4,1.0,0.0,0.84,False,0.441,44.1,0,False
J0064,C0151,0.0,0.0,1.0,0.0,0.0,0.0,0.0,False,0.15,15.0,0,False
J0064,C0086,0.2,0.667,0.0,0.2,1.0,0.0,0.97,False,0.283,28.3,0,False
J0064,C0118,0.2,1.0,0.975,0.0,1.0,0.52,0.94,False,0.528,52.8,1,False
J0064,C0141,0.2,1.0,1.0,0.2,1.0,0.0,0.99,False,0.5,50.0,1,False
J0064,C0222,0.0,0.0,0.0,0.0,1.0,0.0,0.0,False,0.05,5.0,0,False
J0064,C0474,0.2,0.5,0.0,0.0,1.0,0.0,0.6,False,0.23,23.0,0,False
J0064,C0157,0.2,1.0,0.425,0.2,1.0,0.0,0.99,False,0.414,41.4,0,False
J0064,C0515,0.0,0.0,1.0,0.0,1.0,0.0,0.0,False,0.2,20.0,0,False
J0065,C0130,1.0,0.5,0.733,1.0,1.0,0.0,0.98,True,0.76,76.0,3,True
J0065,C0291,0.0,0.0,1.0,0.0,1.0,0.0,0.0,True,0.2,20.0,0,False
J0065,C0079,0.5,1.0,0.0,0.5,1.0,0.0,0.97,True,0.5,50.0,1,False
J0065,C0104,1.0,0.75,0.8,1.0,1.0,0.41,0.99,True,0.861,86.1,3,True
J0065,C0531,0.5,1.0,1.0,0.5,1.0,0.69,0.99,True,0.719,71.9,2,True
J0065,C0405,1.0,0.75,0.0,0.0,1.0,0.0,0.69,True,0.6,60.0,2,True
J0065,C0311,0.5,0.5,1.0,0.0,1.0,0.0,0.76,True,0.5,50.0,1,False
J0065,C0485,0.5,0.5,0.0,0.5,1.0,0.12,0.99,True,0.412,41.2,0,False
J0065,C0140,0.0,0.0,0.567,0.0,1.0,0.0,0.0,True,0.135,13.5,0,False
J0065,C0404,1.0,0.75,0.433,1.0,1.0,0.405,0.99,True,0.806,80.6,3,True
J0065,C0446,1.0,0.75,0.367,1.0,1.0,0.6,0.99,True,0.815,81.5,3,True
J0065,C0195,0.0,0.0,0.0,0.0,1.0,0.0,0.0,True,0.05,5.0,0,False
J0065,C0414,1.0,1.0,0.733,1.0,1.0,0.0,0.98,True,0.86,86.0,3,True
J0065,C0282,0.0,0.0,0.0,0.0,1.0,0.0,0.0,True,0.05,5.0,0,False
J0065,C0271,1.0,0.75,0.0,1.0,1.0,0.0,0.98,True,0.7,70.0,2,True
J0065,C0466,0.0,0.0,0.0,0.0,1.0,0.0,0.0,False,0.05,5.0,0,False
J0065,C0305,0.0,0.0,0.0,0.0,1.0,0.0,0.0,False,0.05,5.0,0,False
J0065,C0275,0.0,0.0,0.0,0.0,1.0,0.0,0.0,False,0.05,5.0,0,False
J0065,C0126,0.0,0.0,0.0,0.0,1.0,0.0,0.0,False,0.05,5.0,0,False
J0065,C0131,0.0,0.0,0.767,0.0,1.0,0.0,0.0,False,0.165,16.5,0,False
J0065,C0297,0.0,0.0,0.6,0.0,1.0,0.0,0.0,False,0.14,14.0,0,False
J0065,C0017,0.0,0.0,0.0,0.0,1.0,0.0,0.0,False,0.05,5.0,0,False
J0065,C0287,0.0,0.0,0.0,0.0,1.0,0.0,0.0,False,0.05,5.0,0,False
J0065,C0253,0.0,0.0,1.0,0.0,1.0,0.0,0.0,False,0.2,20.0,0,False
J0065,C0545,0.0,0.0,1.0,0.0,1.0,0.0,0.0,False,0.2,20.0,0,False
J0066,C0320,0.8,0.792,1.0,0.2,1.0,0.0,0.698,True,0.698,69.8,1,False
J0066,C0234,0.8,1.0,1.0,0.4,1.0,0.48,0.96,True,0.808,80.8,3,True
J0066,C0552,1.0,0.767,1.0,0.0,1.0,0.0,0.748,True,0.753,75.3,3,True
J0066,C0568,0.6,0.778,1.0,0.0,1.0,0.45,0.92,True,0.641,64.1,1,False
J0066,C0312,0.6,0.667,1.0,0.4,1.0,0.0,0.92,True,0.613,61.3,2,True
J0066,C0169,1.0,1.0,1.0,0.6,1.0,0.0,0.866,True,0.86,86.0,3,True
J0066,C0490,0.8,0.458,1.0,0.0,1.0,0.4,0.82,True,0.652,65.2,2,True
J0066,C0574,0.6,0.889,1.0,0.4,1.0,0.0,0.853,True,0.658,65.8,1,False
J0066,C0461,1.0,0.833,1.0,0.0,1.0,0.0,0.556,True,0.767,76.7,3,True
J0066,C0451,1.0,1.0,1.0,0.2,1.0,0.763,0.902,True,0.896,89.6,3,True
J0066,C0043,0.8,0.583,1.0,0.4,1.0,0.23,0.92,True,0.7,70.0,2,True
J0066,C0427,1.0,1.0,1.0,0.0,1.0,0.0,0.764,True,0.8,80.0,3,True
J0066,C0473,0.8,0.583,1.0,0.4,1.0,0.0,0.78,True,0.677,67.7,2,True
J0066,C0224,1.0,0.733,1.0,0.4,1.0,0.215,0.912,True,0.808,80.8,2,True
J0066,C0176,0.0,0.0,1.0,0.0,1.0,0.0,0.0,False,0.2,20.0,0,False
J0066,C0487,0.0,0.0,1.0,0.0,1.0,0.0,0.0,False,0.2,20.0,0,False
J0066,C0009,0.0,0.0,1.0,0.0,0.5,0.0,0.0,False,0.175,17.5,0,False
J0066,C0161,0.2,1.0,1.0,0.0,1.0,0.17,0.9,False,0.497,49.7,1,False
J0066,C0262,0.0,0.0,1.0,0.0,1.0,0.0,0.0,False,0.2,20.0,0,False
J0066,C0371,0.0,0.0,1.0,0.0,1.0,0.0,0.0,False,0.2,20.0,0,False
J0066,C0170,0.2,1.0,1.0,0.2,1.0,0.0,0.97,False,0.5,50.0,0,False
J0066,C0535,0.2,1.0,1.0,0.0,1.0,0.0,0.82,False,0.48,48.0,1,False
J0066,C0378,0.0,0.0,1.0,0.0,1.0,0.0,0.0,False,0.2,20.0,0,False
J0066,C0578,0.0,0.0,1.0,0.0,1.0,0.0,0.0,False,0.2,20.0,0,False
J0066,C0180,0.2,1.0,1.0,0.0,1.0,0.0,0.78,False,0.48,48.0,0,False
J0067,C0201,0.5,1.0,1.0,0.0,1.0,0.15,0.75,True,0.615,61.5,2,True
J0067,C0251,0.5,1.0,1.0,0.25,1.0,0.0,0.795,True,0.625,62.5,2,True
J0067,C0563,0.75,1.0,1.0,0.0,1.0,0.0,0.733,True,0.7,70.0,2,True
J0067,C0299,0.75,0.778,1.0,0.5,1.0,0.29,0.96,True,0.735,73.5,3,True
J0067,C0600,0.5,1.0,1.0,0.0,1.0,0.0,0.78,True,0.6,60.0,1,False
J0067,C0494,0.5,1.0,1.0,0.0,1.0,0.9,0.84,True,0.69,69.0,2,True
J0067,C0199,0.5,1.0,1.0,0.0,1.0,0.76,0.85,True,0.676,67.6,1,False
J0067,C0153,0.75,1.0,1.0,0.0,1.0,0.83,0.767,True,0.783,78.3,3,True
J0067,C0110,0.25,1.0,1.0,0.0,1.0,0.0,0.78,True,0.5,50.0,0,False
J0067,C0106,0.75,1.0,1.0,0.0,1.0,0.0,0.66,True,0.7,70.0,1,False
J0067,C0482,1.0,0.833,1.0,0.0,0.5,0.0,0.735,True,0.742,74.2,3,True
J0067,C0466,0.75,0.778,1.0,0.0,0.5,0.0,0.72,True,0.631,63.1,1,False
J0067,C0213,1.0,1.0,1.0,0.25,1.0,0.647,0.863,True,0.89,89.0,3,True
J0067,C0343,0.0,0.0,1.0,0.0,1.0,0.0,0.0,True,0.2,20.0,0,False
J0067,C0034,0.25,1.0,1.0,0.0,1.0,0.2,0.9,False,0.52,52.0,1,False
J0067,C0070,0.0,0.0,1.0,0.0,1.0,0.0,0.0,False,0.2,20.0,0,False
J0067,C0073,0.25,1.0,1.0,0.0,1.0,0.0,0.78,False,0.5,50.0,1,False
J0067,C0507,0.5,0.667,1.0,0.0,1.0,0.0,0.5,False,0.533,53.3,0,False
J0067,C0152,0.25,1.0,1.0,0.0,1.0,0.0,0.6,False,0.5,50.0,1,False
J0067,C0244,0.25,1.0,1.0,0.0,1.0,0.0,0.6,False,0.5,50.0,1,False
J0067,C0583,0.25,0.333,1.0,0.0,1.0,0.0,0.6,False,0.367,36.7,0,False
J0067,C0392,0.0,0.0,1.0,0.0,1.0,0.0,0.0,False,0.2,20.0,0,False
J0067,C0229,0.25,1.0,1.0,0.0,1.0,0.0,0.78,False,0.5,50.0,1,False
J0067,C0088,0.0,0.0,1.0,0.0,1.0,0.0,0.0,False,0.2,20.0,0,False
J0067,C0018,0.0,0.0,1.0,0.0,0.0,0.0,0.0,False,0.15,15.0,0,False
J0068,C0486,0.5,0.5,1.0,0.0,1.0,0.0,0.7,True,0.5,50.0,1,False
J0068,C0482,1.0,0.75,1.0,0.0,0.5,0.0,0.735,True,0.725,72.5,2,True
J0068,C0119,0.75,1.0,1.0,0.0,1.0,0.64,0.847,True,0.764,76.4,3,True
J0068,C0489,0.75,0.833,1.0,0.0,1.0,0.0,0.667,True,0.667,66.7,2,True
J0068,C0520,1.0,1.0,1.0,0.25,1.0,0.0,0.698,True,0.825,82.5,3,True
J0068,C0477,0.75,0.667,1.0,0.0,1.0,0.19,0.76,True,0.652,65.2,1,False
J0068,C0068,0.75,1.0,1.0,0.25,1.0,0.71,0.943,True,0.796,79.6,3,True
J0068,C0333,0.5,0.75,1.0,0.25,1.0,0.41,0.955,True,0.616,61.6,1,False
J0068,C0511,1.0,1.0,1.0,0.0,1.0,0.53,0.73,True,0.853,85.3,3,True
J0068,C0301,0.75,0.667,1.0,0.0,1.0,0.0,0.807,True,0.633,63.3,1,False
J0068,C0147,0.5,0.5,1.0,0.25,1.0,0.0,0.865,True,0.525,52.5,1,False
J0068,C0207,0.5,0.75,1.0,0.5,1.0,0.0,0.98,True,0.6,60.0,2,True
J0068,C0354,0.75,0.833,1.0,0.0,1.0,0.0,0.72,True,0.667,66.7,2,True
J0068,C0357,0.5,0.75,1.0,0.5,1.0,0.0,0.99,True,0.6,60.0,1,False
J0068,C0384,0.0,0.0,1.0,0.0,1.0,0.0,0.0,False,0.2,20.0,0,False
J0068,C0355,0.0,0.0,1.0,0.0,1.0,0.0,0.0,False,0.2,20.0,0,False
J0068,C0437,0.0,0.0,1.0,0.0,0.5,0.0,0.0,False,0.175,17.5,0,False
J0068,C0473,0.0,0.0,1.0,0.0,1.0,0.0,0.0,False,0.2,20.0,0,False
J0068,C0113,0.0,0.0,1.0,0.0,1.0,0.0,0.0,False,0.2,20.0,0,False
J0068,C0176,0.0,0.0,1.0,0.0,1.0,0.0,0.0,False,0.2,20.0,0,False
J0068,C0223,0.0,0.0,1.0,0.0,0.5,0.0,0.0,False,0.175,17.5,0,False
J0068,C0048,0.0,0.0,1.0,0.0,1.0,0.0,0.0,False,0.2,20.0,0,False
J0068,C0078,0.0,0.0,1.0,0.0,1.0,0.0,0.0,False,0.2,20.0,0,False
J0068,C0447,0.0,0.0,1.0,0.0,1.0,0.0,0.0,False,0.2,20.0,0,False
J0068,C0510,0.0,0.0,1.0,0.0,1.0,0.0,0.0,False,0.2,20.0,0,False
J0069,C0253,0.667,1.0,1.0,0.0,1.0,0.73,0.77,True,0.74,74.0,3,True
J0069,C0563,0.333,1.0,0.575,0.0,1.0,0.0,0.78,True,0.47,47.0,1,False
J0069,C0201,0.0,0.0,0.775,0.0,1.0,0.0,0.0,True,0.166,16.6,0,False
J0069,C0068,0.667,1.0,1.0,0.667,1.0,0.58,0.99,True,0.791,79.1,2,True
J0069,C0147,0.0,0.0,0.0,0.0,1.0,0.0,0.0,True,0.05,5.0,0,False
J0069,C0119,0.667,0.75,0.45,0.0,1.0,0.86,0.86,True,0.62,62.0,1,False
J0069,C0139,0.333,0.5,0.0,0.0,1.0,0.0,0.78,True,0.283,28.3,0,False
J0069,C0058,0.333,1.0,1.0,0.0,1.0,0.0,0.78,True,0.533,53.3,1,False
J0069,C0301,0.667,0.5,0.3,0.0,1.0,0.0,0.71,True,0.462,46.2,1,False
J0069,C0288,0.667,0.5,0.225,0.333,1.0,0.0,0.895,True,0.484,48.4,1,False
J0069,C0207,0.0,0.0,0.75,0.0,1.0,0.0,0.0,True,0.162,16.2,0,False
J0069,C0153,1.0,0.722,0.525,0.0,1.0,0.0,0.667,True,0.673,67.3,2,True
J0069,C0486,0.667,0.417,0.325,0.0,1.0,0.24,0.87,True,0.473,47.3,0,False
J0069,C0324,0.667,0.75,0.3,0.333,0.5,0.49,0.955,True,0.569,56.9,1,False
J0069,C0240,0.0,0.0,1.0,0.0,1.0,0.0,0.0,False,0.2,20.0,0,False
J0069,C0381,0.0,0.0,0.0,0.0,1.0,0.0,0.0,False,0.05,5.0,0,False
J0069,C0534,0.0,0.0,0.725,0.0,1.0,0.0,0.0,False,0.159,15.9,0,False
J0069,C0295,0.0,0.0,0.4,0.0,1.0,0.0,0.0,False,0.11,11.0,0,False
J0069,C0526,0.0,0.0,0.0,0.0,1.0,0.0,0.0,False,0.05,5.0,0,False
J0069,C0251,1.0,0.611,0.0,0.333,1.0,0.0,0.783,True,0.606,60.6,2,True
J0069,C0158,0.0,0.0,0.45,0.0,1.0,0.0,0.0,False,0.118,11.8,0,False
J0069,C0533,0.0,0.0,0.4,0.0,1.0,0.0,0.0,False,0.11,11.0,0,False
J0069,C0385,0.0,0.0,0.3,0.0,1.0,0.0,0.0,True,0.095,9.5,0,False
J0069,C0305,0.0,0.0,0.0,0.0,1.0,0.0,0.0,False,0.05,5.0,0,False
J0069,C0422,0.0,0.0,1.0,0.0,1.0,0.0,0.0,False,0.2,20.0,0,False
J0070,C0236,0.75,0.444,1.0,0.0,1.0,0.0,0.72,True,0.589,58.9,1,False
J0070,C0094,0.25,0.5,1.0,0.25,1.0,0.0,0.97,True,0.425,42.5,0,False
J0070,C0097,1.0,0.917,1.0,0.0,1.0,0.0,0.79,True,0.783,78.3,3,True
J0070,C0398,0.75,0.722,1.0,0.25,1.0,0.0,0.723,True,0.669,66.9,2,True
J0070,C0415,0.75,0.556,1.0,0.5,1.0,0.0,0.927,True,0.661,66.1,2,True
J0070,C0208,0.25,0.5,1.0,0.0,1.0,0.0,0.78,True,0.4,40.0,1,False
J0070,C0020,0.25,1.0,1.0,0.0,1.0,0.42,0.92,True,0.542,54.2,1,False
J0070,C0352,0.5,0.5,1.0,0.25,1.0,0.31,0.695,True,0.556,55.6,1,False
J0070,C0413,0.75,0.889,1.0,0.25,1.0,0.45,0.903,True,0.748,74.8,2,True
J0070,C0173,0.25,0.5,1.0,0.0,1.0,0.31,0.92,True,0.431,43.1,0,False
J0070,C0556,1.0,0.917,1.0,0.0,1.0,0.0,0.71,True,0.783,78.3,3,True
J0070,C0550,0.75,0.722,1.0,0.0,1.0,0.0,0.807,True,0.644,64.4,1,False
J0070,C0437,0.5,1.0,1.0,0.0,0.5,0.0,0.69,True,0.575,57.5,2,True
J0070,C0055,0.75,0.611,1.0,0.0,1.0,0.0,0.66,True,0.622,62.2,1,False
J0070,C0538,0.0,0.0,1.0,0.0,1.0,0.0,0.0,False,0.2,20.0,0,False
J0070,C0156,0.0,0.0,1.0,0.0,1.0,0.0,0.0,False,0.2,20.0,0,False
J0070,C0240,0.25,1.0,1.0,0.0,1.0,0.0,0.78,False,0.5,50.0,0,False
J0070,C0226,0.5,0.75,1.0,0.0,0.5,0.0,0.59,False,0.525,52.5,1,False
J0070,C0066,0.25,0.667,1.0,0.0,1.0,0.0,0.78,True,0.433,43.3,0,False
J0070,C0492,0.0,0.0,1.0,0.0,1.0,0.0,0.0,False,0.2,20.0,0,False
J0070,C0484,0.0,0.0,1.0,0.0,1.0,0.0,0.0,False,0.2,20.0,0,False
J0070,C0508,0.25,0.5,1.0,0.25,1.0,0.0,0.99,False,0.425,42.5,0,False
J0070,C0237,0.0,0.0,1.0,0.0,1.0,0.0,0.0,False,0.2,20.0,0,False
J0070,C0443,0.25,0.5,1.0,0.25,1.0,0.0,0.99,False,0.425,42.5,0,False
J0070,C0303,0.75,0.444,1.0,0.25,1.0,0.0,0.783,True,0.614,61.4,1,False
J0071,C0548,0.5,1.0,1.0,0.25,1.0,0.0,0.905,True,0.625,62.5,1,False
J0071,C0391,1.0,0.75,0.5,0.25,1.0,0.0,0.792,True,0.7,70.0,2,True
J0071,C0440,0.75,1.0,1.0,0.25,1.0,0.72,0.83,True,0.797,79.7,3,True
J0071,C0247,1.0,1.0,1.0,0.5,1.0,0.44,0.9,True,0.894,89.4,3,True
J0071,C0228,0.25,1.0,0.95,0.0,1.0,0.0,0.78,True,0.492,49.2,1,False
J0071,C0277,0.5,1.0,1.0,0.0,1.0,0.66,0.91,True,0.666,66.6,1,False
J0071,C0491,0.75,0.667,0.0,0.25,1.0,0.0,0.837,True,0.508,50.8,1,False
J0071,C0256,0.5,1.0,1.0,0.0,1.0,0.6,0.76,True,0.66,66.0,2,True
J0071,C0315,0.75,0.833,1.0,0.25,1.0,0.88,0.89,True,0.78,78.0,3,True
J0071,C0375,0.25,1.0,0.0,0.25,1.0,0.0,0.97,True,0.375,37.5,0,False
J0071,C0136,0.5,0.75,0.0,0.0,1.0,0.13,0.84,True,0.413,41.3,1,False
J0071,C0335,0.5,0.75,0.0,0.0,1.0,0.36,0.76,True,0.436,43.6,0,False
J0071,C0530,0.25,1.0,0.0,0.25,1.0,0.0,0.97,True,0.375,37.5,0,False
J0071,C0340,0.5,1.0,1.0,0.0,1.0,0.0,0.7,True,0.6,60.0,2,True
J0071,C0487,0.25,1.0,1.0,0.25,1.0,0.0,0.97,False,0.525,52.5,1,False
J0071,C0328,0.25,0.5,0.0,0.0,0.5,0.19,0.9,False,0.244,24.4,0,False
J0071,C0569,0.0,0.0,0.0,0.0,1.0,0.0,0.0,False,0.05,5.0,0,False
J0071,C0511,0.25,1.0,1.0,0.0,1.0,0.49,0.88,False,0.549,54.9,1,False
J0071,C0561,1.0,1.0,1.0,0.0,0.5,0.0,0.76,True,0.775,77.5,3,True
J0071,C0049,0.25,1.0,0.0,0.25,1.0,0.0,0.97,False,0.375,37.5,0,False
J0071,C0387,0.25,1.0,1.0,0.25,1.0,0.41,0.99,False,0.566,56.6,1,False
J0071,C0519,0.0,0.0,0.0,0.0,1.0,0.0,0.0,False,0.05,5.0,0,False
J0071,C0388,0.25,1.0,1.0,0.0,1.0,0.0,0.82,False,0.5,50.0,1,False
J0071,C0055,0.25,1.0,0.0,0.0,1.0,0.0,0.78,False,0.35,35.0,0,False
J0072,C0388,1.0,0.917,1.0,0.75,0.5,0.0,0.948,True,0.833,83.3,3,True
J0072,C0532,0.75,1.0,1.0,0.25,0.5,0.82,0.863,True,0.782,78.2,3,True
J0072,C0239,0.75,0.889,1.0,0.25,0.5,0.0,0.777,True,0.678,67.8,2,True
J0072,C0403,0.5,0.75,1.0,0.5,0.5,0.0,0.99,True,0.575,57.5,2,True
J0072,C0369,0.5,0.667,1.0,0.25,0.5,0.0,0.785,True,0.533,53.3,1,False
J0072,C0464,0.25,0.333,1.0,0.25,0.5,0.39,0.99,True,0.406,40.6,1,False
J0072,C0222,0.25,1.0,1.0,0.0,1.0,0.0,0.6,True,0.5,50.0,1,False
J0072,C0529,0.25,1.0,1.0,0.0,0.5,0.0,0.8,True,0.475,47.5,1,False
J0072,C0009,0.75,0.722,1.0,0.0,0.0,0.0,0.78,True,0.594,59.4,2,True
J0072,C0321,0.5,0.5,1.0,0.0,0.5,0.0,0.69,True,0.475,47.5,0,False
J0072,C0229,0.75,0.778,1.0,0.0,0.5,0.0,0.66,True,0.631,63.1,2,True
J0072,C0576,0.5,1.0,1.0,0.25,0.5,0.6,0.795,True,0.66,66.0,1,False
J0072,C0262,1.0,0.833,1.0,0.0,0.5,0.483,0.89,True,0.79,79.0,3,True
J0072,C0107,0.25,0.333,1.0,0.25,0.5,0.0,0.99,True,0.367,36.7,0,False
J0072,C0549,0.0,0.0,1.0,0.0,0.5,0.0,0.0,False,0.175,17.5,0,False
J0072,C0402,0.0,0.0,1.0,0.0,0.0,0.0,0.0,False,0.15,15.0,0,False
J0072,C0179,0.25,0.5,1.0,0.0,0.5,0.27,0.92,False,0.402,40.2,1,False
J0072,C0232,0.0,0.0,1.0,0.0,0.5,0.0,0.0,False,0.175,17.5,0,False
J0072,C0200,0.0,0.0,1.0,0.0,0.0,0.0,0.0,False,0.15,15.0,0,False
J0072,C0548,0.25,1.0,1.0,0.0,0.5,0.0,0.82,False,0.475,47.5,1,False
J0072,C0566,0.0,0.0,1.0,0.0,1.0,0.0,0.0,False,0.2,20.0,0,False
J0072,C0276,0.25,1.0,1.0,0.25,0.0,0.67,0.99,False,0.542,54.2,1,False
J0072,C0078,0.25,0.5,1.0,0.25,0.5,0.0,0.97,False,0.4,40.0,0,False
J0072,C0047,0.0,0.0,1.0,0.0,1.0,0.0,0.0,False,0.2,20.0,0,False
J0072,C0074,0.25,1.0,1.0,0.0,0.5,0.92,0.92,False,0.567,56.7,0,False
J0073,C0365,1.0,0.5,0.0,0.25,1.0,0.0,0.647,True,0.575,57.5,1,False
J0073,C0468,0.75,0.556,0.325,0.25,1.0,0.3,0.91,True,0.565,56.5,1,False
J0073,C0283,0.25,0.333,0.0,0.25,1.0,0.14,0.99,True,0.256,25.6,0,False
J0073,C0435,0.75,0.889,0.925,0.5,1.0,0.0,0.793,True,0.717,71.7,2,True
J0073,C0005,0.5,0.833,0.0,0.5,1.0,0.0,0.97,True,0.467,46.7,1,False
J0073,C0578,0.75,0.556,0.0,0.0,1.0,0.35,0.907,True,0.496,49.6,1,False
J0073,C0232,0.75,0.444,0.0,0.25,1.0,0.0,0.663,True,0.464,46.4,0,False
J0073,C0488,1.0,0.542,0.0,0.25,1.0,0.4,0.823,True,0.623,62.3,2,True
J0073,C0294,0.75,0.778,0.45,0.25,0.5,0.0,0.797,True,0.573,57.3,1,False
J0073,C0334,0.25,1.0,0.45,0.0,1.0,0.0,0.8,True,0.418,41.8,0,False
J0073,C0536,0.5,0.667,0.9,0.25,1.0,0.0,0.895,True,0.543,54.3,1,False
J0073,C0040,0.75,0.778,0.825,0.0,0.5,0.51,0.8,True,0.655,65.5,2,True
J0073,C0176,0.25,0.667,0.65,0.0,1.0,0.0,0.8,True,0.381,38.1,0,False
J0073,C0263,0.75,0.667,0.45,0.5,1.0,0.25,0.953,True,0.626,62.6,1,False
J0073,C0437,0.0,0.0,1.0,0.0,0.5,0.0,0.0,False,0.175,17.5,0,False
J0073,C0186,0.25,1.0,0.875,0.0,1.0,0.0,0.6,False,0.481,48.1,1,False
J0073,C0198,0.25,0.5,0.0,0.0,1.0,0.0,0.78,False,0.25,25.0,0,False
J0073,C0564,0.25,1.0,0.0,0.0,1.0,0.0,0.78,False,0.35,35.0,0,False
J0073,C0026,0.25,1.0,0.0,0.25,1.0,0.0,0.97,False,0.375,37.5,0,False
J0073,C0158,0.25,1.0,0.45,0.0,1.0,0.42,0.9,False,0.46,46.0,1,False
J0073,C0348,0.75,0.722,0.625,0.25,1.0,0.0,0.85,True,0.613,61.3,2,True
J0073,C0331,0.0,0.0,0.35,0.0,1.0,0.0,0.0,False,0.103,10.2,0,False
J0073,C0381,0.25,1.0,0.0,0.0,1.0,0.0,0.6,True,0.35,35.0,0,False
J0073,C0493,0.25,1.0,0.0,0.0,1.0,0.0,0.78,False,0.35,35.0,0,False
J0073,C0566,0.25,1.0,1.0,0.0,1.0,0.0,0.82,False,0.5,50.0,0,False
J0074,C0110,0.0,0.0,0.0,0.0,1.0,0.0,0.0,True,0.05,5.0,0,False
J0074,C0343,0.4,1.0,1.0,0.0,1.0,0.46,0.91,True,0.606,60.6,2,True
J0074,C0439,0.6,0.833,0.0,0.4,1.0,0.0,0.9,True,0.497,49.7,1,False
J0074,C0251,0.6,0.833,0.0,0.4,1.0,0.0,0.913,True,0.497,49.7,0,False
J0074,C0288,0.6,0.667,0.3,0.4,1.0,0.0,0.933,True,0.508,50.8,1,False
J0074,C0183,0.4,1.0,1.0,0.4,1.0,0.0,0.99,True,0.6,60.0,2,True
J0074,C0147,0.4,0.75,0.0,0.0,1.0,0.27,0.84,True,0.387,38.7,0,False
J0074,C0482,0.4,0.75,0.0,0.0,0.5,0.0,0.59,True,0.335,33.5,0,False
J0074,C0466,0.6,0.833,0.0,0.0,0.5,0.0,0.66,True,0.432,43.2,0,False
J0074,C0278,0.2,1.0,1.0,0.2,1.0,0.0,0.99,True,0.5,50.0,1,False
J0074,C0138,0.6,1.0,1.0,0.0,1.0,0.78,0.833,True,0.718,71.8,2,True
J0074,C0243,0.6,0.833,0.0,0.2,1.0,0.0,0.717,True,0.477,47.7,1,False
J0074,C0299,0.4,0.75,0.0,0.2,1.0,0.375,0.955,True,0.418,41.8,0,False
J0074,C0333,0.4,0.75,0.0,0.4,1.0,0.47,0.99,True,0.447,44.7,1,False
J0074,C0317,0.4,1.0,0.0,0.0,1.0,0.0,0.59,False,0.41,41.0,0,False
J0074,C0057,0.0,0.0,1.0,0.0,0.5,0.0,0.0,False,0.175,17.5,0,False
J0074,C0154,0.2,1.0,1.0,0.2,1.0,0.0,0.99,False,0.5,50.0,1,False
J0074,C0209,0.4,1.0,0.0,0.2,1.0,0.8,0.945,False,0.51,51.0,1,False
J0074,C0478,0.2,1.0,1.0,0.2,1.0,0.0,0.99,False,0.5,50.0,1,False
J0074,C0373,0.2,1.0,0.833,0.0,1.0,0.0,0.6,False,0.455,45.5,1,False
J0074,C0412,0.4,1.0,1.0,0.2,1.0,0.95,0.885,False,0.675,67.5,2,True
J0074,C0111,0.4,1.0,0.0,0.0,1.0,0.52,0.83,False,0.462,46.2,1,False
J0074,C0042,0.0,0.0,0.933,0.0,1.0,0.0,0.0,False,0.19,19.0,0,False
J0074,C0257,0.4,1.0,1.0,0.0,1.0,0.0,0.6,False,0.56,56.0,1,False
J0075,C0133,0.667,0.75,1.0,0.0,1.0,0.0,0.69,True,0.617,61.7,2,True
J0075,C0232,0.333,1.0,1.0,0.0,1.0,0.0,0.6,True,0.533,53.3,1,False
J0075,C0218,1.0,0.833,1.0,0.0,1.0,0.0,0.66,True,0.767,76.7,3,True
J0075,C0502,1.0,0.667,1.0,0.333,1.0,0.0,0.85,True,0.767,76.7,3,True
J0075,C0522,1.0,1.0,1.0,0.0,1.0,0.86,0.847,True,0.886,88.6,3,True
J0075,C0329,0.0,0.0,1.0,0.0,1.0,0.0,0.0,True,0.2,20.0,0,False
J0075,C0089,0.333,1.0,1.0,0.0,1.0,0.0,0.78,True,0.533,53.3,1,False
J0075,C0242,0.667,0.75,1.0,0.0,1.0,0.0,0.6,True,0.617,61.7,1,False
J0075,C0073,0.0,0.0,1.0,0.0,1.0,0.0,0.0,True,0.2,20.0,0,False
J0075,C0336,0.667,0.75,1.0,0.0,1.0,0.46,0.92,True,0.663,66.3,2,True
J0075,C0586,0.667,0.75,1.0,0.0,1.0,0.4,0.91,True,0.657,65.7,1,False
J0075,C0417,1.0,0.833,1.0,0.0,1.0,0.55,0.84,True,0.822,82.2,3,True
J0075,C0220,0.333,1.0,1.0,0.0,1.0,0.0,0.6,True,0.533,53.3,1,False
J0075,C0468,0.333,1.0,1.0,0.0,1.0,0.3,0.92,True,0.563,56.3,1,False
J0075,C0474,0.333,0.5,1.0,0.333,1.0,0.0,0.97,False,0.467,46.7,1,False
J0075,C0283,0.0,0.0,1.0,0.0,1.0,0.0,0.0,True,0.2,20.0,0,False
J0075,C0544,0.0,0.0,1.0,0.0,1.0,0.0,0.0,False,0.2,20.0,0,False
J0075,C0367,0.0,0.0,1.0,0.0,1.0,0.0,0.0,False,0.2,20.0,0,False
J0075,C0563,0.333,1.0,1.0,0.0,1.0,0.0,0.6,False,0.533,53.3,1,False
J0075,C0236,0.0,0.0,1.0,0.0,1.0,0.0,0.0,False,0.2,20.0,0,False
J0075,C0579,0.667,0.75,1.0,0.0,0.5,0.0,0.8,True,0.592,59.2,2,True
J0075,C0395,0.0,0.0,1.0,0.0,1.0,0.0,0.0,False,0.2,20.0,0,False
J0075,C0045,0.333,1.0,1.0,0.0,0.5,0.0,0.8,False,0.508,50.8,1,False
J0075,C0272,1.0,0.667,1.0,0.0,1.0,0.31,0.76,True,0.764,76.4,2,True
J0075,C0520,0.333,0.5,1.0,0.333,1.0,0.0,0.99,False,0.467,46.7,1,False
J0076,C0228,0.25,0.667,1.0,0.0,1.0,0.0,0.82,True,0.433,43.3,0,False
J0076,C0558,0.5,0.583,0.0,0.25,1.0,0.0,0.685,True,0.392,39.2,0,False
J0076,C0548,0.5,0.667,1.0,0.5,1.0,0.65,0.99,True,0.648,64.8,2,True
J0076,C0530,0.5,0.5,0.0,0.25,1.0,0.355,0.955,True,0.411,41.1,0,False
J0076,C0145,0.75,1.0,1.0,0.25,1.0,0.0,0.863,True,0.725,72.5,3,True
J0076,C0340,0.5,0.833,1.0,0.0,1.0,0.0,0.79,True,0.567,56.7,1,False
J0076,C0159,0.5,0.417,1.0,0.0,0.5,0.18,0.84,True,0.476,47.6,1,False
J0076,C0136,0.75,0.389,0.0,0.25,1.0,0.0,0.663,True,0.453,45.3,1,False
J0076,C0561,1.0,1.0,1.0,0.25,0.5,0.0,0.698,True,0.8,80.0,3,True
J0076,C0375,0.75,0.389,0.0,0.5,1.0,0.0,0.853,True,0.478,47.8,1,False
J0076,C0440,0.75,0.889,1.0,0.25,1.0,0.56,0.83,True,0.759,75.9,3,True
J0076,C0276,0.75,0.889,1.0,0.0,0.5,0.0,0.747,True,0.653,65.3,2,True
J0076,C0567,0.0,0.0,1.0,0.0,1.0,0.0,0.0,True,0.2,20.0,0,False
J0076,C0297,1.0,0.708,1.0,0.25,1.0,0.0,0.847,True,0.767,76.7,2,True
J0076,C0033,0.0,0.0,1.0,0.0,1.0,0.0,0.0,False,0.2,20.0,0,False
J0076,C0434,0.5,0.667,1.0,0.0,1.0,0.0,0.79,False,0.533,53.3,1,False
J0076,C0108,0.25,0.333,0.0,0.25,1.0,0.0,0.97,False,0.242,24.2,0,False
J0076,C0576,0.25,1.0,1.0,0.0,1.0,0.9,0.9,False,0.59,59.0,1,False
J0076,C0449,0.0,0.0,1.0,0.0,0.0,0.0,0.0,False,0.15,15.0,0,False
J0076,C0593,0.0,0.0,0.0,0.0,1.0,0.0,0.0,False,0.05,5.0,0,False
J0076,C0600,0.0,0.0,1.0,0.0,1.0,0.0,0.0,False,0.2,20.0,0,False
J0076,C0437,0.0,0.0,1.0,0.0,0.5,0.0,0.0,False,0.175,17.5,0,False
J0076,C0255,0.25,0.333,0.0,0.0,1.0,0.0,0.6,False,0.217,21.7,0,False
J0076,C0260,0.25,1.0,1.0,0.0,1.0,0.0,0.8,False,0.5,50.0,1,False
J0076,C0288,0.25,0.333,0.9,0.0,1.0,0.0,0.4,False,0.352,35.2,0,False
J0077,C0012,0.5,0.75,0.875,0.25,1.0,0.31,0.955,True,0.587,58.7,1,False
J0077,C0210,1.0,0.583,0.0,0.25,1.0,0.0,0.593,True,0.592,59.2,1,False
J0077,C0360,0.25,1.0,0.0,0.0,1.0,0.0,0.78,True,0.35,35.0,0,False
J0077,C0592,0.75,0.611,0.3,0.5,1.0,0.0,0.92,True,0.567,56.7,1,False
J0077,C0447,0.25,1.0,0.825,0.0,1.0,0.0,0.78,True,0.474,47.4,1,False
J0077,C0510,0.25,0.333,0.325,0.0,1.0,0.0,0.82,True,0.265,26.5,0,False
J0077,C0507,0.5,0.583,0.0,0.0,1.0,0.0,0.5,True,0.367,36.7,0,False
J0077,C0518,0.5,0.75,0.0,0.25,1.0,0.32,0.795,True,0.457,45.7,1,False
J0077,C0259,0.5,0.833,0.6,0.0,1.0,0.0,0.59,True,0.507,50.7,1,False
J0077,C0268,0.25,1.0,0.9,0.0,0.5,0.0,0.78,True,0.46,46.0,0,False
J0077,C0084,0.75,1.0,1.0,0.0,1.0,0.0,0.733,True,0.7,70.0,2,True
J0077,C0149,0.5,1.0,1.0,0.25,1.0,0.0,0.905,True,0.625,62.5,2,True
J0077,C0240,0.25,1.0,1.0,0.0,1.0,0.0,0.6,True,0.5,50.0,1,False
J0077,C0322,0.25,1.0,0.375,0.25,1.0,0.0,0.97,True,0.431,43.1,0,False
J0077,C0136,0.25,0.5,0.0,0.25,1.0,0.0,0.99,False,0.275,27.5,0,False
J0077,C0145,0.0,0.0,1.0,0.0,1.0,0.0,0.0,False,0.2,20.0,0,False
J0077,C0169,0.0,0.0,1.0,0.0,1.0,0.0,0.0,False,0.2,20.0,0,False
J0077,C0508,0.25,1.0,0.5,0.0,1.0,0.0,0.82,True,0.425,42.5,1,False
J0077,C0546,0.75,0.889,0.975,0.0,1.0,0.0,0.813,True,0.674,67.4,2,True
J0077,C0211,0.0,0.0,0.3,0.0,1.0,0.0,0.0,False,0.095,9.5,0,False
J0077,C0022,0.0,0.0,0.0,0.0,1.0,0.0,0.0,False,0.05,5.0,0,False
J0077,C0593,0.0,0.0,0.0,0.0,1.0,0.0,0.0,False,0.05,5.0,0,False
J0077,C0086,0.5,1.0,0.0,0.25,1.0,0.0,0.785,False,0.475,47.5,0,False
J0077,C0457,0.25,0.5,0.0,0.0,1.0,0.0,0.4,False,0.25,25.0,0,False
J0077,C0586,0.25,0.5,0.525,0.0,1.0,0.22,0.94,False,0.351,35.1,0,False
J0078,C0098,0.667,0.75,1.0,0.0,0.5,0.0,0.5,True,0.592,59.2,2,True
J0078,C0412,0.333,1.0,1.0,0.0,1.0,0.0,0.78,True,0.533,53.3,1,False
J0078,C0594,0.667,0.5,1.0,0.333,0.5,0.0,0.895,True,0.575,57.5,1,False
J0078,C0458,0.333,1.0,1.0,0.333,1.0,0.0,0.97,True,0.567,56.7,1,False
J0078,C0389,1.0,0.5,1.0,0.333,1.0,0.18,0.823,True,0.751,75.1,3,True
J0078,C0521,0.667,1.0,1.0,0.0,1.0,0.0,0.59,True,0.667,66.7,2,True
J0078,C0545,0.667,1.0,1.0,0.333,1.0,0.72,0.895,True,0.772,77.2,3,True
J0078,C0100,0.667,0.75,1.0,0.0,1.0,0.33,0.85,True,0.65,65.0,2,True
J0078,C0464,0.667,0.5,1.0,0.667,1.0,0.15,0.99,True,0.648,64.8,2,True
J0078,C0492,1.0,0.833,1.0,0.0,1.0,0.26,0.7,True,0.793,79.3,3,True
J0078,C0529,0.0,0.0,1.0,0.0,1.0,0.0,0.0,True,0.2,20.0,0,False
J0078,C0593,0.333,0.5,1.0,0.0,1.0,0.0,0.78,True,0.433,43.3,0,False
J0078,C0386,0.667,0.5,1.0,0.333,1.0,0.0,0.875,True,0.6,60.0,2,True
J0078,C0363,0.333,1.0,1.0,0.0,1.0,0.0,0.6,True,0.533,53.3,1,False
J0078,C0064,0.0,0.0,1.0,0.0,1.0,0.0,0.0,False,0.2,20.0,0,False
J0078,C0525,0.0,0.0,1.0,0.0,1.0,0.0,0.0,False,0.2,20.0,0,False
J0078,C0361,0.0,0.0,1.0,0.0,0.0,0.0,0.0,False,0.15,15.0,0,False
J0078,C0356,0.0,0.0,1.0,0.0,1.0,0.0,0.0,False,0.2,20.0,0,False
J0078,C0230,0.0,0.0,1.0,0.0,1.0,0.0,0.0,False,0.2,20.0,0,False
J0078,C0166,0.0,0.0,1.0,0.0,1.0,0.0,0.0,False,0.2,20.0,0,False
J0078,C0491,0.0,0.0,1.0,0.0,1.0,0.0,0.0,False,0.2,20.0,0,False
J0078,C0509,0.0,0.0,1.0,0.0,1.0,0.0,0.0,False,0.2,20.0,0,False
J0078,C0478,0.0,0.0,1.0,0.0,1.0,0.0,0.0,False,0.2,20.0,0,False
J0078,C0486,0.333,0.5,1.0,0.0,1.0,0.0,0.6,False,0.433,43.3,1,False
J0078,C0034,0.667,0.5,1.0,0.333,1.0,0.2,0.935,True,0.62,62.0,2,True
J0079,C0222,0.75,1.0,1.0,0.0,1.0,0.54,0.7,True,0.754,75.4,3,True
J0079,C0229,1.0,0.583,1.0,0.25,1.0,0.0,0.738,True,0.742,74.2,3,True
J0079,C0410,0.75,0.722,1.0,0.5,0.5,0.0,0.92,True,0.669,66.9,1,False
J0079,C0519,0.5,0.75,1.0,0.25,1.0,0.0,0.875,True,0.575,57.5,1,False
J0079,C0017,0.25,0.5,1.0,0.25,1.0,0.25,0.99,True,0.45,45.0,1,False
J0079,C0534,0.75,0.889,1.0,0.0,1.0,0.0,0.793,True,0.678,67.8,2,True
J0079,C0107,0.75,0.556,1.0,0.25,1.0,0.0,0.79,True,0.636,63.6,1,False
J0079,C0302,0.75,0.611,1.0,0.0,1.0,0.5,0.707,True,0.672,67.2,1,False
J0079,C0033,0.5,0.667,1.0,0.5,1.0,0.13,0.98,True,0.596,59.6,1,False
J0079,C0363,0.25,1.0,1.0,0.0,1.0,0.0,0.6,True,0.5,50.0,1,False
J0079,C0022,0.25,0.5,1.0,0.25,1.0,0.0,0.99,True,0.425,42.5,1,False
J0079,C0495,0.5,0.667,1.0,0.0,1.0,0.555,0.92,True,0.589,58.9,1,False
J0079,C0412,0.5,1.0,1.0,0.0,1.0,0.0,0.8,True,0.6,60.0,1,False
J0079,C0393,0.75,0.833,1.0,0.25,1.0,0.0,0.73,True,0.692,69.2,2,True
J0079,C0392,0.0,0.0,1.0,0.0,1.0,0.0,0.0,False,0.2,20.0,0,False
J0079,C0147,0.5,0.417,1.0,0.25,1.0,0.0,0.865,False,0.508,50.8,2,True
J0079,C0316,0.0,0.0,1.0,0.0,1.0,0.0,0.0,False,0.2,20.0,0,False
J0079,C0485,0.0,0.0,1.0,0.0,0.0,0.0,0.0,False,0.15,15.0,0,False
J0079,C0438,0.0,0.0,1.0,0.0,1.0,0.0,0.0,False,0.2,20.0,0,False
J0079,C0418,0.0,0.0,1.0,0.0,1.0,0.0,0.0,False,0.2,20.0,0,False
J0079,C0324,0.5,0.417,1.0,0.25,0.5,0.0,0.875,False,0.483,48.3,1,False
J0079,C0008,0.0,0.0,1.0,0.0,1.0,0.0,0.0,False,0.2,20.0,0,False
J0079,C0347,0.0,0.0,1.0,0.0,1.0,0.0,0.0,False,0.2,20.0,0,False
J0079,C0206,0.0,0.0,1.0,0.0,1.0,0.0,0.0,False,0.2,20.0,0,False
J0079,C0274,0.0,0.0,1.0,0.0,1.0,0.0,0.0,False,0.2,20.0,0,False
J0080,C0548,0.0,0.0,1.0,0.0,1.0,0.0,0.0,True,0.2,20.0,0,False
J0080,C0428,0.75,0.722,1.0,0.25,1.0,0.0,0.79,True,0.669,66.9,2,True
J0080,C0440,1.0,0.917,1.0,0.25,1.0,0.72,0.823,True,0.88,88.0,3,True
J0080,C0335,0.75,0.611,1.0,0.0,1.0,0.0,0.66,True,0.622,62.2,1,False
J0080,C0297,0.5,0.417,1.0,0.25,1.0,0.0,0.895,True,0.508,50.8,1,False
J0080,C0319,0.5,1.0,1.0,0.25,1.0,0.0,0.795,True,0.625,62.5,1,False
J0080,C0256,0.75,1.0,1.0,0.0,1.0,0.505,0.807,True,0.75,75.1,2,True
J0080,C0276,1.0,0.917,1.0,0.75,0.5,0.0,0.943,True,0.833,83.3,3,True
J0080,C0277,0.75,0.722,1.0,0.0,1.0,0.42,0.873,True,0.686,68.6,2,True
J0080,C0136,0.75,0.611,1.0,0.0,1.0,0.125,0.747,True,0.635,63.5,1,False
J0080,C0059,0.5,0.667,1.0,0.25,0.5,0.215,0.945,True,0.555,55.5,0,False
J0080,C0145,0.75,0.889,1.0,0.25,1.0,0.0,0.783,True,0.703,70.3,3,True
J0080,C0589,0.5,1.0,1.0,0.25,0.5,0.63,0.965,True,0.663,66.3,2,True
J0080,C0491,0.75,0.444,1.0,0.25,1.0,0.0,0.79,True,0.614,61.4,2,True
J0080,C0349,0.0,0.0,1.0,0.0,1.0,0.0,0.0,False,0.2,20.0,0,False
J0080,C0370,0.25,1.0,1.0,0.0,0.5,0.14,0.9,False,0.489,48.9,0,False
J0080,C0357,0.25,1.0,1.0,0.25,1.0,0.0,0.99,False,0.525,52.5,1,False
J0080,C0258,0.25,1.0,1.0,0.0,1.0,0.3,0.92,False,0.53,53.0,0,False
J0080,C0343,0.0,0.0,1.0,0.0,1.0,0.0,0.0,False,0.2,20.0,0,False
J0080,C0425,0.0,0.0,1.0,0.0,1.0,0.0,0.0,False,0.2,20.0,0,False
J0080,C0140,0.0,0.0,1.0,0.0,0.0,0.0,0.0,False,0.15,15.0,0,False
J0080,C0220,0.25,1.0,1.0,0.0,1.0,0.0,0.6,False,0.5,50.0,1,False
J0080,C0180,0.0,0.0,1.0,0.0,1.0,0.0,0.0,False,0.2,20.0,0,False
J0080,C0072,0.0,0.0,1.0,0.0,1.0,0.0,0.0,False,0.2,20.0,0,False
J0080,C0467,0.25,1.0,1.0,0.0,1.0,0.29,0.9,False,0.529,52.9,1,False
J0081,C0114,1.0,1.0,1.0,0.0,1.0,0.0,0.747,True,0.8,80.0,3,True
J0081,C0143,0.667,0.75,1.0,0.0,1.0,0.18,0.75,True,0.635,63.5,2,True
J0081,C0346,0.667,1.0,1.0,0.333,1.0,0.0,0.795,True,0.7,70.0,2,True
J0081,C0337,1.0,0.833,1.0,0.333,1.0,0.24,0.817,True,0.824,82.4,3,True
J0081,C0003,1.0,1.0,1.0,0.333,1.0,0.345,0.837,True,0.868,86.8,3,True
J0081,C0053,1.0,1.0,1.0,0.0,1.0,0.0,0.8,True,0.8,80.0,3,True
J0081,C0508,1.0,0.833,1.0,0.333,1.0,0.42,0.837,True,0.842,84.2,3,True
J0081,C0259,1.0,1.0,1.0,0.0,1.0,0.375,0.747,True,0.838,83.8,3,True
J0081,C0314,1.0,1.0,1.0,0.0,0.5,0.84,0.713,True,0.859,85.9,3,True
J0081,C0166,0.333,0.5,1.0,0.333,1.0,0.37,0.99,True,0.504,50.4,1,False
J0081,C0142,1.0,0.833,1.0,0.0,1.0,0.41,0.76,True,0.808,80.8,3,True
J0081,C0592,0.667,0.75,1.0,0.0,1.0,0.0,0.6,True,0.617,61.7,2,True
J0081,C0360,0.333,1.0,1.0,0.0,1.0,0.0,0.6,True,0.533,53.3,1,False
J0081,C0161,0.333,1.0,1.0,0.0,1.0,0.17,0.9,True,0.55,55.0,1,False
J0081,C0481,0.0,0.0,1.0,0.0,0.0,0.0,0.0,False,0.15,15.0,0,False
J0081,C0077,0.333,1.0,1.0,0.0,1.0,0.0,0.78,False,0.533,53.3,1,False
J0081,C0417,0.0,0.0,1.0,0.0,1.0,0.0,0.0,False,0.2,20.0,0,False
J0081,C0078,0.0,0.0,1.0,0.0,1.0,0.0,0.0,True,0.2,20.0,0,False
J0081,C0511,0.0,0.0,1.0,0.0,1.0,0.0,0.0,False,0.2,20.0,0,False
J0081,C0016,0.333,1.0,1.0,0.0,1.0,0.38,0.9,False,0.571,57.1,1,False
J0081,C0149,0.667,1.0,1.0,0.333,1.0,0.0,0.905,True,0.7,70.0,2,True
J0081,C0484,0.0,0.0,1.0,0.0,1.0,0.0,0.0,False,0.2,20.0,0,False
J0081,C0184,0.0,0.0,1.0,0.0,1.0,0.0,0.0,False,0.2,20.0,0,False
J0081,C0512,0.333,1.0,1.0,0.0,1.0,0.0,0.8,False,0.533,53.3,1,False
J0082,C0079,0.667,0.667,0.0,0.667,1.0,0.0,0.97,True,0.517,51.7,1,False
J0082,C0151,0.667,1.0,1.0,0.667,1.0,0.86,0.99,True,0.819,81.9,3,True
J0082,C0291,0.333,1.0,1.0,0.333,1.0,0.9,0.99,True,0.657,65.7,2,True
J0082,C0200,0.333,1.0,1.0,0.333,1.0,0.75,0.99,True,0.642,64.2,1,False
J0082,C0446,0.667,0.75,0.55,0.667,1.0,0.6,0.99,True,0.676,67.6,2,True
J0082,C0195,0.333,0.667,0.0,0.333,1.0,0.0,0.99,True,0.35,35.0,0,False
J0082,C0361,0.667,0.833,0.95,0.667,1.0,0.0,0.99,True,0.692,69.2,2,True
J0082,C0187,0.667,0.833,1.0,0.667,1.0,0.0,0.98,True,0.7,70.0,2,True
J0082,C0271,1.0,0.611,0.0,1.0,1.0,0.23,0.983,True,0.695,69.5,2,True
J0082,C0307,0.667,0.5,0.0,0.667,1.0,0.0,0.99,True,0.483,48.3,1,False
J0082,C0404,1.0,0.611,0.65,1.0,1.0,0.403,0.99,True,0.81,81.0,3,True
J0082,C0289,0.667,0.833,0.95,0.0,1.0,0.0,0.81,True,0.626,62.6,2,True
J0082,C0130,1.0,0.556,1.0,1.0,1.0,0.0,0.983,True,0.811,81.1,3,True
J0082,C0408,0.333,1.0,0.0,0.333,1.0,0.7,0.99,True,0.487,48.7,1,False
J0082,C0090,0.0,0.0,1.0,0.0,1.0,0.0,0.0,False,0.2,20.0,0,False
J0082,C0146,0.333,0.333,0.0,0.333,1.0,0.32,0.99,True,0.315,31.5,0,False
J0082,C0276,0.0,0.0,1.0,0.0,1.0,0.0,0.0,False,0.2,20.0,0,False
J0082,C0316,0.0,0.0,1.0,0.0,1.0,0.0,0.0,False,0.2,20.0,0,False
J0082,C0533,0.0,0.0,0.8,0.0,1.0,0.0,0.0,False,0.17,17.0,0,False
J0082,C0217,0.0,0.0,0.0,0.0,1.0,0.0,0.0,False,0.05,5.0,0,False
J0082,C0262,0.0,0.0,1.0,0.0,1.0,0.0,0.0,False,0.2,20.0,0,False
J0082,C0103,0.0,0.0,0.0,0.0,1.0,0.0,0.0,False,0.05,5.0,0,False
J0082,C0464,0.0,0.0,0.0,0.0,1.0,0.0,0.0,False,0.05,5.0,0,False
J0082,C0373,0.0,0.0,1.0,0.0,1.0,0.0,0.0,False,0.2,20.0,0,False
J0083,C0430,0.75,0.778,0.0,0.75,1.0,0.0,0.977,True,0.581,58.1,1,False
J0083,C0134,0.75,1.0,0.533,0.0,1.0,0.0,0.813,True,0.63,63.0,1,False
J0083,C0189,0.75,1.0,1.0,0.0,1.0,0.0,0.807,True,0.7,70.0,3,True
J0083,C0051,0.75,0.889,0.7,0.0,1.0,0.63,0.873,True,0.696,69.6,2,True
J0083,C0523,0.5,1.0,1.0,0.0,1.0,0.94,0.76,True,0.694,69.4,2,True
J0083,C0559,0.75,0.778,0.0,0.25,1.0,0.0,0.79,True,0.531,53.1,1,False
J0083,C0353,0.5,1.0,0.233,0.0,0.5,0.0,0.81,True,0.46,46.0,0,False
J0083,C0061,0.5,1.0,1.0,0.0,1.0,0.0,0.59,True,0.6,60.0,1,False
J0083,C0117,0.5,0.5,0.0,0.25,1.0,0.39,0.925,True,0.414,41.4,0,False
J0083,C0571,0.5,0.75,0.4,0.0,1.0,0.3,0.75,True,0.49,49.0,1,False
J0083,C0359,0.75,0.833,0.467,0.0,1.0,0.7,0.78,True,0.657,65.7,2,True
J0083,C0542,0.5,0.667,0.0,0.25,1.0,0.15,0.865,True,0.423,42.3,0,False
J0083,C0227,1.0,0.708,0.3,0.5,1.0,0.37,0.88,True,0.724,72.4,3,True
J0083,C0226,0.75,0.778,0.0,0.25,0.5,0.0,0.657,True,0.506,50.6,1,False
J0083,C0393,0.0,0.0,0.567,0.0,1.0,0.0,0.0,False,0.135,13.5,0,False
J0083,C0357,0.0,0.0,0.833,0.0,1.0,0.0,0.0,False,0.175,17.5,0,False
J0083,C0371,0.0,0.0,0.0,0.0,1.0,0.0,0.0,False,0.05,5.0,0,False
J0083,C0095,0.0,0.0,0.0,0.0,1.0,0.0,0.0,False,0.05,5.0,0,False
J0083,C0477,0.25,0.5,0.0,0.0,1.0,0.0,0.78,False,0.25,25.0,0,False
J0083,C0222,0.0,0.0,0.0,0.0,1.0,0.0,0.0,False,0.05,5.0,0,False
J0083,C0484,0.0,0.0,0.933,0.0,1.0,0.0,0.0,False,0.19,19.0,0,False
J0083,C0138,0.0,0.0,1.0,0.0,1.0,0.0,0.0,False,0.2,20.0,0,False
J0083,C0256,0.0,0.0,0.667,0.0,1.0,0.0,0.0,False,0.15,15.0,0,False
J0083,C0292,0.0,0.0,0.0,0.0,0.5,0.0,0.0,False,0.025,2.5,0,False
J0083,C0239,0.25,0.5,0.0,0.0,1.0,0.0,0.78,False,0.25,25.0,0,False
J0084,C0504,0.5,1.0,1.0,0.0,1.0,0.0,0.78,True,0.6,60.0,1,False
J0084,C0101,1.0,0.917,1.0,0.25,1.0,0.0,0.792,True,0.808,80.8,3,True
J0084,C0141,0.5,1.0,1.0,0.25,1.0,0.0,0.905,True,0.625,62.5,1,False
J0084,C0556,0.75,0.889,1.0,0.0,1.0,0.0,0.673,True,0.678,67.8,2,True
J0084,C0103,0.25,0.5,1.0,0.0,0.5,0.0,0.78,True,0.375,37.5,0,False
J0084,C0350,0.75,0.889,1.0,0.25,1.0,0.0,0.79,True,0.703,70.3,3,True
J0084,C0413,0.5,0.833,1.0,0.0,1.0,0.45,0.87,True,0.612,61.2,2,True
J0084,C0352,0.25,1.0,1.0,0.0,1.0,0.0,0.4,True,0.5,50.0,1,False
J0084,C0215,0.25,0.5,1.0,0.0,1.0,0.0,0.6,True,0.4,40.0,1,False
J0084,C0429,0.75,0.889,1.0,0.25,1.0,0.0,0.85,True,0.703,70.3,2,True
J0084,C0127,0.5,1.0,1.0,0.5,1.0,0.19,0.98,True,0.669,66.9,2,True
J0084,C0547,0.5,0.833,1.0,0.0,1.0,0.62,0.76,True,0.629,62.9,2,True
J0084,C0503,1.0,0.792,1.0,0.0,1.0,0.0,0.69,True,0.758,75.8,3,True
J0084,C0377,0.5,0.667,1.0,0.5,1.0,0.29,0.99,True,0.612,61.2,1,False
J0084,C0203,0.0,0.0,1.0,0.0,1.0,0.0,0.0,False,0.2,20.0,0,False
J0084,C0494,0.25,1.0,1.0,0.0,1.0,0.77,0.92,False,0.577,57.7,1,False
J0084,C0417,0.25,1.0,1.0,0.0,1.0,0.0,0.78,False,0.5,50.0,1,False
J0084,C0513,0.25,1.0,1.0,0.0,1.0,0.0,0.78,False,0.5,50.0,1,False
J0084,C0158,0.5,1.0,1.0,0.25,1.0,0.35,0.945,False,0.66,66.0,2,True
J0084,C0541,0.0,0.0,1.0,0.0,1.0,0.0,0.0,False,0.2,20.0,0,False
J0084,C0484,0.25,1.0,1.0,0.0,1.0,0.0,0.82,False,0.5,50.0,1,False
J0084,C0281,0.25,1.0,1.0,0.0,1.0,0.0,0.6,False,0.5,50.0,1,False
J0084,C0323,0.5,0.833,1.0,0.0,0.5,0.0,0.8,True,0.542,54.2,1,False
J0084,C0287,0.25,1.0,1.0,0.25,0.5,0.38,0.99,False,0.538,53.8,1,False
J0084,C0204,0.25,1.0,1.0,0.0,1.0,0.0,0.4,False,0.5,50.0,1,False
J0085,C0343,0.5,0.583,1.0,0.0,1.0,0.31,0.92,True,0.548,54.8,1,False
J0085,C0207,0.75,0.778,1.0,0.75,1.0,0.0,0.983,True,0.731,73.1,3,True
J0085,C0513,0.75,0.778,0.0,0.0,1.0,0.0,0.6,True,0.506,50.6,1,False
J0085,C0284,0.75,0.611,0.0,0.0,1.0,0.0,0.593,True,0.472,47.2,1,False
J0085,C0436,0.75,0.556,0.867,0.0,0.5,0.55,0.767,True,0.621,62.1,2,True
J0085,C0477,0.5,0.667,0.0,0.0,1.0,0.0,0.69,True,0.383,38.3,0,False
J0085,C0138,0.75,1.0,1.0,0.0,1.0,0.91,0.893,True,0.791,79.1,3,True
J0085,C0387,0.25,1.0,1.0,0.0,1.0,0.82,0.9,True,0.582,58.2,1,False
J0085,C0106,1.0,0.5,0.0,0.0,1.0,0.52,0.76,True,0.602,60.2,2,True
J0085,C0278,0.25,0.667,1.0,0.25,1.0,0.0,0.99,True,0.458,45.8,1,False
J0085,C0357,0.5,0.75,0.833,0.5,1.0,0.0,0.99,True,0.575,57.5,1,False
J0085,C0031,0.75,0.833,1.0,0.0,1.0,0.0,0.793,True,0.667,66.7,2,True
J0085,C0480,0.75,0.5,1.0,0.5,1.0,0.0,0.913,True,0.65,65.0,2,True
J0085,C0213,0.75,0.833,1.0,0.0,1.0,0.22,0.647,True,0.689,68.9,2,True
J0085,C0282,0.0,0.0,0.0,0.0,0.5,0.0,0.0,False,0.025,2.5,0,False
J0085,C0503,0.0,0.0,0.0,0.0,1.0,0.0,0.0,False,0.05,5.0,0,False
J0085,C0437,0.0,0.0,1.0,0.0,0.5,0.0,0.0,False,0.175,17.5,0,False
J0085,C0393,0.5,0.583,0.567,0.0,1.0,0.0,0.69,False,0.452,45.2,1,False
J0085,C0166,0.0,0.0,0.0,0.0,1.0,0.0,0.0,False,0.05,5.0,0,False
J0085,C0495,0.5,0.667,0.833,0.0,1.0,0.555,0.92,False,0.564,56.4,2,True
J0085,C0231,0.0,0.0,1.0,0.0,1.0,0.0,0.0,False,0.2,20.0,0,False
J0085,C0557,0.0,0.0,0.667,0.0,1.0,0.0,0.0,False,0.15,15.0,0,False
J0085,C0134,0.0,0.0,0.533,0.0,1.0,0.0,0.0,False,0.13,13.0,0,False
J0085,C0269,0.0,0.0,0.0,0.0,1.0,0.0,0.0,False,0.05,5.0,0,False
J0086,C0396,0.5,1.0,0.6,0.0,1.0,0.0,0.81,True,0.54,54.0,1,False
J0086,C0387,0.75,1.0,1.0,0.25,1.0,0.615,0.903,True,0.787,78.6,3,True
J0086,C0299,0.75,0.667,0.0,0.5,1.0,0.34,0.92,True,0.567,56.7,1,False
J0086,C0183,0.25,1.0,1.0,0.0,1.0,0.75,0.92,True,0.575,57.5,1,False
J0086,C0254,0.5,0.75,0.0,0.0,1.0,0.0,0.69,True,0.4,40.0,0,False
J0086,C0482,1.0,0.625,0.0,0.0,0.5,0.0,0.69,True,0.55,55.0,1,False
J0086,C0439,0.25,1.0,0.0,0.0,1.0,0.0,0.78,True,0.35,35.0,0,False
J0086,C0147,0.25,0.5,0.0,0.25,1.0,0.0,0.95,True,0.275,27.5,0,False
J0086,C0163,1.0,0.625,0.2,0.0,0.5,0.61,0.84,True,0.641,64.1,2,True
J0086,C0138,1.0,1.0,1.0,0.0,1.0,0.91,0.865,True,0.891,89.1,3,True
J0086,C0543,0.5,1.0,1.0,0.25,1.0,0.0,0.875,True,0.625,62.5,2,True
J0086,C0436,0.75,0.667,0.65,0.0,0.5,0.55,0.773,True,0.611,61.1,2,True
J0086,C0201,0.5,1.0,0.775,0.25,1.0,0.87,0.795,True,0.678,67.8,2,True
J0086,C0466,0.75,0.5,0.0,0.0,0.5,0.0,0.587,True,0.425,42.5,0,False
J0086,C0506,0.0,0.0,1.0,0.0,1.0,0.0,0.0,False,0.2,20.0,0,False
J0086,C0369,0.0,0.0,0.0,0.0,1.0,0.0,0.0,False,0.05,5.0,0,False
J0086,C0193,0.0,0.0,0.225,0.0,1.0,0.0,0.0,False,0.084,8.4,0,False
J0086,C0416,0.0,0.0,0.0,0.0,1.0,0.0,0.0,False,0.05,5.0,0,False
J0086,C0085,0.25,1.0,0.2,0.25,1.0,0.0,0.99,False,0.405,40.5,0,False
J0086,C0273,0.0,0.0,0.475,0.0,1.0,0.0,0.0,False,0.121,12.1,0,False
J0086,C0209,0.25,1.0,0.0,0.0,1.0,0.0,0.6,False,0.35,35.0,0,False
J0086,C0176,0.0,0.0,0.65,0.0,1.0,0.0,0.0,False,0.148,14.8,0,False
J0086,C0402,0.0,0.0,1.0,0.0,0.5,0.0,0.0,False,0.175,17.5,0,False
J0086,C0380,0.25,0.5,0.0,0.0,1.0,0.18,0.9,False,0.268,26.8,0,False
J0086,C0224,0.0,0.0,0.0,0.0,1.0,0.0,0.0,False,0.05,5.0,0,False
J0087,C0321,0.667,0.75,0.0,0.0,1.0,0.6,0.9,True,0.527,52.7,1,False
J0087,C0532,1.0,0.889,1.0,0.0,1.0,0.0,0.787,True,0.778,77.8,3,True
J0087,C0266,0.667,0.833,1.0,0.0,1.0,0.0,0.6,True,0.633,63.3,2,True
J0087,C0332,0.667,0.417,0.0,0.333,1.0,0.0,0.795,True,0.433,43.3,1,False
J0087,C0363,0.667,0.833,0.75,0.667,1.0,0.0,0.99,True,0.663,66.3,2,True
J0087,C0534,0.667,0.583,1.0,0.0,1.0,0.0,0.71,True,0.583,58.3,2,True
J0087,C0412,0.333,1.0,1.0,0.333,1.0,0.0,0.99,True,0.567,56.7,1,False
J0087,C0090,0.667,0.833,1.0,0.333,1.0,0.57,0.905,True,0.724,72.4,3,True
J0087,C0186,0.667,0.583,1.0,0.333,1.0,0.0,0.895,True,0.617,61.7,2,True
J0087,C0017,0.0,0.0,0.0,0.0,1.0,0.0,0.0,True,0.05,5.0,0,False
J0087,C0389,0.0,0.0,0.0,0.0,1.0,0.0,0.0,True,0.05,5.0,0,False
J0087,C0487,0.667,0.5,1.0,0.333,1.0,0.32,0.905,True,0.632,63.2,1,False
J0087,C0544,0.667,0.833,1.0,0.0,1.0,0.0,0.8,True,0.633,63.3,2,True
J0087,C0033,0.667,1.0,0.8,0.333,1.0,0.895,0.955,True,0.76,76.0,3,True
J0087,C0273,0.0,0.0,0.95,0.0,1.0,0.0,0.0,False,0.192,19.2,0,False
J0087,C0120,0.0,0.0,0.0,0.0,1.0,0.0,0.0,False,0.05,5.0,0,False
J0087,C0174,0.0,0.0,0.5,0.0,1.0,0.0,0.0,False,0.125,12.5,0,False
J0087,C0167,0.0,0.0,1.0,0.0,1.0,0.0,0.0,False,0.2,20.0,0,False
J0087,C0597,0.0,0.0,0.0,0.0,1.0,0.0,0.0,False,0.05,5.0,0,False
J0087,C0331,0.0,0.0,0.7,0.0,1.0,0.0,0.0,False,0.155,15.5,0,False
J0087,C0294,0.0,0.0,0.9,0.0,0.5,0.0,0.0,False,0.16,16.0,0,False
J0087,C0465,0.0,0.0,0.0,0.0,1.0,0.0,0.0,False,0.05,5.0,0,False
J0087,C0022,0.0,0.0,0.0,0.0,1.0,0.0,0.0,True,0.05,5.0,0,False
J0087,C0249,0.0,0.0,1.0,0.0,0.0,0.0,0.0,False,0.15,15.0,0,False
J0087,C0263,0.0,0.0,0.9,0.0,1.0,0.0,0.0,False,0.185,18.5,0,False
J0088,C0570,0.5,1.0,1.0,0.25,1.0,0.62,0.965,True,0.687,68.7,1,False
J0088,C0127,0.25,0.5,1.0,0.25,1.0,0.19,0.99,True,0.444,44.4,1,False
J0088,C0056,0.0,0.0,1.0,0.0,1.0,0.0,0.0,True,0.2,20.0,0,False
J0088,C0124,0.5,1.0,1.0,0.0,1.0,0.0,0.79,True,0.6,60.0,2,True
J0088,C0411,0.75,0.5,1.0,0.0,1.0,0.0,0.72,True,0.6,60.0,1,False
J0088,C0303,0.75,0.667,1.0,0.0,1.0,0.0,0.593,True,0.633,63.3,3,True
J0088,C0113,0.75,1.0,1.0,0.25,1.0,0.0,0.79,True,0.725,72.5,2,True
J0088,C0504,1.0,0.625,1.0,0.25,1.0,0.0,0.833,True,0.75,75.0,3,True
J0088,C0108,0.75,0.5,1.0,0.25,1.0,0.0,0.843,True,0.625,62.5,2,True
J0088,C0577,0.75,0.833,1.0,0.25,1.0,0.43,0.943,True,0.735,73.5,3,True
J0088,C0177,0.5,0.5,1.0,0.5,1.0,0.14,0.98,True,0.564,56.4,1,False
J0088,C0097,0.75,0.833,1.0,0.0,1.0,0.0,0.8,True,0.667,66.7,3,True
J0088,C0398,1.0,0.875,1.0,0.5,1.0,0.0,0.89,True,0.825,82.5,3,True
J0088,C0101,0.75,1.0,1.0,0.0,1.0,0.0,0.74,True,0.7,70.0,2,True
J0088,C0272,0.0,0.0,1.0,0.0,1.0,0.0,0.0,False,0.2,20.0,0,False
J0088,C0367,0.0,0.0,1.0,0.0,1.0,0.0,0.0,False,0.2,20.0,0,False
J0088,C0521,0.0,0.0,1.0,0.0,1.0,0.0,0.0,False,0.2,20.0,0,False
J0088,C0406,0.5,0.5,1.0,0.5,1.0,0.215,0.99,True,0.572,57.2,2,True
J0088,C0495,0.0,0.0,1.0,0.0,1.0,0.0,0.0,False,0.2,20.0,0,False
J0088,C0221,0.0,0.0,1.0,0.0,1.0,0.0,0.0,False,0.2,20.0,0,False
J0088,C0587,0.25,1.0,1.0,0.0,1.0,0.0,0.8,False,0.5,50.0,1,False
J0088,C0129,0.0,0.0,1.0,0.0,1.0,0.0,0.0,False,0.2,20.0,0,False
J0088,C0100,0.0,0.0,1.0,0.0,1.0,0.0,0.0,False,0.2,20.0,0,False
J0088,C0110,0.0,0.0,1.0,0.0,1.0,0.0,0.0,False,0.2,20.0,0,False
J0088,C0144,0.25,0.5,1.0,0.0,1.0,0.0,0.6,False,0.4,40.0,1,False
J0089,C0091,0.5,0.417,0.0,0.25,0.5,0.28,0.945,True,0.361,36.1,0,False
J0089,C0433,1.0,1.0,1.0,0.5,1.0,0.94,0.895,True,0.944,94.4,3,True
J0089,C0344,0.25,0.333,1.0,0.0,1.0,0.0,0.78,True,0.367,36.7,0,False
J0089,C0037,1.0,0.792,0.6,0.5,1.0,0.75,0.915,True,0.823,82.3,3,True
J0089,C0409,1.0,0.917,1.0,0.0,1.0,0.0,0.695,True,0.783,78.3,2,True
J0089,C0371,0.75,0.444,0.0,0.5,1.0,0.0,0.907,True,0.489,48.9,1,False
J0089,C0158,0.75,0.889,0.9,0.0,1.0,0.42,0.833,True,0.705,70.5,1,False
J0089,C0021,0.25,0.667,0.0,0.25,1.0,0.5,0.99,True,0.358,35.8,0,False
J0089,C0032,0.5,0.833,1.0,0.25,1.0,0.0,0.795,True,0.592,59.2,1,False
J0089,C0565,1.0,0.625,1.0,0.25,1.0,0.0,0.838,True,0.75,75.0,2,True
J0089,C0004,1.0,0.792,0.75,0.0,1.0,0.0,0.755,True,0.721,72.1,2,True
J0089,C0111,1.0,0.583,0.0,0.5,1.0,0.457,0.91,True,0.662,66.2,2,True
J0089,C0527,0.5,0.667,0.6,0.0,1.0,0.0,0.69,True,0.473,47.3,1,False
J0089,C0551,1.0,1.0,1.0,0.0,1.0,0.0,0.8,True,0.8,80.0,3,True
J0089,C0113,0.0,0.0,0.75,0.0,1.0,0.0,0.0,False,0.162,16.2,0,False
J0089,C0552,0.0,0.0,0.65,0.0,1.0,0.0,0.0,False,0.148,14.8,0,False
J0089,C0141,0.0,0.0,1.0,0.0,1.0,0.0,0.0,False,0.2,20.0,0,False
J0089,C0137,0.25,0.5,0.0,0.25,1.0,0.0,0.99,False,0.275,27.5,0,False
J0089,C0015,0.25,0.5,0.0,0.25,0.5,0.38,0.99,False,0.288,28.8,0,False
J0089,C0595,0.0,0.0,0.0,0.0,0.5,0.0,0.0,False,0.025,2.5,0,False
J0089,C0312,0.0,0.0,0.0,0.0,1.0,0.0,0.0,False,0.05,5.0,0,False
J0089,C0271,0.0,0.0,0.0,0.0,0.0,0.0,0.0,False,0.0,0.0,0,False
J0089,C0391,0.0,0.0,0.5,0.0,1.0,0.0,0.0,False,0.125,12.5,0,False
J0089,C0504,0.25,0.5,0.0,0.0,1.0,0.0,0.78,False,0.25,25.0,0,False
J0089,C0353,0.0,0.0,0.35,0.0,0.5,0.0,0.0,False,0.078,7.8,0,False
J0090,C0012,0.333,1.0,1.0,0.333,1.0,0.0,0.99,True,0.567,56.7,1,False
J0090,C0583,0.333,1.0,0.0,0.0,1.0,0.0,0.6,True,0.383,38.3,0,False
J0090,C0250,1.0,0.556,0.6,0.333,1.0,0.205,0.91,True,0.705,70.5,2,True
J0090,C0165,1.0,0.889,0.0,0.0,1.0,0.95,0.767,True,0.723,72.3,3,True
J0090,C0008,0.333,1.0,1.0,0.333,1.0,0.0,0.99,True,0.567,56.7,1,False
J0090,C0510,0.333,1.0,0.65,0.0,1.0,0.0,0.78,True,0.481,48.1,1,False
J0090,C0455,0.667,0.667,0.0,0.0,1.0,0.0,0.69,True,0.45,45.0,1,False
J0090,C0518,0.667,0.333,0.0,0.333,1.0,0.32,0.795,True,0.449,44.9,1,False
J0090,C0143,0.0,0.0,0.0,0.0,1.0,0.0,0.0,True,0.05,5.0,0,False
J0090,C0181,0.333,0.333,1.0,0.0,1.0,0.0,0.6,True,0.4,40.0,0,False
J0090,C0507,0.333,1.0,0.0,0.0,1.0,0.0,0.76,True,0.383,38.3,0,False
J0090,C0025,0.333,0.667,1.0,0.333,1.0,0.0,0.97,True,0.5,50.0,1,False
J0090,C0360,0.333,0.333,0.0,0.0,1.0,0.0,0.78,True,0.25,25.0,0,False
J0090,C0071,0.667,0.667,0.85,0.0,1.0,0.0,0.6,True,0.578,57.8,1,False
J0090,C0129,0.333,1.0,1.0,0.0,1.0,0.97,0.92,False,0.63,63.0,1,False
J0090,C0259,0.667,0.667,1.0,0.0,1.0,0.21,0.66,True,0.621,62.1,1,False
J0090,C0505,0.0,0.0,0.0,0.0,1.0,0.0,0.0,False,0.05,5.0,0,False
J0090,C0112,0.333,0.333,0.0,0.0,1.0,0.0,0.76,False,0.25,25.0,0,False
J0090,C0287,0.667,0.667,0.0,0.667,0.5,0.0,0.99,True,0.492,49.2,1,False
J0090,C0084,0.667,1.0,1.0,0.0,1.0,0.0,0.71,True,0.667,66.7,2,True
J0090,C0080,0.667,1.0,0.75,0.0,1.0,0.0,0.7,True,0.629,62.9,1,False
J0090,C0411,0.0,0.0,0.0,0.0,1.0,0.0,0.0,False,0.05,5.0,0,False
J0090,C0210,1.0,0.667,0.0,0.0,1.0,0.0,0.593,True,0.583,58.3,1,False
J0090,C0438,0.0,0.0,0.0,0.0,1.0,0.0,0.0,False,0.05,5.0,0,False
J0091,C0494,0.25,1.0,1.0,0.0,1.0,0.0,0.78,True,0.5,50.0,1,False
J0091,C0253,0.25,1.0,1.0,0.0,1.0,0.0,0.6,True,0.5,50.0,1,False
J0091,C0265,0.0,0.0,1.0,0.0,1.0,0.0,0.0,True,0.2,20.0,0,False
J0091,C0068,0.75,1.0,1.0,0.5,1.0,0.675,0.973,True,0.818,81.8,2,True
J0091,C0288,0.75,0.833,1.0,0.5,1.0,0.0,0.927,True,0.717,71.7,3,True
J0091,C0354,0.75,0.833,1.0,0.0,1.0,0.14,0.813,True,0.681,68.1,2,True
J0091,C0301,1.0,0.75,1.0,0.0,1.0,0.0,0.76,True,0.75,75.0,3,True
J0091,C0110,0.25,0.5,1.0,0.25,1.0,0.18,0.99,True,0.443,44.3,0,False
J0091,C0563,0.75,1.0,1.0,0.0,1.0,0.0,0.793,True,0.7,70.0,2,True
J0091,C0513,0.75,0.833,1.0,0.0,1.0,0.0,0.66,True,0.667,66.7,3,True
J0091,C0138,1.0,1.0,1.0,0.0,1.0,0.865,0.865,True,0.887,88.7,3,True
J0091,C0119,0.75,1.0,1.0,0.0,1.0,0.5,0.853,True,0.75,75.0,2,True
J0091,C0333,0.25,1.0,1.0,0.25,1.0,0.57,0.99,True,0.582,58.2,1,False
J0091,C0466,0.5,0.75,1.0,0.0,0.5,0.0,0.68,True,0.525,52.5,1,False
J0091,C0390,0.0,0.0,1.0,0.0,1.0,0.0,0.0,False,0.2,20.0,0,False
J0091,C0585,0.0,0.0,1.0,0.0,1.0,0.0,0.0,False,0.2,20.0,0,False
J0091,C0388,0.25,1.0,1.0,0.0,1.0,0.0,0.82,False,0.5,50.0,1,False
J0091,C0598,0.0,0.0,1.0,0.0,1.0,0.0,0.0,False,0.2,20.0,0,False
J0091,C0216,0.0,0.0,1.0,0.0,1.0,0.0,0.0,False,0.2,20.0,0,False
J0091,C0083,0.0,0.0,1.0,0.0,1.0,0.0,0.0,False,0.2,20.0,0,False
J0091,C0116,0.0,0.0,1.0,0.0,1.0,0.0,0.0,False,0.2,20.0,0,False
J0091,C0031,0.75,0.833,1.0,0.25,1.0,0.0,0.863,True,0.692,69.2,2,True
J0091,C0569,0.0,0.0,1.0,0.0,1.0,0.0,0.0,False,0.2,20.0,0,False
J0091,C0558,0.0,0.0,1.0,0.0,1.0,0.0,0.0,False,0.2,20.0,0,False
J0091,C0201,0.25,1.0,1.0,0.25,1.0,0.87,0.99,True,0.612,61.2,1,False
J0092,C0553,0.667,0.75,1.0,0.0,1.0,0.0,0.78,True,0.617,61.7,2,True
J0092,C0516,1.0,0.833,1.0,0.333,1.0,0.0,0.79,True,0.8,80.0,2,True
J0092,C0443,1.0,0.833,1.0,0.333,1.0,0.38,0.863,True,0.838,83.8,3,True
J0092,C0371,0.333,1.0,1.0,0.0,1.0,0.0,0.78,True,0.533,53.3,1,False
J0092,C0170,1.0,0.833,1.0,0.333,1.0,0.0,0.863,True,0.8,80.0,3,True
J0092,C0433,1.0,1.0,1.0,0.333,1.0,0.94,0.797,True,0.927,92.7,3,True
J0092,C0281,0.667,1.0,1.0,0.0,1.0,0.0,0.81,True,0.667,66.7,2,True
J0092,C0118,0.667,1.0,1.0,0.0,1.0,0.47,0.87,True,0.714,71.4,3,True
J0092,C0565,1.0,1.0,1.0,0.333,1.0,0.0,0.857,True,0.833,83.3,3,True
J0092,C0178,0.667,1.0,1.0,0.0,1.0,0.0,0.69,True,0.667,66.7,2,True
J0092,C0347,1.0,0.833,1.0,0.0,1.0,0.0,0.66,True,0.767,76.7,2,True
J0092,C0373,0.667,1.0,1.0,0.333,1.0,0.0,0.905,True,0.7,70.0,3,True
J0092,C0241,0.667,1.0,1.0,0.0,1.0,0.44,0.76,True,0.711,71.1,2,True
J0092,C0075,1.0,1.0,1.0,0.0,1.0,0.0,0.66,True,0.8,80.0,3,True
J0092,C0195,0.0,0.0,1.0,0.0,0.0,0.0,0.0,False,0.15,15.0,0,False
J0092,C0047,0.0,0.0,1.0,0.0,1.0,0.0,0.0,False,0.2,20.0,0,False
J0092,C0277,0.0,0.0,1.0,0.0,1.0,0.0,0.0,False,0.2,20.0,0,False
J0092,C0367,0.667,1.0,1.0,0.333,1.0,0.63,0.945,True,0.763,76.3,3,True
J0092,C0001,0.0,0.0,1.0,0.0,1.0,0.0,0.0,False,0.2,20.0,0,False
J0092,C0268,0.0,0.0,1.0,0.0,0.5,0.0,0.0,False,0.175,17.5,0,False
J0092,C0466,0.0,0.0,1.0,0.0,0.5,0.0,0.0,False,0.175,17.5,0,False
J0092,C0260,0.0,0.0,1.0,0.0,1.0,0.0,0.0,False,0.2,20.0,0,False
J0092,C0282,0.0,0.0,1.0,0.0,0.5,0.0,0.0,False,0.175,17.5,0,False
J0092,C0141,0.0,0.0,1.0,0.0,1.0,0.0,0.0,False,0.2,20.0,0,False
J0092,C0272,0.333,1.0,1.0,0.0,1.0,0.31,0.9,False,0.564,56.4,1,False
J0093,C0228,0.0,0.0,1.0,0.0,1.0,0.0,0.0,True,0.2,20.0,0,False
J0093,C0340,0.667,1.0,1.0,0.0,1.0,0.0,0.78,True,0.667,66.7,1,False
J0093,C0247,0.667,0.75,1.0,0.0,1.0,0.0,0.8,True,0.617,61.7,1,False
J0093,C0319,0.667,1.0,1.0,0.333,1.0,0.0,0.795,True,0.7,70.0,2,True
J0093,C0561,1.0,1.0,1.0,0.0,0.5,0.0,0.533,True,0.775,77.5,3,True
J0093,C0391,0.667,0.75,1.0,0.0,1.0,0.15,0.87,True,0.632,63.2,2,True
J0093,C0001,1.0,1.0,1.0,0.333,1.0,0.0,0.79,True,0.833,83.3,3,True
J0093,C0491,0.667,0.75,1.0,0.333,1.0,0.0,0.875,True,0.65,65.0,2,True
J0093,C0335,0.667,0.5,1.0,0.0,1.0,0.0,0.6,True,0.567,56.7,1,False
J0093,C0145,0.333,1.0,1.0,0.0,1.0,0.0,0.8,True,0.533,53.3,1,False
J0093,C0589,0.667,1.0,1.0,0.0,0.5,0.56,0.84,True,0.698,69.8,2,True
J0093,C0316,1.0,0.833,1.0,0.333,1.0,0.0,0.783,True,0.8,80.0,3,True
J0093,C0277,1.0,0.667,1.0,0.0,1.0,0.44,0.867,True,0.777,77.7,3,True
J0093,C0428,0.333,0.5,1.0,0.0,1.0,0.0,0.6,True,0.433,43.3,1,False
J0093,C0058,0.0,0.0,1.0,0.0,1.0,0.0,0.0,False,0.2,20.0,0,False
J0093,C0443,0.333,1.0,1.0,0.333,1.0,0.0,0.99,False,0.567,56.7,1,False
J0093,C0108,0.333,1.0,1.0,0.333,1.0,0.0,0.97,False,0.567,56.7,2,True
J0093,C0539,0.0,0.0,1.0,0.0,0.5,0.0,0.0,False,0.175,17.5,0,False
J0093,C0210,0.333,1.0,1.0,0.0,1.0,0.0,0.78,False,0.533,53.3,1,False
J0093,C0341,0.0,0.0,1.0,0.0,1.0,0.0,0.0,False,0.2,20.0,0,False
J0093,C0355,0.333,1.0,1.0,0.0,1.0,0.0,0.78,False,0.533,53.3,1,False
J0093,C0266,0.333,1.0,1.0,0.0,1.0,0.0,0.6,False,0.533,53.3,1,False
J0093,C0447,0.333,1.0,1.0,0.0,1.0,0.0,0.8,False,0.533,53.3,1,False
J0093,C0594,0.0,0.0,1.0,0.0,0.5,0.0,0.0,False,0.175,17.5,0,False
J0093,C0267,0.0,0.0,1.0,0.0,1.0,0.0,0.0,False,0.2,20.0,0,False
J0094,C0175,0.667,0.5,0.0,0.333,1.0,0.0,0.885,True,0.45,45.0,0,False
J0094,C0302,1.0,0.444,0.0,0.0,1.0,0.0,0.66,True,0.539,53.9,1,False
J0094,C0575,0.333,0.667,1.0,0.333,1.0,0.5,0.99,True,0.55,55.0,1,False
J0094,C0036,0.333,1.0,0.0,0.0,1.0,0.0,0.6,True,0.383,38.3,0,False
J0094,C0007,0.0,0.0,0.0,0.0,1.0,0.0,0.0,True,0.05,5.0,0,False
J0094,C0321,0.333,0.5,0.0,0.0,1.0,0.0,0.6,True,0.283,28.3,0,False
J0094,C0532,1.0,1.0,1.0,0.0,1.0,0.0,0.733,True,0.8,80.0,3,True
J0094,C0403,0.667,0.5,0.0,0.667,1.0,0.0,0.99,True,0.483,48.3,0,False
J0094,C0388,1.0,0.889,0.72,0.333,1.0,0.0,0.877,True,0.769,76.9,3,True
J0094,C0458,0.333,0.667,0.0,0.333,1.0,0.0,0.97,True,0.35,35.0,0,False
J0094,C0410,0.333,0.333,0.52,0.0,0.5,0.0,0.8,True,0.303,30.3,0,False
J0094,C0495,0.667,1.0,0.5,0.333,1.0,0.72,0.955,True,0.697,69.7,2,True
J0094,C0096,0.667,0.833,0.44,0.333,1.0,0.5,0.945,True,0.633,63.3,1,False
J0094,C0155,0.333,1.0,0.34,0.0,1.0,0.92,0.94,True,0.526,52.6,1,False
J0094,C0368,0.0,0.0,0.0,0.0,0.0,0.0,0.0,False,0.0,0.0,0,False
J0094,C0344,0.0,0.0,0.72,0.0,1.0,0.0,0.0,False,0.158,15.8,0,False
J0094,C0329,0.0,0.0,0.0,0.0,1.0,0.0,0.0,False,0.05,5.0,0,False
J0094,C0122,0.0,0.0,0.0,0.0,1.0,0.0,0.0,False,0.05,5.0,0,False
J0094,C0053,0.333,0.5,0.64,0.333,1.0,0.0,0.99,False,0.413,41.3,0,False
J0094,C0465,0.333,0.5,0.0,0.0,1.0,0.12,0.92,False,0.295,29.5,0,False
J0094,C0170,0.333,0.5,0.24,0.0,1.0,0.0,0.82,False,0.319,31.9,0,False
J0094,C0337,0.333,1.0,0.0,0.0,1.0,0.59,0.9,False,0.442,44.2,0,False
J0094,C0261,0.0,0.0,0.42,0.0,1.0,0.0,0.0,False,0.113,11.3,0,False
J0094,C0381,0.0,0.0,0.0,0.0,1.0,0.0,0.0,False,0.05,5.0,0,False
J0094,C0466,0.333,0.667,0.0,0.0,0.5,0.0,0.78,False,0.292,29.2,0,False
J0095,C0002,1.0,0.389,1.0,0.333,1.0,0.0,0.857,True,0.711,71.1,2,True
J0095,C0150,1.0,0.611,0.0,0.0,0.5,0.66,0.7,True,0.613,61.3,1,False
J0095,C0430,1.0,0.5,0.0,0.667,1.0,0.0,0.847,True,0.617,61.7,2,True
J0095,C0588,1.0,0.389,0.0,0.333,1.0,0.0,0.723,True,0.561,56.1,2,True
J0095,C0523,1.0,0.778,1.0,0.333,1.0,0.94,0.83,True,0.883,88.3,3,True
J0095,C0555,1.0,0.778,1.0,0.667,1.0,0.48,0.967,True,0.87,87.0,3,True
J0095,C0171,0.667,0.333,0.0,0.0,1.0,0.0,0.6,True,0.383,38.3,0,False
J0095,C0582,1.0,0.667,1.0,0.0,1.0,0.0,0.733,True,0.733,73.3,2,True
J0095,C0542,1.0,0.5,0.0,0.333,1.0,0.15,0.837,True,0.598,59.8,1,False
J0095,C0120,0.667,0.667,0.0,0.333,1.0,0.3,0.795,True,0.513,51.3,1,False
J0095,C0105,0.333,0.333,0.0,0.0,0.5,0.0,0.78,True,0.225,22.5,0,False
J0095,C0255,0.667,0.333,0.0,0.333,1.0,0.0,0.785,True,0.417,41.7,0,False
J0095,C0400,0.333,1.0,1.0,0.333,1.0,0.0,0.97,True,0.567,56.7,1,False
J0095,C0325,0.333,0.667,1.0,0.333,1.0,0.6,0.99,True,0.56,56.0,1,False
J0095,C0133,0.0,0.0,0.0,0.0,1.0,0.0,0.0,False,0.05,5.0,0,False
J0095,C0163,0.0,0.0,0.8,0.0,0.5,0.0,0.0,False,0.145,14.5,0,False
J0095,C0531,0.0,0.0,1.0,0.0,0.0,0.0,0.0,False,0.15,15.0,0,False
J0095,C0534,0.0,0.0,1.0,0.0,1.0,0.0,0.0,False,0.2,20.0,0,False
J0095,C0584,0.0,0.0,0.6,0.0,1.0,0.0,0.0,False,0.14,14.0,0,False
J0095,C0192,0.0,0.0,1.0,0.0,1.0,0.0,0.0,False,0.2,20.0,0,False
J0095,C0288,0.333,0.333,0.9,0.0,1.0,0.0,0.4,False,0.385,38.5,0,False
J0095,C0179,0.333,0.333,1.0,0.0,1.0,0.0,0.4,True,0.4,40.0,0,False
J0095,C0571,0.333,0.333,1.0,0.0,1.0,0.3,0.9,True,0.43,43.0,1,False
J0095,C0016,0.333,0.333,0.0,0.0,1.0,0.38,0.9,False,0.288,28.8,0,False
J0095,C0203,0.0,0.0,0.0,0.0,1.0,0.0,0.0,False,0.05,5.0,0,False
J0096,C0119,1.0,0.792,0.45,0.0,1.0,0.5,0.84,True,0.726,72.6,3,True
J0096,C0480,0.75,0.833,0.75,0.5,1.0,0.76,0.967,True,0.755,75.5,2,True
J0096,C0068,0.75,1.0,1.0,0.25,1.0,0.775,0.943,True,0.803,80.3,3,True
J0096,C0494,0.25,1.0,1.0,0.0,1.0,0.9,0.9,True,0.59,59.0,1,False
J0096,C0357,0.75,0.722,0.625,0.5,1.0,0.89,0.967,True,0.727,72.7,2,True
J0096,C0251,0.5,0.417,0.0,0.5,1.0,0.0,0.98,True,0.383,38.3,0,False
J0096,C0301,0.75,0.444,0.3,0.0,1.0,0.0,0.74,True,0.484,48.4,0,False
J0096,C0138,0.75,1.0,1.0,0.0,1.0,0.865,0.887,True,0.787,78.6,3,True
J0096,C0324,1.0,0.458,0.3,0.5,0.5,0.0,0.89,True,0.612,61.2,2,True
J0096,C0278,0.0,0.0,1.0,0.0,1.0,0.0,0.0,True,0.2,20.0,0,False
J0096,C0436,0.75,0.611,0.65,0.0,0.5,0.0,0.733,True,0.545,54.5,1,False
J0096,C0163,0.5,0.417,0.2,0.0,0.5,0.26,0.86,True,0.364,36.4,0,False
J0096,C0299,0.5,0.583,0.0,0.25,1.0,0.39,0.955,True,0.431,43.1,0,False
J0096,C0254,0.5,0.417,0.0,0.0,1.0,0.0,0.6,True,0.333,33.3,0,False
J0096,C0583,0.25,0.5,0.0,0.0,1.0,0.0,0.6,False,0.25,25.0,0,False
J0096,C0223,0.25,0.5,0.0,0.0,0.5,0.0,0.78,False,0.225,22.5,0,False
J0096,C0527,0.0,0.0,0.3,0.0,1.0,0.0,0.0,False,0.095,9.5,0,False
J0096,C0459,0.25,1.0,1.0,0.0,1.0,0.0,0.6,False,0.5,50.0,0,False
J0096,C0524,0.0,0.0,1.0,0.0,1.0,0.0,0.0,False,0.2,20.0,0,False
J0096,C0548,0.25,1.0,0.525,0.0,1.0,0.0,0.82,False,0.429,42.9,0,False
J0096,C0535,0.0,0.0,0.425,0.0,1.0,0.0,0.0,False,0.114,11.4,0,False
J0096,C0328,0.25,0.5,0.0,0.0,0.5,0.19,0.9,False,0.244,24.4,0,False
J0096,C0574,0.0,0.0,0.0,0.0,1.0,0.0,0.0,False,0.05,5.0,0,False
J0096,C0557,0.0,0.0,0.5,0.0,1.0,0.0,0.0,False,0.125,12.5,0,False
J0096,C0141,0.0,0.0,1.0,0.0,1.0,0.0,0.0,False,0.2,20.0,0,False
J0097,C0599,1.0,0.708,0.0,0.0,0.5,0.0,0.645,True,0.567,56.7,1,False
J0097,C0188,0.75,0.667,0.467,0.0,1.0,0.65,0.873,True,0.618,61.8,1,False
J0097,C0467,0.75,0.611,0.0,0.0,0.5,0.0,0.72,True,0.447,44.7,0,False
J0097,C0463,1.0,0.75,0.0,0.25,0.5,0.0,0.698,True,0.6,60.0,1,False
J0097,C0306,0.75,0.556,0.0,0.5,0.0,0.22,0.96,True,0.483,48.3,0,False
J0097,C0501,0.75,0.556,0.433,0.5,0.5,0.0,0.927,True,0.551,55.1,1,False
J0097,C0541,0.75,0.889,0.933,0.5,0.5,0.0,0.927,True,0.693,69.3,3,True
J0097,C0121,1.0,0.667,0.433,0.25,0.5,0.0,0.833,True,0.648,64.8,2,True
J0097,C0526,0.25,1.0,0.0,0.0,0.5,0.0,0.6,True,0.325,32.5,0,False
J0097,C0115,0.75,0.889,0.2,0.0,0.0,0.55,0.873,True,0.563,56.3,1,False
J0097,C0351,0.5,0.833,1.0,0.0,0.5,0.0,0.79,True,0.542,54.2,1,False
J0097,C0223,1.0,0.542,0.0,0.0,0.0,0.0,0.78,True,0.508,50.8,1,False
J0097,C0006,0.5,1.0,1.0,0.0,0.5,0.905,0.92,True,0.666,66.6,2,True
J0097,C0383,1.0,0.667,0.0,0.5,0.5,0.38,0.945,True,0.646,64.6,2,True
J0097,C0516,0.5,0.667,0.0,0.25,0.5,0.0,0.885,False,0.383,38.3,0,False
J0097,C0088,0.0,0.0,0.767,0.0,0.5,0.0,0.0,False,0.14,14.0,0,False
J0097,C0319,0.0,0.0,1.0,0.0,0.5,0.0,0.0,False,0.175,17.5,0,False
J0097,C0434,0.25,1.0,1.0,0.0,0.5,0.0,0.8,False,0.475,47.5,1,False
J0097,C0256,0.25,0.667,0.667,0.0,0.5,0.0,0.6,False,0.358,35.8,0,False
J0097,C0356,0.0,0.0,0.0,0.0,0.5,0.0,0.0,False,0.025,2.5,0,False
J0097,C0553,0.5,0.833,0.0,0.0,0.5,0.0,0.69,False,0.392,39.2,0,False
J0097,C0057,0.0,0.0,1.0,0.0,0.0,0.0,0.0,False,0.15,15.0,0,False
J0097,C0561,0.25,1.0,1.0,0.0,0.0,0.0,0.8,False,0.45,45.0,0,False
J0097,C0016,0.0,0.0,0.0,0.0,0.5,0.0,0.0,False,0.025,2.5,0,False
J0097,C0373,0.5,0.833,0.833,0.25,0.5,0.0,0.795,False,0.542,54.2,1,False
J0098,C0502,0.667,0.333,0.0,0.0,1.0,0.0,0.78,True,0.383,38.3,0,False
J0098,C0381,0.333,1.0,0.0,0.0,1.0,0.0,0.6,True,0.383,38.3,0,False
J0098,C0476,0.333,1.0,1.0,0.0,1.0,0.8,0.94,True,0.613,61.3,2,True
J0098,C0069,0.333,0.333,0.0,0.333,1.0,0.0,0.97,True,0.283,28.3,0,False
J0098,C0338,0.667,0.333,0.0,0.333,1.0,0.0,0.785,True,0.417,41.7,0,False
J0098,C0168,1.0,0.722,1.0,0.667,0.5,0.0,0.92,True,0.786,78.6,3,True
J0098,C0196,0.667,0.667,1.0,0.0,1.0,0.0,0.8,True,0.6,60.0,2,True
J0098,C0505,0.333,0.667,0.0,0.0,1.0,0.0,0.78,True,0.317,31.7,0,False
J0098,C0133,1.0,0.389,0.0,0.333,1.0,0.0,0.79,True,0.561,56.1,1,False
J0098,C0453,0.333,0.667,1.0,0.333,1.0,0.0,0.99,True,0.5,50.0,1,False
J0098,C0126,0.0,0.0,0.0,0.0,1.0,0.0,0.0,True,0.05,5.0,0,False
J0098,C0496,0.333,0.333,0.7,0.0,1.0,0.0,0.8,True,0.355,35.5,0,False
J0098,C0432,0.333,0.5,0.0,0.0,1.0,0.0,0.78,True,0.283,28.3,0,False
J0098,C0073,0.333,1.0,1.0,0.0,1.0,0.0,0.82,True,0.533,53.3,0,False
J0098,C0076,1.0,0.667,0.0,0.0,1.0,0.485,0.733,True,0.632,63.2,1,False
J0098,C0541,0.333,0.667,1.0,0.333,1.0,0.0,0.97,False,0.5,50.0,1,False
J0098,C0398,0.0,0.0,1.0,0.0,1.0,0.0,0.0,False,0.2,20.0,0,False
J0098,C0176,0.0,0.0,1.0,0.0,1.0,0.0,0.0,True,0.2,20.0,0,False
J0098,C0275,0.0,0.0,0.0,0.0,1.0,0.0,0.0,False,0.05,5.0,0,False
J0098,C0214,0.0,0.0,0.9,0.0,1.0,0.0,0.0,False,0.185,18.5,0,False
J0098,C0545,0.0,0.0,1.0,0.0,1.0,0.0,0.0,False,0.2,20.0,0,False
J0098,C0023,0.0,0.0,1.0,0.0,1.0,0.0,0.0,False,0.2,20.0,0,False
J0098,C0098,0.0,0.0,0.0,0.0,0.5,0.0,0.0,False,0.025,2.5,0,False
J0098,C0096,0.0,0.0,1.0,0.0,1.0,0.0,0.0,False,0.2,20.0,0,False
J0098,C0518,0.0,0.0,0.0,0.0,1.0,0.0,0.0,False,0.05,5.0,0,False
J0099,C0032,0.5,1.0,1.0,0.0,1.0,0.0,0.7,True,0.6,60.0,1,False
J0099,C0565,0.5,0.833,0.9,0.0,1.0,0.0,0.79,True,0.552,55.2,1,False
J0099,C0551,1.0,1.0,1.0,0.25,1.0,0.0,0.847,True,0.825,82.5,3,True
J0099,C0170,1.0,0.542,0.3,0.25,1.0,0.0,0.802,True,0.628,62.8,1,False
J0099,C0409,0.75,0.778,0.725,0.0,1.0,0.0,0.733,True,0.614,61.4,2,True
J0099,C0527,0.5,0.75,0.3,0.0,1.0,0.0,0.5,True,0.445,44.5,1,False
J0099,C0344,0.5,0.75,0.9,0.0,1.0,0.0,0.79,True,0.535,53.5,1,False
J0099,C0281,0.75,0.778,0.65,0.0,1.0,0.0,0.8,True,0.603,60.3,2,True
J0099,C0028,1.0,0.667,0.0,0.25,1.0,0.61,0.788,True,0.669,66.9,3,True
J0099,C0178,0.5,0.583,0.0,0.25,1.0,0.13,0.945,True,0.405,40.5,0,False
J0099,C0516,0.75,0.667,0.0,0.0,1.0,0.69,0.827,True,0.552,55.2,1,False
J0099,C0342,1.0,0.833,0.75,0.5,1.0,0.0,0.885,True,0.779,77.9,3,True
J0099,C0434,0.5,0.667,0.975,0.0,1.0,0.0,0.69,True,0.53,53.0,1,False
J0099,C0585,0.75,0.889,0.5,0.25,1.0,0.0,0.87,True,0.628,62.8,1,False
J0099,C0345,0.0,0.0,1.0,0.0,1.0,0.0,0.0,False,0.2,20.0,0,False
J0099,C0350,0.0,0.0,1.0,0.0,1.0,0.0,0.0,False,0.2,20.0,0,False
J0099,C0509,0.0,0.0,0.65,0.0,1.0,0.0,0.0,False,0.148,14.8,0,False
J0099,C0348,0.25,0.667,0.625,0.0,1.0,0.0,0.6,False,0.377,37.7,0,False
J0099,C0101,0.0,0.0,1.0,0.0,1.0,0.0,0.0,False,0.2,20.0,0,False
J0099,C0568,0.0,0.0,0.875,0.0,1.0,0.0,0.0,False,0.181,18.1,0,False
J0099,C0266,0.0,0.0,1.0,0.0,1.0,0.0,0.0,False,0.2,20.0,0,False
J0099,C0136,0.5,0.583,0.0,0.25,1.0,0.0,0.875,False,0.392,39.2,0,False
J0099,C0206,0.0,0.0,0.0,0.0,1.0,0.0,0.0,False,0.05,5.0,0,False
J0099,C0539,0.0,0.0,0.0,0.0,0.5,0.0,0.0,False,0.025,2.5,0,False
J0099,C0088,0.0,0.0,0.575,0.0,1.0,0.0,0.0,False,0.136,13.6,0,False
J0100,C0192,0.75,0.889,0.85,0.0,0.5,0.71,0.773,True,0.701,70.1,3,True
J0100,C0389,0.5,0.5,0.0,0.0,0.5,0.0,0.68,True,0.325,32.5,0,False
J0100,C0009,0.75,1.0,0.575,0.0,0.0,0.0,0.793,True,0.586,58.6,1,False
J0100,C0007,0.25,0.5,0.0,0.25,0.5,0.0,0.95,True,0.25,25.0,0,False
J0100,C0244,1.0,0.417,0.0,0.0,0.5,0.13,0.675,True,0.521,52.1,1,False
J0100,C0562,0.5,0.75,0.725,0.5,0.5,0.14,0.99,True,0.548,54.8,1,False
J0100,C0262,0.5,0.833,0.55,0.0,0.5,0.56,0.92,True,0.53,53.0,1,False
J0100,C0155,0.5,0.75,0.425,0.0,0.5,0.645,0.93,True,0.503,50.3,1,False
J0100,C0492,0.5,0.833,0.425,0.0,0.5,0.0,0.69,True,0.455,45.5,0,False
J0100,C0458,0.5,0.667,0.0,0.25,0.5,0.0,0.875,True,0.383,38.3,1,False
J0100,C0067,0.75,0.389,0.0,0.0,0.5,0.37,0.82,True,0.44,44.0,1,False
J0100,C0521,0.5,1.0,1.0,0.0,0.5,0.87,0.66,True,0.662,66.2,2,True
J0100,C0229,1.0,0.583,0.0,0.25,0.5,0.44,0.743,True,0.611,61.1,2,True
J0100,C0363,0.5,0.833,0.375,0.25,0.5,0.0,0.795,True,0.473,47.3,0,False
J0100,C0113,0.0,0.0,0.375,0.0,0.5,0.0,0.0,False,0.081,8.1,0,False
J0100,C0447,0.0,0.0,0.825,0.0,0.5,0.0,0.0,False,0.149,14.9,0,False
J0100,C0005,0.0,0.0,0.0,0.0,0.5,0.0,0.0,False,0.025,2.5,0,False
J0100,C0132,0.0,0.0,0.0,0.0,0.0,0.0,0.0,False,0.0,0.0,0,False
J0100,C0154,0.0,0.0,1.0,0.0,0.5,0.0,0.0,False,0.175,17.5,0,False
J0100,C0213,0.25,0.5,1.0,0.0,0.5,0.22,0.94,False,0.397,39.7,0,False
J0100,C0489,0.25,0.5,0.2,0.0,1.0,0.0,0.8,False,0.28,28.0,0,False
J0100,C0505,0.0,0.0,0.0,0.0,0.5,0.0,0.0,False,0.025,2.5,0,False
J0100,C0597,0.0,0.0,0.0,0.0,1.0,0.0,0.0,False,0.05,5.0,0,False
J0100,C0596,0.0,0.0,0.425,0.0,0.5,0.0,0.0,False,0.089,8.9,0,False
J0100,C0271,0.0,0.0,0.0,0.0,0.0,0.0,0.0,False,0.0,0.0,0,False
J0101,C0444,0.5,0.75,1.0,0.0,1.0,0.0,0.6,True,0.55,55.0,1,False
J0101,C0115,0.5,1.0,1.0,0.0,0.5,0.67,0.87,True,0.642,64.2,1,False
J0101,C0445,0.75,0.889,1.0,0.5,1.0,0.573,0.96,True,0.785,78.5,3,True
J0101,C0351,0.5,1.0,1.0,0.0,1.0,0.0,0.79,True,0.6,60.0,1,False
J0101,C0501,1.0,0.792,1.0,0.75,1.0,0.0,0.943,True,0.833,83.3,3,True
J0101,C0599,0.75,1.0,1.0,0.0,1.0,0.0,0.66,True,0.7,70.0,3,True
J0101,C0478,1.0,1.0,1.0,0.25,1.0,0.93,0.772,True,0.918,91.8,3,True
J0101,C0376,1.0,1.0,1.0,0.0,1.0,0.0,0.8,True,0.8,80.0,3,True
J0101,C0231,0.5,1.0,1.0,0.5,1.0,0.0,0.98,True,0.65,65.0,1,False
J0101,C0131,1.0,1.0,1.0,0.5,1.0,0.0,0.885,True,0.85,85.0,3,True
J0101,C0506,0.25,1.0,1.0,0.0,1.0,0.89,0.94,True,0.589,58.9,2,True
J0101,C0121,1.0,0.708,1.0,0.25,1.0,0.0,0.843,True,0.767,76.7,3,True
J0101,C0541,0.5,1.0,1.0,0.5,1.0,0.0,0.98,True,0.65,65.0,2,True
J0101,C0193,1.0,0.708,1.0,0.0,1.0,0.25,0.835,True,0.767,76.7,2,True
J0101,C0588,0.0,0.0,1.0,0.0,1.0,0.0,0.0,False,0.2,20.0,0,False
J0101,C0565,0.25,1.0,1.0,0.0,1.0,0.0,0.78,False,0.5,50.0,0,False
J0101,C0398,0.0,0.0,1.0,0.0,1.0,0.0,0.0,False,0.2,20.0,0,False
J0101,C0474,0.0,0.0,1.0,0.0,1.0,0.0,0.0,False,0.2,20.0,0,False
J0101,C0319,0.0,0.0,1.0,0.0,1.0,0.0,0.0,False,0.2,20.0,0,False
J0101,C0164,0.0,0.0,1.0,0.0,1.0,0.0,0.0,False,0.2,20.0,0,False
J0101,C0145,0.25,1.0,1.0,0.0,1.0,0.0,0.6,False,0.5,50.0,1,False
J0101,C0012,0.25,0.333,1.0,0.0,1.0,0.31,0.94,False,0.398,39.8,0,False
J0101,C0371,0.25,1.0,1.0,0.0,1.0,0.0,0.78,False,0.5,50.0,0,False
J0101,C0518,0.0,0.0,1.0,0.0,1.0,0.0,0.0,False,0.2,20.0,0,False
J0101,C0353,0.0,0.0,1.0,0.0,0.5,0.0,0.0,False,0.175,17.5,0,False
J0102,C0223,1.0,0.583,0.0,0.0,0.5,0.0,0.735,True,0.542,54.2,1,False
J0102,C0537,1.0,1.0,1.0,0.5,1.0,0.0,0.89,True,0.85,85.0,3,True
J0102,C0526,0.5,0.667,0.0,0.0,1.0,0.0,0.69,True,0.383,38.3,1,False
J0102,C0444,0.5,0.667,0.0,0.0,1.0,0.0,0.6,True,0.383,38.3,0,False
J0102,C0501,1.0,0.583,0.325,0.75,1.0,0.0,0.943,True,0.69,69.0,2,True
J0102,C0463,1.0,0.75,0.0,0.25,1.0,0.0,0.743,True,0.625,62.5,2,True
J0102,C0478,1.0,1.0,1.0,0.25,1.0,0.885,0.812,True,0.914,91.4,3,True
J0102,C0115,0.25,0.667,0.15,0.0,0.5,0.67,0.94,True,0.348,34.8,0,False
J0102,C0188,0.75,0.556,0.35,0.0,1.0,0.64,0.833,True,0.578,57.8,2,True
J0102,C0006,1.0,1.0,1.0,0.0,1.0,0.927,0.89,True,0.893,89.3,3,True
J0102,C0379,1.0,0.583,0.325,0.25,1.0,0.0,0.792,True,0.64,64.0,1,False
J0102,C0376,1.0,1.0,1.0,0.0,1.0,0.0,0.7,True,0.8,80.0,3,True
J0102,C0383,0.5,0.333,0.0,0.5,1.0,0.27,0.98,True,0.394,39.4,0,False
J0102,C0541,0.5,0.833,0.7,0.25,1.0,0.0,0.795,True,0.547,54.7,1,False
J0102,C0497,0.0,0.0,0.0,0.0,1.0,0.0,0.0,False,0.05,5.0,0,False
J0102,C0236,0.0,0.0,0.0,0.0,1.0,0.0,0.0,False,0.05,5.0,0,False
J0102,C0156,0.0,0.0,0.0,0.0,1.0,0.0,0.0,False,0.05,5.0,0,False
J0102,C0579,0.25,0.667,0.85,0.0,0.5,0.0,0.6,False,0.386,38.6,0,False
J0102,C0484,0.25,1.0,0.7,0.0,1.0,0.0,0.8,False,0.455,45.5,1,False
J0102,C0171,0.0,0.0,0.0,0.0,1.0,0.0,0.0,False,0.05,5.0,0,False
J0102,C0580,0.0,0.0,0.75,0.0,1.0,0.0,0.0,False,0.162,16.2,0,False
J0102,C0091,0.0,0.0,0.0,0.0,0.5,0.0,0.0,False,0.025,2.5,0,False
J0102,C0307,0.0,0.0,0.0,0.0,0.0,0.0,0.0,False,0.0,0.0,0,False
J0102,C0064,1.0,1.0,1.0,0.5,1.0,0.0,0.89,True,0.85,85.0,3,True
J0102,C0187,0.0,0.0,0.5,0.0,0.5,0.0,0.0,False,0.1,10.0,0,False
J0103,C0204,0.333,0.5,1.0,0.0,1.0,0.14,0.9,True,0.447,44.7,0,False
J0103,C0483,0.667,0.833,1.0,0.333,1.0,0.82,0.895,True,0.749,74.9,3,True
J0103,C0541,0.333,1.0,1.0,0.0,1.0,0.0,0.6,True,0.533,53.3,1,False
J0103,C0083,0.667,0.333,0.0,0.333,1.0,0.12,0.945,True,0.429,42.9,1,False
J0103,C0374,1.0,0.389,0.0,1.0,1.0,0.0,0.983,True,0.628,62.8,2,True
J0103,C0115,0.333,0.667,0.6,0.0,0.5,0.67,0.94,True,0.449,44.9,0,False
J0103,C0599,0.667,0.667,0.0,0.0,1.0,0.44,0.85,True,0.494,49.4,1,False
J0103,C0467,0.667,0.333,0.0,0.0,1.0,0.3,0.76,True,0.413,41.3,0,False
J0103,C0248,0.333,0.333,0.0,0.0,1.0,0.0,0.78,True,0.25,25.0,0,False
J0103,C0445,0.667,0.833,1.0,0.667,1.0,0.475,0.99,True,0.748,74.8,2,True
J0103,C0595,1.0,0.5,0.0,0.0,0.5,0.0,0.533,True,0.525,52.5,2,True
J0103,C0188,0.667,0.667,1.0,0.0,1.0,0.0,0.78,True,0.6,60.0,2,True
J0103,C0223,1.0,0.556,0.0,0.0,0.5,0.0,0.72,True,0.536,53.6,1,False
J0103,C0444,0.667,0.333,0.0,0.0,1.0,0.0,0.6,True,0.383,38.3,0,False
J0103,C0018,0.0,0.0,1.0,0.0,0.0,0.0,0.0,False,0.15,15.0,0,False
J0103,C0406,0.0,0.0,0.0,0.0,1.0,0.0,0.0,False,0.05,5.0,0,False
J0103,C0440,0.0,0.0,1.0,0.0,1.0,0.0,0.0,False,0.2,20.0,0,False
J0103,C0436,0.333,1.0,1.0,0.0,0.5,0.0,0.78,False,0.508,50.8,1,False
J0103,C0325,0.0,0.0,1.0,0.0,1.0,0.0,0.0,False,0.2,20.0,0,False
J0103,C0291,0.0,0.0,1.0,0.0,0.5,0.0,0.0,False,0.175,17.5,0,False
J0103,C0048,0.0,0.0,0.0,0.0,1.0,0.0,0.0,False,0.05,5.0,0,False
J0103,C0495,0.0,0.0,1.0,0.0,1.0,0.0,0.0,False,0.2,20.0,0,False
J0103,C0119,0.0,0.0,1.0,0.0,1.0,0.0,0.0,False,0.2,20.0,0,False
J0103,C0473,0.0,0.0,0.0,0.0,1.0,0.0,0.0,False,0.05,5.0,0,False
J0104,C0576,0.6,0.833,1.0,0.4,1.0,0.56,0.927,True,0.703,70.3,2,True
J0104,C0575,0.2,1.0,1.0,0.0,1.0,0.0,0.82,True,0.48,48.0,1,False
J0104,C0009,0.8,1.0,1.0,0.0,0.5,0.0,0.78,True,0.695,69.5,2,True
J0104,C0219,0.6,1.0,1.0,0.0,1.0,0.0,0.807,True,0.64,64.0,2,True
J0104,C0321,0.6,1.0,1.0,0.2,1.0,0.93,0.823,True,0.753,75.3,3,True
J0104,C0393,0.6,1.0,1.0,0.0,1.0,0.0,0.733,True,0.64,64.0,1,False
J0104,C0036,0.6,0.667,1.0,0.4,1.0,0.59,0.92,True,0.672,67.2,2,True
J0104,C0544,0.6,1.0,1.0,0.2,1.0,0.0,0.797,True,0.66,66.0,3,True
J0104,C0495,0.2,1.0,1.0,0.2,1.0,0.0,0.99,True,0.5,50.0,1,False
J0104,C0125,0.6,0.833,1.0,0.4,1.0,0.0,0.907,True,0.647,64.7,2,True
J0104,C0521,0.4,1.0,1.0,0.0,1.0,0.87,0.85,True,0.647,64.7,2,True
J0104,C0096,0.4,1.0,1.0,0.2,1.0,0.0,0.885,True,0.58,58.0,1,False
J0104,C0290,0.6,0.667,1.0,0.2,1.0,0.287,0.93,True,0.622,62.2,1,False
J0104,C0403,0.6,0.667,1.0,0.6,1.0,0.0,0.977,True,0.633,63.3,2,True
J0104,C0171,0.0,0.0,1.0,0.0,1.0,0.0,0.0,False,0.2,20.0,0,False
J0104,C0240,0.0,0.0,1.0,0.0,1.0,0.0,0.0,False,0.2,20.0,0,False
J0104,C0327,0.8,1.0,1.0,0.0,1.0,0.0,0.75,True,0.72,72.0,2,True
J0104,C0435,0.0,0.0,1.0,0.0,1.0,0.0,0.0,False,0.2,20.0,0,False
J0104,C0422,0.2,1.0,1.0,0.0,1.0,0.0,0.4,False,0.48,48.0,1,False
J0104,C0169,0.2,1.0,1.0,0.0,1.0,0.0,0.8,False,0.48,48.0,1,False
J0104,C0334,0.2,1.0,1.0,0.0,1.0,0.0,0.8,False,0.48,48.0,1,False
J0104,C0472,0.2,1.0,1.0,0.0,0.5,0.0,0.78,False,0.455,45.5,0,False
J0104,C0572,0.2,1.0,1.0,0.0,1.0,0.0,0.78,False,0.48,48.0,1,False
J0104,C0218,0.0,0.0,1.0,0.0,1.0,0.0,0.0,False,0.2,20.0,0,False
J0104,C0190,0.0,0.0,1.0,0.0,1.0,0.0,0.0,False,0.2,20.0,0,False
J0105,C0513,0.8,0.75,0.0,0.0,1.0,0.0,0.6,True,0.52,52.0,1,False
J0105,C0106,1.0,0.7,0.0,0.0,1.0,0.52,0.732,True,0.642,64.2,2,True
J0105,C0520,1.0,0.9,0.9,0.2,1.0,0.0,0.722,True,0.785,78.5,3,True
J0105,C0600,0.4,1.0,1.0,0.2,1.0,0.0,0.885,True,0.58,58.0,2,True
J0105,C0286,0.6,0.667,0.0,0.2,1.0,0.0,0.723,True,0.443,44.3,0,False
J0105,C0385,0.4,0.75,0.4,0.0,1.0,0.4,0.86,True,0.46,46.0,1,False
J0105,C0251,0.8,0.625,0.0,0.4,1.0,0.0,0.84,True,0.535,53.5,1,False
J0105,C0494,0.6,1.0,1.0,0.0,1.0,0.9,0.827,True,0.73,73.0,2,True
J0105,C0278,0.4,1.0,1.0,0.2,1.0,0.0,0.695,True,0.58,58.0,1,False
J0105,C0288,0.6,0.667,0.3,0.0,1.0,0.0,0.8,True,0.468,46.8,1,False
J0105,C0254,0.6,0.833,0.0,0.0,1.0,0.0,0.66,True,0.457,45.7,0,False
J0105,C0480,0.8,0.875,1.0,0.2,1.0,0.44,0.872,True,0.759,75.9,2,True
J0105,C0147,0.4,0.75,0.0,0.2,1.0,0.0,0.865,True,0.38,38.0,1,False
J0105,C0092,0.6,0.667,0.4,0.0,1.0,0.0,0.673,True,0.483,48.3,1,False
J0105,C0101,0.0,0.0,1.0,0.0,1.0,0.0,0.0,False,0.2,20.0,0,False
J0105,C0201,0.6,1.0,1.0,0.2,1.0,0.87,0.73,True,0.747,74.7,2,True
J0105,C0204,0.0,0.0,1.0,0.0,1.0,0.0,0.0,False,0.2,20.0,0,False
J0105,C0176,0.0,0.0,0.867,0.0,1.0,0.0,0.0,False,0.18,18.0,0,False
J0105,C0003,0.0,0.0,0.0,0.0,1.0,0.0,0.0,False,0.05,5.0,0,False
J0105,C0375,0.0,0.0,0.0,0.0,1.0,0.0,0.0,False,0.05,5.0,0,False
J0105,C0502,0.0,0.0,0.0,0.0,1.0,0.0,0.0,False,0.05,5.0,0,False
J0105,C0209,0.0,0.0,0.0,0.0,1.0,0.0,0.0,False,0.05,5.0,0,False
J0105,C0109,0.0,0.0,0.0,0.0,1.0,0.0,0.0,False,0.05,5.0,0,False
J0105,C0591,0.0,0.0,0.0,0.0,1.0,0.0,0.0,False,0.05,5.0,0,False
J0106,C0203,0.6,0.444,0.0,0.2,1.0,0.327,0.93,True,0.432,43.2,1,False
J0106,C0028,1.0,0.533,0.0,0.0,1.0,0.0,0.668,True,0.557,55.7,1,False
J0106,C0158,0.4,1.0,0.36,0.0,1.0,0.0,0.8,True,0.464,46.4,0,False
J0106,C0596,0.6,0.611,0.34,0.4,1.0,0.34,0.853,True,0.537,53.7,1,False
J0106,C0399,0.8,0.917,0.76,0.0,1.0,0.0,0.765,True,0.667,66.7,2,True
J0106,C0091,0.4,0.417,0.0,0.2,0.5,0.28,0.945,True,0.316,31.6,0,False
J0106,C0585,0.6,0.889,0.4,0.2,1.0,0.0,0.857,True,0.548,54.8,1,False
J0106,C0373,0.8,1.0,0.5,0.4,1.0,0.94,0.85,True,0.779,77.9,3,True
J0106,C0517,0.8,0.542,0.0,0.2,0.5,0.0,0.788,True,0.473,47.3,1,False
J0106,C0553,0.8,0.542,0.0,0.0,1.0,0.0,0.735,True,0.478,47.8,1,False
J0106,C0551,1.0,1.0,1.0,0.0,1.0,0.0,0.76,True,0.8,80.0,3,True
J0106,C0041,0.6,0.611,0.0,0.0,1.0,0.215,0.8,True,0.434,43.4,1,False
J0106,C0032,0.4,0.833,1.0,0.2,1.0,0.0,0.795,True,0.547,54.7,1,False
J0106,C0075,0.8,0.75,0.4,0.0,1.0,0.0,0.69,True,0.58,58.0,1,False
J0106,C0439,0.2,0.5,0.0,0.0,1.0,0.0,0.78,False,0.23,23.0,0,False
J0106,C0260,0.0,0.0,0.62,0.0,1.0,0.0,0.0,False,0.143,14.3,0,False
J0106,C0400,0.0,0.0,0.34,0.0,1.0,0.0,0.0,False,0.101,10.1,0,False
J0106,C0044,0.0,0.0,0.0,0.0,0.5,0.0,0.0,False,0.025,2.5,0,False
J0106,C0542,0.0,0.0,0.0,0.0,1.0,0.0,0.0,False,0.05,5.0,0,False
J0106,C0146,0.0,0.0,0.0,0.0,0.5,0.0,0.0,False,0.025,2.5,0,False
J0106,C0143,0.0,0.0,0.0,0.0,1.0,0.0,0.0,False,0.05,5.0,0,False
J0106,C0115,0.2,0.333,0.12,0.0,0.5,0.0,0.8,False,0.19,19.0,0,False
J0106,C0173,0.0,0.0,0.0,0.0,1.0,0.0,0.0,False,0.05,5.0,0,False
J0106,C0456,0.4,0.583,0.0,0.0,1.0,0.0,0.77,False,0.327,32.7,0,False
J0107,C0159,0.25,1.0,1.0,0.0,0.5,0.0,0.82,True,0.475,47.5,1,False
J0107,C0315,0.75,0.833,1.0,0.25,1.0,0.88,0.89,True,0.78,78.0,3,True
J0107,C0297,0.5,0.667,1.0,0.25,1.0,0.0,0.895,True,0.558,55.8,2,True
J0107,C0474,0.75,0.611,1.0,0.5,1.0,0.0,0.853,True,0.672,67.2,2,True
J0107,C0319,0.25,1.0,1.0,0.25,1.0,0.0,0.99,True,0.525,52.5,1,False
J0107,C0277,0.5,0.833,1.0,0.0,1.0,0.64,0.85,True,0.631,63.1,2,True
J0107,C0561,0.75,1.0,1.0,0.0,0.5,0.0,0.813,True,0.675,67.5,2,True
J0107,C0184,0.25,0.5,1.0,0.25,1.0,0.0,0.97,True,0.425,42.5,0,False
J0107,C0428,0.5,0.583,1.0,0.25,1.0,0.0,0.885,True,0.542,54.2,1,False
J0107,C0247,1.0,0.917,1.0,0.5,1.0,0.44,0.895,True,0.877,87.7,3,True
J0107,C0558,0.5,0.5,1.0,0.25,1.0,0.0,0.875,True,0.525,52.5,1,False
J0107,C0335,0.75,0.611,1.0,0.0,1.0,0.36,0.767,True,0.658,65.8,2,True
J0107,C0316,1.0,0.792,1.0,0.25,1.0,0.0,0.838,True,0.783,78.3,3,True
J0107,C0375,0.25,0.333,1.0,0.0,1.0,0.0,0.78,True,0.367,36.7,0,False
J0107,C0244,0.0,0.0,1.0,0.0,1.0,0.0,0.0,False,0.2,20.0,0,False
J0107,C0212,0.0,0.0,1.0,0.0,1.0,0.0,0.0,False,0.2,20.0,0,False
J0107,C0041,0.0,0.0,1.0,0.0,1.0,0.0,0.0,False,0.2,20.0,0,False
J0107,C0168,0.25,1.0,1.0,0.0,0.5,0.0,0.8,False,0.475,47.5,0,False
J0107,C0180,0.25,0.5,1.0,0.0,1.0,0.0,0.78,False,0.4,40.0,0,False
J0107,C0582,0.0,0.0,1.0,0.0,1.0,0.0,0.0,False,0.2,20.0,0,False
J0107,C0195,0.0,0.0,1.0,0.0,0.0,0.0,0.0,False,0.15,15.0,0,False
J0107,C0001,0.5,1.0,1.0,0.0,1.0,0.0,0.71,True,0.6,60.0,2,True
J0107,C0565,0.0,0.0,1.0,0.0,1.0,0.0,0.0,False,0.2,20.0,0,False
J0107,C0554,0.0,0.0,1.0,0.0,1.0,0.0,0.0,False,0.2,20.0,0,False
J0108,C0361,0.667,0.833,0.95,0.667,1.0,0.49,0.98,True,0.742,74.2,3,True
J0108,C0130,0.667,0.75,1.0,0.667,1.0,0.0,0.97,True,0.683,68.3,2,True
J0108,C0485,0.667,0.583,0.0,0.667,1.0,0.24,0.98,True,0.524,52.4,0,False
J0108,C0057,1.0,0.722,1.0,1.0,1.0,0.0,0.977,True,0.844,84.4,3,True
J0108,C0249,0.333,1.0,1.0,0.333,1.0,0.57,0.99,True,0.624,62.4,3,True
J0108,C0013,0.667,0.833,0.95,0.667,1.0,0.61,0.99,True,0.754,75.4,3,True
J0108,C0291,0.667,1.0,1.0,0.667,1.0,0.855,0.99,True,0.819,81.9,3,True
J0108,C0404,0.333,1.0,0.65,0.333,1.0,0.55,0.99,True,0.569,56.9,1,False
J0108,C0442,1.0,0.444,0.0,1.0,1.0,0.37,0.983,True,0.676,67.6,2,True
J0108,C0449,0.333,1.0,0.85,0.0,1.0,0.5,0.9,True,0.561,56.1,1,False
J0108,C0358,0.333,0.5,1.0,0.333,1.0,0.33,0.99,True,0.5,50.0,1,False
J0108,C0104,0.667,1.0,1.0,0.667,1.0,0.41,0.99,True,0.774,77.4,3,True
J0108,C0079,0.0,0.0,0.0,0.0,1.0,0.0,0.0,True,0.05,5.0,0,False
J0108,C0271,0.333,0.5,0.0,0.333,1.0,0.0,0.99,True,0.317,31.7,0,False
J0108,C0298,0.0,0.0,1.0,0.0,1.0,0.0,0.0,False,0.2,20.0,0,False
J0108,C0284,0.0,0.0,0.0,0.0,1.0,0.0,0.0,False,0.05,5.0,0,False
J0108,C0181,0.0,0.0,1.0,0.0,1.0,0.0,0.0,False,0.2,20.0,0,False
J0108,C0020,0.0,0.0,0.0,0.0,1.0,0.0,0.0,False,0.05,5.0,0,False
J0108,C0146,0.333,1.0,0.0,0.333,1.0,0.61,0.99,True,0.478,47.8,1,False
J0108,C0456,0.0,0.0,0.0,0.0,1.0,0.0,0.0,False,0.05,5.0,0,False
J0108,C0536,0.0,0.0,1.0,0.0,1.0,0.0,0.0,False,0.2,20.0,0,False
J0108,C0073,0.0,0.0,1.0,0.0,1.0,0.0,0.0,False,0.2,20.0,0,False
J0108,C0523,0.0,0.0,1.0,0.0,1.0,0.0,0.0,False,0.2,20.0,0,False
J0108,C0227,0.0,0.0,0.45,0.0,1.0,0.0,0.0,False,0.118,11.8,0,False
J0108,C0192,0.0,0.0,1.0,0.0,1.0,0.0,0.0,False,0.2,20.0,0,False
J0109,C0267,0.0,0.0,1.0,0.0,1.0,0.0,0.0,True,0.2,20.0,0,False
J0109,C0164,0.0,0.0,1.0,0.0,1.0,0.0,0.0,True,0.2,20.0,0,False
J0109,C0255,0.25,1.0,1.0,0.0,1.0,0.0,0.6,True,0.5,50.0,1,False
J0109,C0246,0.5,1.0,1.0,0.5,1.0,0.0,0.98,True,0.65,65.0,2,True
J0109,C0470,0.75,1.0,1.0,0.0,1.0,0.0,0.533,True,0.7,70.0,2,True
J0109,C0300,0.25,1.0,1.0,0.25,1.0,0.0,0.95,True,0.525,52.5,1,False
J0109,C0179,0.25,1.0,1.0,0.0,1.0,0.0,0.6,True,0.5,50.0,1,False
J0109,C0085,0.25,1.0,1.0,0.0,1.0,0.0,0.78,True,0.5,50.0,1,False
J0109,C0430,0.75,0.833,1.0,0.5,1.0,0.0,0.853,True,0.717,71.7,3,True
J0109,C0372,0.75,0.833,1.0,0.0,1.0,0.0,0.593,True,0.667,66.7,2,True
J0109,C0493,0.5,0.75,1.0,0.25,1.0,0.0,0.785,True,0.575,57.5,1,False
J0109,C0116,1.0,1.0,1.0,0.0,1.0,0.31,0.87,True,0.831,83.1,3,True
J0109,C0077,0.75,1.0,1.0,0.0,1.0,0.0,0.72,True,0.7,70.0,2,True
J0109,C0571,0.0,0.0,1.0,0.0,1.0,0.0,0.0,True,0.2,20.0,0,False
J0109,C0341,0.0,0.0,1.0,0.0,1.0,0.0,0.0,False,0.2,20.0,0,False
J0109,C0419,0.75,0.833,1.0,0.25,1.0,0.75,0.73,True,0.767,76.7,3,True
J0109,C0500,0.0,0.0,1.0,0.0,1.0,0.0,0.0,False,0.2,20.0,0,False
J0109,C0090,0.0,0.0,1.0,0.0,1.0,0.0,0.0,False,0.2,20.0,0,False
J0109,C0594,0.0,0.0,1.0,0.0,0.5,0.0,0.0,False,0.175,17.5,0,False
J0109,C0137,0.0,0.0,1.0,0.0,1.0,0.0,0.0,False,0.2,20.0,0,False
J0109,C0011,0.0,0.0,1.0,0.0,1.0,0.0,0.0,False,0.2,20.0,0,False
J0109,C0078,0.0,0.0,1.0,0.0,1.0,0.0,0.0,False,0.2,20.0,0,False
J0109,C0186,0.0,0.0,1.0,0.0,1.0,0.0,0.0,False,0.2,20.0,0,False
J0109,C0513,0.0,0.0,1.0,0.0,1.0,0.0,0.0,False,0.2,20.0,0,False
J0110,C0427,1.0,0.933,1.0,0.0,1.0,0.0,0.764,True,0.787,78.7,2,True
J0110,C0581,1.0,0.667,1.0,0.4,1.0,0.33,0.9,True,0.806,80.6,3,True
J0110,C0169,1.0,1.0,1.0,0.6,1.0,0.0,0.866,True,0.86,86.0,3,True
J0110,C0509,0.6,0.722,1.0,0.2,1.0,0.6,0.823,True,0.664,66.4,2,True
J0110,C0063,0.8,0.875,1.0,0.2,1.0,0.485,0.818,True,0.764,76.4,3,True
J0110,C0552,1.0,0.767,1.0,0.0,1.0,0.0,0.748,True,0.753,75.3,2,True
J0110,C0451,1.0,0.933,1.0,0.2,1.0,0.763,0.902,True,0.883,88.3,3,True
J0110,C0234,0.8,1.0,1.0,0.4,1.0,0.48,0.96,True,0.808,80.8,3,True
J0110,C0224,1.0,0.833,1.0,0.4,1.0,0.215,0.912,True,0.828,82.8,3,True
J0110,C0461,1.0,0.867,1.0,0.0,1.0,0.0,0.556,True,0.773,77.3,3,True
J0110,C0568,0.6,0.833,1.0,0.0,1.0,0.45,0.92,True,0.652,65.2,3,True
J0110,C0280,0.6,0.833,1.0,0.2,1.0,0.535,0.93,True,0.68,68.0,2,True
J0110,C0043,0.8,0.583,1.0,0.4,1.0,0.23,0.92,True,0.7,70.0,3,True
J0110,C0490,0.8,0.583,1.0,0.0,1.0,0.4,0.82,True,0.677,67.7,1,False
J0110,C0028,0.2,1.0,1.0,0.0,1.0,0.0,0.4,False,0.48,48.0,1,False
J0110,C0501,0.0,0.0,1.0,0.0,1.0,0.0,0.0,False,0.2,20.0,0,False
J0110,C0559,0.2,1.0,1.0,0.0,1.0,0.0,0.6,False,0.48,48.0,1,False
J0110,C0195,0.0,0.0,1.0,0.0,0.0,0.0,0.0,False,0.15,15.0,0,False
J0110,C0069,0.0,0.0,1.0,0.0,1.0,0.0,0.0,False,0.2,20.0,0,False
J0110,C0322,0.2,1.0,1.0,0.2,1.0,0.59,0.99,False,0.559,55.9,1,False
J0110,C0159,0.2,1.0,1.0,0.0,0.5,0.0,0.78,False,0.455,45.5,1,False
J0110,C0245,0.2,1.0,1.0,0.2,1.0,0.0,0.97,False,0.5,50.0,1,False
J0110,C0260,0.2,1.0,1.0,0.0,1.0,0.0,0.8,False,0.48,48.0,1,False
J0110,C0578,0.0,0.0,1.0,0.0,1.0,0.0,0.0,False,0.2,20.0,0,False
J0110,C0201,0.0,0.0,1.0,0.0,1.0,0.0,0.0,False,0.2,20.0,0,False
J0111,C0481,0.667,1.0,1.0,0.0,0.5,0.97,0.66,True,0.739,73.9,1,False
J0111,C0151,0.667,1.0,1.0,0.667,0.5,0.86,0.99,True,0.794,79.4,3,True
J0111,C0414,0.667,1.0,1.0,0.667,0.5,0.0,0.98,True,0.708,70.8,3,True
J0111,C0307,0.667,0.75,0.0,0.667,0.5,0.0,0.99,True,0.508,50.8,1,False
J0111,C0311,0.667,0.75,1.0,0.0,0.5,0.0,0.78,True,0.592,59.2,2,True
J0111,C0200,0.333,1.0,1.0,0.333,0.5,0.75,0.99,True,0.617,61.7,2,True
J0111,C0079,0.667,0.667,0.0,0.667,0.5,0.0,0.97,True,0.492,49.2,1,False
J0111,C0462,1.0,0.611,0.0,1.0,0.5,0.32,0.983,True,0.679,67.9,2,True
J0111,C0361,0.667,0.833,1.0,0.667,0.5,0.0,0.99,True,0.675,67.5,2,True
J0111,C0442,0.667,0.75,0.0,0.667,1.0,0.34,0.99,True,0.567,56.7,1,False
J0111,C0140,0.333,0.667,1.0,0.333,0.5,0.0,0.99,True,0.475,47.5,1,False
J0111,C0130,1.0,0.722,1.0,1.0,0.5,0.0,0.983,True,0.819,81.9,3,True
J0111,C0013,0.667,0.833,1.0,0.667,0.5,0.59,0.99,True,0.734,73.4,2,True
J0111,C0195,0.333,0.667,0.0,0.333,0.5,0.0,0.99,True,0.325,32.5,0,False
J0111,C0536,0.0,0.0,1.0,0.0,1.0,0.0,0.0,False,0.2,20.0,0,False
J0111,C0332,0.0,0.0,0.0,0.0,1.0,0.0,0.0,False,0.05,5.0,0,False
J0111,C0219,0.0,0.0,1.0,0.0,1.0,0.0,0.0,False,0.2,20.0,0,False
J0111,C0504,0.0,0.0,0.0,0.0,1.0,0.0,0.0,False,0.05,5.0,0,False
J0111,C0269,0.0,0.0,0.0,0.0,1.0,0.0,0.0,False,0.05,5.0,0,False
J0111,C0544,0.0,0.0,1.0,0.0,1.0,0.0,0.0,False,0.2,20.0,0,False
J0111,C0373,0.0,0.0,1.0,0.0,1.0,0.0,0.0,False,0.2,20.0,0,False
J0111,C0528,0.0,0.0,0.0,0.0,1.0,0.0,0.0,False,0.05,5.0,0,False
J0111,C0051,0.0,0.0,1.0,0.0,1.0,0.0,0.0,False,0.2,20.0,0,False
J0111,C0537,0.0,0.0,1.0,0.0,1.0,0.0,0.0,False,0.2,20.0,0,False
J0111,C0184,0.0,0.0,1.0,0.0,1.0,0.0,0.0,False,0.2,20.0,0,False
J0112,C0509,1.0,0.833,1.0,0.333,1.0,0.6,0.823,True,0.86,86.0,3,True
J0112,C0473,1.0,0.667,1.0,0.333,1.0,0.0,0.717,True,0.767,76.7,3,True
J0112,C0427,1.0,1.0,1.0,0.0,1.0,0.0,0.74,True,0.8,80.0,3,True
J0112,C0224,1.0,1.0,1.0,0.333,1.0,0.18,0.89,True,0.851,85.1,3,True
J0112,C0280,0.667,0.75,1.0,0.0,1.0,0.535,0.91,True,0.67,67.0,2,True
J0112,C0451,1.0,1.0,1.0,0.0,1.0,0.69,0.873,True,0.869,86.9,3,True
J0112,C0169,1.0,1.0,1.0,0.667,1.0,0.0,0.92,True,0.867,86.7,3,True
J0112,C0540,0.333,1.0,1.0,0.333,1.0,0.0,0.99,True,0.567,56.7,1,False
J0112,C0568,0.667,0.75,1.0,0.0,1.0,0.405,0.91,True,0.657,65.7,2,True
J0112,C0490,0.667,0.5,1.0,0.0,1.0,0.4,0.85,True,0.607,60.7,1,False
J0112,C0461,1.0,0.833,1.0,0.0,1.0,0.0,0.593,True,0.767,76.7,2,True
J0112,C0023,1.0,1.0,1.0,0.333,1.0,0.73,0.85,True,0.906,90.6,3,True
J0112,C0043,0.667,0.5,1.0,0.333,1.0,0.23,0.945,True,0.623,62.3,2,True
J0112,C0063,0.667,1.0,1.0,0.0,1.0,0.68,0.84,True,0.735,73.5,3,True
J0112,C0477,0.0,0.0,1.0,0.0,1.0,0.0,0.0,False,0.2,20.0,0,False
J0112,C0184,0.0,0.0,1.0,0.0,1.0,0.0,0.0,False,0.2,20.0,0,False
J0112,C0025,0.0,0.0,1.0,0.0,1.0,0.0,0.0,False,0.2,20.0,0,False
J0112,C0011,0.0,0.0,1.0,0.0,1.0,0.0,0.0,False,0.2,20.0,0,False
J0112,C0574,0.667,1.0,1.0,0.667,1.0,0.0,0.98,True,0.733,73.3,3,True
J0112,C0045,0.0,0.0,1.0,0.0,0.5,0.0,0.0,False,0.175,17.5,0,False
J0112,C0081,0.0,0.0,1.0,0.0,1.0,0.0,0.0,False,0.2,20.0,0,False
J0112,C0141,0.333,1.0,1.0,0.333,1.0,0.0,0.99,False,0.567,56.7,1,False
J0112,C0374,0.0,0.0,1.0,0.0,1.0,0.0,0.0,False,0.2,20.0,0,False
J0112,C0467,0.0,0.0,1.0,0.0,1.0,0.0,0.0,False,0.2,20.0,0,False
J0112,C0234,0.667,1.0,1.0,0.333,1.0,0.4,0.955,True,0.74,74.0,2,True
J0113,C0592,0.667,0.75,1.0,0.0,1.0,0.0,0.6,True,0.617,61.7,2,True
J0113,C0313,1.0,0.667,0.0,0.0,1.0,0.0,0.66,True,0.583,58.3,2,True
J0113,C0260,0.333,1.0,1.0,0.0,1.0,0.0,0.6,True,0.533,53.3,1,False
J0113,C0080,0.0,0.0,1.0,0.0,1.0,0.0,0.0,True,0.2,20.0,0,False
J0113,C0060,0.0,0.0,1.0,0.0,1.0,0.0,0.0,True,0.2,20.0,0,False
J0113,C0012,0.333,1.0,1.0,0.333,1.0,0.0,0.99,True,0.567,56.7,1,False
J0113,C0160,0.0,0.0,1.0,0.0,1.0,0.0,0.0,True,0.2,20.0,0,False
J0113,C0181,0.333,1.0,1.0,0.0,1.0,0.6,0.92,True,0.593,59.3,1,False
J0113,C0233,0.333,1.0,1.0,0.0,1.0,0.65,0.92,True,0.598,59.8,1,False
J0113,C0418,0.333,0.5,1.0,0.0,1.0,0.3,0.92,True,0.463,46.3,1,False
J0113,C0479,0.333,1.0,1.0,0.0,1.0,0.0,0.8,True,0.533,53.3,0,False
J0113,C0346,0.667,0.75,0.0,0.0,1.0,0.0,0.69,True,0.467,46.7,0,False
J0113,C0128,0.333,0.5,0.0,0.0,1.0,0.27,0.9,True,0.31,31.0,0,False
J0113,C0123,1.0,0.833,1.0,0.0,1.0,0.0,0.533,True,0.767,76.7,3,True
J0113,C0526,0.0,0.0,0.0,0.0,1.0,0.0,0.0,False,0.05,5.0,0,False
J0113,C0034,0.0,0.0,0.0,0.0,1.0,0.0,0.0,False,0.05,5.0,0,False
J0113,C0430,0.0,0.0,0.0,0.0,1.0,0.0,0.0,False,0.05,5.0,0,False
J0113,C0394,0.0,0.0,1.0,0.0,1.0,0.0,0.0,False,0.2,20.0,0,False
J0113,C0340,0.0,0.0,1.0,0.0,1.0,0.0,0.0,False,0.2,20.0,0,False
J0113,C0129,0.0,0.0,1.0,0.0,1.0,0.0,0.0,False,0.2,20.0,0,False
J0113,C0367,0.0,0.0,0.0,0.0,1.0,0.0,0.0,False,0.05,5.0,0,False
J0113,C0422,0.0,0.0,1.0,0.0,1.0,0.0,0.0,False,0.2,20.0,0,False
J0113,C0483,0.0,0.0,1.0,0.0,1.0,0.0,0.0,False,0.2,20.0,0,False
J0113,C0019,0.667,0.75,0.0,0.667,0.5,0.0,0.97,True,0.508,50.8,0,False
J0113,C0352,0.0,0.0,1.0,0.0,1.0,0.0,0.0,False,0.2,20.0,0,False
J0114,C0294,0.5,1.0,1.0,0.25,0.5,0.0,0.885,True,0.6,60.0,1,False
J0114,C0156,0.75,0.833,1.0,0.25,1.0,0.38,0.79,True,0.73,73.0,3,True
J0114,C0237,0.25,1.0,1.0,0.0,1.0,0.0,0.78,True,0.5,50.0,1,False
J0114,C0135,0.25,1.0,1.0,0.25,1.0,0.0,0.99,True,0.525,52.5,1,False
J0114,C0263,0.75,0.833,1.0,0.25,1.0,0.25,0.83,True,0.717,71.7,2,True
J0114,C0197,1.0,1.0,1.0,0.0,1.0,0.0,0.705,True,0.8,80.0,3,True
J0114,C0293,1.0,1.0,1.0,0.0,1.0,0.0,0.745,True,0.8,80.0,3,True
J0114,C0329,0.25,1.0,1.0,0.25,1.0,0.0,0.99,True,0.525,52.5,1,False
J0114,C0279,0.75,1.0,1.0,0.0,1.0,0.0,0.66,True,0.7,70.0,2,True
J0114,C0052,0.25,1.0,1.0,0.0,1.0,0.0,0.6,True,0.5,50.0,1,False
J0114,C0093,0.75,1.0,1.0,0.0,1.0,0.0,0.713,True,0.7,70.0,2,True
J0114,C0336,0.75,1.0,1.0,0.25,1.0,0.557,0.943,True,0.781,78.1,3,True
J0114,C0381,0.5,1.0,1.0,0.0,1.0,0.33,0.76,True,0.633,63.3,1,False
J0114,C0070,0.75,1.0,1.0,0.0,1.0,0.42,0.84,True,0.742,74.2,2,True
J0114,C0326,0.75,0.833,1.0,0.25,1.0,0.31,0.83,False,0.723,72.3,2,True
J0114,C0249,0.0,0.0,1.0,0.0,0.0,0.0,0.0,False,0.15,15.0,0,False
J0114,C0282,0.0,0.0,1.0,0.0,0.5,0.0,0.0,False,0.175,17.5,0,False
J0114,C0322,0.0,0.0,1.0,0.0,1.0,0.0,0.0,False,0.2,20.0,0,False
J0114,C0344,0.0,0.0,1.0,0.0,1.0,0.0,0.0,False,0.2,20.0,0,False
J0114,C0493,0.25,1.0,1.0,0.0,1.0,0.0,0.78,False,0.5,50.0,1,False
J0114,C0278,0.25,1.0,1.0,0.25,1.0,0.0,0.99,False,0.525,52.5,1,False
J0114,C0008,0.0,0.0,1.0,0.0,1.0,0.0,0.0,False,0.2,20.0,0,False
J0114,C0302,0.0,0.0,1.0,0.0,1.0,0.0,0.0,False,0.2,20.0,0,False
J0114,C0261,0.5,0.75,1.0,0.0,1.0,0.25,0.87,False,0.575,57.5,1,False
J0114,C0592,0.0,0.0,1.0,0.0,1.0,0.0,0.0,False,0.2,20.0,0,False
J0115,C0466,0.5,0.417,0.0,0.0,0.5,0.0,0.58,True,0.308,30.8,0,False
J0115,C0153,0.75,0.667,1.0,0.0,1.0,0.0,0.733,True,0.633,63.3,2,True
J0115,C0343,0.5,0.5,1.0,0.0,1.0,0.35,0.93,True,0.535,53.5,1,False
J0115,C0110,0.5,0.417,0.0,0.25,1.0,0.18,0.885,True,0.376,37.6,0,False
J0115,C0106,1.0,0.5,0.0,0.0,1.0,0.52,0.72,True,0.602,60.2,1,False
J0115,C0068,0.5,0.833,1.0,0.25,1.0,0.675,0.965,True,0.659,65.9,2,True
J0115,C0482,0.75,0.5,0.0,0.0,0.5,0.0,0.72,True,0.425,42.5,1,False
J0115,C0357,0.25,0.667,1.0,0.25,1.0,0.0,0.99,True,0.458,45.8,1,False
J0115,C0183,0.25,1.0,1.0,0.0,1.0,0.75,0.92,True,0.575,57.5,1,False
J0115,C0543,0.5,1.0,1.0,0.5,1.0,0.0,0.98,True,0.65,65.0,2,True
J0115,C0436,1.0,0.667,1.0,0.0,0.5,0.55,0.775,True,0.763,76.3,3,True
J0115,C0092,0.75,0.556,1.0,0.0,1.0,0.0,0.673,True,0.611,61.1,1,False
J0115,C0385,0.25,0.5,1.0,0.0,1.0,0.0,0.8,True,0.4,40.0,0,False
J0115,C0324,0.75,0.5,1.0,0.5,0.5,0.49,0.967,True,0.674,67.4,2,True
J0115,C0589,0.0,0.0,1.0,0.0,0.5,0.0,0.0,False,0.175,17.5,0,False
J0115,C0573,0.0,0.0,0.7,0.0,1.0,0.0,0.0,False,0.155,15.5,0,False
J0115,C0039,0.0,0.0,0.0,0.0,0.5,0.0,0.0,False,0.025,2.5,0,False
J0115,C0270,0.0,0.0,0.0,0.0,1.0,0.0,0.0,False,0.05,5.0,0,False
J0115,C0532,0.25,1.0,1.0,0.25,1.0,0.82,0.99,False,0.607,60.7,2,True
J0115,C0420,0.0,0.0,1.0,0.0,1.0,0.0,0.0,False,0.2,20.0,0,False
J0115,C0374,0.0,0.0,0.0,0.0,1.0,0.0,0.0,False,0.05,5.0,0,False
J0115,C0439,0.25,1.0,0.0,0.0,1.0,0.0,0.78,True,0.35,35.0,0,False
J0115,C0470,0.0,0.0,1.0,0.0,1.0,0.0,0.0,False,0.2,20.0,0,False
J0115,C0206,0.0,0.0,0.0,0.0,1.0,0.0,0.0,False,0.05,5.0,0,False
J0116,C0570,0.75,1.0,1.0,0.0,1.0,0.62,0.84,True,0.762,76.2,3,True
J0116,C0382,0.25,1.0,1.0,0.0,1.0,0.0,0.82,True,0.5,50.0,1,False
J0116,C0429,0.5,1.0,1.0,0.0,1.0,0.0,0.78,True,0.6,60.0,1,False
J0116,C0296,0.75,0.833,1.0,0.25,1.0,0.0,0.783,True,0.692,69.2,2,True
J0116,C0547,0.5,1.0,1.0,0.0,1.0,0.62,0.76,True,0.662,66.2,1,False
J0116,C0045,0.25,1.0,1.0,0.0,0.5,0.0,0.78,True,0.475,47.5,1,False
J0116,C0020,0.0,0.0,1.0,0.0,1.0,0.0,0.0,True,0.2,20.0,0,False
J0116,C0094,0.5,0.75,1.0,0.25,1.0,0.0,0.785,True,0.575,57.5,1,False
J0116,C0099,0.5,1.0,1.0,0.25,1.0,0.68,0.885,True,0.693,69.3,2,True
J0116,C0339,0.5,1.0,1.0,0.0,1.0,0.62,0.86,True,0.662,66.2,2,True
J0116,C0573,0.75,1.0,1.0,0.0,1.0,0.58,0.773,True,0.758,75.8,3,True
J0116,C0539,0.5,1.0,1.0,0.25,0.5,0.0,0.795,True,0.6,60.0,2,True
J0116,C0303,0.75,1.0,1.0,0.0,1.0,0.0,0.593,True,0.7,70.0,2,True
J0116,C0448,0.75,1.0,1.0,0.25,1.0,0.0,0.79,True,0.725,72.5,3,True
J0116,C0036,0.0,0.0,1.0,0.0,1.0,0.0,0.0,False,0.2,20.0,0,False
J0116,C0351,0.0,0.0,1.0,0.0,1.0,0.0,0.0,False,0.2,20.0,0,False
J0116,C0224,0.25,0.5,1.0,0.0,1.0,0.18,0.9,False,0.418,41.8,0,False
J0116,C0192,0.0,0.0,1.0,0.0,1.0,0.0,0.0,False,0.2,20.0,0,False
J0116,C0113,0.75,1.0,1.0,0.0,1.0,0.0,0.74,True,0.7,70.0,3,True
J0116,C0365,0.0,0.0,1.0,0.0,1.0,0.0,0.0,False,0.2,20.0,0,False
J0116,C0393,0.0,0.0,1.0,0.0,1.0,0.0,0.0,False,0.2,20.0,0,False
J0116,C0201,0.0,0.0,1.0,0.0,1.0,0.0,0.0,False,0.2,20.0,0,False
J0116,C0426,0.0,0.0,1.0,0.0,1.0,0.0,0.0,False,0.2,20.0,0,False
J0116,C0030,0.25,0.5,1.0,0.0,1.0,0.25,0.9,False,0.425,42.5,0,False
J0116,C0300,0.25,1.0,1.0,0.25,1.0,0.0,0.95,False,0.525,52.5,1,False
J0117,C0004,0.8,0.667,0.5,0.0,1.0,0.9,0.83,True,0.668,66.8,2,True
J0117,C0553,0.8,0.833,0.0,0.0,1.0,0.0,0.69,True,0.537,53.7,1,False
J0117,C0565,0.8,0.708,1.0,0.4,1.0,0.0,0.845,True,0.702,70.2,2,True
J0117,C0111,0.8,0.833,0.0,0.2,1.0,0.675,0.858,True,0.624,62.4,1,False
J0117,C0225,0.4,0.333,0.4,0.2,1.0,0.19,0.795,True,0.376,37.6,0,False
J0117,C0295,0.4,0.833,0.533,0.0,1.0,0.0,0.6,True,0.457,45.7,1,False
J0117,C0041,0.6,0.667,0.0,0.0,1.0,0.3,0.7,True,0.453,45.3,1,False
J0117,C0373,0.6,1.0,0.833,0.0,1.0,0.63,0.78,True,0.678,67.8,2,True
J0117,C0527,0.2,1.0,0.4,0.0,1.0,0.0,0.6,True,0.39,39.0,0,False
J0117,C0434,0.6,0.889,1.0,0.0,1.0,0.49,0.773,True,0.667,66.7,2,True
J0117,C0241,0.6,0.889,1.0,0.0,1.0,0.44,0.773,True,0.662,66.2,2,True
J0117,C0433,1.0,1.0,1.0,0.2,1.0,0.74,0.746,True,0.894,89.4,3,True
J0117,C0203,0.4,0.667,0.0,0.2,1.0,0.365,0.945,True,0.4,40.0,0,False
J0117,C0261,0.4,0.833,0.7,0.0,1.0,0.55,0.87,True,0.537,53.7,1,False
J0117,C0135,0.4,1.0,1.0,0.2,1.0,0.0,0.795,False,0.58,58.0,2,True
J0117,C0515,0.0,0.0,1.0,0.0,1.0,0.0,0.0,False,0.2,20.0,0,False
J0117,C0242,0.4,1.0,1.0,0.0,1.0,0.44,0.87,False,0.604,60.4,2,True
J0117,C0080,0.6,1.0,0.5,0.0,1.0,0.0,0.8,False,0.565,56.5,2,True
J0117,C0338,0.4,0.5,0.0,0.0,1.0,0.0,0.78,False,0.31,31.0,0,False
J0117,C0235,0.4,0.833,0.0,0.2,1.0,0.0,0.785,False,0.397,39.7,0,False
J0117,C0246,0.2,0.5,0.0,0.2,1.0,0.0,0.99,False,0.25,25.0,0,False
J0117,C0422,0.6,1.0,1.0,0.0,1.0,0.0,0.607,True,0.64,64.0,2,True
J0117,C0012,0.0,0.0,1.0,0.0,1.0,0.0,0.0,False,0.2,20.0,0,False
J0117,C0108,0.4,0.583,0.0,0.4,1.0,0.0,0.96,False,0.367,36.7,0,False
J0117,C0034,0.2,1.0,0.0,0.0,1.0,0.0,0.6,False,0.33,33.0,0,False
J0118,C0318,1.0,0.667,0.4,0.0,1.0,0.26,0.813,True,0.669,66.9,2,True
J0118,C0164,0.333,0.5,0.0,0.333,1.0,0.22,0.99,True,0.339,33.9,0,False
J0118,C0493,1.0,0.5,0.0,0.667,1.0,0.0,0.847,True,0.617,61.7,2,True
J0118,C0116,0.667,0.75,0.48,0.333,1.0,0.35,0.945,True,0.607,60.7,2,True
J0118,C0171,1.0,0.667,0.0,0.0,1.0,0.435,0.807,True,0.627,62.7,2,True
J0118,C0395,0.333,1.0,0.0,0.333,1.0,0.65,0.99,True,0.482,48.2,1,False
J0118,C0587,1.0,1.0,0.38,0.333,0.5,0.77,0.87,True,0.792,79.2,2,True
J0118,C0267,0.0,0.0,0.0,0.0,1.0,0.0,0.0,True,0.05,5.0,0,False
J0118,C0174,0.333,0.5,0.2,0.0,1.0,0.0,0.82,True,0.313,31.3,0,False
J0118,C0226,1.0,0.667,0.0,0.0,0.5,0.39,0.64,True,0.597,59.7,1,False
J0118,C0524,1.0,1.0,0.98,0.333,1.0,0.0,0.79,True,0.83,83.0,3,True
J0118,C0454,0.667,0.5,0.0,0.0,0.5,0.4,0.84,True,0.432,43.2,0,False
J0118,C0419,1.0,1.0,0.64,0.0,1.0,0.0,0.727,True,0.746,74.6,2,True
J0118,C0304,0.333,1.0,0.32,0.333,0.5,0.45,0.99,True,0.485,48.5,1,False
J0118,C0426,0.0,0.0,0.42,0.0,1.0,0.0,0.0,False,0.113,11.3,0,False
J0118,C0478,0.0,0.0,1.0,0.0,1.0,0.0,0.0,False,0.2,20.0,0,False
J0118,C0317,0.0,0.0,0.0,0.0,1.0,0.0,0.0,False,0.05,5.0,0,False
J0118,C0316,0.333,1.0,0.56,0.0,1.0,0.0,0.78,False,0.467,46.7,0,False
J0118,C0223,0.0,0.0,0.0,0.0,0.5,0.0,0.0,False,0.025,2.5,0,False
J0118,C0413,0.333,1.0,0.46,0.0,1.0,0.0,0.82,False,0.452,45.2,0,False
J0118,C0214,0.333,0.5,0.36,0.0,1.0,0.0,0.8,False,0.337,33.7,0,False
J0118,C0161,0.333,0.5,0.16,0.0,1.0,0.17,0.9,False,0.324,32.4,0,False
J0118,C0185,0.0,0.0,0.2,0.0,1.0,0.0,0.0,False,0.08,8.0,0,False
J0118,C0330,0.0,0.0,0.38,0.0,1.0,0.0,0.0,False,0.107,10.7,0,False
J0118,C0023,0.333,1.0,0.42,0.333,1.0,0.73,0.99,False,0.553,55.3,1,False
J0119,C0221,0.333,1.0,0.48,0.0,1.0,0.0,0.82,True,0.455,45.5,1,False
J0119,C0078,0.333,0.5,0.0,0.333,1.0,0.0,0.97,True,0.317,31.7,0,False
J0119,C0346,0.333,0.333,0.0,0.333,1.0,0.0,0.99,True,0.283,28.3,0,False
J0119,C0510,0.667,0.667,0.26,0.0,1.0,0.0,0.69,True,0.489,48.9,0,False
J0119,C0144,1.0,0.444,0.0,0.0,1.0,0.0,0.593,True,0.539,53.9,2,True
J0119,C0181,0.333,0.667,0.5,0.0,1.0,0.43,0.92,True,0.435,43.5,0,False
J0119,C0592,0.667,0.583,0.24,0.0,1.0,0.0,0.69,True,0.469,46.9,1,False
J0119,C0240,0.667,1.0,1.0,0.0,1.0,0.0,0.78,True,0.667,66.7,2,True
J0119,C0258,0.667,0.833,0.0,0.0,1.0,0.41,0.84,True,0.524,52.4,1,False
J0119,C0360,0.333,0.333,0.0,0.0,1.0,0.0,0.6,True,0.25,25.0,0,False
J0119,C0060,0.333,0.333,0.62,0.0,1.0,0.0,0.82,True,0.343,34.3,0,False
J0119,C0250,0.333,0.5,0.24,0.333,1.0,0.24,0.99,True,0.377,37.7,0,False
J0119,C0313,1.0,0.556,0.0,0.0,1.0,0.0,0.66,True,0.561,56.1,1,False
J0119,C0322,0.667,0.833,0.3,0.667,1.0,0.59,0.98,True,0.654,65.4,2,True
J0119,C0231,0.0,0.0,0.68,0.0,1.0,0.0,0.0,False,0.152,15.2,0,False
J0119,C0129,0.0,0.0,0.56,0.0,1.0,0.0,0.0,False,0.134,13.4,0,False
J0119,C0408,0.0,0.0,0.0,0.0,0.0,0.0,0.0,False,0.0,0.0,0,False
J0119,C0377,0.333,0.333,0.0,0.333,1.0,0.18,0.99,False,0.301,30.1,0,False
J0119,C0489,0.333,0.5,0.16,0.0,1.0,0.0,0.4,False,0.307,30.7,0,False
J0119,C0084,1.0,1.0,1.0,0.0,1.0,0.56,0.787,True,0.856,85.6,3,True
J0119,C0082,0.0,0.0,0.78,0.0,1.0,0.0,0.0,False,0.167,16.7,0,False
J0119,C0303,0.0,0.0,0.0,0.0,1.0,0.0,0.0,False,0.05,5.0,0,False
J0119,C0081,0.0,0.0,1.0,0.0,1.0,0.0,0.0,False,0.2,20.0,0,False
J0119,C0528,0.333,1.0,0.0,0.0,1.0,0.0,0.78,False,0.383,38.3,0,False
J0119,C0496,0.333,1.0,0.28,0.333,1.0,0.0,0.99,False,0.459,45.9,1,False
J0120,C0179,0.2,0.5,1.0,0.0,1.0,0.0,0.4,True,0.38,38.0,0,False
J0120,C0238,0.8,0.75,1.0,0.0,1.0,0.0,0.69,True,0.67,67.0,2,True
J0120,C0430,0.8,0.625,1.0,0.4,1.0,0.0,0.74,True,0.685,68.5,1,False
J0120,C0400,0.4,1.0,1.0,0.2,1.0,0.0,0.895,True,0.58,58.0,1,False
J0120,C0402,0.6,1.0,1.0,0.0,0.5,0.84,0.873,True,0.699,69.9,3,True
J0120,C0441,0.6,0.667,1.0,0.2,1.0,0.21,0.89,True,0.614,61.4,1,False
J0120,C0255,0.6,0.667,1.0,0.4,1.0,0.0,0.853,True,0.613,61.3,1,False
J0120,C0129,0.6,1.0,1.0,0.0,1.0,0.97,0.833,True,0.737,73.7,3,True
J0120,C0325,0.8,1.0,1.0,0.4,1.0,0.707,0.93,True,0.831,83.1,3,True
J0120,C0264,0.6,0.667,1.0,0.0,1.0,0.375,0.88,True,0.611,61.1,2,True
J0120,C0533,0.2,1.0,1.0,0.2,1.0,0.0,0.99,True,0.5,50.0,1,False
J0120,C0555,0.8,1.0,1.0,0.6,1.0,0.48,0.973,True,0.828,82.8,3,True
J0120,C0454,0.6,0.833,1.0,0.0,0.5,0.4,0.693,True,0.622,62.2,2,True
J0120,C0202,0.6,0.667,1.0,0.4,0.5,0.0,0.933,True,0.588,58.8,1,False
J0120,C0389,0.0,0.0,1.0,0.0,1.0,0.0,0.0,False,0.2,20.0,0,False
J0120,C0181,0.2,1.0,1.0,0.0,1.0,0.43,0.92,False,0.523,52.3,1,False
J0120,C0036,0.0,0.0,1.0,0.0,1.0,0.0,0.0,False,0.2,20.0,0,False
J0120,C0071,0.4,1.0,1.0,0.0,1.0,0.0,0.7,False,0.56,56.0,2,True
J0120,C0490,0.2,0.5,1.0,0.0,1.0,0.0,0.78,False,0.38,38.0,1,False
J0120,C0101,0.6,1.0,1.0,0.2,1.0,0.0,0.797,False,0.66,66.0,1,False
J0120,C0116,1.0,0.8,1.0,0.2,1.0,0.35,0.826,True,0.815,81.5,3,True
J0120,C0077,0.8,0.75,1.0,0.0,1.0,0.0,0.735,True,0.67,67.0,3,True
J0120,C0263,0.2,1.0,1.0,0.2,1.0,0.0,0.97,False,0.5,50.0,1,False
J0120,C0191,0.2,1.0,1.0,0.2,1.0,0.0,0.97,False,0.5,50.0,1,False
J0120,C0254,0.0,0.0,1.0,0.0,1.0,0.0,0.0,False,0.2,20.0,0,False
J0121,C0017,0.2,1.0,1.0,0.2,1.0,0.25,0.99,True,0.525,52.5,1,False
J0121,C0487,0.8,0.875,1.0,0.4,1.0,0.32,0.895,True,0.767,76.7,3,True
J0121,C0492,0.6,1.0,1.0,0.0,1.0,0.0,0.66,True,0.64,64.0,1,False
J0121,C0369,0.2,1.0,1.0,0.0,1.0,0.0,0.6,True,0.48,48.0,1,False
J0121,C0022,0.2,1.0,1.0,0.2,1.0,0.0,0.99,True,0.5,50.0,1,False
J0121,C0575,0.4,1.0,1.0,0.2,1.0,0.5,0.905,True,0.63,63.0,2,True
J0121,C0125,0.4,1.0,1.0,0.2,1.0,0.0,0.795,True,0.58,58.0,1,False
J0121,C0464,0.4,1.0,1.0,0.4,1.0,0.15,0.99,True,0.615,61.5,1,False
J0121,C0576,1.0,0.9,1.0,0.8,1.0,0.585,0.948,True,0.919,91.9,3,True
J0121,C0495,0.4,1.0,1.0,0.0,1.0,0.555,0.92,True,0.616,61.6,1,False
J0121,C0403,0.4,0.75,1.0,0.2,1.0,0.0,0.775,True,0.53,53.0,1,False
J0121,C0290,0.6,1.0,1.0,0.2,1.0,0.24,0.937,True,0.684,68.4,2,True
J0121,C0090,0.2,1.0,1.0,0.0,1.0,0.0,0.82,True,0.48,48.0,0,False
J0121,C0529,0.6,1.0,1.0,0.0,1.0,0.61,0.707,True,0.701,70.1,2,True
J0121,C0390,0.0,0.0,1.0,0.0,1.0,0.0,0.0,False,0.2,20.0,0,False
J0121,C0062,0.0,0.0,1.0,0.0,1.0,0.0,0.0,False,0.2,20.0,0,False
J0121,C0240,0.0,0.0,1.0,0.0,1.0,0.0,0.0,False,0.2,20.0,0,False
J0121,C0311,0.0,0.0,1.0,0.0,0.0,0.0,0.0,False,0.15,15.0,0,False
J0121,C0410,0.4,1.0,1.0,0.2,0.5,0.0,0.895,True,0.555,55.5,1,False
J0121,C0202,0.0,0.0,1.0,0.0,0.5,0.0,0.0,False,0.175,17.5,0,False
J0121,C0127,0.0,0.0,1.0,0.0,1.0,0.0,0.0,False,0.2,20.0,0,False
J0121,C0528,0.0,0.0,1.0,0.0,1.0,0.0,0.0,False,0.2,20.0,0,False
J0121,C0003,0.0,0.0,1.0,0.0,1.0,0.0,0.0,False,0.2,20.0,0,False
J0121,C0186,0.8,1.0,1.0,0.0,1.0,0.0,0.795,True,0.72,72.0,2,True
J0122,C0289,0.667,1.0,0.95,0.0,1.0,0.0,0.7,True,0.659,65.9,1,False
J0122,C0408,0.333,1.0,0.0,0.333,1.0,0.7,0.99,True,0.487,48.7,0,False
J0122,C0481,0.667,1.0,1.0,0.0,1.0,0.0,0.61,True,0.667,66.7,2,True
J0122,C0146,0.333,1.0,0.0,0.333,1.0,0.61,0.99,True,0.478,47.8,0,False
J0122,C0358,0.667,1.0,1.0,0.667,1.0,0.435,0.99,True,0.777,77.7,3,True
J0122,C0307,0.667,0.75,0.0,0.667,1.0,0.0,0.99,True,0.533,53.3,1,False
J0122,C0414,0.667,1.0,1.0,0.667,1.0,0.0,0.98,True,0.733,73.3,2,True
J0122,C0271,0.667,0.75,0.0,0.667,1.0,0.0,0.98,True,0.533,53.3,1,False
J0122,C0485,0.667,1.0,0.0,0.667,1.0,0.18,0.99,True,0.601,60.1,1,False
J0122,C0462,1.0,0.833,0.0,1.0,1.0,0.32,0.983,True,0.749,74.9,3,True
J0122,C0442,1.0,0.833,0.0,1.0,1.0,0.34,0.983,True,0.751,75.1,3,True
J0122,C0446,1.0,0.833,0.55,1.0,1.0,0.505,0.99,True,0.85,85.0,3,True
J0122,C0368,1.0,0.833,0.0,1.0,1.0,0.0,0.977,True,0.717,71.7,3,True
J0122,C0404,0.667,1.0,0.65,0.667,1.0,0.405,0.99,True,0.721,72.1,2,True
J0122,C0126,0.0,0.0,0.0,0.0,1.0,0.0,0.0,False,0.05,5.0,0,False
J0122,C0452,0.0,0.0,0.0,0.0,1.0,0.0,0.0,False,0.05,5.0,0,False
J0122,C0565,0.0,0.0,1.0,0.0,1.0,0.0,0.0,False,0.2,20.0,0,False
J0122,C0461,0.0,0.0,0.0,0.0,1.0,0.0,0.0,False,0.05,5.0,0,False
J0122,C0038,0.0,0.0,0.0,0.0,1.0,0.0,0.0,False,0.05,5.0,0,False
J0122,C0018,0.333,1.0,1.0,0.333,1.0,0.0,0.99,True,0.567,56.7,1,False
J0122,C0105,0.0,0.0,0.0,0.0,1.0,0.0,0.0,False,0.05,5.0,0,False
J0122,C0469,0.0,0.0,0.95,0.0,1.0,0.0,0.0,False,0.192,19.2,0,False
J0122,C0273,0.0,0.0,0.95,0.0,1.0,0.0,0.0,False,0.192,19.2,0,False
J0122,C0341,0.0,0.0,1.0,0.0,1.0,0.0,0.0,False,0.2,20.0,0,False
J0122,C0208,0.0,0.0,0.6,0.0,1.0,0.0,0.0,False,0.14,14.0,0,False
J0123,C0250,0.4,0.667,0.3,0.2,1.0,0.24,0.895,True,0.432,43.2,0,False
J0123,C0071,0.4,1.0,0.425,0.0,1.0,0.0,0.7,True,0.474,47.4,1,False
J0123,C0078,0.0,0.0,0.0,0.0,1.0,0.0,0.0,True,0.05,5.0,0,False
J0123,C0546,0.6,0.722,0.975,0.0,1.0,0.0,0.793,True,0.581,58.1,2,True
J0123,C0030,0.6,0.444,0.0,0.2,1.0,0.25,0.89,True,0.424,42.4,1,False
J0123,C0310,0.2,1.0,1.0,0.0,1.0,0.9,0.92,True,0.57,57.0,0,False
J0123,C0240,0.8,0.917,1.0,0.0,1.0,0.0,0.695,True,0.703,70.3,2,True
J0123,C0510,0.4,0.583,0.325,0.0,1.0,0.0,0.69,True,0.375,37.5,0,False
J0123,C0149,0.4,1.0,1.0,0.2,1.0,0.0,0.905,True,0.58,58.0,1,False
J0123,C0003,1.0,0.733,0.0,0.2,1.0,0.345,0.742,True,0.651,65.1,1,False
J0123,C0583,0.8,0.458,0.0,0.2,1.0,0.0,0.693,True,0.482,48.2,1,False
J0123,C0258,0.8,0.792,0.0,0.0,1.0,0.41,0.72,True,0.569,56.9,2,True
J0123,C0508,0.8,0.667,0.5,0.4,1.0,0.42,0.875,True,0.66,66.0,1,False
J0123,C0137,0.6,0.667,0.0,0.4,1.0,0.14,0.96,True,0.477,47.7,1,False
J0123,C0079,0.0,0.0,0.0,0.0,0.0,0.0,0.0,False,0.0,0.0,0,False
J0123,C0413,0.2,1.0,0.575,0.0,1.0,0.0,0.82,False,0.416,41.6,0,False
J0123,C0275,0.6,0.611,0.0,0.4,1.0,0.0,0.84,True,0.452,45.2,0,False
J0123,C0254,0.0,0.0,0.0,0.0,1.0,0.0,0.0,False,0.05,5.0,0,False
J0123,C0029,0.2,1.0,0.0,0.0,1.0,0.0,0.78,False,0.33,33.0,0,False
J0123,C0226,0.4,0.75,0.0,0.0,0.5,0.0,0.59,False,0.335,33.5,0,False
J0123,C0361,0.0,0.0,0.475,0.0,0.0,0.0,0.0,False,0.071,7.1,0,False
J0123,C0587,0.4,1.0,0.475,0.0,0.5,0.0,0.7,False,0.456,45.6,0,False
J0123,C0061,0.4,1.0,1.0,0.0,1.0,0.0,0.81,False,0.56,56.0,1,False
J0123,C0080,0.4,1.0,0.375,0.0,1.0,0.0,0.81,True,0.466,46.6,1,False
J0123,C0564,0.4,1.0,0.0,0.0,1.0,0.0,0.78,False,0.41,41.0,0,False
J0124,C0104,1.0,0.667,1.0,1.0,0.5,0.35,0.99,True,0.843,84.3,3,True
J0124,C0485,0.667,0.667,0.0,0.667,0.5,0.0,0.97,True,0.492,49.2,1,False
J0124,C0531,0.667,0.833,1.0,0.667,0.5,0.81,0.99,True,0.756,75.6,2,True
J0124,C0462,0.667,0.333,0.0,0.667,0.5,0.32,0.98,True,0.457,45.7,1,False
J0124,C0013,1.0,0.778,1.0,1.0,0.5,0.61,0.99,True,0.892,89.2,3,True
J0124,C0130,1.0,0.667,1.0,1.0,0.5,0.0,0.977,True,0.808,80.8,3,True
J0124,C0079,0.333,0.333,0.0,0.333,0.5,0.0,0.97,True,0.258,25.8,0,False
J0124,C0358,0.0,0.0,1.0,0.0,1.0,0.0,0.0,True,0.2,20.0,0,False
J0124,C0018,0.333,1.0,1.0,0.333,0.5,0.0,0.97,True,0.542,54.2,1,False
J0124,C0200,0.333,1.0,1.0,0.333,0.5,0.79,0.99,True,0.621,62.1,1,False
J0124,C0408,0.333,1.0,0.0,0.333,0.5,0.0,0.99,True,0.392,39.2,0,False
J0124,C0446,0.667,0.667,1.0,0.667,0.5,0.38,0.99,True,0.68,68.0,2,True
J0124,C0195,0.667,0.833,0.0,0.667,0.5,0.0,0.99,True,0.525,52.5,1,False
J0124,C0146,0.333,0.333,0.0,0.333,1.0,0.32,0.99,True,0.315,31.5,0,False
J0124,C0569,0.0,0.0,0.0,0.0,1.0,0.0,0.0,False,0.05,5.0,0,False
J0124,C0072,0.0,0.0,0.0,0.0,1.0,0.0,0.0,False,0.05,5.0,0,False
J0124,C0170,0.0,0.0,1.0,0.0,1.0,0.0,0.0,False,0.2,20.0,0,False
J0124,C0010,0.0,0.0,1.0,0.0,1.0,0.0,0.0,False,0.2,20.0,0,False
J0124,C0315,0.0,0.0,1.0,0.0,1.0,0.0,0.0,False,0.2,20.0,0,False
J0124,C0293,0.0,0.0,1.0,0.0,1.0,0.0,0.0,False,0.2,20.0,0,False
J0124,C0427,0.0,0.0,1.0,0.0,1.0,0.0,0.0,False,0.2,20.0,0,False
J0124,C0584,0.0,0.0,0.6,0.0,1.0,0.0,0.0,False,0.14,14.0,0,False
J0124,C0449,0.333,1.0,1.0,0.333,0.5,0.78,0.99,True,0.62,62.0,2,True
J0124,C0364,0.0,0.0,1.0,0.0,1.0,0.0,0.0,False,0.2,20.0,0,False
J0124,C0337,0.0,0.0,0.0,0.0,1.0,0.0,0.0,False,0.05,5.0,0,False
J0125,C0389,0.5,0.333,1.0,0.25,0.5,0.0,0.785,True,0.467,46.7,1,False
J0125,C0155,0.5,0.667,1.0,0.0,0.5,0.92,0.86,True,0.6,60.0,2,True
J0125,C0421,0.25,1.0,1.0,0.0,0.5,0.0,0.82,True,0.475,47.5,0,False
J0125,C0244,1.0,0.5,1.0,0.0,0.5,0.28,0.77,True,0.703,70.3,2,True
J0125,C0576,1.0,0.667,1.0,0.75,0.5,0.65,0.938,True,0.848,84.8,3,True
J0125,C0410,0.5,0.5,1.0,0.25,0.0,0.0,0.895,True,0.475,47.5,0,False
J0125,C0575,0.5,0.833,1.0,0.25,0.5,0.5,0.905,True,0.617,61.7,1,False
J0125,C0219,0.75,1.0,1.0,0.75,0.5,0.0,0.983,True,0.75,75.0,2,True
J0125,C0162,0.75,0.444,1.0,0.25,0.5,0.33,0.79,True,0.622,62.2,2,True
J0125,C0222,0.25,1.0,1.0,0.0,1.0,0.0,0.4,True,0.5,50.0,0,False
J0125,C0211,1.0,0.667,1.0,0.0,0.5,0.0,0.64,True,0.708,70.8,3,True
J0125,C0495,0.5,0.667,1.0,0.0,1.0,0.555,0.92,True,0.589,58.9,2,True
J0125,C0096,0.5,0.833,1.0,0.25,0.5,0.5,0.945,True,0.617,61.7,2,True
J0125,C0519,0.5,0.667,1.0,0.25,0.5,0.0,0.795,True,0.533,53.3,1,False
J0125,C0070,0.0,0.0,1.0,0.0,0.5,0.0,0.0,False,0.175,17.5,0,False
J0125,C0543,0.25,1.0,1.0,0.0,0.5,0.0,0.78,False,0.475,47.5,1,False
J0125,C0010,0.0,0.0,1.0,0.0,0.5,0.0,0.0,False,0.175,17.5,0,False
J0125,C0561,0.0,0.0,1.0,0.0,0.0,0.0,0.0,False,0.15,15.0,0,False
J0125,C0322,0.0,0.0,1.0,0.0,0.5,0.0,0.0,False,0.175,17.5,0,False
J0125,C0594,0.75,0.556,1.0,0.75,0.0,0.0,0.983,True,0.636,63.6,2,True
J0125,C0348,0.0,0.0,1.0,0.0,0.5,0.0,0.0,False,0.175,17.5,0,False
J0125,C0303,0.0,0.0,1.0,0.0,0.5,0.0,0.0,False,0.175,17.5,0,False
J0125,C0272,0.0,0.0,1.0,0.0,0.5,0.0,0.0,False,0.175,17.5,0,False
J0125,C0535,0.0,0.0,1.0,0.0,0.5,0.0,0.0,False,0.175,17.5,0,False
J0125,C0445,0.0,0.0,1.0,0.0,0.5,0.0,0.0,False,0.175,17.5,0,False
J0126,C0205,0.2,1.0,1.0,0.0,1.0,0.0,0.6,True,0.48,48.0,1,False
J0126,C0246,0.4,0.75,1.0,0.2,1.0,0.17,0.945,True,0.547,54.7,1,False
J0126,C0471,0.6,0.833,1.0,0.2,1.0,0.22,0.823,True,0.649,64.9,1,False
J0126,C0419,0.8,1.0,1.0,0.0,1.0,0.77,0.725,True,0.797,79.7,3,True
J0126,C0061,0.8,1.0,1.0,0.0,1.0,0.0,0.755,True,0.72,72.0,2,True
J0126,C0441,0.6,1.0,1.0,0.2,1.0,0.21,0.89,True,0.681,68.1,2,True
J0126,C0194,0.8,1.0,1.0,0.2,1.0,0.61,0.788,True,0.801,80.1,3,True
J0126,C0171,1.0,0.9,1.0,0.0,1.0,0.22,0.732,True,0.802,80.2,2,True
J0126,C0542,0.6,0.833,1.0,0.2,1.0,0.21,0.897,True,0.648,64.8,2,True
J0126,C0269,0.6,0.833,1.0,0.4,1.0,0.545,0.96,True,0.701,70.1,2,True
J0126,C0048,0.8,0.875,1.0,0.0,1.0,0.0,0.6,True,0.695,69.5,2,True
J0126,C0353,0.4,1.0,1.0,0.0,0.5,0.0,0.6,True,0.535,53.5,1,False
J0126,C0582,0.4,1.0,1.0,0.0,1.0,0.63,0.76,True,0.623,62.3,1,False
J0126,C0047,0.6,0.833,1.0,0.0,1.0,0.56,0.84,True,0.663,66.3,2,True
J0126,C0546,0.2,1.0,1.0,0.0,1.0,0.0,0.78,False,0.48,48.0,0,False
J0126,C0110,0.0,0.0,1.0,0.0,1.0,0.0,0.0,False,0.2,20.0,0,False
J0126,C0049,0.6,0.833,1.0,0.4,1.0,0.0,0.907,False,0.647,64.7,1,False
J0126,C0599,0.0,0.0,1.0,0.0,1.0,0.0,0.0,False,0.2,20.0,0,False
J0126,C0514,0.4,1.0,1.0,0.2,1.0,0.0,0.795,False,0.58,58.0,1,False
J0126,C0319,0.2,1.0,1.0,0.2,1.0,0.0,0.99,False,0.5,50.0,1,False
J0126,C0334,0.2,1.0,1.0,0.0,1.0,0.0,0.6,False,0.48,48.0,1,False
J0126,C0181,0.2,1.0,1.0,0.0,1.0,0.43,0.92,False,0.523,52.3,2,True
J0126,C0489,0.0,0.0,1.0,0.0,1.0,0.0,0.0,False,0.2,20.0,0,False
J0126,C0425,0.2,1.0,1.0,0.0,1.0,0.0,0.8,False,0.48,48.0,1,False
J0126,C0090,0.0,0.0,1.0,0.0,1.0,0.0,0.0,False,0.2,20.0,0,False
J0127,C0013,0.5,0.667,1.0,0.5,0.5,0.0,0.99,True,0.558,55.8,1,False
J0127,C0200,0.0,0.0,1.0,0.0,0.5,0.0,0.0,True,0.175,17.5,0,False
J0127,C0291,1.0,1.0,1.0,1.0,1.0,0.84,0.99,True,0.984,98.4,3,True
J0127,C0442,0.5,0.333,1.0,0.5,1.0,0.0,0.97,True,0.517,51.7,1,False
J0127,C0414,0.0,0.0,1.0,0.0,0.5,0.0,0.0,True,0.175,17.5,0,False
J0127,C0104,0.5,0.333,1.0,0.5,0.5,0.29,0.99,True,0.521,52.1,0,False
J0127,C0289,1.0,0.833,1.0,0.0,0.5,0.0,0.71,True,0.742,74.2,3,True
J0127,C0151,0.5,1.0,1.0,0.5,0.5,0.86,0.99,True,0.711,71.1,2,True
J0127,C0140,0.5,0.667,1.0,0.5,0.5,0.0,0.99,True,0.558,55.8,1,False
J0127,C0449,1.0,0.833,1.0,0.5,0.5,0.64,0.945,True,0.856,85.6,3,True
J0127,C0057,1.0,0.5,1.0,1.0,1.0,0.0,0.98,True,0.8,80.0,3,True
J0127,C0481,1.0,0.667,1.0,0.0,0.5,0.97,0.87,True,0.805,80.5,3,True
J0127,C0405,0.5,0.333,1.0,0.0,1.0,0.0,0.6,True,0.467,46.7,1,False
J0127,C0446,0.5,0.667,1.0,0.5,0.5,0.41,0.99,True,0.599,59.9,1,False
J0127,C0275,0.0,0.0,1.0,0.0,1.0,0.0,0.0,False,0.2,20.0,0,False
J0127,C0224,0.0,0.0,1.0,0.0,1.0,0.0,0.0,False,0.2,20.0,0,False
J0127,C0333,0.0,0.0,1.0,0.0,1.0,0.0,0.0,False,0.2,20.0,0,False
J0127,C0020,0.0,0.0,1.0,0.0,1.0,0.0,0.0,False,0.2,20.0,0,False
J0127,C0265,0.0,0.0,1.0,0.0,1.0,0.0,0.0,False,0.2,20.0,0,False
J0127,C0525,0.0,0.0,1.0,0.0,1.0,0.0,0.0,False,0.2,20.0,0,False
J0127,C0114,0.0,0.0,1.0,0.0,1.0,0.0,0.0,False,0.2,20.0,0,False
J0127,C0299,0.0,0.0,1.0,0.0,1.0,0.0,0.0,False,0.2,20.0,0,False
J0127,C0558,0.0,0.0,1.0,0.0,1.0,0.0,0.0,False,0.2,20.0,0,False
J0127,C0359,0.0,0.0,1.0,0.0,1.0,0.0,0.0,False,0.2,20.0,0,False
J0127,C0238,0.0,0.0,1.0,0.0,1.0,0.0,0.0,False,0.2,20.0,0,False
J0128,C0554,0.667,1.0,1.0,0.333,1.0,0.0,0.795,True,0.7,70.0,3,True
J0128,C0353,0.333,0.667,1.0,0.0,0.5,0.0,0.8,True,0.442,44.2,0,False
J0128,C0441,0.667,0.667,1.0,0.333,1.0,0.0,0.875,True,0.633,63.3,2,True
J0128,C0174,0.333,0.333,1.0,0.0,1.0,0.0,0.8,True,0.4,40.0,1,False
J0128,C0077,0.667,0.75,1.0,0.0,1.0,0.0,0.78,True,0.617,61.7,1,False
J0128,C0493,0.667,0.75,1.0,0.0,1.0,0.0,0.69,True,0.617,61.7,1,False
J0128,C0308,0.333,1.0,1.0,0.0,1.0,0.0,0.76,True,0.533,53.3,1,False
J0128,C0542,0.667,1.0,1.0,0.333,1.0,0.0,0.875,True,0.7,70.0,2,True
J0128,C0150,0.667,1.0,1.0,0.0,0.5,0.0,0.6,True,0.642,64.2,2,True
J0128,C0226,0.667,0.667,1.0,0.0,0.5,0.0,0.59,True,0.575,57.5,1,False
J0128,C0564,1.0,0.611,1.0,0.0,1.0,0.0,0.78,True,0.722,72.2,2,True
J0128,C0569,0.667,0.75,1.0,0.667,1.0,0.15,0.99,True,0.698,69.8,1,False
J0128,C0205,0.667,0.75,1.0,0.0,1.0,0.0,0.6,True,0.617,61.7,2,True
J0128,C0402,0.333,1.0,1.0,0.0,0.5,0.86,0.94,True,0.594,59.4,3,True
J0128,C0229,0.0,0.0,1.0,0.0,1.0,0.0,0.0,False,0.2,20.0,0,False
J0128,C0499,0.0,0.0,1.0,0.0,1.0,0.0,0.0,False,0.2,20.0,0,False
J0128,C0135,0.333,1.0,1.0,0.333,1.0,0.0,0.99,False,0.567,56.7,1,False
J0128,C0328,0.0,0.0,1.0,0.0,0.5,0.0,0.0,False,0.175,17.5,0,False
J0128,C0461,0.333,0.5,1.0,0.0,1.0,0.0,0.6,False,0.433,43.3,0,False
J0128,C0455,0.0,0.0,1.0,0.0,1.0,0.0,0.0,False,0.2,20.0,0,False
J0128,C0202,0.333,0.333,1.0,0.333,0.5,0.0,0.99,True,0.408,40.8,1,False
J0128,C0019,0.0,0.0,1.0,0.0,0.5,0.0,0.0,False,0.175,17.5,0,False
J0128,C0448,0.333,1.0,1.0,0.333,1.0,0.0,0.97,False,0.567,56.7,1,False
J0128,C0239,0.333,0.5,1.0,0.0,1.0,0.0,0.78,False,0.433,43.3,1,False
J0128,C0565,0.333,1.0,1.0,0.333,1.0,0.0,0.99,False,0.567,56.7,1,False
J0129,C0294,0.8,0.75,1.0,0.6,0.0,0.0,0.938,True,0.68,68.0,2,True
J0129,C0293,1.0,0.933,1.0,0.0,0.5,0.0,0.764,True,0.762,76.2,3,True
J0129,C0502,0.8,0.5,1.0,0.2,0.5,0.0,0.833,True,0.615,61.5,1,False
J0129,C0586,0.4,0.667,1.0,0.0,0.5,0.4,0.91,True,0.508,50.8,1,False
J0129,C0309,0.6,0.778,1.0,0.0,0.5,0.0,0.807,True,0.571,57.1,1,False
J0129,C0065,0.4,1.0,1.0,0.2,0.5,0.73,0.955,True,0.628,62.8,2,True
J0129,C0536,0.2,1.0,1.0,0.2,1.0,0.0,0.99,True,0.5,50.0,1,False
J0129,C0476,0.2,1.0,1.0,0.0,0.5,0.8,0.94,True,0.535,53.5,1,False
J0129,C0039,0.2,0.5,1.0,0.2,0.0,0.0,0.99,True,0.35,35.0,0,False
J0129,C0453,0.2,1.0,1.0,0.2,0.5,0.0,0.99,True,0.475,47.5,1,False
J0129,C0052,0.4,0.833,1.0,0.0,0.5,0.0,0.7,True,0.502,50.2,1,False
J0129,C0317,0.4,0.417,1.0,0.4,1.0,0.33,0.98,True,0.516,51.6,1,False
J0129,C0196,0.6,0.778,1.0,0.0,0.5,0.0,0.8,True,0.571,57.1,1,False
J0129,C0500,0.4,1.0,1.0,0.0,0.5,0.66,0.85,True,0.601,60.1,2,True
J0129,C0314,0.2,0.667,1.0,0.0,0.0,0.52,0.92,False,0.415,41.5,0,False
J0129,C0165,0.2,0.667,1.0,0.0,0.5,0.45,0.9,False,0.433,43.3,1,False
J0129,C0351,0.2,1.0,1.0,0.0,0.5,0.0,0.8,False,0.455,45.5,0,False
J0129,C0562,0.0,0.0,1.0,0.0,0.5,0.0,0.0,False,0.175,17.5,0,False
J0129,C0486,0.0,0.0,1.0,0.0,0.5,0.0,0.0,False,0.175,17.5,0,False
J0129,C0481,0.0,0.0,1.0,0.0,0.0,0.0,0.0,False,0.15,15.0,0,False
J0129,C0450,0.0,0.0,1.0,0.0,0.0,0.0,0.0,False,0.15,15.0,0,False
J0129,C0167,0.0,0.0,1.0,0.0,0.5,0.0,0.0,False,0.175,17.5,0,False
J0129,C0386,0.0,0.0,1.0,0.0,0.5,0.0,0.0,False,0.175,17.5,0,False
J0129,C0184,0.2,0.333,1.0,0.2,0.5,0.0,0.97,False,0.342,34.2,0,False
J0129,C0352,0.0,0.0,1.0,0.0,0.5,0.0,0.0,False,0.175,17.5,0,False
J0130,C0505,0.5,0.75,0.0,0.0,1.0,0.15,0.76,True,0.415,41.5,0,False
J0130,C0394,0.25,0.5,0.8,0.0,1.0,0.0,0.8,True,0.37,37.0,0,False
J0130,C0334,0.0,0.0,0.9,0.0,1.0,0.0,0.0,True,0.185,18.5,0,False
J0130,C0102,0.5,0.75,1.0,0.25,1.0,0.0,0.795,True,0.575,57.5,1,False
J0130,C0089,0.5,0.5,0.65,0.0,1.0,0.33,0.88,True,0.481,48.1,1,False
J0130,C0465,0.75,0.667,0.0,0.0,1.0,0.22,0.7,True,0.505,50.5,1,False
J0130,C0417,0.75,0.833,1.0,0.0,1.0,0.0,0.793,True,0.667,66.7,2,True
J0130,C0423,0.25,1.0,1.0,0.25,1.0,0.0,0.99,True,0.525,52.5,1,False
J0130,C0112,0.25,0.5,0.0,0.0,1.0,0.0,0.78,True,0.25,25.0,0,False
J0130,C0232,0.25,0.5,0.0,0.0,1.0,0.0,0.6,True,0.25,25.0,0,False
J0130,C0425,0.5,1.0,0.9,0.0,1.0,0.0,0.81,True,0.585,58.5,1,False
J0130,C0488,0.5,0.5,0.0,0.0,1.0,0.4,0.85,True,0.39,39.0,0,False
J0130,C0073,0.25,0.5,1.0,0.0,1.0,0.0,0.78,True,0.4,40.0,0,False
J0130,C0456,0.25,0.5,0.0,0.25,1.0,0.0,0.97,True,0.275,27.5,0,False
J0130,C0141,0.0,0.0,1.0,0.0,1.0,0.0,0.0,False,0.2,20.0,0,False
J0130,C0308,0.0,0.0,0.0,0.0,1.0,0.0,0.0,False,0.05,5.0,0,False
J0130,C0331,0.0,0.0,0.7,0.0,1.0,0.0,0.0,False,0.155,15.5,0,False
J0130,C0372,0.0,0.0,0.5,0.0,1.0,0.0,0.0,False,0.125,12.5,0,False
J0130,C0233,0.25,0.5,0.9,0.0,1.0,0.35,0.9,False,0.42,42.0,1,False
J0130,C0455,0.25,0.5,0.0,0.25,1.0,0.0,0.99,False,0.275,27.5,0,False
J0130,C0176,0.5,1.0,1.0,0.0,1.0,0.0,0.7,True,0.6,60.0,1,False
J0130,C0288,0.25,1.0,0.45,0.0,1.0,0.0,0.82,False,0.418,41.8,0,False
J0130,C0158,0.0,0.0,0.9,0.0,1.0,0.0,0.0,False,0.185,18.5,0,False
J0130,C0040,0.0,0.0,1.0,0.0,0.5,0.0,0.0,True,0.175,17.5,0,False
J0130,C0057,0.0,0.0,1.0,0.0,0.5,0.0,0.0,False,0.175,17.5,0,False
J0131,C0460,0.333,1.0,1.0,0.0,1.0,0.0,0.76,True,0.533,53.3,1,False
J0131,C0153,1.0,0.889,1.0,0.0,1.0,0.0,0.68,True,0.778,77.8,3,True
J0131,C0486,0.333,1.0,1.0,0.0,1.0,0.0,0.8,True,0.533,53.3,1,False
J0131,C0494,0.667,1.0,1.0,0.0,1.0,0.77,0.85,True,0.744,74.4,3,True
J0131,C0600,1.0,0.889,1.0,0.333,1.0,0.0,0.863,True,0.811,81.1,3,True
J0131,C0513,1.0,0.611,1.0,0.0,1.0,0.0,0.72,True,0.722,72.2,2,True
J0131,C0299,0.0,0.0,1.0,0.0,1.0,0.0,0.0,True,0.2,20.0,0,False
J0131,C0477,1.0,0.778,1.0,0.0,1.0,0.19,0.82,True,0.775,77.5,3,True
J0131,C0480,0.667,1.0,1.0,0.0,1.0,0.76,0.87,True,0.743,74.3,2,True
J0131,C0482,0.667,0.667,1.0,0.0,0.5,0.0,0.59,True,0.575,57.5,1,False
J0131,C0511,0.667,1.0,1.0,0.0,1.0,0.0,0.5,True,0.667,66.7,2,True
J0131,C0278,0.667,1.0,1.0,0.333,1.0,0.0,0.695,True,0.7,70.0,2,True
J0131,C0147,0.333,0.333,1.0,0.0,1.0,0.27,0.9,True,0.427,42.7,0,False
J0131,C0387,0.333,1.0,1.0,0.0,1.0,0.0,0.82,True,0.533,53.3,1,False
J0131,C0007,0.0,0.0,1.0,0.0,1.0,0.0,0.0,False,0.2,20.0,0,False
J0131,C0512,0.0,0.0,1.0,0.0,1.0,0.0,0.0,False,0.2,20.0,0,False
J0131,C0039,0.0,0.0,1.0,0.0,0.5,0.0,0.0,False,0.175,17.5,0,False
J0131,C0495,0.0,0.0,1.0,0.0,1.0,0.0,0.0,False,0.2,20.0,0,False
J0131,C0470,0.333,1.0,1.0,0.0,1.0,0.84,0.92,False,0.617,61.7,2,True
J0131,C0071,0.333,0.667,1.0,0.0,1.0,0.0,0.6,False,0.467,46.7,1,False
J0131,C0534,0.0,0.0,1.0,0.0,1.0,0.0,0.0,False,0.2,20.0,0,False
J0131,C0537,0.0,0.0,1.0,0.0,1.0,0.0,0.0,False,0.2,20.0,0,False
J0131,C0095,0.333,0.333,1.0,0.0,1.0,0.0,0.78,False,0.4,40.0,0,False
J0131,C0349,0.0,0.0,1.0,0.0,1.0,0.0,0.0,False,0.2,20.0,0,False
J0131,C0543,0.667,1.0,1.0,0.333,1.0,0.0,0.785,True,0.7,70.0,2,True
J0132,C0277,0.5,0.833,0.7,0.0,0.5,0.0,0.8,True,0.497,49.7,1,False
J0132,C0375,0.25,0.5,0.0,0.0,0.5,0.0,0.78,True,0.225,22.5,0,False
J0132,C0491,0.5,0.5,0.0,0.25,0.5,0.0,0.785,True,0.35,35.0,0,False
J0132,C0561,0.75,1.0,1.0,0.25,0.0,0.0,0.87,True,0.675,67.5,2,True
J0132,C0558,0.25,1.0,0.0,0.25,0.5,0.0,0.97,True,0.35,35.0,0,False
J0132,C0184,0.25,1.0,0.333,0.25,0.5,0.0,0.97,True,0.4,40.0,0,False
J0132,C0159,0.25,1.0,0.467,0.0,0.0,0.0,0.82,True,0.37,37.0,1,False
J0132,C0319,0.25,1.0,1.0,0.25,0.5,0.0,0.99,True,0.5,50.0,1,False
J0132,C0391,0.75,0.667,0.333,0.25,0.5,0.0,0.85,True,0.533,53.3,1,False
J0132,C0228,0.5,1.0,0.633,0.0,0.5,0.0,0.78,True,0.52,52.0,1,False
J0132,C0297,0.75,0.833,0.6,0.25,0.5,0.0,0.863,True,0.607,60.7,1,False
J0132,C0315,0.5,1.0,1.0,0.25,0.5,0.88,0.935,True,0.688,68.8,2,True
J0132,C0548,0.5,0.833,0.7,0.25,0.5,0.65,0.905,True,0.587,58.7,1,False
J0132,C0589,0.75,1.0,1.0,0.5,0.0,0.525,0.973,True,0.753,75.2,2,True
J0132,C0367,0.0,0.0,0.0,0.0,0.5,0.0,0.0,False,0.025,2.5,0,False
J0132,C0096,0.25,1.0,0.733,0.25,0.5,0.0,0.99,False,0.46,46.0,1,False
J0132,C0432,0.5,0.75,0.0,0.0,0.5,0.0,0.69,False,0.375,37.5,0,False
J0132,C0340,0.5,0.833,0.867,0.0,0.5,0.0,0.7,True,0.522,52.2,1,False
J0132,C0317,0.25,1.0,0.0,0.0,1.0,0.0,0.4,False,0.35,35.0,0,False
J0132,C0197,0.5,1.0,1.0,0.0,0.5,0.0,0.5,False,0.575,57.5,2,True
J0132,C0269,0.0,0.0,0.0,0.0,0.5,0.0,0.0,False,0.025,2.5,0,False
J0132,C0417,0.5,0.75,0.667,0.0,0.5,0.17,0.88,False,0.492,49.2,1,False
J0132,C0474,0.75,0.611,0.0,0.75,1.0,0.18,0.983,True,0.565,56.5,2,True
J0132,C0060,0.25,1.0,1.0,0.25,0.5,0.0,0.99,False,0.5,50.0,1,False
J0132,C0503,0.0,0.0,0.0,0.0,0.5,0.0,0.0,False,0.025,2.5,0,False
J0133,C0202,0.667,0.417,0.425,0.333,0.5,0.0,0.905,True,0.472,47.2,1,False
J0133,C0431,0.333,0.5,0.0,0.333,1.0,0.0,0.97,True,0.317,31.7,0,False
J0133,C0555,0.667,1.0,0.55,0.333,1.0,0.0,0.885,True,0.633,63.3,1,False
J0133,C0179,0.333,0.5,0.325,0.0,1.0,0.17,0.94,True,0.349,34.9,0,False
J0133,C0566,0.667,0.833,1.0,0.0,1.0,0.92,0.85,True,0.725,72.5,2,True
J0133,C0525,0.667,0.583,0.0,0.0,1.0,0.0,0.69,True,0.433,43.3,0,False
J0133,C0082,0.333,1.0,0.975,0.0,1.0,0.0,0.6,True,0.53,53.0,1,False
J0133,C0587,0.667,1.0,0.475,0.0,0.5,0.68,0.87,True,0.631,63.1,2,True
J0133,C0081,0.667,1.0,1.0,0.667,1.0,0.0,0.98,True,0.733,73.3,3,True
J0133,C0129,0.333,1.0,0.7,0.0,1.0,0.0,0.8,True,0.488,48.8,0,False
J0133,C0441,0.333,0.333,0.225,0.333,1.0,0.0,0.97,True,0.317,31.7,0,False
J0133,C0085,0.0,0.0,0.2,0.0,1.0,0.0,0.0,True,0.08,8.0,0,False
J0133,C0029,0.333,0.333,0.0,0.333,1.0,0.3,0.99,True,0.313,31.3,0,False
J0133,C0105,0.667,0.417,0.0,0.0,0.5,0.0,0.77,True,0.375,37.5,0,False
J0133,C0574,0.333,1.0,0.0,0.333,1.0,0.0,0.97,False,0.417,41.7,1,False
J0133,C0033,0.0,0.0,0.4,0.0,1.0,0.0,0.0,False,0.11,11.0,0,False
J0133,C0089,0.0,0.0,0.325,0.0,1.0,0.0,0.0,False,0.099,9.9,0,False
J0133,C0240,0.333,1.0,1.0,0.0,1.0,0.0,0.78,False,0.533,53.3,1,False
J0133,C0042,0.333,1.0,0.7,0.0,1.0,0.0,0.82,False,0.488,48.8,0,False
J0133,C0371,0.0,0.0,0.0,0.0,1.0,0.0,0.0,False,0.05,5.0,0,False
J0133,C0146,0.0,0.0,0.0,0.0,0.5,0.0,0.0,False,0.025,2.5,0,False
J0133,C0016,0.333,0.5,0.0,0.0,1.0,0.38,0.9,False,0.321,32.1,0,False
J0133,C0426,0.0,0.0,0.525,0.0,1.0,0.0,0.0,False,0.129,12.9,0,False
J0133,C0199,0.0,0.0,0.675,0.0,1.0,0.0,0.0,False,0.151,15.1,0,False
J0134,C0383,0.6,1.0,1.0,0.2,1.0,0.38,0.937,True,0.698,69.8,2,True
J0134,C0537,0.8,1.0,1.0,0.4,1.0,0.0,0.89,True,0.76,76.0,3,True
J0134,C0193,1.0,0.9,1.0,0.0,1.0,0.25,0.832,True,0.805,80.5,3,True
J0134,C0374,0.6,0.833,1.0,0.6,1.0,0.0,0.983,True,0.667,66.7,1,False
J0134,C0188,0.6,1.0,1.0,0.0,1.0,0.66,0.82,True,0.706,70.6,3,True
J0134,C0204,0.6,0.833,1.0,0.0,1.0,0.24,0.9,True,0.631,63.1,2,True
J0134,C0541,0.6,1.0,1.0,0.2,1.0,0.0,0.797,True,0.66,66.0,1,False
J0134,C0064,1.0,1.0,1.0,0.4,1.0,0.95,0.9,True,0.935,93.5,3,True
J0134,C0501,0.8,1.0,1.0,0.8,1.0,0.0,0.985,True,0.8,80.0,3,True
J0134,C0444,0.6,1.0,1.0,0.0,1.0,0.0,0.6,True,0.64,64.0,2,True
J0134,C0595,0.8,0.875,1.0,0.2,0.5,0.0,0.643,True,0.69,69.0,2,True
J0134,C0376,1.0,1.0,1.0,0.0,1.0,0.0,0.724,True,0.8,80.0,2,True
J0134,C0006,0.6,1.0,1.0,0.0,1.0,0.905,0.88,True,0.73,73.0,3,True
J0134,C0131,0.8,1.0,1.0,0.2,1.0,0.0,0.787,True,0.74,74.0,3,True
J0134,C0092,0.2,1.0,1.0,0.0,1.0,0.0,0.78,False,0.48,48.0,1,False
J0134,C0461,0.0,0.0,1.0,0.0,1.0,0.0,0.0,False,0.2,20.0,0,False
J0134,C0456,0.2,1.0,1.0,0.0,1.0,0.0,0.78,False,0.48,48.0,0,False
J0134,C0181,0.2,1.0,1.0,0.0,1.0,0.63,0.9,False,0.543,54.3,1,False
J0134,C0062,0.0,0.0,1.0,0.0,1.0,0.0,0.0,False,0.2,20.0,0,False
J0134,C0469,0.2,1.0,1.0,0.0,1.0,0.0,0.8,False,0.48,48.0,0,False
J0134,C0290,0.0,0.0,1.0,0.0,1.0,0.0,0.0,False,0.2,20.0,0,False
J0134,C0307,0.0,0.0,1.0,0.0,0.0,0.0,0.0,False,0.15,15.0,0,False
J0134,C0495,0.0,0.0,1.0,0.0,1.0,0.0,0.0,False,0.2,20.0,0,False
J0134,C0134,0.0,0.0,1.0,0.0,1.0,0.0,0.0,False,0.2,20.0,0,False
J0134,C0144,0.2,0.5,1.0,0.0,1.0,0.0,0.6,False,0.38,38.0,0,False
J0135,C0462,1.0,0.389,1.0,1.0,1.0,0.0,0.977,True,0.778,77.8,3,True
J0135,C0442,0.667,0.417,1.0,0.667,1.0,0.34,0.98,True,0.651,65.1,2,True
J0135,C0291,0.667,1.0,1.0,0.667,1.0,0.84,0.99,True,0.817,81.7,3,True
J0135,C0146,0.667,0.5,1.0,0.667,1.0,0.465,0.99,True,0.68,68.0,2,True
J0135,C0307,0.333,0.5,1.0,0.333,1.0,0.0,0.99,True,0.467,46.7,1,False
J0135,C0057,0.667,0.5,1.0,0.667,1.0,0.0,0.98,True,0.633,63.3,1,False
J0135,C0079,0.667,0.667,1.0,0.667,1.0,0.0,0.97,True,0.667,66.7,2,True
J0135,C0289,0.667,0.833,1.0,0.0,1.0,0.0,0.71,True,0.633,63.3,2,True
J0135,C0130,0.667,0.583,1.0,0.667,1.0,0.0,0.99,True,0.65,65.0,2,True
J0135,C0408,0.333,1.0,1.0,0.333,1.0,0.7,0.99,True,0.637,63.7,2,True
J0135,C0292,0.667,0.833,1.0,0.333,1.0,0.63,0.945,True,0.73,73.0,3,True
J0135,C0531,0.333,1.0,1.0,0.333,1.0,0.93,0.99,True,0.66,66.0,2,True
J0135,C0282,0.333,0.333,1.0,0.333,1.0,0.36,0.99,True,0.469,46.9,0,False
J0135,C0195,0.333,0.667,1.0,0.333,1.0,0.0,0.99,True,0.5,50.0,1,False
J0135,C0123,0.0,0.0,1.0,0.0,1.0,0.0,0.0,False,0.2,20.0,0,False
J0135,C0593,0.0,0.0,1.0,0.0,1.0,0.0,0.0,False,0.2,20.0,0,False
J0135,C0548,0.0,0.0,1.0,0.0,1.0,0.0,0.0,False,0.2,20.0,0,False
J0135,C0138,0.0,0.0,1.0,0.0,1.0,0.0,0.0,False,0.2,20.0,0,False
J0135,C0523,0.0,0.0,1.0,0.0,1.0,0.0,0.0,False,0.2,20.0,0,False
J0135,C0009,0.0,0.0,1.0,0.0,1.0,0.0,0.0,False,0.2,20.0,0,False
J0135,C0261,0.0,0.0,1.0,0.0,1.0,0.0,0.0,False,0.2,20.0,0,False
J0135,C0542,0.0,0.0,1.0,0.0,1.0,0.0,0.0,False,0.2,20.0,0,False
J0135,C0336,0.0,0.0,1.0,0.0,1.0,0.0,0.0,False,0.2,20.0,0,False
J0135,C0356,0.0,0.0,1.0,0.0,1.0,0.0,0.0,False,0.2,20.0,0,False
J0136,C0460,1.0,0.444,0.0,0.0,1.0,0.18,0.82,True,0.557,55.7,1,False
J0136,C0183,0.0,0.0,1.0,0.0,1.0,0.0,0.0,True,0.2,20.0,0,False
J0136,C0385,0.0,0.0,0.4,0.0,1.0,0.0,0.0,True,0.11,11.0,0,False
J0136,C0436,1.0,0.722,0.867,0.0,0.5,0.0,0.793,True,0.699,69.9,3,True
J0136,C0354,0.667,0.583,0.0,0.0,1.0,0.0,0.6,True,0.433,43.3,1,False
J0136,C0396,0.0,0.0,0.8,0.0,1.0,0.0,0.0,True,0.17,17.0,0,False
J0136,C0343,0.333,1.0,1.0,0.0,1.0,0.5,0.92,True,0.583,58.3,1,False
J0136,C0147,0.333,0.333,0.0,0.333,1.0,0.0,0.97,True,0.283,28.3,0,False
J0136,C0286,0.333,0.333,0.0,0.333,1.0,0.0,0.97,True,0.283,28.3,0,False
J0136,C0119,0.333,1.0,0.6,0.0,1.0,0.86,0.9,True,0.559,55.9,2,True
J0136,C0600,0.667,0.833,1.0,0.0,1.0,0.0,0.78,True,0.633,63.3,1,False
J0136,C0301,0.667,0.417,0.4,0.0,1.0,0.0,0.8,True,0.46,46.0,1,False
J0136,C0439,0.0,0.0,0.0,0.0,1.0,0.0,0.0,True,0.05,5.0,0,False
J0136,C0494,0.333,1.0,1.0,0.0,1.0,0.0,0.78,True,0.533,53.3,1,False
J0136,C0076,0.0,0.0,0.0,0.0,1.0,0.0,0.0,False,0.05,5.0,0,False
J0136,C0410,0.333,1.0,0.867,0.333,0.5,0.0,0.97,False,0.522,52.2,1,False
J0136,C0542,0.0,0.0,0.0,0.0,1.0,0.0,0.0,False,0.05,5.0,0,False
J0136,C0457,0.0,0.0,0.0,0.0,1.0,0.0,0.0,False,0.05,5.0,0,False
J0136,C0509,0.0,0.0,0.867,0.0,1.0,0.0,0.0,False,0.18,18.0,0,False
J0136,C0353,0.0,0.0,0.233,0.0,0.5,0.0,0.0,False,0.06,6.0,0,False
J0136,C0272,0.0,0.0,0.0,0.0,1.0,0.0,0.0,False,0.05,5.0,0,False
J0136,C0122,0.0,0.0,0.0,0.0,1.0,0.0,0.0,False,0.05,5.0,0,False
J0136,C0088,0.0,0.0,0.767,0.0,1.0,0.0,0.0,False,0.165,16.5,0,False
J0136,C0529,0.0,0.0,0.5,0.0,1.0,0.0,0.0,False,0.125,12.5,0,False
J0136,C0302,0.333,1.0,0.0,0.333,1.0,0.0,0.97,False,0.417,41.7,1,False
J0137,C0503,0.333,0.5,0.0,0.0,1.0,0.0,0.6,True,0.283,28.3,0,False
J0137,C0406,0.333,0.333,0.0,0.333,1.0,0.23,0.99,True,0.306,30.6,0,False
J0137,C0113,0.333,0.5,0.75,0.0,1.0,0.0,0.76,True,0.396,39.6,0,False
J0137,C0437,0.0,0.0,1.0,0.0,0.5,0.0,0.0,True,0.175,17.5,0,False
J0137,C0230,0.667,0.417,0.0,0.0,1.0,0.0,0.69,True,0.4,40.0,1,False
J0137,C0215,0.667,0.417,0.4,0.0,1.0,0.0,0.69,True,0.46,46.0,0,False
J0137,C0438,0.333,0.5,0.0,0.0,1.0,0.0,0.78,True,0.283,28.3,0,False
J0137,C0056,0.667,0.667,1.0,0.0,1.0,0.0,0.81,True,0.6,60.0,2,True
J0137,C0411,0.333,0.333,0.0,0.0,1.0,0.0,0.78,True,0.25,25.0,0,False
J0137,C0088,1.0,0.778,1.0,0.667,1.0,0.0,0.933,True,0.822,82.2,3,True
J0137,C0190,0.333,0.5,0.0,0.0,1.0,0.28,0.9,True,0.311,31.1,0,False
J0137,C0504,0.667,0.333,0.0,0.333,1.0,0.0,0.875,True,0.417,41.7,0,False
J0137,C0042,0.333,0.667,1.0,0.0,1.0,0.0,0.6,True,0.467,46.7,1,False
J0137,C0398,0.333,0.667,1.0,0.0,1.0,0.0,0.78,True,0.467,46.7,0,False
J0137,C0001,0.0,0.0,1.0,0.0,1.0,0.0,0.0,False,0.2,20.0,0,False
J0137,C0184,0.0,0.0,0.5,0.0,1.0,0.0,0.0,False,0.125,12.5,0,False
J0137,C0449,0.0,0.0,0.85,0.0,0.0,0.0,0.0,False,0.128,12.8,0,False
J0137,C0441,0.333,0.5,0.45,0.0,1.0,0.21,0.92,False,0.372,37.2,0,False
J0137,C0252,0.333,0.333,0.0,0.0,1.0,0.0,0.4,True,0.25,25.0,0,False
J0137,C0016,1.0,0.389,0.0,0.333,1.0,0.195,0.897,True,0.581,58.1,1,False
J0137,C0052,0.0,0.0,1.0,0.0,1.0,0.0,0.0,False,0.2,20.0,0,False
J0137,C0115,0.0,0.0,0.3,0.0,0.5,0.0,0.0,False,0.07,7.0,0,False
J0137,C0368,0.0,0.0,0.0,0.0,0.0,0.0,0.0,False,0.0,0.0,0,False
J0137,C0500,0.0,0.0,0.0,0.0,1.0,0.0,0.0,False,0.05,5.0,0,False
J0137,C0232,0.0,0.0,0.0,0.0,1.0,0.0,0.0,False,0.05,5.0,0,False
J0138,C0511,1.0,0.889,1.0,0.0,1.0,0.49,0.627,True,0.827,82.7,3,True
J0138,C0031,0.667,0.833,1.0,0.333,1.0,0.0,0.895,True,0.667,66.7,1,False
J0138,C0251,0.667,0.833,0.0,0.333,1.0,0.0,0.785,True,0.517,51.7,1,False
J0138,C0278,0.333,1.0,1.0,0.0,1.0,0.0,0.4,True,0.533,53.3,1,False
J0138,C0147,0.0,0.0,0.0,0.0,1.0,0.0,0.0,True,0.05,5.0,0,False
J0138,C0183,0.333,1.0,1.0,0.333,1.0,0.0,0.99,True,0.567,56.7,1,False
J0138,C0110,0.0,0.0,0.0,0.0,1.0,0.0,0.0,True,0.05,5.0,0,False
J0138,C0439,0.333,0.5,0.0,0.0,1.0,0.0,0.78,True,0.283,28.3,0,False
J0138,C0119,0.667,1.0,0.6,0.0,1.0,0.5,0.87,True,0.657,65.7,2,True
J0138,C0600,1.0,0.889,1.0,0.333,1.0,0.0,0.79,True,0.811,81.1,3,True
J0138,C0213,0.333,1.0,1.0,0.333,1.0,0.94,0.99,True,0.661,66.1,3,True
J0138,C0199,0.0,0.0,0.9,0.0,1.0,0.0,0.0,True,0.185,18.5,0,False
J0138,C0354,0.667,0.75,0.0,0.0,1.0,0.14,0.83,True,0.481,48.1,1,False
J0138,C0254,0.0,0.0,0.0,0.0,1.0,0.0,0.0,True,0.05,5.0,0,False
J0138,C0496,0.333,1.0,0.467,0.333,1.0,0.0,0.99,False,0.487,48.7,1,False
J0138,C0297,0.333,1.0,0.6,0.0,1.0,0.0,0.8,False,0.473,47.3,1,False
J0138,C0420,0.0,0.0,1.0,0.0,1.0,0.0,0.0,False,0.2,20.0,0,False
J0138,C0502,0.0,0.0,0.0,0.0,1.0,0.0,0.0,False,0.05,5.0,0,False
J0138,C0385,0.333,1.0,0.4,0.0,1.0,0.0,0.78,True,0.443,44.3,1,False
J0138,C0389,0.0,0.0,0.0,0.0,1.0,0.0,0.0,False,0.05,5.0,0,False
J0138,C0327,0.333,1.0,1.0,0.0,1.0,0.0,0.6,False,0.533,53.3,1,False
J0138,C0308,0.0,0.0,0.0,0.0,1.0,0.0,0.0,False,0.05,5.0,0,False
J0138,C0150,0.0,0.0,0.0,0.0,1.0,0.0,0.0,False,0.05,5.0,0,False
J0138,C0063,0.0,0.0,0.0,0.0,1.0,0.0,0.0,False,0.05,5.0,0,False
J0138,C0548,0.333,1.0,0.7,0.0,1.0,0.0,0.82,False,0.488,48.8,0,False
J0139,C0411,0.333,0.5,1.0,0.0,1.0,0.0,0.6,True,0.433,43.3,0,False
J0139,C0390,0.667,1.0,1.0,0.0,1.0,0.83,0.85,True,0.75,75.0,3,True
J0139,C0406,0.333,0.5,1.0,0.333,1.0,0.2,0.99,True,0.487,48.7,0,False
J0139,C0252,0.667,0.75,1.0,0.333,1.0,0.13,0.945,True,0.663,66.3,2,True
J0139,C0362,0.667,1.0,1.0,0.0,1.0,0.0,0.79,True,0.667,66.7,2,True
J0139,C0045,0.667,1.0,1.0,0.0,0.5,0.795,0.93,True,0.721,72.1,3,True
J0139,C0437,0.333,1.0,1.0,0.0,0.5,0.0,0.76,True,0.508,50.8,1,False
J0139,C0024,0.667,1.0,1.0,0.333,1.0,0.8,0.965,True,0.78,78.0,2,True
J0139,C0503,0.333,1.0,1.0,0.0,1.0,0.0,0.78,True,0.533,53.3,0,False
J0139,C0141,0.667,1.0,1.0,0.333,1.0,0.59,0.955,True,0.759,75.9,3,True
J0139,C0549,0.333,1.0,1.0,0.0,1.0,0.84,0.92,True,0.617,61.7,1,False
J0139,C0215,0.333,0.5,1.0,0.0,1.0,0.38,0.92,True,0.471,47.1,1,False
J0139,C0539,0.667,0.5,1.0,0.333,0.5,0.0,0.785,True,0.575,57.5,1,False
J0139,C0103,0.0,0.0,1.0,0.0,0.5,0.0,0.0,True,0.175,17.5,0,False
J0139,C0275,0.0,0.0,1.0,0.0,1.0,0.0,0.0,False,0.2,20.0,0,False
J0139,C0167,0.0,0.0,1.0,0.0,1.0,0.0,0.0,True,0.2,20.0,0,False
J0139,C0074,0.333,1.0,1.0,0.0,1.0,0.0,0.76,False,0.533,53.3,1,False
J0139,C0027,0.333,1.0,1.0,0.0,1.0,0.0,0.8,False,0.533,53.3,1,False
J0139,C0163,0.333,1.0,1.0,0.0,0.5,0.0,0.6,False,0.508,50.8,1,False
J0139,C0001,0.0,0.0,1.0,0.0,1.0,0.0,0.0,False,0.2,20.0,0,False
J0139,C0039,0.0,0.0,1.0,0.0,0.5,0.0,0.0,False,0.175,17.5,0,False
J0139,C0093,0.333,1.0,1.0,0.0,1.0,0.0,0.78,False,0.533,53.3,1,False
J0139,C0485,0.0,0.0,1.0,0.0,0.0,0.0,0.0,False,0.15,15.0,0,False
J0139,C0295,0.333,1.0,1.0,0.0,1.0,0.0,0.6,False,0.533,53.3,1,False
J0140,C0303,0.6,0.667,1.0,0.0,1.0,0.0,0.593,True,0.573,57.3,2,True
J0140,C0148,0.4,0.5,1.0,0.0,1.0,0.0,0.68,True,0.46,46.0,0,False
J0140,C0390,0.2,0.5,1.0,0.0,1.0,0.0,0.78,True,0.38,38.0,0,False
J0140,C0056,0.2,1.0,1.0,0.0,1.0,0.0,0.82,True,0.48,48.0,1,False
J0140,C0173,0.4,0.75,1.0,0.0,1.0,0.31,0.76,True,0.541,54.1,1,False
J0140,C0339,0.4,1.0,1.0,0.0,1.0,0.62,0.86,True,0.622,62.2,2,True
J0140,C0141,0.2,1.0,1.0,0.2,1.0,0.0,0.99,True,0.5,50.0,1,False
J0140,C0549,1.0,1.0,1.0,0.0,1.0,0.74,0.816,True,0.874,87.4,3,True
J0140,C0097,0.4,1.0,1.0,0.0,1.0,0.0,0.79,True,0.56,56.0,1,False
J0140,C0273,0.2,1.0,1.0,0.2,1.0,0.61,0.99,True,0.561,56.1,1,False
J0140,C0014,0.4,0.5,1.0,0.0,1.0,0.0,0.69,True,0.46,46.0,0,False
J0140,C0167,0.6,1.0,1.0,0.2,1.0,0.85,0.823,True,0.745,74.5,3,True
J0140,C0230,0.6,0.5,1.0,0.4,1.0,0.0,0.853,True,0.58,58.0,1,False
J0140,C0113,0.8,0.75,1.0,0.0,1.0,0.0,0.75,True,0.67,67.0,3,True
J0140,C0569,0.2,0.5,1.0,0.0,1.0,0.33,0.9,False,0.413,41.3,0,False
J0140,C0576,0.0,0.0,1.0,0.0,1.0,0.0,0.0,False,0.2,20.0,0,False
J0140,C0593,0.0,0.0,1.0,0.0,1.0,0.0,0.0,False,0.2,20.0,0,False
J0140,C0214,0.2,0.5,1.0,0.0,1.0,0.0,0.8,False,0.38,38.0,0,False
J0140,C0533,0.2,1.0,1.0,0.0,1.0,0.0,0.4,False,0.48,48.0,1,False
J0140,C0092,0.0,0.0,1.0,0.0,1.0,0.0,0.0,False,0.2,20.0,0,False
J0140,C0208,0.2,0.5,1.0,0.0,1.0,0.0,0.78,True,0.38,38.0,0,False
J0140,C0343,0.0,0.0,1.0,0.0,1.0,0.0,0.0,False,0.2,20.0,0,False
J0140,C0144,0.2,0.5,1.0,0.0,1.0,0.0,0.6,False,0.38,38.0,0,False
J0140,C0260,0.2,1.0,1.0,0.0,1.0,0.0,0.8,False,0.48,48.0,0,False
J0140,C0411,0.6,0.667,1.0,0.0,1.0,0.0,0.72,True,0.573,57.3,2,True
J0141,C0184,0.333,0.5,0.2,0.333,0.5,0.0,0.97,True,0.322,32.2,0,False
J0141,C0491,0.667,0.5,0.0,0.667,0.5,0.0,0.98,True,0.458,45.8,0,False
J0141,C0256,0.667,1.0,0.4,0.0,0.5,0.41,0.75,True,0.593,59.3,1,False
J0141,C0319,0.333,1.0,0.76,0.0,0.5,0.0,0.6,True,0.472,47.2,1,False
J0141,C0059,0.0,0.0,0.22,0.0,0.0,0.0,0.0,True,0.033,3.3,0,False
J0141,C0589,0.667,1.0,1.0,0.333,0.0,0.42,0.885,True,0.692,69.2,2,True
J0141,C0136,0.667,0.75,0.0,0.0,0.5,0.0,0.58,True,0.442,44.2,0,False
J0141,C0474,0.0,0.0,0.0,0.0,1.0,0.0,0.0,True,0.05,5.0,0,False
J0141,C0335,1.0,0.5,0.0,0.0,1.0,0.36,0.707,True,0.586,58.6,1,False
J0141,C0558,0.333,0.5,0.0,0.333,0.5,0.0,0.97,True,0.292,29.2,0,False
J0141,C0548,0.333,1.0,0.42,0.0,0.5,0.0,0.82,True,0.421,42.1,0,False
J0141,C0159,0.667,0.5,0.28,0.0,0.0,0.28,0.86,True,0.437,43.7,1,False
J0141,C0277,0.667,0.5,0.42,0.0,0.5,0.2,0.85,True,0.475,47.5,1,False
J0141,C0228,0.0,0.0,0.38,0.0,0.5,0.0,0.0,True,0.082,8.2,0,False
J0141,C0559,0.0,0.0,0.0,0.0,1.0,0.0,0.0,False,0.05,5.0,0,False
J0141,C0246,0.0,0.0,0.0,0.0,0.5,0.0,0.0,False,0.025,2.5,0,False
J0141,C0438,0.0,0.0,0.0,0.0,1.0,0.0,0.0,False,0.05,5.0,0,False
J0141,C0595,0.333,0.5,0.0,0.333,0.0,0.0,0.99,False,0.267,26.7,0,False
J0141,C0510,0.0,0.0,0.26,0.0,0.5,0.0,0.0,False,0.064,6.4,0,False
J0141,C0463,0.333,1.0,0.0,0.0,0.5,0.0,0.6,False,0.358,35.8,0,False
J0141,C0103,0.333,0.5,0.0,0.0,0.0,0.0,0.78,False,0.233,23.3,0,False
J0141,C0018,0.0,0.0,0.58,0.0,0.0,0.0,0.0,False,0.087,8.7,0,False
J0141,C0185,0.333,1.0,0.2,0.0,0.5,0.0,0.6,False,0.388,38.8,0,False
J0141,C0010,0.333,1.0,0.34,0.333,0.5,0.0,0.99,False,0.443,44.3,0,False
J0142,C0422,0.6,0.889,1.0,0.0,1.0,0.0,0.533,True,0.618,61.8,2,True
J0142,C0443,1.0,0.7,0.3,0.6,1.0,0.0,0.91,True,0.695,69.5,2,True
J0142,C0344,0.2,0.5,1.0,0.0,1.0,0.0,0.78,True,0.38,38.0,0,False
J0142,C0433,1.0,1.0,1.0,0.2,1.0,0.84,0.786,True,0.904,90.4,3,True
J0142,C0326,0.8,0.542,0.0,0.0,1.0,0.37,0.765,True,0.515,51.5,0,False
J0142,C0401,0.6,0.778,0.333,0.0,1.0,0.28,0.873,True,0.524,52.4,1,False
J0142,C0157,0.4,1.0,0.567,0.2,1.0,0.0,0.795,True,0.515,51.5,1,False
J0142,C0516,1.0,0.633,0.0,0.2,1.0,0.69,0.814,True,0.666,66.6,1,False
J0142,C0553,1.0,0.7,0.0,0.0,1.0,0.0,0.708,True,0.59,59.0,1,False
J0142,C0037,1.0,0.8,0.4,0.2,1.0,0.75,0.854,True,0.765,76.5,2,True
J0142,C0373,1.0,0.933,0.833,0.4,1.0,0.785,0.864,True,0.88,88.0,3,True
J0142,C0225,0.2,1.0,0.4,0.0,1.0,0.0,0.6,True,0.39,39.0,0,False
J0142,C0075,0.6,0.889,0.667,0.0,1.0,0.0,0.72,True,0.568,56.8,2,True
J0142,C0203,0.4,0.75,0.0,0.2,1.0,0.325,0.945,True,0.413,41.3,1,False
J0142,C0379,0.2,0.667,0.433,0.0,1.0,0.0,0.78,False,0.328,32.8,0,False
J0142,C0375,0.2,1.0,0.0,0.2,1.0,0.0,0.97,False,0.35,35.0,0,False
J0142,C0585,0.4,1.0,0.667,0.2,1.0,0.0,0.895,True,0.53,53.0,2,True
J0142,C0174,0.0,0.0,0.333,0.0,1.0,0.0,0.0,False,0.1,10.0,0,False
J0142,C0366,0.0,0.0,1.0,0.0,1.0,0.0,0.0,False,0.2,20.0,0,False
J0142,C0196,0.6,0.889,1.0,0.0,1.0,0.85,0.847,False,0.703,70.3,2,True
J0142,C0306,0.4,0.333,0.0,0.2,0.5,0.22,0.955,False,0.294,29.4,0,False
J0142,C0427,0.2,1.0,0.7,0.0,1.0,0.0,0.82,False,0.435,43.5,0,False
J0142,C0010,0.2,0.667,0.567,0.2,1.0,0.0,0.99,False,0.368,36.8,0,False
J0142,C0342,1.0,0.933,1.0,0.2,1.0,0.0,0.754,True,0.807,80.7,3,True
J0142,C0555,0.2,1.0,0.733,0.2,1.0,0.0,0.99,False,0.46,46.0,1,False
J0143,C0169,1.0,1.0,1.0,0.5,1.0,0.0,0.84,True,0.85,85.0,3,True
J0143,C0581,1.0,0.417,1.0,0.25,1.0,0.33,0.877,True,0.741,74.1,3,True
J0143,C0451,1.0,1.0,1.0,0.25,1.0,0.69,0.897,True,0.894,89.4,3,True
J0143,C0224,1.0,0.625,1.0,0.25,1.0,0.215,0.892,True,0.772,77.2,3,True
J0143,C0312,0.5,0.417,1.0,0.25,1.0,0.0,0.885,True,0.508,50.8,1,False
J0143,C0461,1.0,0.625,1.0,0.0,1.0,0.0,0.595,True,0.725,72.5,2,True
J0143,C0280,0.75,0.778,1.0,0.25,1.0,0.535,0.93,True,0.734,73.4,3,True
J0143,C0043,0.75,0.611,1.0,0.25,1.0,0.23,0.897,True,0.67,67.0,2,True
J0143,C0574,0.5,0.667,1.0,0.5,1.0,0.0,0.98,True,0.583,58.3,1,False
J0143,C0540,0.5,1.0,1.0,0.25,1.0,0.64,0.935,True,0.689,68.9,2,True
J0143,C0568,0.5,0.5,1.0,0.0,1.0,0.405,0.91,True,0.541,54.1,1,False
J0143,C0234,0.75,0.778,1.0,0.5,1.0,0.42,0.967,True,0.748,74.8,2,True
J0143,C0509,0.75,0.667,1.0,0.25,1.0,0.6,0.823,True,0.718,71.8,2,True
J0143,C0063,0.75,0.611,1.0,0.0,1.0,0.68,0.76,True,0.69,69.0,1,False
J0143,C0188,0.25,0.5,1.0,0.0,1.0,0.2,0.9,False,0.42,42.0,1,False
J0143,C0264,0.25,0.333,1.0,0.0,1.0,0.17,0.88,False,0.384,38.4,0,False
J0143,C0361,0.0,0.0,1.0,0.0,0.0,0.0,0.0,False,0.15,15.0,0,False
J0143,C0085,0.0,0.0,1.0,0.0,1.0,0.0,0.0,False,0.2,20.0,0,False
J0143,C0152,0.0,0.0,1.0,0.0,1.0,0.0,0.0,False,0.2,20.0,0,False
J0143,C0366,0.0,0.0,1.0,0.0,1.0,0.0,0.0,False,0.2,20.0,0,False
J0143,C0256,0.25,1.0,1.0,0.0,1.0,0.41,0.9,False,0.541,54.1,1,False
J0143,C0389,0.0,0.0,1.0,0.0,1.0,0.0,0.0,False,0.2,20.0,0,False
J0143,C0547,0.25,0.667,1.0,0.0,1.0,0.0,0.6,False,0.433,43.3,1,False
J0143,C0353,0.0,0.0,1.0,0.0,0.5,0.0,0.0,False,0.175,17.5,0,False
J0143,C0561,0.5,1.0,1.0,0.0,0.5,0.0,0.5,False,0.575,57.5,1,False
J0144,C0490,0.75,0.611,1.0,0.0,1.0,0.0,0.793,True,0.622,62.2,2,True
J0144,C0320,0.75,0.889,1.0,0.25,1.0,0.0,0.797,True,0.703,70.3,2,True
J0144,C0280,0.5,0.667,1.0,0.25,1.0,0.12,0.945,True,0.57,57.0,1,False
J0144,C0568,0.75,0.778,1.0,0.0,1.0,0.45,0.92,True,0.701,70.1,2,True
J0144,C0169,1.0,1.0,1.0,0.75,1.0,0.0,0.887,True,0.875,87.5,3,True
J0144,C0043,0.75,0.611,1.0,0.5,1.0,0.18,0.927,True,0.69,69.0,2,True
J0144,C0224,1.0,0.792,1.0,0.5,1.0,0.215,0.945,True,0.83,83.0,3,True
J0144,C0234,1.0,1.0,1.0,0.5,1.0,0.48,0.96,True,0.898,89.8,3,True
J0144,C0427,1.0,1.0,1.0,0.0,1.0,0.0,0.755,True,0.8,80.0,3,True
J0144,C0540,0.75,1.0,1.0,0.5,1.0,0.64,0.953,True,0.814,81.4,3,True
J0144,C0461,1.0,0.917,1.0,0.0,1.0,0.0,0.545,True,0.783,78.3,3,True
J0144,C0063,1.0,0.792,1.0,0.25,1.0,0.485,0.818,True,0.832,83.2,3,True
J0144,C0023,1.0,0.917,1.0,0.25,1.0,0.69,0.873,True,0.877,87.7,3,True
J0144,C0552,1.0,0.833,1.0,0.0,1.0,0.0,0.735,True,0.767,76.7,3,True
J0144,C0508,0.25,1.0,1.0,0.25,1.0,0.0,0.99,False,0.525,52.5,1,False
J0144,C0064,0.0,0.0,1.0,0.0,1.0,0.0,0.0,False,0.2,20.0,0,False
J0144,C0541,0.0,0.0,1.0,0.0,1.0,0.0,0.0,False,0.2,20.0,0,False
J0144,C0202,0.25,1.0,1.0,0.0,0.5,0.0,0.82,False,0.475,47.5,1,False
J0144,C0374,0.0,0.0,1.0,0.0,1.0,0.0,0.0,False,0.2,20.0,0,False
J0144,C0283,0.0,0.0,1.0,0.0,1.0,0.0,0.0,False,0.2,20.0,0,False
J0144,C0007,0.0,0.0,1.0,0.0,1.0,0.0,0.0,False,0.2,20.0,0,False
J0144,C0443,0.25,1.0,1.0,0.25,1.0,0.0,0.99,False,0.525,52.5,0,False
J0144,C0253,0.0,0.0,1.0,0.0,1.0,0.0,0.0,False,0.2,20.0,0,False
J0144,C0331,0.0,0.0,1.0,0.0,1.0,0.0,0.0,False,0.2,20.0,0,False
J0145,C0152,1.0,0.5,0.0,0.333,0.5,0.29,0.73,True,0.587,58.7,1,False
J0145,C0463,1.0,0.778,0.0,0.333,0.5,0.0,0.73,True,0.614,61.4,1,False
J0145,C0064,1.0,1.0,1.0,0.667,0.5,0.0,0.927,True,0.842,84.2,3,True
J0145,C0378,0.0,0.0,1.0,0.0,0.5,0.0,0.0,True,0.175,17.5,0,False
J0145,C0445,0.667,0.667,1.0,0.667,0.5,0.475,0.99,True,0.689,68.9,2,True
J0145,C0083,0.333,0.333,0.0,0.333,0.5,0.0,0.99,True,0.258,25.8,0,False
J0145,C0379,1.0,0.556,0.65,0.0,0.5,0.0,0.673,True,0.634,63.4,1,False
J0145,C0478,1.0,1.0,1.0,0.0,1.0,0.93,0.64,True,0.893,89.3,3,True
J0145,C0193,1.0,0.556,0.45,0.0,1.0,0.25,0.847,True,0.654,65.4,1,False
J0145,C0231,0.333,1.0,1.0,0.333,0.5,0.0,0.97,True,0.542,54.2,1,False
J0145,C0444,0.333,0.333,0.0,0.0,0.5,0.0,0.6,True,0.225,22.5,0,False
J0145,C0483,0.333,1.0,1.0,0.333,0.5,0.82,0.99,True,0.624,62.4,1,False
J0145,C0374,0.667,0.333,0.0,0.667,0.5,0.0,0.98,True,0.425,42.5,1,False
J0145,C0599,0.667,0.583,0.0,0.0,0.5,0.0,0.69,True,0.408,40.8,1,False
J0145,C0054,0.0,0.0,1.0,0.0,0.5,0.0,0.0,False,0.175,17.5,0,False
J0145,C0202,0.0,0.0,0.85,0.0,0.0,0.0,0.0,False,0.128,12.8,0,False
J0145,C0553,0.0,0.0,0.0,0.0,0.5,0.0,0.0,False,0.025,2.5,0,False
J0145,C0447,0.0,0.0,1.0,0.0,0.5,0.0,0.0,False,0.175,17.5,0,False
J0145,C0434,0.0,0.0,1.0,0.0,0.5,0.0,0.0,False,0.175,17.5,0,False
J0145,C0333,0.333,0.333,0.0,0.0,0.5,0.0,0.6,False,0.225,22.5,0,False
J0145,C0384,0.0,0.0,1.0,0.0,0.5,0.0,0.0,False,0.175,17.5,0,False
J0145,C0090,0.0,0.0,1.0,0.0,0.5,0.0,0.0,False,0.175,17.5,0,False
J0145,C0146,0.0,0.0,0.0,0.0,0.0,0.0,0.0,False,0.0,0.0,0,False
J0145,C0549,0.0,0.0,1.0,0.0,0.5,0.0,0.0,False,0.175,17.5,0,False
J0146,C0091,0.333,0.5,1.0,0.333,1.0,0.17,0.99,True,0.484,48.4,1,False
J0146,C0111,0.667,1.0,1.0,0.0,1.0,0.52,0.84,True,0.719,71.9,3,True
J0146,C0037,0.667,0.75,1.0,0.0,1.0,0.0,0.8,True,0.617,61.7,2,True
J0146,C0409,1.0,1.0,1.0,0.0,1.0,0.0,0.74,True,0.8,80.0,3,True
J0146,C0203,0.333,0.5,1.0,0.0,1.0,0.33,0.9,True,0.466,46.6,1,False
J0146,C0032,0.0,0.0,1.0,0.0,1.0,0.0,0.0,True,0.2,20.0,0,False
J0146,C0399,0.333,1.0,1.0,0.0,1.0,0.0,0.82,True,0.533,53.3,2,True
J0146,C0342,1.0,1.0,1.0,0.0,1.0,0.0,0.793,True,0.8,80.0,3,True
J0146,C0344,0.333,1.0,1.0,0.0,1.0,0.0,0.82,True,0.533,53.3,0,False
J0146,C0527,0.0,0.0,1.0,0.0,1.0,0.0,0.0,True,0.2,20.0,0,False
J0146,C0182,1.0,0.667,1.0,0.0,1.0,0.33,0.84,True,0.766,76.6,2,True
J0146,C0433,1.0,1.0,1.0,0.0,1.0,0.74,0.647,True,0.874,87.4,3,True
J0146,C0028,1.0,0.667,1.0,0.0,1.0,0.0,0.527,True,0.733,73.3,2,True
J0146,C0225,0.333,0.5,1.0,0.0,1.0,0.0,0.6,True,0.433,43.3,1,False
J0146,C0586,0.333,1.0,1.0,0.0,1.0,0.0,0.78,False,0.533,53.3,1,False
J0146,C0014,0.0,0.0,1.0,0.0,1.0,0.0,0.0,False,0.2,20.0,0,False
J0146,C0459,0.333,1.0,1.0,0.0,1.0,0.0,0.6,False,0.533,53.3,1,False
J0146,C0561,0.667,1.0,1.0,0.0,1.0,0.0,0.7,False,0.667,66.7,3,True
J0146,C0313,0.667,1.0,1.0,0.0,1.0,0.0,0.69,False,0.667,66.7,2,True
J0146,C0199,0.0,0.0,1.0,0.0,1.0,0.0,0.0,False,0.2,20.0,0,False
J0146,C0412,0.333,1.0,1.0,0.333,1.0,0.95,0.99,False,0.662,66.2,2,True
J0146,C0128,0.333,0.5,1.0,0.0,1.0,0.0,0.78,False,0.433,43.3,0,False
J0146,C0413,0.333,1.0,1.0,0.0,1.0,0.0,0.82,False,0.533,53.3,1,False
J0147,C0014,0.25,0.5,0.0,0.25,1.0,0.15,0.99,True,0.29,29.0,0,False
J0147,C0420,0.5,1.0,1.0,0.0,1.0,0.56,0.76,True,0.656,65.6,2,True
J0147,C0141,0.25,1.0,1.0,0.25,1.0,0.72,0.99,True,0.597,59.7,2,True
J0147,C0045,0.75,0.833,1.0,0.0,1.0,0.505,0.82,True,0.717,71.7,2,True
J0147,C0122,0.5,0.75,0.0,0.25,1.0,0.0,0.875,True,0.425,42.5,0,False
J0147,C0382,0.75,0.889,1.0,0.25,1.0,0.69,0.85,True,0.772,77.2,3,True
J0147,C0190,0.5,0.75,0.0,0.25,1.0,0.28,0.945,True,0.453,45.3,1,False
J0147,C0398,0.5,1.0,1.0,0.25,1.0,0.0,0.885,True,0.625,62.5,2,True
J0147,C0390,0.5,1.0,1.0,0.0,1.0,0.83,0.85,True,0.683,68.3,2,True
J0147,C0103,0.5,0.5,0.0,0.0,1.0,0.0,0.69,True,0.35,35.0,0,False
J0147,C0352,0.25,0.5,1.0,0.0,1.0,0.0,0.8,True,0.4,40.0,1,False
J0147,C0101,0.75,1.0,1.0,0.25,1.0,0.0,0.863,True,0.725,72.5,2,True
J0147,C0020,0.75,0.667,0.0,0.0,1.0,0.27,0.907,True,0.51,51.0,0,False
J0147,C0127,0.5,0.417,0.0,0.25,1.0,0.0,0.785,True,0.358,35.8,0,False
J0147,C0215,0.25,0.5,0.8,0.0,1.0,0.0,0.6,True,0.37,37.0,0,False
J0147,C0531,0.0,0.0,1.0,0.0,0.5,0.0,0.0,False,0.175,17.5,0,False
J0147,C0238,0.25,0.333,0.0,0.0,1.0,0.0,0.6,False,0.217,21.7,0,False
J0147,C0293,0.25,0.667,1.0,0.0,1.0,0.0,0.78,False,0.433,43.3,0,False
J0147,C0445,0.0,0.0,1.0,0.0,1.0,0.0,0.0,False,0.2,20.0,0,False
J0147,C0435,0.25,0.667,1.0,0.25,1.0,0.0,0.99,False,0.458,45.8,1,False
J0147,C0068,0.0,0.0,1.0,0.0,1.0,0.0,0.0,False,0.2,20.0,0,False
J0147,C0111,0.25,0.333,0.0,0.0,1.0,0.0,0.76,False,0.217,21.7,0,False
J0147,C0502,0.25,0.333,0.0,0.0,1.0,0.0,0.78,False,0.217,21.7,0,False
J0147,C0294,0.0,0.0,1.0,0.0,1.0,0.0,0.0,False,0.2,20.0,0,False
J0147,C0370,0.25,0.667,0.0,0.0,1.0,0.46,0.88,False,0.329,32.9,0,False
J0148,C0247,0.8,0.792,1.0,0.2,1.0,0.44,0.848,True,0.742,74.2,2,True
J0148,C0340,0.6,0.889,1.0,0.0,1.0,0.0,0.72,True,0.618,61.8,1,False
J0148,C0319,0.4,1.0,1.0,0.2,1.0,0.0,0.795,True,0.58,58.0,1,False
J0148,C0315,0.6,1.0,1.0,0.2,1.0,0.78,0.93,True,0.738,73.8,1,False
J0148,C0561,0.8,0.917,1.0,0.0,0.5,0.0,0.655,True,0.678,67.8,3,True
J0148,C0391,0.8,0.458,1.0,0.2,1.0,0.15,0.873,True,0.647,64.7,1,False
J0148,C0567,0.6,0.889,1.0,0.0,1.0,0.71,0.833,True,0.689,68.9,2,True
J0148,C0428,0.6,0.556,1.0,0.2,1.0,0.0,0.79,True,0.571,57.1,1,False
J0148,C0548,0.2,1.0,1.0,0.0,1.0,0.0,0.82,True,0.48,48.0,1,False
J0148,C0316,1.0,0.767,1.0,0.2,1.0,0.0,0.786,True,0.773,77.3,3,True
J0148,C0276,1.0,0.933,1.0,0.8,0.5,0.67,0.952,True,0.909,90.9,3,True
J0148,C0530,0.0,0.0,1.0,0.0,1.0,0.0,0.0,True,0.2,20.0,0,False
J0148,C0228,0.4,0.833,1.0,0.0,1.0,0.0,0.78,True,0.527,52.7,1,False
J0148,C0589,0.8,1.0,1.0,0.4,0.5,0.525,0.925,True,0.788,78.8,3,True
J0148,C0091,0.0,0.0,1.0,0.0,0.5,0.0,0.0,False,0.175,17.5,0,False
J0148,C0171,0.0,0.0,1.0,0.0,1.0,0.0,0.0,False,0.2,20.0,0,False
J0148,C0321,0.2,0.5,1.0,0.0,1.0,0.0,0.6,False,0.38,38.0,0,False
J0148,C0283,0.0,0.0,1.0,0.0,1.0,0.0,0.0,False,0.2,20.0,0,False
J0148,C0501,0.2,0.5,1.0,0.0,1.0,0.0,0.82,False,0.38,38.0,0,False
J0148,C0384,0.0,0.0,1.0,0.0,1.0,0.0,0.0,False,0.2,20.0,0,False
J0148,C0390,0.2,1.0,1.0,0.0,1.0,0.0,0.78,False,0.48,48.0,1,False
J0148,C0019,0.2,1.0,1.0,0.2,0.5,0.0,0.97,False,0.475,47.5,1,False
J0148,C0565,0.0,0.0,1.0,0.0,1.0,0.0,0.0,False,0.2,20.0,0,False
J0148,C0024,0.0,0.0,1.0,0.0,1.0,0.0,0.0,False,0.2,20.0,0,False
J0148,C0022,0.2,0.5,1.0,0.2,1.0,0.0,0.95,False,0.4,40.0,1,False
J0149,C0448,0.75,0.667,1.0,0.5,1.0,0.0,0.913,True,0.683,68.3,3,True
J0149,C0173,0.25,1.0,1.0,0.0,1.0,0.0,0.6,True,0.5,50.0,1,False
J0149,C0452,0.25,1.0,1.0,0.0,1.0,0.0,0.6,True,0.5,50.0,1,False
J0149,C0406,0.25,0.5,1.0,0.25,1.0,0.2,0.99,True,0.445,44.5,0,False
J0149,C0113,1.0,1.0,1.0,0.25,1.0,0.0,0.847,True,0.825,82.5,3,True
J0149,C0124,0.75,1.0,1.0,0.0,1.0,0.0,0.66,True,0.7,70.0,2,True
J0149,C0252,0.75,0.667,1.0,0.75,1.0,0.0,0.99,True,0.708,70.8,2,True
J0149,C0094,0.75,0.667,1.0,0.25,1.0,0.0,0.85,True,0.658,65.8,2,True
J0149,C0303,1.0,0.75,1.0,0.0,1.0,0.0,0.69,True,0.75,75.0,3,True
J0149,C0049,0.25,1.0,1.0,0.0,1.0,0.0,0.76,True,0.5,50.0,1,False
J0149,C0504,1.0,0.875,1.0,0.25,1.0,0.0,0.738,True,0.8,80.0,3,True
J0149,C0236,0.75,1.0,1.0,0.0,1.0,0.0,0.72,True,0.7,70.0,2,True
J0149,C0377,0.0,0.0,1.0,0.0,1.0,0.0,0.0,True,0.2,20.0,0,False
J0149,C0044,1.0,0.75,1.0,0.0,0.5,0.0,0.735,True,0.725,72.5,2,True
J0149,C0056,0.25,1.0,1.0,0.0,1.0,0.0,0.82,True,0.5,50.0,1,False
J0149,C0151,0.0,0.0,1.0,0.0,0.0,0.0,0.0,False,0.15,15.0,0,False
J0149,C0322,0.0,0.0,1.0,0.0,1.0,0.0,0.0,False,0.2,20.0,0,False
J0149,C0018,0.0,0.0,1.0,0.0,0.0,0.0,0.0,False,0.15,15.0,0,False
J0149,C0506,0.0,0.0,1.0,0.0,1.0,0.0,0.0,False,0.2,20.0,0,False
J0149,C0549,0.5,1.0,1.0,0.0,1.0,0.8,0.76,True,0.68,68.0,2,True
J0149,C0329,0.0,0.0,1.0,0.0,1.0,0.0,0.0,False,0.2,20.0,0,False
J0149,C0193,0.0,0.0,1.0,0.0,1.0,0.0,0.0,False,0.2,20.0,0,False
J0149,C0450,0.0,0.0,1.0,0.0,0.5,0.0,0.0,True,0.175,17.5,0,False
J0149,C0220,0.0,0.0,1.0,0.0,1.0,0.0,0.0,False,0.2,20.0,0,False
J0149,C0245,0.0,0.0,1.0,0.0,1.0,0.0,0.0,True,0.2,20.0,0,False
J0150,C0314,0.667,1.0,1.0,0.0,0.5,0.855,0.91,True,0.727,72.7,3,True
J0150,C0003,0.667,0.333,0.0,0.333,1.0,0.2,0.885,True,0.437,43.7,0,False
J0150,C0583,1.0,0.389,0.0,0.333,1.0,0.0,0.783,True,0.561,56.1,1,False
J0150,C0499,0.667,0.833,0.875,0.333,1.0,0.63,0.955,True,0.711,71.1,3,True
J0150,C0535,0.333,1.0,0.425,0.0,1.0,0.0,0.82,True,0.447,44.7,1,False
J0150,C0084,1.0,1.0,1.0,0.0,1.0,0.56,0.847,True,0.856,85.6,3,True
J0150,C0472,1.0,0.389,0.0,0.0,0.5,0.39,0.82,True,0.542,54.2,1,False
J0150,C0591,1.0,0.389,0.0,0.333,1.0,0.38,0.883,True,0.599,59.9,1,False
J0150,C0214,0.667,0.667,0.45,0.0,1.0,0.0,0.81,True,0.518,51.8,1,False
J0150,C0240,0.333,1.0,1.0,0.0,1.0,0.0,0.78,True,0.533,53.3,1,False
J0150,C0418,0.667,0.667,0.375,0.333,1.0,0.0,0.795,True,0.54,54.0,1,False
J0150,C0447,0.333,0.667,0.825,0.0,1.0,0.0,0.8,True,0.44,44.0,0,False
J0150,C0337,1.0,0.556,0.0,0.333,1.0,0.415,0.923,True,0.636,63.6,2,True
J0150,C0078,0.667,0.417,0.0,0.667,1.0,0.0,0.98,True,0.467,46.7,1,False
J0150,C0207,0.333,1.0,0.75,0.333,1.0,0.0,0.99,False,0.529,52.9,1,False
J0150,C0561,0.667,1.0,1.0,0.0,0.5,0.0,0.7,False,0.642,64.2,2,True
J0150,C0135,0.0,0.0,0.925,0.0,1.0,0.0,0.0,False,0.189,18.9,0,False
J0150,C0465,0.333,0.5,0.0,0.0,1.0,0.12,0.92,False,0.295,29.5,0,False
J0150,C0542,0.333,0.333,0.0,0.0,1.0,0.0,0.78,False,0.25,25.0,0,False
J0150,C0108,0.333,0.333,0.0,0.333,1.0,0.0,0.97,False,0.283,28.3,0,False
J0150,C0261,0.333,0.667,0.525,0.0,1.0,0.0,0.82,False,0.395,39.5,0,False
J0150,C0426,0.333,1.0,0.525,0.333,1.0,0.0,0.99,False,0.495,49.5,2,True
J0150,C0398,0.333,0.333,0.6,0.333,1.0,0.0,0.99,False,0.373,37.3,0,False
J0150,C0501,0.333,0.5,0.325,0.0,1.0,0.0,0.82,False,0.332,33.2,0,False
J0150,C0387,0.0,0.0,1.0,0.0,1.0,0.0,0.0,False,0.2,20.0,0,False
J0151,C0407,0.5,0.5,0.0,0.0,1.0,0.0,0.6,True,0.35,35.0,0,False
J0151,C0077,1.0,0.75,0.0,0.0,1.0,0.0,0.735,True,0.6,60.0,1,False
J0151,C0246,0.25,0.5,0.0,0.25,1.0,0.0,0.99,True,0.275,27.5,0,False
J0151,C0524,0.75,1.0,1.0,0.25,1.0,0.0,0.797,True,0.725,72.5,2,True
J0151,C0457,1.0,0.75,0.0,0.5,1.0,0.0,0.78,True,0.65,65.0,1,False
J0151,C0206,0.25,0.5,0.0,0.0,1.0,0.24,0.92,True,0.274,27.4,0,False
J0151,C0493,1.0,0.625,0.0,0.25,1.0,0.0,0.737,True,0.6,60.0,2,True
J0151,C0353,0.25,0.5,0.233,0.0,0.5,0.0,0.4,True,0.26,26.0,0,False
J0151,C0255,0.75,0.667,0.0,0.5,1.0,0.0,0.853,True,0.533,53.3,1,False
J0151,C0471,0.75,0.667,0.0,0.0,1.0,0.22,0.707,True,0.505,50.5,1,False
J0151,C0454,0.5,0.5,0.0,0.0,0.5,0.4,0.84,True,0.365,36.5,0,False
J0151,C0571,0.75,0.833,0.4,0.0,1.0,0.3,0.633,True,0.607,60.7,2,True
J0151,C0431,0.75,0.833,0.0,0.5,1.0,0.0,0.853,True,0.567,56.7,2,True
J0151,C0419,1.0,1.0,1.0,0.25,1.0,0.77,0.823,True,0.902,90.2,3,True
J0151,C0201,0.0,0.0,1.0,0.0,1.0,0.0,0.0,False,0.2,20.0,0,False
J0151,C0519,0.0,0.0,0.0,0.0,1.0,0.0,0.0,False,0.05,5.0,0,False
J0151,C0067,0.25,0.5,0.0,0.0,1.0,0.0,0.78,False,0.25,25.0,0,False
J0151,C0160,0.5,0.75,1.0,0.25,1.0,0.0,0.795,False,0.575,57.5,1,False
J0151,C0581,0.25,0.5,0.3,0.0,1.0,0.0,0.8,False,0.295,29.5,0,False
J0151,C0274,1.0,0.625,0.0,0.0,1.0,0.27,0.835,True,0.602,60.2,2,True
J0151,C0385,0.0,0.0,0.4,0.0,1.0,0.0,0.0,False,0.11,11.0,0,False
J0151,C0377,0.25,0.5,0.0,0.25,1.0,0.18,0.99,False,0.293,29.3,0,False
J0151,C0503,0.75,0.667,0.0,0.0,1.0,0.0,0.66,False,0.483,48.3,0,False
J0151,C0427,0.25,0.5,0.7,0.0,1.0,0.0,0.82,False,0.355,35.5,0,False
J0151,C0036,0.0,0.0,0.0,0.0,1.0,0.0,0.0,False,0.05,5.0,0,False
J0152,C0224,1.0,0.7,0.0,0.4,1.0,0.215,0.912,True,0.652,65.2,2,True
J0152,C0320,0.8,0.75,0.767,0.2,1.0,0.0,0.698,True,0.655,65.5,2,True
J0152,C0169,1.0,1.0,1.0,0.6,1.0,0.0,0.866,True,0.86,86.0,3,True
J0152,C0581,1.0,0.533,0.3,0.4,1.0,0.33,0.9,True,0.675,67.5,2,True
J0152,C0427,1.0,0.867,0.7,0.0,1.0,0.0,0.764,True,0.728,72.8,2,True
J0152,C0280,0.6,0.722,0.633,0.2,1.0,0.535,0.93,True,0.603,60.3,2,True
J0152,C0540,0.6,0.889,1.0,0.4,1.0,0.64,0.953,True,0.722,72.2,3,True
J0152,C0023,1.0,0.867,0.7,0.2,1.0,0.69,0.854,True,0.817,81.7,3,True
J0152,C0063,0.8,0.708,0.0,0.2,1.0,0.485,0.818,True,0.58,58.0,1,False
J0152,C0234,0.8,0.917,0.6,0.4,1.0,0.48,0.96,True,0.731,73.1,2,True
J0152,C0490,0.8,0.417,0.433,0.0,1.0,0.4,0.82,True,0.558,55.8,2,True
J0152,C0509,0.6,0.722,0.867,0.2,1.0,0.6,0.823,True,0.644,64.4,2,True
J0152,C0043,0.8,0.5,0.233,0.4,1.0,0.23,0.92,True,0.568,56.8,1,False
J0152,C0568,0.6,0.833,1.0,0.0,1.0,0.45,0.92,True,0.652,65.2,2,True
J0152,C0436,0.2,1.0,0.867,0.0,0.5,0.0,0.8,False,0.435,43.5,0,False
J0152,C0310,0.2,1.0,1.0,0.0,1.0,0.0,0.8,False,0.48,48.0,1,False
J0152,C0010,0.0,0.0,0.567,0.0,1.0,0.0,0.0,False,0.135,13.5,0,False
J0152,C0083,0.0,0.0,0.0,0.0,1.0,0.0,0.0,False,0.05,5.0,0,False
J0152,C0499,0.2,1.0,1.0,0.0,1.0,0.63,0.92,False,0.543,54.3,1,False
J0152,C0274,0.2,1.0,0.0,0.0,1.0,0.2,0.92,False,0.35,35.0,0,False
J0152,C0561,0.4,1.0,1.0,0.0,0.5,0.0,0.5,False,0.535,53.5,1,False
J0152,C0059,0.2,1.0,0.367,0.2,0.5,0.0,0.99,False,0.38,38.0,0,False
J0152,C0119,0.0,0.0,0.6,0.0,1.0,0.0,0.0,False,0.14,14.0,0,False
J0152,C0225,0.0,0.0,0.4,0.0,1.0,0.0,0.0,False,0.11,11.0,0,False
J0153,C0020,0.2,0.5,1.0,0.0,1.0,0.16,0.9,True,0.396,39.6,0,False
J0153,C0124,0.8,1.0,1.0,0.2,1.0,0.0,0.737,True,0.74,74.0,3,True
J0153,C0475,0.8,0.625,1.0,0.2,1.0,0.0,0.688,True,0.665,66.5,2,True
J0153,C0539,0.6,0.833,1.0,0.2,0.5,0.0,0.73,True,0.602,60.2,2,True
J0153,C0173,0.2,0.5,1.0,0.0,1.0,0.31,0.92,True,0.411,41.1,0,False
J0153,C0141,0.6,1.0,1.0,0.4,1.0,0.72,0.933,True,0.752,75.2,3,True
J0153,C0108,0.6,0.5,1.0,0.2,1.0,0.0,0.783,True,0.56,56.0,1,False
J0153,C0045,0.4,1.0,1.0,0.0,0.5,0.84,0.86,True,0.619,61.9,1,False
J0153,C0420,0.6,1.0,1.0,0.4,1.0,0.705,0.967,True,0.75,75.1,3,True
J0153,C0437,0.6,1.0,1.0,0.0,0.5,0.0,0.713,True,0.615,61.5,2,True
J0153,C0377,0.6,0.667,1.0,0.4,1.0,0.29,0.92,True,0.642,64.2,1,False
J0153,C0448,0.8,0.625,1.0,0.2,1.0,0.0,0.788,True,0.665,66.5,3,True
J0153,C0042,0.6,0.833,1.0,0.0,1.0,0.0,0.74,True,0.607,60.7,2,True
J0153,C0103,0.4,1.0,1.0,0.0,0.5,0.0,0.6,True,0.535,53.5,1,False
J0153,C0492,0.0,0.0,1.0,0.0,1.0,0.0,0.0,False,0.2,20.0,0,False
J0153,C0064,0.0,0.0,1.0,0.0,1.0,0.0,0.0,False,0.2,20.0,0,False
J0153,C0197,0.0,0.0,1.0,0.0,1.0,0.0,0.0,False,0.2,20.0,0,False
J0153,C0096,0.0,0.0,1.0,0.0,1.0,0.0,0.0,False,0.2,20.0,0,False
J0153,C0136,0.0,0.0,1.0,0.0,1.0,0.0,0.0,False,0.2,20.0,0,False
J0153,C0524,0.4,1.0,1.0,0.2,1.0,0.0,0.905,False,0.58,58.0,1,False
J0153,C0421,0.0,0.0,1.0,0.0,1.0,0.0,0.0,False,0.2,20.0,0,False
J0153,C0087,0.0,0.0,1.0,0.0,1.0,0.0,0.0,False,0.2,20.0,0,False
J0153,C0255,0.2,0.5,1.0,0.0,1.0,0.0,0.6,False,0.38,38.0,0,False
J0153,C0146,0.0,0.0,1.0,0.0,0.5,0.0,0.0,False,0.175,17.5,0,False
J0154,C0169,1.0,1.0,1.0,0.6,0.5,0.0,0.866,True,0.835,83.5,3,True
J0154,C0320,0.8,0.917,1.0,0.2,0.5,0.0,0.698,True,0.698,69.8,2,True
J0154,C0540,0.6,1.0,1.0,0.4,0.5,0.64,0.953,True,0.719,71.9,2,True
J0154,C0451,1.0,1.0,1.0,0.2,1.0,0.763,0.902,True,0.896,89.6,3,True
J0154,C0234,0.8,0.833,1.0,0.4,0.5,0.48,0.96,True,0.75,75.0,2,True
J0154,C0568,0.6,0.722,1.0,0.0,0.5,0.45,0.92,True,0.604,60.4,2,True
J0154,C0063,0.8,0.917,1.0,0.2,0.5,0.485,0.818,True,0.747,74.7,2,True
J0154,C0461,1.0,0.867,1.0,0.0,0.5,0.0,0.556,True,0.748,74.8,3,True
J0154,C0574,0.6,0.889,1.0,0.4,0.5,0.0,0.853,True,0.633,63.3,2,True
J0154,C0224,1.0,0.867,1.0,0.4,0.5,0.215,0.912,True,0.81,81.0,3,True
J0154,C0581,1.0,0.767,1.0,0.4,0.5,0.33,0.9,True,0.801,80.1,3,True
J0154,C0473,0.8,0.792,1.0,0.4,0.5,0.0,0.78,True,0.693,69.3,2,True
J0154,C0280,0.6,0.833,1.0,0.2,0.5,0.535,0.93,True,0.655,65.5,3,True
J0154,C0043,0.8,0.875,1.0,0.4,0.5,0.23,0.92,True,0.733,73.3,2,True
J0154,C0190,0.2,0.667,1.0,0.2,0.5,0.0,0.97,False,0.408,40.8,0,False
J0154,C0147,0.0,0.0,1.0,0.0,0.5,0.0,0.0,False,0.175,17.5,0,False
J0154,C0172,0.0,0.0,1.0,0.0,0.5,0.0,0.0,False,0.175,17.5,0,False
J0154,C0073,0.2,1.0,1.0,0.0,1.0,0.0,0.78,False,0.48,48.0,1,False
J0154,C0494,0.0,0.0,1.0,0.0,0.5,0.0,0.0,False,0.175,17.5,0,False
J0154,C0060,0.2,0.333,1.0,0.0,0.5,0.0,0.82,False,0.322,32.2,0,False
J0154,C0358,0.0,0.0,1.0,0.0,0.0,0.0,0.0,False,0.15,15.0,0,False
J0154,C0050,0.0,0.0,1.0,0.0,0.5,0.0,0.0,False,0.175,17.5,0,False
J0154,C0453,0.0,0.0,1.0,0.0,0.5,0.0,0.0,False,0.175,17.5,0,False
J0154,C0342,0.2,0.667,1.0,0.0,0.5,0.0,0.8,False,0.388,38.8,0,False
J0154,C0472,0.2,0.333,1.0,0.0,0.0,0.0,0.78,False,0.297,29.7,0,False
J0155,C0464,0.333,1.0,1.0,0.333,0.5,0.39,0.99,True,0.581,58.1,1,False
J0155,C0369,0.333,1.0,1.0,0.333,0.5,0.0,0.97,True,0.542,54.2,1,False
J0155,C0007,0.0,0.0,1.0,0.0,0.5,0.0,0.0,True,0.175,17.5,0,False
J0155,C0175,0.667,0.75,1.0,0.333,0.5,0.0,0.875,True,0.625,62.5,2,True
J0155,C0321,0.667,0.75,1.0,0.0,0.5,0.93,0.75,True,0.685,68.5,2,True
J0155,C0521,0.333,1.0,1.0,0.0,0.5,0.0,0.78,True,0.508,50.8,1,False
J0155,C0380,0.333,0.667,1.0,0.0,0.5,0.0,0.78,True,0.442,44.2,1,False
J0155,C0403,0.333,0.5,1.0,0.333,0.5,0.0,0.99,True,0.442,44.2,0,False
J0155,C0386,0.333,1.0,1.0,0.0,0.5,0.0,0.78,True,0.508,50.8,1,False
J0155,C0575,0.333,1.0,1.0,0.0,0.5,0.0,0.82,True,0.508,50.8,1,False
J0155,C0022,0.333,0.5,1.0,0.333,0.5,0.0,0.95,True,0.442,44.2,0,False
J0155,C0096,0.333,1.0,1.0,0.333,0.5,0.0,0.99,True,0.542,54.2,1,False
J0155,C0495,0.0,0.0,1.0,0.0,1.0,0.0,0.0,True,0.2,20.0,0,False
J0155,C0239,0.667,1.0,1.0,0.333,0.5,0.0,0.865,True,0.675,67.5,2,True
J0155,C0274,0.0,0.0,1.0,0.0,0.5,0.0,0.0,False,0.175,17.5,0,False
J0155,C0131,0.333,1.0,1.0,0.333,0.5,0.0,0.99,False,0.542,54.2,1,False
J0155,C0571,0.0,0.0,1.0,0.0,0.5,0.0,0.0,False,0.175,17.5,0,False
J0155,C0535,0.0,0.0,1.0,0.0,0.5,0.0,0.0,False,0.175,17.5,0,False
J0155,C0450,0.0,0.0,1.0,0.0,0.0,0.0,0.0,False,0.15,15.0,0,False
J0155,C0581,0.0,0.0,1.0,0.0,0.5,0.0,0.0,False,0.175,17.5,0,False
J0155,C0463,0.333,1.0,1.0,0.0,0.5,0.0,0.6,False,0.508,50.8,1,False
J0155,C0053,0.333,0.5,1.0,0.333,0.5,0.0,0.99,False,0.442,44.2,1,False
J0155,C0377,0.0,0.0,1.0,0.0,0.5,0.0,0.0,False,0.175,17.5,0,False
J0155,C0242,0.333,1.0,1.0,0.0,0.5,0.44,0.92,False,0.552,55.2,1,False
J0155,C0147,0.0,0.0,1.0,0.0,0.5,0.0,0.0,False,0.175,17.5,0,False
J0156,C0347,1.0,1.0,1.0,0.0,1.0,0.0,0.69,True,0.8,80.0,2,True
J0156,C0401,0.5,1.0,1.0,0.0,1.0,0.16,0.85,True,0.616,61.6,1,False
J0156,C0342,1.0,1.0,1.0,0.25,1.0,0.0,0.742,True,0.825,82.5,3,True
J0156,C0598,0.5,1.0,1.0,0.25,1.0,0.0,0.895,True,0.625,62.5,2,True
J0156,C0371,0.5,1.0,1.0,0.25,1.0,0.0,0.875,True,0.625,62.5,1,False
J0156,C0443,1.0,1.0,1.0,0.5,1.0,0.0,0.89,True,0.85,85.0,3,True
J0156,C0032,0.5,1.0,1.0,0.25,1.0,0.0,0.795,True,0.625,62.5,2,True
J0156,C0091,0.5,1.0,1.0,0.25,0.5,0.28,0.945,True,0.628,62.8,1,False
J0156,C0565,0.75,1.0,1.0,0.0,1.0,0.0,0.787,True,0.7,70.0,3,True
J0156,C0409,1.0,1.0,1.0,0.0,1.0,0.0,0.75,True,0.8,80.0,3,True
J0156,C0585,0.5,1.0,1.0,0.25,1.0,0.0,0.895,True,0.625,62.5,1,False
J0156,C0075,0.75,1.0,1.0,0.0,1.0,0.0,0.72,True,0.7,70.0,2,True
J0156,C0416,0.75,1.0,1.0,0.0,1.0,0.0,0.66,True,0.7,70.0,2,True
J0156,C0434,0.5,1.0,1.0,0.0,1.0,0.0,0.7,True,0.6,60.0,2,True
J0156,C0274,0.0,0.0,1.0,0.0,1.0,0.0,0.0,False,0.2,20.0,0,False
J0156,C0480,0.25,1.0,1.0,0.25,1.0,0.0,0.99,False,0.525,52.5,1,False
J0156,C0389,0.0,0.0,1.0,0.0,1.0,0.0,0.0,False,0.2,20.0,0,False
J0156,C0142,0.0,0.0,1.0,0.0,1.0,0.0,0.0,False,0.2,20.0,0,False
J0156,C0139,0.25,0.5,1.0,0.25,1.0,0.3,0.99,False,0.455,45.5,1,False
J0156,C0173,0.0,0.0,1.0,0.0,1.0,0.0,0.0,False,0.2,20.0,0,False
J0156,C0089,0.5,0.75,1.0,0.0,1.0,0.0,0.69,False,0.55,55.0,1,False
J0156,C0267,0.0,0.0,1.0,0.0,1.0,0.0,0.0,False,0.2,20.0,0,False
J0156,C0465,0.25,0.5,1.0,0.0,1.0,0.12,0.92,False,0.412,41.2,0,False
J0156,C0081,0.0,0.0,1.0,0.0,1.0,0.0,0.0,False,0.2,20.0,0,False
J0156,C0106,0.25,0.5,1.0,0.0,1.0,0.0,0.76,False,0.4,40.0,0,False
J0157,C0377,0.333,0.333,0.0,0.333,0.5,0.18,0.99,True,0.276,27.6,0,False
J0157,C0097,0.667,0.667,1.0,0.0,0.5,0.0,0.79,True,0.575,57.5,1,False
J0157,C0413,1.0,0.611,1.0,0.333,0.5,0.0,0.797,True,0.731,73.1,2,True
J0157,C0406,0.0,0.0,0.0,0.0,0.5,0.0,0.0,True,0.025,2.5,0,False
J0157,C0362,0.667,1.0,1.0,0.0,0.5,0.0,0.59,True,0.642,64.2,2,True
J0157,C0127,0.333,0.333,0.0,0.333,0.5,0.19,0.99,True,0.277,27.7,0,False
J0157,C0141,0.333,1.0,1.0,0.333,0.5,0.0,0.99,True,0.542,54.2,2,True
J0157,C0020,0.0,0.0,0.0,0.0,1.0,0.0,0.0,True,0.05,5.0,0,False
J0157,C0556,1.0,0.611,1.0,0.0,0.5,0.0,0.667,True,0.697,69.7,2,True
J0157,C0437,0.667,1.0,1.0,0.0,0.0,0.96,0.84,True,0.713,71.3,3,True
J0157,C0429,0.667,0.583,0.75,0.333,0.5,0.16,0.885,True,0.57,57.0,1,False
J0157,C0173,0.667,0.667,0.0,0.0,0.5,0.31,0.76,True,0.456,45.6,0,False
J0157,C0398,1.0,0.611,1.0,0.667,0.5,0.0,0.787,True,0.764,76.4,3,True
J0157,C0088,0.667,0.667,1.0,0.333,0.5,0.32,0.935,True,0.64,64.0,2,True
J0157,C0331,0.333,0.333,0.7,0.0,0.5,0.3,0.92,False,0.36,36.0,0,False
J0157,C0292,0.0,0.0,0.0,0.0,0.0,0.0,0.0,False,0.0,0.0,0,False
J0157,C0263,0.0,0.0,0.9,0.0,0.5,0.0,0.0,False,0.16,16.0,0,False
J0157,C0488,0.0,0.0,0.0,0.0,1.0,0.0,0.0,False,0.05,5.0,0,False
J0157,C0341,0.0,0.0,1.0,0.0,0.5,0.0,0.0,False,0.175,17.5,0,False
J0157,C0364,0.0,0.0,0.5,0.0,0.5,0.0,0.0,False,0.1,10.0,0,False
J0157,C0434,0.333,0.667,1.0,0.0,0.5,0.0,0.8,False,0.442,44.2,0,False
J0157,C0529,0.0,0.0,0.75,0.0,0.5,0.0,0.0,False,0.137,13.7,0,False
J0157,C0336,0.0,0.0,0.8,0.0,1.0,0.0,0.0,False,0.17,17.0,0,False
J0157,C0266,0.0,0.0,1.0,0.0,0.5,0.0,0.0,False,0.175,17.5,0,False
J0158,C0184,0.333,0.5,0.333,0.333,0.5,0.0,0.97,True,0.342,34.2,0,False
J0158,C0319,0.333,1.0,1.0,0.333,0.5,0.0,0.99,True,0.542,54.2,1,False
J0158,C0474,0.333,0.5,0.0,0.333,1.0,0.0,0.97,True,0.317,31.7,0,False
J0158,C0335,0.667,0.5,0.0,0.0,1.0,0.36,0.76,True,0.453,45.3,1,False
J0158,C0145,0.333,1.0,1.0,0.0,0.5,0.0,0.6,True,0.508,50.8,1,False
J0158,C0375,0.0,0.0,0.0,0.0,0.5,0.0,0.0,True,0.025,2.5,0,False
J0158,C0277,0.333,0.5,0.7,0.0,0.5,0.0,0.78,True,0.363,36.3,0,False
J0158,C0440,1.0,1.0,0.867,0.667,1.0,0.72,0.96,True,0.919,91.9,3,True
J0158,C0491,0.333,0.5,0.0,0.333,0.5,0.0,0.97,True,0.292,29.2,0,False
J0158,C0136,0.667,0.75,0.0,0.0,0.5,0.13,0.84,True,0.455,45.5,0,False
J0158,C0316,1.0,1.0,0.933,0.0,0.5,0.0,0.72,True,0.765,76.5,3,True
J0158,C0530,0.0,0.0,0.0,0.0,0.5,0.0,0.0,True,0.025,2.5,0,False
J0158,C0567,0.667,1.0,1.0,0.0,0.5,0.0,0.79,True,0.642,64.2,2,True
J0158,C0558,0.333,0.5,0.0,0.333,0.5,0.0,0.97,True,0.292,29.2,0,False
J0158,C0042,0.0,0.0,0.933,0.0,0.5,0.0,0.0,False,0.165,16.5,0,False
J0158,C0017,0.0,0.0,0.0,0.0,0.5,0.0,0.0,False,0.025,2.5,0,False
J0158,C0066,0.0,0.0,1.0,0.0,1.0,0.0,0.0,False,0.2,20.0,0,False
J0158,C0570,0.0,0.0,1.0,0.0,0.5,0.0,0.0,False,0.175,17.5,0,False
J0158,C0280,0.0,0.0,0.633,0.0,0.5,0.0,0.0,False,0.12,12.0,0,False
J0158,C0559,0.0,0.0,0.0,0.0,1.0,0.0,0.0,False,0.05,5.0,0,False
J0158,C0288,0.333,1.0,0.3,0.333,0.5,0.0,0.99,False,0.437,43.7,1,False
J0158,C0367,0.0,0.0,0.0,0.0,0.5,0.0,0.0,False,0.025,2.5,0,False
J0158,C0441,0.0,0.0,0.3,0.0,0.5,0.0,0.0,False,0.07,7.0,0,False
J0158,C0301,0.667,0.5,0.4,0.0,0.5,0.0,0.81,False,0.452,45.2,0,False
J0158,C0529,0.0,0.0,0.5,0.0,0.5,0.0,0.0,False,0.1,10.0,0,False
J0159,C0024,0.8,1.0,0.42,0.6,1.0,0.8,0.978,True,0.773,77.3,3,True
J0159,C0173,0.2,0.5,0.0,0.0,1.0,0.31,0.92,True,0.261,26.1,0,False
J0159,C0384,0.4,1.0,1.0,0.0,1.0,0.0,0.78,True,0.56,56.0,1,False
J0159,C0411,0.4,0.75,0.0,0.0,1.0,0.0,0.69,True,0.36,36.0,0,False
J0159,C0437,0.4,0.833,1.0,0.0,0.5,0.0,0.77,True,0.502,50.2,1,False
J0159,C0420,0.6,0.889,0.76,0.4,1.0,0.705,0.967,True,0.692,69.2,2,True
J0159,C0088,0.8,1.0,0.46,0.6,1.0,0.32,0.963,True,0.731,73.1,2,True
J0159,C0049,0.4,1.0,0.0,0.2,1.0,0.0,0.865,True,0.43,43.0,0,False
J0159,C0362,0.8,1.0,0.8,0.0,1.0,0.0,0.74,True,0.69,69.0,1,False
J0159,C0415,0.6,0.833,0.24,0.4,1.0,0.0,0.933,True,0.533,53.3,1,False
J0159,C0101,0.8,1.0,0.92,0.2,1.0,0.0,0.742,True,0.728,72.8,3,True
J0159,C0550,0.6,0.833,0.4,0.0,1.0,0.0,0.74,True,0.517,51.7,1,False
J0159,C0020,0.6,0.611,0.0,0.0,1.0,0.27,0.907,True,0.439,43.9,0,False
J0159,C0108,0.6,0.611,0.0,0.2,1.0,0.0,0.783,True,0.432,43.2,0,False
J0159,C0551,0.2,1.0,1.0,0.0,1.0,0.0,0.8,False,0.48,48.0,1,False
J0159,C0505,0.0,0.0,0.0,0.0,1.0,0.0,0.0,False,0.05,5.0,0,False
J0159,C0217,0.2,1.0,0.0,0.0,1.0,0.53,0.92,False,0.383,38.3,0,False
J0159,C0319,0.2,0.5,0.76,0.2,1.0,0.0,0.99,False,0.364,36.4,1,False
J0159,C0184,0.0,0.0,0.2,0.0,1.0,0.0,0.0,False,0.08,8.0,0,False
J0159,C0167,0.6,1.0,1.0,0.0,1.0,0.85,0.767,True,0.725,72.5,2,True
J0159,C0185,0.0,0.0,0.2,0.0,1.0,0.0,0.0,False,0.08,8.0,0,False
J0159,C0368,0.0,0.0,0.0,0.0,0.0,0.0,0.0,False,0.0,0.0,0,False
J0159,C0194,0.6,0.833,0.0,0.0,1.0,0.0,0.72,False,0.457,45.7,1,False
J0159,C0549,0.6,1.0,0.92,0.0,1.0,0.52,0.76,True,0.68,68.0,2,True
J0159,C0401,0.2,0.5,0.2,0.0,1.0,0.4,0.92,False,0.3,30.0,0,False
J0160,C0088,0.25,1.0,0.767,0.25,1.0,0.0,0.97,True,0.49,49.0,1,False
J0160,C0549,1.0,1.0,1.0,0.0,1.0,0.72,0.83,True,0.872,87.2,3,True
J0160,C0094,0.5,0.5,0.0,0.5,1.0,0.0,0.98,True,0.4,40.0,0,False
J0160,C0437,0.5,1.0,1.0,0.0,0.5,0.96,0.75,True,0.671,67.1,1,False
J0160,C0208,0.5,0.417,0.4,0.0,1.0,0.0,0.59,True,0.393,39.3,0,False
J0160,C0570,1.0,0.917,1.0,0.25,1.0,0.76,0.913,True,0.884,88.4,3,True
J0160,C0215,0.25,0.5,0.267,0.0,1.0,0.0,0.6,True,0.29,29.0,0,False
J0160,C0177,1.0,0.542,0.0,0.25,1.0,0.33,0.812,True,0.616,61.6,2,True
J0160,C0044,0.75,0.611,0.0,0.0,0.5,0.0,0.593,True,0.447,44.7,0,False
J0160,C0024,0.5,1.0,0.7,0.25,1.0,0.65,0.945,True,0.645,64.5,1,False
J0160,C0382,0.75,0.889,0.733,0.25,1.0,0.62,0.863,True,0.725,72.5,2,True
J0160,C0056,0.25,1.0,0.7,0.0,1.0,0.0,0.82,True,0.455,45.5,1,False
J0160,C0020,0.0,0.0,0.0,0.0,1.0,0.0,0.0,True,0.05,5.0,0,False
J0160,C0141,0.5,1.0,1.0,0.25,1.0,0.0,0.905,True,0.625,62.5,1,False
J0160,C0523,0.5,1.0,1.0,0.25,1.0,0.0,0.895,False,0.625,62.5,2,True
J0160,C0079,0.0,0.0,0.0,0.0,0.0,0.0,0.0,False,0.0,0.0,0,False
J0160,C0567,0.0,0.0,1.0,0.0,1.0,0.0,0.0,False,0.2,20.0,0,False
J0160,C0222,0.0,0.0,0.0,0.0,1.0,0.0,0.0,False,0.05,5.0,0,False
J0160,C0439,0.25,0.333,0.0,0.25,1.0,0.0,0.95,False,0.242,24.2,0,False
J0160,C0123,0.5,0.417,0.467,0.0,1.0,0.0,0.8,False,0.403,40.3,0,False
J0160,C0133,0.25,0.333,0.0,0.25,1.0,0.26,0.99,False,0.268,26.8,0,False
J0160,C0257,0.25,1.0,1.0,0.0,1.0,0.0,0.6,False,0.5,50.0,1,False
J0160,C0532,0.0,0.0,1.0,0.0,1.0,0.0,0.0,False,0.2,20.0,0,False
J0160,C0472,0.25,0.5,0.0,0.0,0.5,0.0,0.78,False,0.225,22.5,0,False
J0160,C0102,0.0,0.0,0.667,0.0,1.0,0.0,0.0,False,0.15,15.0,0,False
J0161,C0289,0.667,1.0,0.95,0.0,1.0,0.0,0.7,True,0.659,65.9,2,True
J0161,C0481,0.667,0.75,1.0,0.0,1.0,0.0,0.61,True,0.617,61.7,2,True
J0161,C0271,0.667,0.75,0.0,0.667,1.0,0.0,0.98,True,0.533,53.3,1,False
J0161,C0292,0.667,0.75,0.0,0.0,1.0,0.43,0.9,True,0.51,51.0,1,False
J0161,C0462,1.0,0.5,0.0,1.0,1.0,0.32,0.983,True,0.682,68.2,2,True
J0161,C0404,0.667,0.75,0.65,0.667,1.0,0.405,0.99,True,0.671,67.1,2,True
J0161,C0531,0.333,1.0,1.0,0.333,1.0,0.69,0.99,True,0.636,63.6,2,True
J0161,C0368,1.0,0.667,0.0,1.0,1.0,0.0,0.977,True,0.683,68.3,2,True
J0161,C0104,0.667,0.75,1.0,0.667,1.0,0.41,0.99,True,0.724,72.4,2,True
J0161,C0151,0.333,1.0,1.0,0.333,1.0,0.0,0.99,True,0.567,56.7,1,False
J0161,C0358,0.667,0.75,1.0,0.667,1.0,0.435,0.99,True,0.727,72.7,3,True
J0161,C0018,0.333,0.5,1.0,0.333,1.0,0.0,0.99,True,0.467,46.7,1,False
J0161,C0414,0.667,1.0,1.0,0.667,1.0,0.0,0.98,True,0.733,73.3,2,True
J0161,C0408,0.333,1.0,0.0,0.333,1.0,0.7,0.99,True,0.487,48.7,1,False
J0161,C0306,0.0,0.0,0.0,0.0,1.0,0.0,0.0,False,0.05,5.0,0,False
J0161,C0248,0.0,0.0,0.0,0.0,1.0,0.0,0.0,False,0.05,5.0,0,False
J0161,C0159,0.0,0.0,0.7,0.0,1.0,0.0,0.0,False,0.155,15.5,0,False
J0161,C0264,0.0,0.0,0.6,0.0,1.0,0.0,0.0,False,0.14,14.0,0,False
J0161,C0007,0.0,0.0,0.0,0.0,1.0,0.0,0.0,False,0.05,5.0,0,False
J0161,C0352,0.0,0.0,0.5,0.0,1.0,0.0,0.0,False,0.125,12.5,0,False
J0161,C0038,0.0,0.0,0.0,0.0,1.0,0.0,0.0,False,0.05,5.0,0,False
J0161,C0273,0.0,0.0,0.95,0.0,1.0,0.0,0.0,False,0.192,19.2,0,False
J0161,C0590,0.0,0.0,1.0,0.0,1.0,0.0,0.0,False,0.2,20.0,0,False
J0161,C0089,0.0,0.0,0.65,0.0,1.0,0.0,0.0,False,0.148,14.8,0,False
J0161,C0102,0.0,0.0,1.0,0.0,1.0,0.0,0.0,False,0.2,20.0,0,False
J0162,C0197,1.0,0.917,1.0,0.0,0.5,0.0,0.66,True,0.758,75.8,3,True
J0162,C0435,0.5,1.0,1.0,0.0,0.5,0.0,0.7,True,0.575,57.5,1,False
J0162,C0040,0.0,0.0,1.0,0.0,0.0,0.0,0.0,True,0.15,15.0,0,False
J0162,C0453,0.5,1.0,1.0,0.25,0.5,0.0,0.905,True,0.6,60.0,1,False
J0162,C0069,1.0,0.833,0.0,0.5,0.5,0.0,0.79,True,0.642,64.2,2,True
J0162,C0505,0.25,1.0,0.0,0.0,0.5,0.0,0.6,True,0.325,32.5,0,False
J0162,C0459,0.75,1.0,1.0,0.5,1.0,0.0,0.853,True,0.75,75.0,2,True
J0162,C0070,0.5,1.0,1.0,0.0,0.5,0.0,0.77,True,0.575,57.5,1,False
J0162,C0191,0.0,0.0,0.0,0.0,0.5,0.0,0.0,True,0.025,2.5,0,False
J0162,C0370,0.25,0.333,0.0,0.0,0.0,0.14,0.9,True,0.181,18.1,0,False
J0162,C0468,0.75,0.833,1.0,0.0,0.5,0.6,0.84,True,0.702,70.2,3,True
J0162,C0365,0.75,0.833,0.0,0.25,0.5,0.0,0.79,True,0.517,51.7,1,False
J0162,C0557,0.0,0.0,1.0,0.0,1.0,0.0,0.0,True,0.2,20.0,0,False
J0162,C0102,0.75,0.722,1.0,0.25,0.5,0.54,0.83,True,0.698,69.8,2,True
J0162,C0288,0.5,1.0,0.9,0.25,0.5,0.0,0.905,False,0.585,58.5,1,False
J0162,C0071,0.5,1.0,1.0,0.0,0.5,0.66,0.77,False,0.641,64.1,2,True
J0162,C0460,0.5,0.75,0.0,0.25,0.5,0.18,0.955,False,0.418,41.8,0,False
J0162,C0261,0.25,0.667,1.0,0.0,0.5,0.0,0.8,False,0.408,40.8,0,False
J0162,C0188,0.5,1.0,1.0,0.0,1.0,0.64,0.86,False,0.664,66.4,2,True
J0162,C0133,0.75,0.833,0.0,0.25,0.5,0.28,0.89,True,0.545,54.5,1,False
J0162,C0424,0.0,0.0,1.0,0.0,0.0,0.0,0.0,False,0.15,15.0,0,False
J0162,C0325,0.0,0.0,1.0,0.0,0.5,0.0,0.0,False,0.175,17.5,0,False
J0162,C0259,0.5,0.833,1.0,0.0,0.5,0.0,0.81,False,0.542,54.2,1,False
J0162,C0574,0.0,0.0,0.0,0.0,0.5,0.0,0.0,False,0.025,2.5,0,False
J0162,C0548,0.25,1.0,1.0,0.0,0.5,0.0,0.82,False,0.475,47.5,0,False
J0163,C0219,0.75,1.0,1.0,0.5,1.0,0.0,0.913,True,0.75,75.0,3,True
J0163,C0036,0.75,0.333,0.0,0.25,1.0,0.0,0.723,True,0.442,44.2,1,False
J0163,C0532,0.75,1.0,1.0,0.0,1.0,0.0,0.793,True,0.7,70.0,3,True
J0163,C0017,0.0,0.0,0.0,0.0,1.0,0.0,0.0,True,0.05,5.0,0,False
J0163,C0034,0.75,0.556,0.0,0.5,1.0,0.0,0.84,True,0.511,51.1,0,False
J0163,C0007,0.75,0.444,0.0,0.25,1.0,0.0,0.71,True,0.464,46.4,1,False
J0163,C0544,0.75,0.667,0.733,0.25,1.0,0.0,0.843,True,0.618,61.8,2,True
J0163,C0067,0.5,0.333,0.0,0.0,1.0,0.0,0.78,True,0.317,31.7,0,False
J0163,C0022,0.25,1.0,0.0,0.25,1.0,0.0,0.95,True,0.375,37.5,1,False
J0163,C0492,0.75,0.778,0.567,0.0,1.0,0.0,0.667,True,0.591,59.1,2,True
J0163,C0403,0.75,0.556,0.0,0.5,1.0,0.0,0.847,True,0.511,51.1,1,False
J0163,C0529,0.5,0.833,0.5,0.0,1.0,0.61,0.76,True,0.553,55.3,1,False
J0163,C0593,0.75,0.556,0.0,0.0,1.0,0.375,0.853,True,0.499,49.9,1,False
J0163,C0125,0.75,0.556,0.0,0.5,1.0,0.0,0.847,True,0.511,51.1,1,False
J0163,C0208,0.25,1.0,0.4,0.0,1.0,0.42,0.92,False,0.452,45.2,0,False
J0163,C0276,0.25,1.0,0.933,0.25,0.5,0.67,0.99,False,0.557,55.7,1,False
J0163,C0042,0.0,0.0,0.933,0.0,1.0,0.0,0.0,False,0.19,19.0,0,False
J0163,C0462,0.0,0.0,0.0,0.0,0.0,0.0,0.0,False,0.0,0.0,0,False
J0163,C0518,0.0,0.0,0.0,0.0,1.0,0.0,0.0,False,0.05,5.0,0,False
J0163,C0065,0.25,1.0,1.0,0.0,1.0,0.0,0.82,False,0.5,50.0,1,False
J0163,C0271,0.0,0.0,0.0,0.0,0.0,0.0,0.0,False,0.0,0.0,0,False
J0163,C0184,0.0,0.0,0.333,0.0,1.0,0.0,0.0,False,0.1,10.0,0,False
J0163,C0440,0.25,1.0,0.867,0.25,1.0,0.0,0.99,False,0.505,50.5,1,False
J0163,C0407,0.0,0.0,0.0,0.0,1.0,0.0,0.0,False,0.05,5.0,0,False
J0163,C0254,0.25,0.667,0.0,0.0,1.0,0.0,0.78,False,0.283,28.3,0,False
J0164,C0200,0.0,0.0,1.0,0.0,1.0,0.0,0.0,True,0.2,20.0,0,False
J0164,C0481,0.5,1.0,1.0,0.0,1.0,0.97,0.92,True,0.697,69.7,2,True
J0164,C0358,0.0,0.0,1.0,0.0,1.0,0.0,0.0,True,0.2,20.0,0,False
J0164,C0307,0.5,0.333,0.0,0.5,1.0,0.0,0.99,True,0.367,36.7,0,False
J0164,C0140,0.5,1.0,0.85,0.5,1.0,0.0,0.99,True,0.628,62.8,1,False
J0164,C0446,0.5,0.333,0.55,0.5,1.0,0.0,0.99,True,0.449,44.9,0,False
J0164,C0151,0.5,1.0,1.0,0.5,1.0,0.86,0.99,True,0.736,73.6,2,True
J0164,C0291,0.5,1.0,1.0,0.5,1.0,0.9,0.99,True,0.74,74.0,3,True
J0164,C0289,1.0,0.833,0.95,0.0,1.0,0.0,0.81,True,0.759,75.9,2,True
J0164,C0195,0.5,1.0,0.0,0.5,1.0,0.0,0.99,True,0.5,50.0,0,False
J0164,C0531,1.0,0.833,1.0,1.0,1.0,0.81,0.99,True,0.948,94.8,3,True
J0164,C0361,0.5,1.0,0.95,0.5,1.0,0.0,0.99,True,0.643,64.2,2,True
J0164,C0146,0.5,0.5,0.0,0.5,1.0,0.32,0.99,True,0.432,43.2,0,False
J0164,C0405,1.0,0.583,0.0,0.0,1.0,0.0,0.69,True,0.567,56.7,1,False
J0164,C0352,0.0,0.0,0.5,0.0,1.0,0.0,0.0,False,0.125,12.5,0,False
J0164,C0508,0.0,0.0,1.0,0.0,1.0,0.0,0.0,False,0.2,20.0,0,False
J0164,C0553,0.0,0.0,0.0,0.0,1.0,0.0,0.0,False,0.05,5.0,0,False
J0164,C0459,0.0,0.0,1.0,0.0,1.0,0.0,0.0,False,0.2,20.0,0,False
J0164,C0596,0.0,0.0,0.85,0.0,1.0,0.0,0.0,False,0.178,17.8,0,False
J0164,C0599,0.0,0.0,0.0,0.0,1.0,0.0,0.0,False,0.05,5.0,0,False
J0164,C0447,0.0,0.0,1.0,0.0,1.0,0.0,0.0,False,0.2,20.0,0,False
J0164,C0249,0.5,0.5,1.0,0.5,1.0,0.0,0.97,True,0.55,55.0,1,False
J0164,C0163,0.0,0.0,0.4,0.0,1.0,0.0,0.0,False,0.11,11.0,0,False
J0164,C0241,0.0,0.0,1.0,0.0,1.0,0.0,0.0,False,0.2,20.0,0,False
J0164,C0535,0.0,0.0,0.85,0.0,1.0,0.0,0.0,False,0.178,17.8,0,False
J0165,C0355,0.667,0.333,0.0,0.0,1.0,0.0,0.78,True,0.383,38.3,0,False
J0165,C0598,0.667,0.5,0.4,0.0,1.0,0.43,0.75,True,0.52,52.0,1,False
J0165,C0241,1.0,0.778,1.0,0.0,1.0,0.44,0.84,True,0.8,80.0,2,True
J0165,C0158,0.333,0.333,0.6,0.333,1.0,0.28,0.99,True,0.401,40.1,0,False
J0165,C0433,1.0,0.889,1.0,0.0,1.0,0.0,0.607,True,0.778,77.8,2,True
J0165,C0371,0.333,0.667,0.0,0.0,1.0,0.67,0.9,True,0.384,38.4,0,False
J0165,C0527,0.333,0.333,0.4,0.0,1.0,0.0,0.4,True,0.31,31.0,0,False
J0165,C0198,0.667,0.5,0.0,0.0,1.0,0.0,0.6,True,0.417,41.7,1,False
J0165,C0516,0.667,0.333,0.0,0.0,1.0,0.0,0.6,True,0.383,38.3,0,False
J0165,C0118,0.333,0.667,1.0,0.0,1.0,0.52,0.94,True,0.519,51.9,1,False
J0165,C0512,1.0,0.333,0.2,0.0,1.0,0.0,0.807,True,0.547,54.7,1,False
J0165,C0203,0.333,0.333,0.0,0.0,1.0,0.33,0.9,True,0.283,28.3,0,False
J0165,C0585,0.667,0.833,0.667,0.0,1.0,0.0,0.8,True,0.583,58.3,1,False
J0165,C0041,0.333,0.333,0.0,0.0,1.0,0.3,0.9,True,0.28,28.0,0,False
J0165,C0455,0.333,0.333,0.0,0.0,1.0,0.22,0.92,False,0.272,27.2,0,False
J0165,C0359,0.333,0.333,0.467,0.333,1.0,0.0,0.99,False,0.353,35.3,0,False
J0165,C0213,0.0,0.0,1.0,0.0,1.0,0.0,0.0,False,0.2,20.0,0,False
J0165,C0435,0.0,0.0,1.0,0.0,1.0,0.0,0.0,False,0.2,20.0,0,False
J0165,C0495,0.0,0.0,0.833,0.0,1.0,0.0,0.0,False,0.175,17.5,0,False
J0165,C0478,0.0,0.0,1.0,0.0,1.0,0.0,0.0,False,0.2,20.0,0,False
J0165,C0225,0.333,0.333,0.4,0.0,1.0,0.0,0.6,True,0.31,31.0,0,False
J0165,C0423,0.333,1.0,1.0,0.333,1.0,0.0,0.99,False,0.567,56.7,1,False
J0165,C0142,0.333,0.333,0.0,0.0,1.0,0.0,0.78,False,0.25,25.0,0,False
J0165,C0123,0.333,0.333,0.467,0.0,1.0,0.0,0.8,False,0.32,32.0,0,False
J0166,C0005,0.333,1.0,0.0,0.333,1.0,0.0,0.97,True,0.417,41.7,1,False
J0166,C0095,0.667,1.0,0.0,0.0,1.0,0.0,0.69,True,0.517,51.7,1,False
J0166,C0394,0.667,1.0,0.8,0.0,1.0,0.0,0.71,True,0.637,63.7,1,False
J0166,C0191,0.333,0.5,0.0,0.0,1.0,0.0,0.78,True,0.283,28.3,0,False
J0166,C0272,1.0,0.611,0.0,0.333,1.0,0.33,0.83,True,0.639,63.9,2,True
J0166,C0456,0.667,0.667,0.0,0.0,1.0,0.0,0.69,True,0.45,45.0,0,False
J0166,C0065,0.333,1.0,1.0,0.333,1.0,0.0,0.99,True,0.567,56.7,1,False
J0166,C0052,0.667,1.0,1.0,0.0,1.0,0.0,0.71,True,0.667,66.7,2,True
J0166,C0345,0.667,1.0,1.0,0.333,1.0,0.96,0.935,True,0.796,79.6,3,True
J0166,C0578,1.0,0.611,0.0,0.0,1.0,0.215,0.867,True,0.594,59.4,1,False
J0166,C0476,0.333,1.0,1.0,0.0,1.0,0.0,0.8,True,0.533,53.3,1,False
J0166,C0102,0.667,0.833,1.0,0.333,1.0,0.54,0.945,True,0.721,72.1,3,True
J0166,C0237,0.333,1.0,1.0,0.0,1.0,0.0,0.78,True,0.533,53.3,1,False
J0166,C0294,1.0,0.889,0.9,0.333,0.5,0.0,0.79,True,0.771,77.1,3,True
J0166,C0419,0.333,0.667,1.0,0.0,1.0,0.0,0.78,False,0.467,46.7,1,False
J0166,C0489,0.0,0.0,0.4,0.0,1.0,0.0,0.0,False,0.11,11.0,0,False
J0166,C0006,0.0,0.0,1.0,0.0,1.0,0.0,0.0,False,0.2,20.0,0,False
J0166,C0481,0.0,0.0,1.0,0.0,0.0,0.0,0.0,False,0.15,15.0,0,False
J0166,C0496,1.0,0.611,0.7,0.333,1.0,0.14,0.863,True,0.725,72.5,2,True
J0166,C0038,0.667,0.583,0.0,0.0,1.0,0.0,0.5,True,0.433,43.3,0,False
J0166,C0190,0.0,0.0,0.0,0.0,1.0,0.0,0.0,False,0.05,5.0,0,False
J0166,C0070,0.667,1.0,1.0,0.0,1.0,0.62,0.86,True,0.729,72.9,2,True
J0166,C0270,0.667,0.833,0.0,0.333,1.0,0.0,0.685,True,0.517,51.7,2,True
J0166,C0494,0.0,0.0,1.0,0.0,1.0,0.0,0.0,False,0.2,20.0,0,False
J0166,C0266,0.0,0.0,1.0,0.0,1.0,0.0,0.0,False,0.2,20.0,0,False
J0167,C0404,0.667,0.75,1.0,0.667,1.0,0.475,0.99,True,0.731,73.1,3,True
J0167,C0358,0.0,0.0,1.0,0.0,1.0,0.0,0.0,True,0.2,20.0,0,False
J0167,C0057,1.0,1.0,1.0,1.0,1.0,0.0,0.983,True,0.9,90.0,3,True
J0167,C0446,0.667,0.75,1.0,0.667,1.0,0.38,0.99,True,0.721,72.1,3,True
J0167,C0481,0.667,1.0,1.0,0.0,1.0,0.97,0.85,True,0.764,76.4,3,True
J0167,C0485,0.667,0.75,1.0,0.667,1.0,0.0,0.97,True,0.683,68.3,1,False
J0167,C0151,0.333,1.0,1.0,0.333,1.0,0.86,0.99,True,0.653,65.3,2,True
J0167,C0531,0.667,1.0,1.0,0.667,1.0,0.81,0.99,True,0.814,81.4,3,True
J0167,C0292,0.667,1.0,1.0,0.333,1.0,0.37,0.945,True,0.737,73.7,3,True
J0167,C0462,0.667,0.75,1.0,0.667,1.0,0.32,0.98,True,0.715,71.5,3,True
J0167,C0104,1.0,0.833,1.0,1.0,1.0,0.35,0.99,True,0.902,90.2,3,True
J0167,C0140,0.667,1.0,1.0,0.667,1.0,0.0,0.99,True,0.733,73.3,3,True
J0167,C0442,0.667,0.75,1.0,0.667,1.0,0.37,0.99,True,0.72,72.0,2,True
J0167,C0282,0.667,0.5,1.0,0.667,1.0,0.37,0.99,True,0.67,67.0,2,True
J0167,C0578,0.0,0.0,1.0,0.0,1.0,0.0,0.0,False,0.2,20.0,0,False
J0167,C0230,0.0,0.0,1.0,0.0,1.0,0.0,0.0,False,0.2,20.0,0,False
J0167,C0126,0.0,0.0,1.0,0.0,1.0,0.0,0.0,False,0.2,20.0,0,False
J0167,C0547,0.0,0.0,1.0,0.0,1.0,0.0,0.0,False,0.2,20.0,0,False
J0167,C0276,0.0,0.0,1.0,0.0,1.0,0.0,0.0,False,0.2,20.0,0,False
J0167,C0342,0.0,0.0,1.0,0.0,1.0,0.0,0.0,False,0.2,20.0,0,False
J0167,C0452,0.0,0.0,1.0,0.0,1.0,0.0,0.0,False,0.2,20.0,0,False
J0167,C0333,0.0,0.0,1.0,0.0,1.0,0.0,0.0,False,0.2,20.0,0,False
J0167,C0290,0.0,0.0,1.0,0.0,1.0,0.0,0.0,False,0.2,20.0,0,False
J0167,C0193,0.0,0.0,1.0,0.0,1.0,0.0,0.0,False,0.2,20.0,0,False
J0167,C0090,0.0,0.0,1.0,0.0,1.0,0.0,0.0,False,0.2,20.0,0,False
J0168,C0509,0.75,0.778,1.0,0.25,1.0,0.6,0.823,True,0.741,74.1,2,True
J0168,C0043,0.75,0.611,1.0,0.5,1.0,0.23,0.96,True,0.695,69.5,2,True
J0168,C0490,0.75,0.611,1.0,0.0,1.0,0.4,0.827,True,0.662,66.2,2,True
J0168,C0540,0.5,1.0,1.0,0.5,1.0,0.0,0.99,True,0.65,65.0,2,True
J0168,C0280,0.5,0.667,1.0,0.0,1.0,0.535,0.91,True,0.587,58.7,2,True
J0168,C0552,1.0,0.833,1.0,0.0,1.0,0.0,0.735,True,0.767,76.7,3,True
J0168,C0312,0.5,0.75,1.0,0.5,1.0,0.0,0.99,True,0.6,60.0,2,True
J0168,C0581,1.0,0.708,1.0,0.25,1.0,0.33,0.877,True,0.8,80.0,3,True
J0168,C0023,1.0,0.917,1.0,0.25,1.0,0.69,0.868,True,0.877,87.7,3,True
J0168,C0451,1.0,1.0,1.0,0.0,1.0,0.763,0.885,True,0.876,87.6,3,True
J0168,C0473,1.0,0.708,1.0,0.5,1.0,0.0,0.78,True,0.792,79.2,3,True
J0168,C0427,1.0,1.0,1.0,0.0,1.0,0.0,0.755,True,0.8,80.0,3,True
J0168,C0568,0.75,0.778,1.0,0.0,1.0,0.45,0.92,True,0.701,70.1,2,True
J0168,C0224,1.0,0.792,1.0,0.5,1.0,0.18,0.915,True,0.826,82.6,3,True
J0168,C0129,0.0,0.0,1.0,0.0,1.0,0.0,0.0,False,0.2,20.0,0,False
J0168,C0530,0.0,0.0,1.0,0.0,1.0,0.0,0.0,False,0.2,20.0,0,False
J0168,C0392,0.25,1.0,1.0,0.0,1.0,0.0,0.78,False,0.5,50.0,1,False
J0168,C0248,0.0,0.0,1.0,0.0,1.0,0.0,0.0,False,0.2,20.0,0,False
J0168,C0053,0.25,1.0,1.0,0.0,1.0,0.0,0.78,False,0.5,50.0,1,False
J0168,C0548,0.25,1.0,1.0,0.25,1.0,0.0,0.99,False,0.525,52.5,1,False
J0168,C0176,0.0,0.0,1.0,0.0,1.0,0.0,0.0,False,0.2,20.0,0,False
J0168,C0330,0.0,0.0,1.0,0.0,1.0,0.0,0.0,False,0.2,20.0,0,False
J0168,C0227,0.0,0.0,1.0,0.0,1.0,0.0,0.0,False,0.2,20.0,0,False
J0168,C0037,0.25,1.0,1.0,0.0,1.0,0.0,0.8,False,0.5,50.0,1,False
J0168,C0020,0.0,0.0,1.0,0.0,1.0,0.0,0.0,False,0.2,20.0,0,False
J0169,C0300,0.5,0.333,0.0,0.0,1.0,0.0,0.69,True,0.317,31.7,0,False
J0169,C0217,0.5,0.5,0.0,0.25,1.0,0.195,0.945,True,0.395,39.5,0,False
J0169,C0194,0.75,0.556,0.0,0.5,1.0,0.39,0.86,True,0.55,55.0,1,False
J0169,C0061,0.75,1.0,1.0,0.25,1.0,0.0,0.737,True,0.725,72.5,3,True
J0169,C0325,0.75,0.889,1.0,0.0,1.0,0.0,0.747,True,0.678,67.8,2,True
J0169,C0580,1.0,0.833,1.0,0.5,1.0,0.0,0.74,True,0.817,81.7,3,True
J0169,C0395,0.75,0.5,0.0,0.75,1.0,0.65,0.977,True,0.59,59.0,2,True
J0169,C0002,0.75,0.5,0.4,0.0,1.0,0.33,0.84,True,0.543,54.3,1,False
J0169,C0051,0.75,0.778,0.7,0.0,1.0,0.65,0.767,True,0.676,67.6,2,True
J0169,C0216,0.25,1.0,0.0,0.25,1.0,0.0,0.97,True,0.375,37.5,0,False
J0169,C0524,0.75,1.0,1.0,0.25,1.0,0.0,0.857,True,0.725,72.5,2,True
J0169,C0120,1.0,0.542,0.0,0.25,1.0,0.14,0.767,True,0.597,59.7,1,False
J0169,C0150,0.5,0.833,0.0,0.0,0.5,0.0,0.6,True,0.392,39.2,0,False
J0169,C0212,0.5,0.417,0.0,0.0,1.0,0.0,0.69,True,0.333,33.3,0,False
J0169,C0049,0.25,0.333,0.0,0.25,1.0,0.0,0.99,False,0.242,24.2,0,False
J0169,C0447,0.0,0.0,1.0,0.0,1.0,0.0,0.0,False,0.2,20.0,0,False
J0169,C0446,0.0,0.0,0.367,0.0,0.0,0.0,0.0,False,0.055,5.5,0,False
J0169,C0431,1.0,0.542,0.0,0.75,1.0,0.0,0.882,True,0.633,63.3,2,True
J0169,C0021,0.0,0.0,0.0,0.0,1.0,0.0,0.0,False,0.05,5.0,0,False
J0169,C0415,0.25,0.667,0.4,0.25,1.0,0.0,0.99,False,0.368,36.8,0,False
J0169,C0259,0.0,0.0,0.8,0.0,1.0,0.0,0.0,False,0.17,17.0,0,False
J0169,C0046,0.25,0.333,0.0,0.25,1.0,0.0,0.97,False,0.242,24.2,0,False
J0169,C0386,0.0,0.0,0.0,0.0,1.0,0.0,0.0,False,0.05,5.0,0,False
J0169,C0271,0.0,0.0,0.0,0.0,0.0,0.0,0.0,False,0.0,0.0,0,False
J0169,C0393,0.0,0.0,0.567,0.0,1.0,0.0,0.0,False,0.135,13.5,0,False
J0170,C0112,0.4,0.417,1.0,0.0,1.0,0.0,0.77,True,0.443,44.3,1,False
J0170,C0365,0.8,0.708,1.0,0.2,1.0,0.0,0.692,True,0.682,68.2,2,True
J0170,C0432,0.0,0.0,1.0,0.0,1.0,0.0,0.0,True,0.2,20.0,0,False
J0170,C0456,0.4,0.667,1.0,0.0,1.0,0.0,0.78,True,0.493,49.3,1,False
J0170,C0584,0.6,0.722,1.0,0.4,1.0,0.0,0.927,True,0.624,62.4,1,False
J0170,C0336,0.4,1.0,1.0,0.2,1.0,0.745,0.955,True,0.655,65.4,1,False
J0170,C0330,1.0,0.833,1.0,0.0,1.0,0.0,0.752,True,0.767,76.7,2,True
J0170,C0156,0.6,0.778,1.0,0.4,1.0,0.38,0.847,True,0.674,67.4,3,True
J0170,C0426,0.6,0.722,1.0,0.4,1.0,0.55,0.96,True,0.679,67.9,2,True
J0170,C0010,0.2,1.0,1.0,0.0,1.0,0.0,0.78,True,0.48,48.0,1,False
J0170,C0005,0.4,1.0,1.0,0.4,1.0,0.0,0.97,True,0.6,60.0,1,False
J0170,C0168,0.8,0.917,1.0,0.8,0.5,0.0,0.99,True,0.758,75.8,3,True
J0170,C0076,0.4,0.75,1.0,0.2,1.0,0.39,0.945,True,0.569,56.9,2,True
J0170,C0135,0.6,1.0,1.0,0.2,1.0,0.0,0.73,True,0.66,66.0,2,True
J0170,C0483,0.2,1.0,1.0,0.2,1.0,0.0,0.99,False,0.5,50.0,1,False
J0170,C0377,0.0,0.0,1.0,0.0,1.0,0.0,0.0,False,0.2,20.0,0,False
J0170,C0544,0.0,0.0,1.0,0.0,1.0,0.0,0.0,False,0.2,20.0,0,False
J0170,C0469,0.8,1.0,1.0,0.4,1.0,0.0,0.845,True,0.76,76.0,3,True
J0170,C0517,0.4,0.75,1.0,0.0,0.5,0.0,0.78,False,0.485,48.5,1,False
J0170,C0049,0.2,0.5,1.0,0.2,1.0,0.0,0.99,False,0.4,40.0,0,False
J0170,C0473,0.0,0.0,1.0,0.0,1.0,0.0,0.0,False,0.2,20.0,0,False
J0170,C0464,0.0,0.0,1.0,0.0,1.0,0.0,0.0,False,0.2,20.0,0,False
J0170,C0397,0.2,1.0,1.0,0.0,0.5,0.0,0.78,False,0.455,45.5,1,False
J0170,C0451,0.0,0.0,1.0,0.0,1.0,0.0,0.0,False,0.2,20.0,0,False
J0171,C0587,0.75,1.0,0.95,0.5,0.5,0.77,0.86,True,0.794,79.4,3,True
J0171,C0304,0.25,1.0,0.8,0.25,0.5,0.0,0.99,True,0.47,47.0,0,False
J0171,C0471,0.5,0.5,0.0,0.0,1.0,0.22,0.76,True,0.372,37.2,0,False
J0171,C0205,0.75,0.444,0.0,0.0,1.0,0.0,0.6,True,0.439,43.9,0,False
J0171,C0105,0.5,0.417,0.0,0.0,0.5,0.0,0.77,True,0.308,30.8,0,False
J0171,C0179,0.5,0.417,0.65,0.0,1.0,0.0,0.6,True,0.431,43.1,0,False
J0171,C0588,0.75,0.722,0.0,0.25,1.0,0.0,0.73,True,0.519,51.9,1,False
J0171,C0569,0.5,0.5,0.0,0.5,1.0,0.15,0.99,True,0.415,41.5,0,False
J0171,C0081,0.25,1.0,1.0,0.25,1.0,0.0,0.97,True,0.525,52.5,0,False
J0171,C0120,0.75,0.611,0.0,0.25,1.0,0.0,0.723,True,0.497,49.7,1,False
J0171,C0542,0.5,0.75,0.0,0.25,1.0,0.0,0.875,True,0.425,42.5,1,False
J0171,C0424,0.5,0.5,1.0,0.0,0.5,0.0,0.69,True,0.475,47.5,1,False
J0171,C0441,0.5,0.5,0.45,0.25,1.0,0.0,0.875,True,0.443,44.3,1,False
J0171,C0308,0.25,0.5,0.0,0.0,1.0,0.0,0.76,True,0.25,25.0,0,False
J0171,C0344,0.0,0.0,1.0,0.0,1.0,0.0,0.0,False,0.2,20.0,0,False
J0171,C0157,0.25,1.0,0.85,0.0,1.0,0.0,0.6,False,0.478,47.8,1,False
J0171,C0592,0.0,0.0,0.6,0.0,1.0,0.0,0.0,False,0.14,14.0,0,False
J0171,C0438,0.0,0.0,0.0,0.0,1.0,0.0,0.0,False,0.05,5.0,0,False
J0171,C0271,0.0,0.0,0.0,0.0,0.0,0.0,0.0,False,0.0,0.0,0,False
J0171,C0538,0.25,0.5,1.0,0.25,1.0,0.27,0.99,False,0.452,45.2,1,False
J0171,C0223,0.0,0.0,0.0,0.0,0.5,0.0,0.0,False,0.025,2.5,0,False
J0171,C0563,0.25,1.0,1.0,0.0,1.0,0.0,0.8,False,0.5,50.0,1,False
J0171,C0518,0.25,0.5,0.0,0.25,1.0,0.32,0.99,False,0.307,30.7,0,False
J0171,C0418,0.25,1.0,0.75,0.25,1.0,0.0,0.99,False,0.488,48.8,0,False
J0171,C0128,0.0,0.0,0.0,0.0,1.0,0.0,0.0,False,0.05,5.0,0,False
J0172,C0534,0.333,0.5,1.0,0.0,1.0,0.0,0.82,True,0.433,43.3,1,False
J0172,C0458,0.333,0.333,0.0,0.0,1.0,0.0,0.78,True,0.25,25.0,0,False
J0172,C0036,1.0,0.444,0.0,0.333,1.0,0.0,0.723,True,0.572,57.2,1,False
J0172,C0107,0.667,0.75,0.0,0.0,1.0,0.0,0.69,True,0.467,46.7,1,False
J0172,C0386,0.667,0.75,0.0,0.333,1.0,0.56,0.795,True,0.556,55.6,1,False
J0172,C0222,0.333,1.0,0.0,0.0,1.0,0.54,0.92,True,0.437,43.7,1,False
J0172,C0211,1.0,0.556,1.0,0.0,1.0,0.0,0.593,True,0.711,71.1,2,True
J0172,C0175,0.667,0.5,0.0,0.333,1.0,0.0,0.885,True,0.45,45.0,1,False
J0172,C0125,0.333,0.5,0.0,0.333,1.0,0.0,0.99,True,0.317,31.7,0,False
J0172,C0186,0.667,0.667,1.0,0.0,1.0,0.0,0.81,True,0.6,60.0,1,False
J0172,C0017,0.0,0.0,0.0,0.0,1.0,0.0,0.0,True,0.05,5.0,0,False
J0172,C0544,0.667,1.0,1.0,0.333,1.0,0.0,0.875,True,0.7,70.0,3,True
J0172,C0594,1.0,0.611,1.0,0.667,0.5,0.0,0.913,True,0.764,76.4,3,True
J0172,C0410,0.0,0.0,1.0,0.0,0.5,0.0,0.0,True,0.175,17.5,0,False
J0172,C0081,0.0,0.0,1.0,0.0,1.0,0.0,0.0,False,0.2,20.0,0,False
J0172,C0412,0.333,1.0,1.0,0.0,1.0,0.0,0.82,True,0.533,53.3,1,False
J0172,C0190,0.0,0.0,0.0,0.0,1.0,0.0,0.0,False,0.05,5.0,0,False
J0172,C0333,0.0,0.0,0.0,0.0,1.0,0.0,0.0,False,0.05,5.0,0,False
J0172,C0369,0.0,0.0,0.0,0.0,1.0,0.0,0.0,True,0.05,5.0,0,False
J0172,C0567,0.0,0.0,1.0,0.0,1.0,0.0,0.0,False,0.2,20.0,0,False
J0172,C0058,0.0,0.0,1.0,0.0,1.0,0.0,0.0,False,0.2,20.0,0,False
J0172,C0525,0.0,0.0,0.0,0.0,1.0,0.0,0.0,False,0.05,5.0,0,False
J0172,C0074,0.0,0.0,1.0,0.0,1.0,0.0,0.0,False,0.2,20.0,0,False
J0172,C0508,0.0,0.0,1.0,0.0,1.0,0.0,0.0,False,0.2,20.0,0,False
J0172,C0518,0.0,0.0,0.0,0.0,1.0,0.0,0.0,False,0.05,5.0,0,False
J0173,C0499,0.4,1.0,0.7,0.2,0.5,0.63,0.945,True,0.573,57.3,1,False
J0173,C0298,0.4,1.0,0.78,0.4,0.0,0.485,0.99,True,0.566,56.6,1,False
J0173,C0250,0.6,0.611,0.24,0.2,0.5,0.237,0.95,True,0.467,46.7,1,False
J0173,C0240,0.8,0.917,1.0,0.0,0.5,0.0,0.745,True,0.678,67.8,2,True
J0173,C0546,1.0,0.833,0.78,0.0,0.5,0.0,0.8,True,0.709,70.9,3,True
J0173,C0337,0.6,0.722,0.0,0.2,0.5,0.24,0.877,True,0.453,45.3,1,False
J0173,C0078,0.2,1.0,0.0,0.2,0.5,0.0,0.97,True,0.325,32.5,0,False
J0173,C0455,1.0,0.567,0.0,0.2,0.5,0.22,0.814,True,0.58,58.0,1,False
J0173,C0268,0.8,0.833,0.72,0.2,0.0,0.0,0.828,True,0.615,61.5,1,False
J0173,C0260,0.6,0.889,0.62,0.0,0.5,0.0,0.727,True,0.536,53.6,1,False
J0173,C0233,0.4,0.75,0.36,0.0,0.5,0.5,0.91,True,0.439,43.9,0,False
J0173,C0472,0.8,0.792,0.0,0.0,0.0,0.0,0.645,True,0.478,47.8,1,False
J0173,C0128,0.6,0.611,0.0,0.0,0.5,0.27,0.82,True,0.414,41.4,0,False
J0173,C0214,0.8,0.875,0.36,0.4,1.0,0.0,0.845,True,0.639,63.9,2,True
J0173,C0029,0.0,0.0,0.0,0.0,0.5,0.0,0.0,False,0.025,2.5,0,False
J0173,C0373,0.2,1.0,0.5,0.0,0.5,0.63,0.92,False,0.443,44.3,1,False
J0173,C0108,0.2,0.5,0.0,0.2,0.5,0.0,0.97,False,0.225,22.5,0,False
J0173,C0079,0.0,0.0,0.0,0.0,0.0,0.0,0.0,False,0.0,0.0,0,False
J0173,C0002,0.2,0.5,0.24,0.0,0.5,0.0,0.8,False,0.241,24.1,0,False
J0173,C0206,0.2,0.5,0.0,0.0,0.5,0.24,0.92,False,0.229,22.9,0,False
J0173,C0363,0.0,0.0,0.3,0.0,0.5,0.0,0.0,False,0.07,7.0,0,False
J0173,C0217,0.2,1.0,0.0,0.0,0.5,0.53,0.92,False,0.358,35.8,0,False
J0173,C0366,0.0,0.0,1.0,0.0,0.5,0.0,0.0,False,0.175,17.5,0,False
J0173,C0576,0.0,0.0,0.5,0.0,0.5,0.0,0.0,False,0.1,10.0,0,False
J0173,C0242,0.2,1.0,0.78,0.0,0.5,0.0,0.78,False,0.422,42.2,1,False
J0174,C0358,0.0,0.0,1.0,0.0,1.0,0.0,0.0,True,0.2,20.0,0,False
J0174,C0151,0.5,1.0,1.0,0.5,1.0,0.86,0.99,True,0.736,73.6,2,True
J0174,C0531,0.5,1.0,1.0,0.5,1.0,0.93,0.99,True,0.743,74.3,3,True
J0174,C0291,1.0,1.0,1.0,1.0,1.0,0.915,0.99,True,0.992,99.2,3,True
J0174,C0018,0.5,1.0,1.0,0.5,1.0,0.0,0.97,True,0.65,65.0,2,True
J0174,C0449,0.5,1.0,1.0,0.5,1.0,0.78,0.99,True,0.728,72.8,3,True
J0174,C0013,1.0,0.833,1.0,1.0,1.0,0.63,0.99,True,0.93,93.0,3,True
J0174,C0414,0.5,1.0,1.0,0.5,1.0,0.0,0.99,True,0.65,65.0,2,True
J0174,C0307,0.0,0.0,1.0,0.0,1.0,0.0,0.0,True,0.2,20.0,0,False
J0174,C0271,0.5,0.333,1.0,0.5,1.0,0.23,0.99,True,0.54,54.0,1,False
J0174,C0140,1.0,0.833,1.0,1.0,1.0,0.0,0.99,True,0.867,86.7,3,True
J0174,C0057,1.0,0.833,1.0,1.0,1.0,0.0,0.99,True,0.867,86.7,3,True
J0174,C0462,0.5,0.333,1.0,0.5,1.0,0.0,0.97,True,0.517,51.7,1,False
J0174,C0446,0.5,0.5,1.0,0.5,1.0,0.38,0.99,True,0.588,58.8,1,False
J0174,C0033,0.0,0.0,1.0,0.0,1.0,0.0,0.0,False,0.2,20.0,0,False
J0174,C0587,0.0,0.0,1.0,0.0,1.0,0.0,0.0,False,0.2,20.0,0,False
J0174,C0545,0.0,0.0,1.0,0.0,1.0,0.0,0.0,False,0.2,20.0,0,False
J0174,C0249,0.5,0.333,1.0,0.5,1.0,0.0,0.97,True,0.517,51.7,0,False
J0174,C0203,0.0,0.0,1.0,0.0,1.0,0.0,0.0,False,0.2,20.0,0,False
J0174,C0080,0.0,0.0,1.0,0.0,1.0,0.0,0.0,False,0.2,20.0,0,False
J0174,C0415,0.0,0.0,1.0,0.0,1.0,0.0,0.0,False,0.2,20.0,0,False
J0174,C0400,0.0,0.0,1.0,0.0,1.0,0.0,0.0,False,0.2,20.0,0,False
J0174,C0356,0.0,0.0,1.0,0.0,1.0,0.0,0.0,False,0.2,20.0,0,False
J0174,C0231,0.0,0.0,1.0,0.0,1.0,0.0,0.0,False,0.2,20.0,0,False
J0175,C0594,0.75,0.833,1.0,0.0,0.5,0.0,0.66,True,0.642,64.2,2,True
J0175,C0290,0.25,0.5,1.0,0.25,1.0,0.18,0.99,True,0.443,44.3,0,False
J0175,C0107,0.5,0.75,1.0,0.25,1.0,0.0,0.885,True,0.575,57.5,1,False
J0175,C0519,0.75,0.667,1.0,0.5,1.0,0.0,0.913,True,0.683,68.3,2,True
J0175,C0545,0.75,1.0,1.0,0.5,1.0,0.785,0.927,True,0.829,82.9,3,True
J0175,C0211,0.5,0.5,1.0,0.0,1.0,0.0,0.5,True,0.5,50.0,1,False
J0175,C0017,0.25,1.0,1.0,0.25,1.0,0.23,0.99,True,0.548,54.8,1,False
J0175,C0033,0.5,1.0,1.0,0.5,1.0,0.98,0.98,True,0.748,74.8,3,True
J0175,C0011,0.5,1.0,1.0,0.0,1.0,0.55,0.91,True,0.655,65.5,2,True
J0175,C0576,0.25,1.0,1.0,0.25,1.0,0.52,0.99,True,0.577,57.7,1,False
J0175,C0349,1.0,1.0,1.0,0.0,1.0,0.75,0.78,True,0.875,87.5,3,True
J0175,C0532,1.0,1.0,1.0,0.25,1.0,0.82,0.843,True,0.907,90.7,3,True
J0175,C0007,0.5,0.5,1.0,0.5,1.0,0.0,0.97,True,0.55,55.0,2,True
J0175,C0244,1.0,0.75,1.0,0.0,1.0,0.13,0.72,True,0.763,76.3,3,True
J0175,C0098,0.75,0.833,1.0,0.0,0.5,0.16,0.76,True,0.658,65.8,2,True
J0175,C0344,0.0,0.0,1.0,0.0,1.0,0.0,0.0,False,0.2,20.0,0,False
J0175,C0513,0.0,0.0,1.0,0.0,1.0,0.0,0.0,False,0.2,20.0,0,False
J0175,C0486,0.25,1.0,1.0,0.0,1.0,0.24,0.94,False,0.524,52.4,1,False
J0175,C0205,0.0,0.0,1.0,0.0,1.0,0.0,0.0,False,0.2,20.0,0,False
J0175,C0008,0.0,0.0,1.0,0.0,1.0,0.0,0.0,False,0.2,20.0,0,False
J0175,C0128,0.0,0.0,1.0,0.0,1.0,0.0,0.0,False,0.2,20.0,0,False
J0175,C0185,0.0,0.0,1.0,0.0,1.0,0.0,0.0,False,0.2,20.0,0,False
J0175,C0307,0.0,0.0,1.0,0.0,0.0,0.0,0.0,False,0.15,15.0,0,False
J0175,C0285,0.0,0.0,1.0,0.0,1.0,0.0,0.0,False,0.2,20.0,0,False
J0175,C0126,0.0,0.0,1.0,0.0,1.0,0.0,0.0,False,0.2,20.0,0,False
J0176,C0573,0.6,1.0,1.0,0.0,1.0,0.58,0.76,True,0.698,69.8,1,False
J0176,C0108,0.6,0.778,1.0,0.2,1.0,0.0,0.783,True,0.616,61.6,2,True
J0176,C0190,0.4,0.833,1.0,0.4,1.0,0.0,0.98,True,0.567,56.7,1,False
J0176,C0245,0.4,0.417,1.0,0.4,1.0,0.0,0.98,True,0.483,48.3,1,False
J0176,C0550,0.6,0.778,1.0,0.0,1.0,0.0,0.807,True,0.596,59.6,1,False
J0176,C0122,0.4,0.833,1.0,0.0,1.0,0.0,0.78,True,0.527,52.7,1,False
J0176,C0103,0.4,0.75,1.0,0.0,0.5,0.0,0.6,True,0.485,48.5,1,False
J0176,C0549,0.6,0.889,1.0,0.0,1.0,0.52,0.693,True,0.67,67.0,2,True
J0176,C0273,0.0,0.0,1.0,0.0,1.0,0.0,0.0,True,0.2,20.0,0,False
J0176,C0450,0.4,0.417,1.0,0.0,0.5,0.0,0.6,True,0.418,41.8,1,False
J0176,C0042,0.4,0.583,1.0,0.0,1.0,0.0,0.81,True,0.477,47.7,1,False
J0176,C0539,0.4,1.0,1.0,0.2,0.5,0.0,0.795,True,0.555,55.5,1,False
J0176,C0339,0.6,1.0,1.0,0.0,1.0,0.0,0.813,True,0.64,64.0,2,True
J0176,C0577,0.6,1.0,1.0,0.4,0.5,0.305,0.967,True,0.686,68.6,3,True
J0176,C0123,0.2,0.333,1.0,0.0,1.0,0.0,0.8,False,0.347,34.7,0,False
J0176,C0327,0.0,0.0,1.0,0.0,1.0,0.0,0.0,False,0.2,20.0,0,False
J0176,C0096,0.0,0.0,1.0,0.0,1.0,0.0,0.0,False,0.2,20.0,0,False
J0176,C0346,0.2,0.333,1.0,0.2,1.0,0.0,0.99,False,0.367,36.7,1,False
J0176,C0163,0.0,0.0,1.0,0.0,0.5,0.0,0.0,False,0.175,17.5,0,False
J0176,C0526,0.0,0.0,1.0,0.0,1.0,0.0,0.0,False,0.2,20.0,0,False
J0176,C0370,0.0,0.0,1.0,0.0,0.5,0.0,0.0,False,0.175,17.5,0,False
J0176,C0291,0.0,0.0,1.0,0.0,0.5,0.0,0.0,False,0.175,17.5,0,False
J0176,C0572,0.2,0.333,1.0,0.0,1.0,0.0,0.78,False,0.347,34.7,0,False
J0176,C0594,0.0,0.0,1.0,0.0,0.5,0.0,0.0,False,0.175,17.5,0,False
J0176,C0364,0.0,0.0,1.0,0.0,1.0,0.0,0.0,False,0.2,20.0,0,False
J0177,C0518,0.4,1.0,1.0,0.2,1.0,0.0,0.785,True,0.58,58.0,2,True
J0177,C0418,0.6,0.833,1.0,0.4,1.0,0.0,0.853,True,0.647,64.7,3,True
J0177,C0030,1.0,0.8,1.0,0.2,1.0,0.25,0.766,True,0.805,80.5,3,True
J0177,C0583,1.0,0.7,1.0,0.2,1.0,0.0,0.71,True,0.76,76.0,3,True
J0177,C0310,0.2,1.0,1.0,0.0,1.0,0.0,0.78,True,0.48,48.0,1,False
J0177,C0546,0.8,1.0,1.0,0.0,1.0,0.0,0.805,True,0.72,72.0,2,True
J0177,C0210,0.6,0.667,1.0,0.0,1.0,0.0,0.653,True,0.573,57.3,1,False
J0177,C0313,1.0,0.7,1.0,0.0,1.0,0.0,0.556,True,0.74,74.0,2,True
J0177,C0298,0.2,1.0,1.0,0.2,0.5,0.54,0.99,True,0.529,52.9,1,False
J0177,C0499,0.4,1.0,1.0,0.2,1.0,0.63,0.955,True,0.643,64.3,1,False
J0177,C0510,0.6,0.833,1.0,0.0,1.0,0.0,0.733,True,0.607,60.7,1,False
J0177,C0008,0.2,1.0,1.0,0.2,1.0,0.0,0.99,True,0.5,50.0,1,False
J0177,C0071,0.6,1.0,1.0,0.0,1.0,0.0,0.74,True,0.64,64.0,2,True
J0177,C0060,0.6,1.0,1.0,0.2,1.0,0.0,0.803,True,0.66,66.0,2,True
J0177,C0225,0.0,0.0,1.0,0.0,1.0,0.0,0.0,False,0.2,20.0,0,False
J0177,C0535,0.4,0.75,1.0,0.2,1.0,0.23,0.905,True,0.553,55.3,1,False
J0177,C0434,0.2,1.0,1.0,0.0,1.0,0.0,0.8,False,0.48,48.0,1,False
J0177,C0556,0.2,1.0,1.0,0.0,1.0,0.0,0.6,False,0.48,48.0,1,False
J0177,C0406,0.0,0.0,1.0,0.0,1.0,0.0,0.0,False,0.2,20.0,0,False
J0177,C0072,0.2,1.0,1.0,0.2,1.0,0.0,0.99,False,0.5,50.0,0,False
J0177,C0106,0.2,0.5,1.0,0.0,1.0,0.0,0.76,False,0.38,38.0,0,False
J0177,C0557,0.0,0.0,1.0,0.0,1.0,0.0,0.0,False,0.2,20.0,0,False
J0177,C0240,0.6,1.0,1.0,0.0,1.0,0.0,0.72,True,0.64,64.0,1,False
J0177,C0579,0.2,1.0,1.0,0.0,0.5,0.0,0.6,False,0.455,45.5,0,False
J0177,C0314,0.8,1.0,1.0,0.0,0.5,0.743,0.89,True,0.769,76.9,3,True
J0178,C0564,0.6,0.778,1.0,0.0,1.0,0.255,0.86,True,0.621,62.1,2,True
J0178,C0430,0.4,0.5,1.0,0.2,1.0,0.0,0.685,True,0.48,48.0,0,False
J0178,C0267,0.4,0.417,1.0,0.0,1.0,0.0,0.5,True,0.443,44.3,1,False
J0178,C0120,0.6,0.833,1.0,0.2,1.0,0.0,0.723,True,0.627,62.7,1,False
J0178,C0424,0.4,1.0,1.0,0.2,0.5,0.0,0.905,True,0.555,55.5,1,False
J0178,C0588,0.8,0.875,1.0,0.4,1.0,0.0,0.835,True,0.735,73.5,3,True
J0178,C0082,0.6,1.0,1.0,0.2,1.0,0.77,0.83,True,0.737,73.7,3,True
J0178,C0533,0.6,0.889,1.0,0.4,1.0,0.0,0.793,True,0.658,65.8,2,True
J0178,C0026,0.2,1.0,1.0,0.2,1.0,0.0,0.97,True,0.5,50.0,1,False
J0178,C0226,1.0,0.833,1.0,0.2,0.5,0.39,0.81,True,0.801,80.1,3,True
J0178,C0134,1.0,0.933,1.0,0.0,1.0,0.0,0.68,True,0.787,78.7,3,True
J0178,C0227,1.0,0.767,1.0,0.4,1.0,0.37,0.864,True,0.83,83.0,3,True
J0178,C0029,0.4,0.75,1.0,0.0,1.0,0.36,0.85,True,0.546,54.6,1,False
J0178,C0454,0.2,1.0,1.0,0.0,0.5,0.0,0.78,True,0.455,45.5,0,False
J0178,C0180,0.2,1.0,1.0,0.2,1.0,0.0,0.97,False,0.5,50.0,1,False
J0178,C0510,0.0,0.0,1.0,0.0,1.0,0.0,0.0,False,0.2,20.0,0,False
J0178,C0292,0.0,0.0,1.0,0.0,0.5,0.0,0.0,False,0.175,17.5,0,False
J0178,C0392,0.6,0.778,1.0,0.0,1.0,0.27,0.76,True,0.623,62.3,2,True
J0178,C0108,0.4,0.667,1.0,0.2,1.0,0.0,0.775,False,0.513,51.3,1,False
J0178,C0542,0.6,0.444,1.0,0.4,1.0,0.18,0.96,True,0.587,58.7,1,False
J0178,C0126,0.0,0.0,1.0,0.0,1.0,0.0,0.0,False,0.2,20.0,0,False
J0178,C0435,0.2,1.0,1.0,0.2,1.0,0.0,0.99,False,0.5,50.0,1,False
J0178,C0319,0.0,0.0,1.0,0.0,1.0,0.0,0.0,False,0.2,20.0,0,False
J0178,C0305,0.0,0.0,1.0,0.0,1.0,0.0,0.0,False,0.2,20.0,0,False
J0178,C0240,0.0,0.0,1.0,0.0,1.0,0.0,0.0,False,0.2,20.0,0,False
J0179,C0280,0.6,0.722,0.475,0.2,1.0,0.535,0.93,True,0.579,57.9,1,False
J0179,C0540,0.6,0.889,1.0,0.4,1.0,0.64,0.953,True,0.722,72.2,2,True
J0179,C0581,1.0,0.4,0.225,0.4,1.0,0.33,0.9,True,0.637,63.7,1,False
J0179,C0023,1.0,0.867,0.525,0.2,1.0,0.69,0.854,True,0.791,79.1,3,True
J0179,C0043,0.8,0.5,0.175,0.4,1.0,0.23,0.92,True,0.559,55.9,1,False
J0179,C0552,1.0,0.567,0.325,0.0,1.0,0.0,0.748,True,0.612,61.2,2,True
J0179,C0427,1.0,0.733,0.525,0.0,1.0,0.0,0.764,True,0.675,67.5,2,True
J0179,C0509,0.6,0.611,0.65,0.2,1.0,0.6,0.823,True,0.59,59.0,1,False
J0179,C0568,0.6,0.722,0.875,0.0,1.0,0.45,0.92,True,0.611,61.1,1,False
J0179,C0063,0.8,0.625,0.0,0.2,1.0,0.485,0.818,True,0.564,56.4,1,False
J0179,C0490,0.8,0.417,0.325,0.0,1.0,0.4,0.82,True,0.542,54.2,1,False
J0179,C0574,0.6,0.889,0.0,0.4,1.0,0.0,0.853,True,0.508,50.8,1,False
J0179,C0169,1.0,1.0,1.0,0.6,1.0,0.0,0.866,True,0.86,86.0,3,True
J0179,C0224,1.0,0.567,0.0,0.4,1.0,0.215,0.912,True,0.625,62.5,2,True
J0179,C0049,0.2,0.667,0.0,0.2,1.0,0.0,0.97,False,0.283,28.3,0,False
J0179,C0266,0.2,1.0,1.0,0.0,1.0,0.0,0.6,False,0.48,48.0,1,False
J0179,C0103,0.0,0.0,0.0,0.0,0.5,0.0,0.0,False,0.025,2.5,0,False
J0179,C0014,0.0,0.0,0.0,0.0,1.0,0.0,0.0,False,0.05,5.0,0,False
J0179,C0288,0.2,0.333,0.225,0.0,1.0,0.0,0.4,False,0.23,23.0,0,False
J0179,C0055,0.2,0.333,0.0,0.0,1.0,0.0,0.78,False,0.197,19.7,0,False
J0179,C0400,0.0,0.0,0.425,0.0,1.0,0.0,0.0,False,0.114,11.4,0,False
J0179,C0238,0.2,0.667,0.0,0.0,1.0,0.0,0.78,False,0.263,26.3,0,False
J0179,C0223,0.0,0.0,0.0,0.0,0.5,0.0,0.0,False,0.025,2.5,0,False
J0179,C0116,0.2,0.333,0.6,0.0,1.0,0.35,0.9,False,0.322,32.2,0,False
J0179,C0478,0.0,0.0,1.0,0.0,1.0,0.0,0.0,False,0.2,20.0,0,False
J0180,C0467,0.75,0.444,1.0,0.0,1.0,0.3,0.767,True,0.619,61.9,2,True
J0180,C0537,0.75,1.0,1.0,0.25,1.0,0.0,0.863,True,0.725,72.5,3,True
J0180,C0248,0.5,0.417,1.0,0.0,1.0,0.0,0.69,True,0.483,48.3,0,False
J0180,C0064,1.0,0.917,1.0,0.25,1.0,0.0,0.852,True,0.808,80.8,3,True
J0180,C0595,1.0,0.708,1.0,0.5,0.5,0.0,0.74,True,0.767,76.7,3,True
J0180,C0445,0.5,1.0,1.0,0.25,1.0,0.595,0.945,True,0.685,68.5,2,True
J0180,C0378,0.5,1.0,1.0,0.5,1.0,0.0,0.98,True,0.65,65.0,2,True
J0180,C0115,0.5,0.833,1.0,0.0,0.5,0.55,0.91,True,0.597,59.7,1,False
J0180,C0541,0.75,0.889,1.0,0.25,1.0,0.0,0.803,True,0.703,70.3,2,True
J0180,C0204,0.25,0.333,1.0,0.0,1.0,0.16,0.9,True,0.383,38.3,0,False
J0180,C0478,1.0,1.0,1.0,0.25,1.0,0.885,0.862,True,0.914,91.4,3,True
J0180,C0083,0.5,0.5,1.0,0.25,1.0,0.12,0.945,True,0.537,53.7,1,False
J0180,C0501,0.75,0.667,1.0,0.5,1.0,0.0,0.927,True,0.683,68.3,2,True
J0180,C0506,0.75,0.889,1.0,0.0,1.0,0.777,0.92,True,0.755,75.5,3,True
J0180,C0321,0.25,1.0,1.0,0.0,1.0,0.0,0.6,False,0.5,50.0,1,False
J0180,C0576,0.25,1.0,1.0,0.25,1.0,0.6,0.99,False,0.585,58.5,1,False
J0180,C0365,0.25,1.0,1.0,0.25,1.0,0.0,0.99,False,0.525,52.5,1,False
J0180,C0217,0.0,0.0,1.0,0.0,1.0,0.0,0.0,False,0.2,20.0,0,False
J0180,C0040,0.0,0.0,1.0,0.0,0.5,0.0,0.0,False,0.175,17.5,0,False
J0180,C0532,0.25,1.0,1.0,0.0,1.0,0.0,0.8,False,0.5,50.0,1,False
J0180,C0429,0.0,0.0,1.0,0.0,1.0,0.0,0.0,False,0.2,20.0,0,False
J0180,C0477,0.0,0.0,1.0,0.0,1.0,0.0,0.0,False,0.2,20.0,0,False
J0180,C0258,0.0,0.0,1.0,0.0,1.0,0.0,0.0,False,0.2,20.0,0,False
J0180,C0401,0.0,0.0,1.0,0.0,1.0,0.0,0.0,False,0.2,20.0,0,False
J0180,C0250,0.0,0.0,1.0,0.0,1.0,0.0,0.0,False,0.2,20.0,0,False
J0181,C0062,1.0,0.417,0.225,0.0,1.0,0.23,0.775,True,0.59,59.0,1,False
J0181,C0525,0.25,0.333,0.0,0.0,1.0,0.0,0.6,True,0.217,21.7,0,False
J0181,C0238,0.75,0.778,0.0,0.0,1.0,0.59,0.76,True,0.565,56.5,1,False
J0181,C0274,1.0,0.417,0.0,0.0,1.0,0.18,0.705,True,0.551,55.1,1,False
J0181,C0129,0.75,0.778,0.7,0.25,1.0,0.43,0.857,True,0.679,67.9,1,False
J0181,C0571,0.75,0.667,0.3,0.0,1.0,0.3,0.633,True,0.558,55.8,1,False
J0181,C0174,0.25,0.5,0.25,0.0,1.0,0.0,0.82,True,0.288,28.8,0,False
J0181,C0372,0.5,0.417,0.25,0.0,1.0,0.0,0.7,True,0.371,37.1,0,False
J0181,C0116,0.75,0.722,0.6,0.25,1.0,0.35,0.83,True,0.644,64.4,3,True
J0181,C0085,0.25,0.667,0.2,0.0,1.0,0.46,0.92,True,0.359,35.9,0,False
J0181,C0555,1.0,0.708,0.55,0.5,1.0,0.48,0.875,True,0.772,77.2,2,True
J0181,C0026,0.25,0.333,0.0,0.0,1.0,0.0,0.6,True,0.217,21.7,0,False
J0181,C0172,0.5,1.0,0.975,0.5,1.0,0.79,0.99,True,0.725,72.5,2,True
J0181,C0359,1.0,0.542,0.35,0.5,1.0,0.0,0.845,True,0.661,66.1,2,True
J0181,C0077,1.0,0.542,0.0,0.0,1.0,0.0,0.735,True,0.558,55.8,1,False
J0181,C0398,0.25,0.5,0.6,0.25,1.0,0.0,0.99,False,0.365,36.5,0,False
J0181,C0343,0.0,0.0,0.85,0.0,1.0,0.0,0.0,False,0.178,17.8,0,False
J0181,C0276,0.25,1.0,0.7,0.0,0.5,0.0,0.82,False,0.43,43.0,0,False
J0181,C0230,0.5,0.417,0.0,0.25,1.0,0.0,0.885,False,0.358,35.8,0,False
J0181,C0521,0.0,0.0,1.0,0.0,1.0,0.0,0.0,False,0.2,20.0,0,False
J0181,C0304,0.25,1.0,0.4,0.25,0.5,0.45,0.99,True,0.455,45.5,1,False
J0181,C0260,0.25,1.0,0.775,0.0,1.0,0.0,0.8,False,0.466,46.6,1,False
J0181,C0124,0.5,1.0,1.0,0.0,1.0,0.0,0.79,False,0.6,60.0,2,True
J0181,C0133,0.0,0.0,0.0,0.0,1.0,0.0,0.0,False,0.05,5.0,0,False
J0181,C0446,0.0,0.0,0.275,0.0,0.0,0.0,0.0,False,0.041,4.1,0,False
J0182,C0282,0.0,0.0,0.0,0.0,1.0,0.0,0.0,True,0.05,5.0,0,False
J0182,C0195,0.0,0.0,0.0,0.0,0.5,0.0,0.0,True,0.025,2.5,0,False
J0182,C0414,0.5,1.0,1.0,0.5,0.5,0.0,0.97,True,0.625,62.5,2,True
J0182,C0130,0.5,0.5,1.0,0.5,0.5,0.0,0.97,True,0.525,52.5,2,True
J0182,C0146,0.5,1.0,0.0,0.5,1.0,0.61,0.99,True,0.561,56.1,1,False
J0182,C0289,1.0,1.0,0.95,0.0,0.5,0.0,0.7,True,0.768,76.8,3,True
J0182,C0358,0.5,1.0,1.0,0.5,1.0,0.33,0.99,True,0.683,68.3,1,False
J0182,C0405,0.5,1.0,0.0,0.0,1.0,0.0,0.78,True,0.45,45.0,0,False
J0182,C0404,0.5,1.0,0.65,0.5,0.5,0.55,0.99,True,0.628,62.8,2,True
J0182,C0271,0.5,0.5,0.0,0.5,0.5,0.0,0.99,True,0.375,37.5,0,False
J0182,C0140,0.0,0.0,0.85,0.0,0.5,0.0,0.0,True,0.152,15.2,0,False
J0182,C0151,0.0,0.0,1.0,0.0,0.5,0.0,0.0,True,0.175,17.5,0,False
J0182,C0485,0.5,1.0,0.0,0.5,0.5,0.24,0.99,True,0.499,49.9,1,False
J0182,C0307,0.5,0.5,0.0,0.5,0.5,0.0,0.99,True,0.375,37.5,0,False
J0182,C0399,0.0,0.0,1.0,0.0,1.0,0.0,0.0,False,0.2,20.0,0,False
J0182,C0168,0.0,0.0,1.0,0.0,1.0,0.0,0.0,False,0.2,20.0,0,False
J0182,C0444,0.0,0.0,0.0,0.0,1.0,0.0,0.0,False,0.05,5.0,0,False
J0182,C0210,0.0,0.0,0.0,0.0,1.0,0.0,0.0,False,0.05,5.0,0,False
J0182,C0380,0.0,0.0,0.0,0.0,1.0,0.0,0.0,False,0.05,5.0,0,False
J0182,C0213,0.0,0.0,1.0,0.0,1.0,0.0,0.0,False,0.2,20.0,0,False
J0182,C0341,0.0,0.0,1.0,0.0,1.0,0.0,0.0,False,0.2,20.0,0,False
J0182,C0129,0.0,0.0,1.0,0.0,1.0,0.0,0.0,False,0.2,20.0,0,False
J0182,C0172,0.0,0.0,1.0,0.0,1.0,0.0,0.0,False,0.2,20.0,0,False
J0182,C0469,0.0,0.0,0.95,0.0,1.0,0.0,0.0,False,0.192,19.2,0,False
J0182,C0470,0.0,0.0,1.0,0.0,1.0,0.0,0.0,False,0.2,20.0,0,False
J0183,C0230,0.667,0.75,1.0,0.667,1.0,0.0,0.98,True,0.683,68.3,2,True
J0183,C0549,1.0,1.0,1.0,0.0,1.0,0.66,0.86,True,0.866,86.6,3,True
J0183,C0024,1.0,0.778,1.0,0.667,1.0,0.65,0.96,True,0.887,88.7,3,True
J0183,C0497,0.0,0.0,1.0,0.0,1.0,0.0,0.0,True,0.2,20.0,0,False
J0183,C0420,0.667,1.0,1.0,0.333,1.0,0.8,0.955,True,0.78,78.0,3,True
J0183,C0406,0.333,0.333,1.0,0.333,1.0,0.23,0.99,True,0.456,45.6,1,False
J0183,C0413,0.667,1.0,1.0,0.0,1.0,0.0,0.71,True,0.667,66.7,2,True
J0183,C0042,1.0,0.889,1.0,0.0,1.0,0.0,0.733,True,0.778,77.8,2,True
J0183,C0547,0.333,1.0,1.0,0.0,1.0,0.0,0.6,True,0.533,53.3,1,False
J0183,C0323,0.667,1.0,1.0,0.0,0.5,0.0,0.78,True,0.642,64.2,2,True
J0183,C0437,0.333,1.0,1.0,0.0,0.5,0.96,0.9,True,0.604,60.4,1,False
J0183,C0103,0.333,0.333,1.0,0.0,0.5,0.0,0.6,True,0.375,37.5,0,False
J0183,C0122,0.667,0.667,1.0,0.0,1.0,0.0,0.78,True,0.6,60.0,2,True
J0183,C0377,0.667,0.583,1.0,0.333,1.0,0.18,0.885,True,0.635,63.5,1,False
J0183,C0587,0.333,1.0,1.0,0.0,0.5,0.0,0.8,False,0.508,50.8,1,False
J0183,C0170,0.333,0.5,1.0,0.333,1.0,0.0,0.97,False,0.467,46.7,0,False
J0183,C0326,0.0,0.0,1.0,0.0,1.0,0.0,0.0,False,0.2,20.0,0,False
J0183,C0274,0.333,0.5,1.0,0.0,1.0,0.2,0.92,False,0.453,45.3,0,False
J0183,C0291,0.0,0.0,1.0,0.0,0.5,0.0,0.0,False,0.175,17.5,0,False
J0183,C0590,0.0,0.0,1.0,0.0,1.0,0.0,0.0,False,0.2,20.0,0,False
J0183,C0346,0.333,0.5,1.0,0.333,1.0,0.0,0.99,False,0.467,46.7,1,False
J0183,C0071,0.333,1.0,1.0,0.0,1.0,0.0,0.8,False,0.533,53.3,1,False
J0183,C0464,0.0,0.0,1.0,0.0,1.0,0.0,0.0,False,0.2,20.0,0,False
J0183,C0442,0.0,0.0,1.0,0.0,0.5,0.0,0.0,False,0.175,17.5,0,False
J0183,C0305,0.0,0.0,1.0,0.0,1.0,0.0,0.0,False,0.2,20.0,0,False
J0184,C0126,0.25,0.5,1.0,0.25,1.0,0.0,0.97,True,0.425,42.5,0,False
J0184,C0242,1.0,0.917,1.0,0.0,1.0,0.44,0.775,True,0.827,82.7,3,True
J0184,C0476,0.75,0.889,1.0,0.0,1.0,0.0,0.8,True,0.678,67.8,3,True
J0184,C0196,1.0,0.917,1.0,0.0,1.0,0.775,0.865,True,0.861,86.1,3,True
J0184,C0133,1.0,0.583,1.0,0.0,1.0,0.28,0.765,True,0.745,74.5,2,True
J0184,C0381,0.5,1.0,1.0,0.0,1.0,0.19,0.75,True,0.619,61.9,2,True
J0184,C0456,0.5,0.75,1.0,0.0,1.0,0.0,0.77,True,0.55,55.0,1,False
J0184,C0209,0.5,0.417,1.0,0.25,1.0,0.0,0.875,True,0.508,50.8,1,False
J0184,C0435,0.75,0.889,1.0,0.25,1.0,0.0,0.73,True,0.703,70.3,3,True
J0184,C0453,0.75,0.778,1.0,0.25,1.0,0.0,0.87,True,0.681,68.1,2,True
J0184,C0370,0.5,0.417,1.0,0.0,0.5,0.2,0.84,True,0.478,47.8,0,False
J0184,C0334,0.5,1.0,1.0,0.0,1.0,0.0,0.8,True,0.6,60.0,2,True
J0184,C0069,1.0,0.583,1.0,0.5,1.0,0.0,0.785,True,0.767,76.7,2,True
J0184,C0005,0.5,1.0,1.0,0.5,1.0,0.0,0.98,True,0.65,65.0,3,True
J0184,C0058,0.25,1.0,1.0,0.0,1.0,0.97,0.9,False,0.597,59.7,1,False
J0184,C0324,0.25,0.5,1.0,0.0,0.5,0.0,0.82,False,0.375,37.5,0,False
J0184,C0257,1.0,1.0,1.0,0.25,1.0,0.79,0.777,True,0.904,90.4,3,True
J0184,C0551,0.5,1.0,1.0,0.0,1.0,0.0,0.79,False,0.6,60.0,1,False
J0184,C0146,0.0,0.0,1.0,0.0,0.5,0.0,0.0,False,0.175,17.5,0,False
J0184,C0485,0.0,0.0,1.0,0.0,0.0,0.0,0.0,False,0.15,15.0,0,False
J0184,C0043,0.0,0.0,1.0,0.0,1.0,0.0,0.0,False,0.2,20.0,0,False
J0184,C0429,0.0,0.0,1.0,0.0,1.0,0.0,0.0,False,0.2,20.0,0,False
J0184,C0040,0.25,0.5,1.0,0.0,0.5,0.4,0.9,True,0.415,41.5,0,False
J0184,C0567,0.25,1.0,1.0,0.0,1.0,0.0,0.8,False,0.5,50.0,1,False
J0184,C0470,0.0,0.0,1.0,0.0,1.0,0.0,0.0,False,0.2,20.0,0,False
J0185,C0088,1.0,0.889,0.575,0.667,1.0,0.0,0.927,True,0.781,78.1,3,True
J0185,C0167,0.333,1.0,1.0,0.0,1.0,0.0,0.6,True,0.533,53.3,1,False
J0185,C0056,0.333,0.5,0.525,0.0,1.0,0.0,0.82,True,0.362,36.2,0,False
J0185,C0450,0.667,0.583,0.0,0.0,0.5,0.0,0.6,True,0.408,40.8,0,False
J0185,C0103,0.667,0.417,0.0,0.0,0.5,0.0,0.6,True,0.375,37.5,0,False
J0185,C0539,0.333,0.333,0.0,0.0,0.5,0.0,0.6,True,0.225,22.5,0,False
J0185,C0362,1.0,0.889,1.0,0.0,1.0,0.0,0.727,True,0.778,77.8,2,True
J0185,C0549,0.667,1.0,1.0,0.0,1.0,0.52,0.83,True,0.719,71.9,2,True
J0185,C0044,0.667,0.75,0.0,0.0,0.5,0.0,0.59,True,0.442,44.2,0,False
J0185,C0550,0.667,0.75,0.5,0.0,1.0,0.0,0.81,True,0.542,54.2,2,True
J0185,C0413,0.333,1.0,0.575,0.0,1.0,0.0,0.82,True,0.47,47.0,2,True
J0185,C0411,0.667,0.417,0.0,0.0,1.0,0.0,0.78,True,0.4,40.0,1,False
J0185,C0014,0.0,0.0,0.0,0.0,1.0,0.0,0.0,True,0.05,5.0,0,False
J0185,C0230,0.667,0.5,0.0,0.333,1.0,0.0,0.795,True,0.45,45.0,0,False
J0185,C0163,0.0,0.0,0.2,0.0,0.5,0.0,0.0,False,0.055,5.5,0,False
J0185,C0049,0.333,1.0,0.0,0.333,1.0,0.0,0.97,True,0.417,41.7,0,False
J0185,C0300,0.333,1.0,0.0,0.333,1.0,0.0,0.95,False,0.417,41.7,0,False
J0185,C0397,0.0,0.0,1.0,0.0,0.5,0.0,0.0,False,0.175,17.5,0,False
J0185,C0024,0.667,0.667,0.525,0.667,1.0,0.0,0.99,True,0.595,59.5,1,False
J0185,C0133,0.0,0.0,0.0,0.0,1.0,0.0,0.0,False,0.05,5.0,0,False
J0185,C0540,0.0,0.0,1.0,0.0,1.0,0.0,0.0,False,0.2,20.0,0,False
J0185,C0532,0.0,0.0,1.0,0.0,1.0,0.0,0.0,False,0.2,20.0,0,False
J0185,C0201,0.0,0.0,0.775,0.0,1.0,0.0,0.0,False,0.166,16.6,0,False
J0185,C0419,0.333,1.0,0.8,0.0,1.0,0.0,0.6,False,0.503,50.3,0,False
J0186,C0454,0.2,0.5,0.0,0.0,0.5,0.4,0.9,True,0.245,24.5,0,False
J0186,C0308,0.6,0.444,0.0,0.0,1.0,0.16,0.813,True,0.395,39.5,0,False
J0186,C0424,0.4,1.0,0.833,0.4,0.5,0.0,0.99,True,0.55,55.0,1,False
J0186,C0470,0.8,1.0,1.0,0.0,1.0,0.84,0.73,True,0.804,80.4,3,True
J0186,C0359,0.6,0.5,0.467,0.2,1.0,0.0,0.73,True,0.48,48.0,1,False
J0186,C0048,1.0,0.567,0.0,0.0,1.0,0.0,0.672,True,0.563,56.3,1,False
J0186,C0081,0.2,1.0,1.0,0.2,1.0,0.0,0.97,True,0.5,50.0,0,False
J0186,C0300,0.6,0.556,0.0,0.2,1.0,0.0,0.777,True,0.421,42.1,0,False
J0186,C0026,0.4,0.5,0.0,0.4,1.0,0.0,0.98,True,0.35,35.0,0,False
J0186,C0212,0.4,0.667,0.0,0.0,1.0,0.0,0.78,True,0.343,34.3,0,False
J0186,C0206,0.4,0.417,0.0,0.0,1.0,0.265,0.92,True,0.32,32.0,0,False
J0186,C0564,0.4,0.833,0.0,0.0,1.0,0.0,0.78,True,0.377,37.7,0,False
J0186,C0189,0.6,1.0,1.0,0.2,1.0,0.0,0.877,True,0.66,66.0,2,True
J0186,C0559,1.0,0.467,0.0,0.2,1.0,0.0,0.714,True,0.563,56.3,1,False
J0186,C0546,0.2,0.5,1.0,0.0,1.0,0.0,0.78,False,0.38,38.0,0,False
J0186,C0086,0.2,0.667,0.0,0.2,1.0,0.0,0.97,False,0.283,28.3,0,False
J0186,C0524,1.0,1.0,1.0,0.6,1.0,0.0,0.91,True,0.86,86.0,3,True
J0186,C0441,0.4,0.417,0.3,0.2,1.0,0.0,0.875,True,0.358,35.8,0,False
J0186,C0593,0.0,0.0,0.0,0.0,1.0,0.0,0.0,False,0.05,5.0,0,False
J0186,C0428,0.0,0.0,0.0,0.0,1.0,0.0,0.0,False,0.05,5.0,0,False
J0186,C0482,0.2,0.333,0.0,0.0,0.5,0.0,0.4,False,0.172,17.2,0,False
J0186,C0342,0.2,1.0,1.0,0.0,1.0,0.0,0.8,False,0.48,48.0,1,False
J0186,C0006,0.0,0.0,1.0,0.0,1.0,0.0,0.0,False,0.2,20.0,0,False
J0186,C0306,0.0,0.0,0.0,0.0,0.5,0.0,0.0,False,0.025,2.5,0,False
J0187,C0242,0.8,0.833,0.78,0.0,1.0,0.44,0.775,True,0.698,69.8,2,True
J0187,C0334,0.4,0.833,0.36,0.0,1.0,0.0,0.8,True,0.431,43.1,0,False
J0187,C0220,0.8,0.917,1.0,0.4,1.0,0.43,0.845,True,0.786,78.6,3,True
J0187,C0500,0.4,0.417,0.0,0.4,1.0,0.0,0.98,True,0.333,33.3,0,False
J0187,C0578,0.8,0.417,0.0,0.0,1.0,0.215,0.75,True,0.475,47.5,1,False
J0187,C0168,0.6,0.889,0.42,0.2,0.5,0.53,0.903,True,0.579,57.9,1,False
J0187,C0584,0.8,0.375,0.12,0.6,1.0,0.0,0.938,True,0.523,52.3,1,False
J0187,C0040,0.2,0.5,0.66,0.0,0.5,0.4,0.9,True,0.344,34.4,0,False
J0187,C0417,1.0,0.733,0.4,0.0,1.0,0.36,0.856,True,0.693,69.3,2,True
J0187,C0133,0.8,0.417,0.0,0.0,1.0,0.28,0.765,True,0.481,48.1,1,False
J0187,C0365,0.8,0.5,0.0,0.4,1.0,0.0,0.795,True,0.51,51.0,1,False
J0187,C0528,0.6,0.611,0.0,0.2,1.0,0.38,0.897,True,0.47,47.0,0,False
J0187,C0425,0.2,1.0,0.36,0.0,1.0,0.0,0.8,True,0.384,38.4,0,False
J0187,C0453,0.6,0.778,0.6,0.2,1.0,0.0,0.87,True,0.556,55.6,1,False
J0187,C0161,0.4,0.667,0.16,0.0,1.0,0.0,0.7,False,0.367,36.7,0,False
J0187,C0471,0.0,0.0,0.0,0.0,1.0,0.0,0.0,False,0.05,5.0,0,False
J0187,C0231,0.2,1.0,0.68,0.2,1.0,0.0,0.99,False,0.452,45.2,0,False
J0187,C0581,0.0,0.0,0.18,0.0,1.0,0.0,0.0,False,0.077,7.7,0,False
J0187,C0546,0.4,1.0,0.78,0.0,1.0,0.0,0.81,False,0.527,52.7,1,False
J0187,C0047,0.0,0.0,0.26,0.0,1.0,0.0,0.0,False,0.089,8.9,0,False
J0187,C0593,0.2,0.667,0.0,0.0,1.0,0.61,0.88,False,0.324,32.4,0,False
J0187,C0548,0.2,1.0,0.42,0.0,1.0,0.0,0.82,False,0.393,39.3,0,False
J0187,C0524,0.0,0.0,0.98,0.0,1.0,0.0,0.0,False,0.197,19.7,0,False
J0187,C0592,0.4,0.417,0.24,0.0,1.0,0.0,0.8,False,0.329,32.9,0,False
J0187,C0341,0.4,0.833,0.6,0.0,1.0,0.0,0.6,False,0.467,46.7,1,False
J0188,C0306,1.0,0.8,1.0,0.6,0.5,0.22,0.89,True,0.817,81.7,3,True
J0188,C0526,0.6,0.833,1.0,0.0,1.0,0.0,0.66,True,0.607,60.7,1,False
J0188,C0506,0.4,1.0,1.0,0.0,1.0,0.815,0.93,True,0.642,64.2,2,True
J0188,C0378,0.6,0.833,1.0,0.6,1.0,0.52,0.983,True,0.719,71.9,3,True
J0188,C0599,0.8,1.0,1.0,0.0,1.0,0.44,0.725,True,0.764,76.4,3,True
J0188,C0444,0.6,0.667,1.0,0.0,1.0,0.0,0.6,True,0.573,57.3,1,False
J0188,C0248,0.4,0.75,1.0,0.0,1.0,0.0,0.69,True,0.51,51.0,0,False
J0188,C0537,1.0,1.0,1.0,0.4,1.0,0.0,0.876,True,0.84,84.0,3,True
J0188,C0152,1.0,0.8,1.0,0.2,1.0,0.16,0.802,True,0.796,79.6,3,True
J0188,C0006,0.8,1.0,1.0,0.0,1.0,0.927,0.89,True,0.813,81.3,2,True
J0188,C0204,0.4,1.0,1.0,0.0,1.0,0.28,0.9,True,0.588,58.8,1,False
J0188,C0541,0.6,1.0,1.0,0.4,1.0,0.0,0.853,True,0.68,68.0,3,True
J0188,C0223,1.0,0.7,1.0,0.0,0.5,0.0,0.744,True,0.715,71.5,2,True
J0188,C0083,0.6,0.667,1.0,0.2,1.0,0.15,0.93,True,0.608,60.8,2,True
J0188,C0038,0.4,1.0,1.0,0.2,1.0,0.0,0.785,False,0.58,58.0,1,False
J0188,C0372,0.0,0.0,1.0,0.0,1.0,0.0,0.0,False,0.2,20.0,0,False
J0188,C0549,0.0,0.0,1.0,0.0,1.0,0.0,0.0,False,0.2,20.0,0,False
J0188,C0499,0.2,1.0,1.0,0.2,1.0,0.0,0.99,False,0.5,50.0,1,False
J0188,C0564,0.0,0.0,1.0,0.0,1.0,0.0,0.0,False,0.2,20.0,0,False
J0188,C0318,0.2,0.5,1.0,0.0,1.0,0.0,0.4,False,0.38,38.0,0,False
J0188,C0440,0.2,1.0,1.0,0.2,1.0,0.0,0.99,False,0.5,50.0,1,False
J0188,C0042,0.0,0.0,1.0,0.0,1.0,0.0,0.0,False,0.2,20.0,0,False
J0188,C0063,0.0,0.0,1.0,0.0,1.0,0.0,0.0,False,0.2,20.0,0,False
J0189,C0294,0.4,1.0,0.36,0.0,0.5,0.0,0.7,True,0.439,43.9,0,False
J0189,C0242,0.8,1.0,0.78,0.0,1.0,0.44,0.785,True,0.731,73.1,3,True
J0189,C0093,0.8,0.75,0.0,0.2,1.0,0.0,0.723,True,0.54,54.0,1,False
J0189,C0293,0.8,0.875,0.3,0.0,1.0,0.0,0.78,True,0.59,59.0,1,False
J0189,C0069,0.8,0.5,0.0,0.4,1.0,0.0,0.785,True,0.51,51.0,1,False
J0189,C0432,0.2,0.5,0.0,0.0,1.0,0.0,0.6,True,0.23,23.0,0,False
J0189,C0425,0.4,1.0,0.36,0.0,1.0,0.52,0.86,True,0.516,51.6,0,False
J0189,C0338,0.8,0.625,0.0,0.2,1.0,0.0,0.783,True,0.515,51.5,1,False
J0189,C0522,0.6,1.0,0.52,0.0,1.0,0.0,0.66,True,0.568,56.8,1,False
J0189,C0426,0.8,0.875,0.42,0.6,1.0,0.55,0.968,True,0.723,72.3,2,True
J0189,C0496,0.8,0.625,0.28,0.4,1.0,0.14,0.845,True,0.591,59.1,2,True
J0189,C0040,0.4,0.75,0.66,0.0,0.5,0.4,0.75,True,0.474,47.4,1,False
J0189,C0557,0.2,1.0,0.4,0.0,1.0,0.0,0.8,True,0.39,39.0,0,False
J0189,C0283,0.2,0.5,0.0,0.2,1.0,0.14,0.99,True,0.264,26.4,0,False
J0189,C0360,0.0,0.0,0.0,0.0,1.0,0.0,0.0,False,0.05,5.0,0,False
J0189,C0018,0.0,0.0,0.58,0.0,0.0,0.0,0.0,False,0.087,8.7,0,False
J0189,C0504,0.4,1.0,0.0,0.0,1.0,0.0,0.69,False,0.41,41.0,0,False
J0189,C0483,0.2,0.5,0.5,0.2,1.0,0.0,0.99,False,0.325,32.5,0,False
J0189,C0523,0.2,1.0,0.74,0.0,1.0,0.0,0.82,False,0.441,44.1,1,False
J0189,C0553,0.6,0.833,0.0,0.0,1.0,0.0,0.72,False,0.457,45.7,1,False
J0189,C0269,0.0,0.0,0.0,0.0,1.0,0.0,0.0,False,0.05,5.0,0,False
J0189,C0233,0.0,0.0,0.36,0.0,1.0,0.0,0.0,False,0.104,10.4,0,False
J0189,C0595,0.2,0.5,0.0,0.2,0.5,0.0,0.99,False,0.225,22.5,0,False
J0189,C0586,0.6,1.0,0.42,0.0,1.0,0.665,0.867,True,0.62,62.0,1,False
J0189,C0379,0.2,1.0,0.26,0.0,1.0,0.0,0.78,False,0.369,36.9,0,False
J0190,C0522,0.4,1.0,1.0,0.0,1.0,0.86,0.88,True,0.646,64.6,2,True
J0190,C0528,0.8,0.458,1.0,0.2,1.0,0.37,0.892,True,0.669,66.9,2,True
J0190,C0027,0.2,1.0,1.0,0.0,1.0,0.0,0.8,True,0.48,48.0,0,False
J0190,C0488,0.6,0.667,1.0,0.2,1.0,0.0,0.73,True,0.593,59.3,2,True
J0190,C0074,0.6,1.0,1.0,0.0,1.0,0.92,0.833,True,0.732,73.2,3,True
J0190,C0435,0.6,0.889,1.0,0.2,1.0,0.0,0.663,True,0.638,63.8,1,False
J0190,C0070,0.8,0.917,1.0,0.0,1.0,0.42,0.81,True,0.745,74.5,3,True
J0190,C0237,0.6,1.0,1.0,0.0,1.0,0.0,0.8,True,0.64,64.0,2,True
J0190,C0496,0.6,0.5,1.0,0.2,1.0,0.0,0.797,True,0.56,56.0,1,False
J0190,C0597,0.6,0.5,1.0,0.0,1.0,0.0,0.593,True,0.54,54.0,0,False
J0190,C0586,0.4,0.667,1.0,0.0,1.0,0.49,0.84,True,0.542,54.2,1,False
J0190,C0432,0.4,0.333,1.0,0.0,1.0,0.0,0.69,True,0.427,42.7,0,False
J0190,C0176,0.4,0.833,1.0,0.0,1.0,0.54,0.87,True,0.581,58.1,2,True
J0190,C0272,1.0,0.367,1.0,0.4,1.0,0.235,0.916,True,0.737,73.7,3,True
J0190,C0046,0.0,0.0,1.0,0.0,1.0,0.0,0.0,False,0.2,20.0,0,False
J0190,C0174,0.0,0.0,1.0,0.0,1.0,0.0,0.0,False,0.2,20.0,0,False
J0190,C0362,0.0,0.0,1.0,0.0,1.0,0.0,0.0,False,0.2,20.0,0,False
J0190,C0159,0.0,0.0,1.0,0.0,1.0,0.0,0.0,False,0.2,20.0,0,False
J0190,C0543,0.2,1.0,1.0,0.2,1.0,0.0,0.99,False,0.5,50.0,1,False
J0190,C0491,0.2,0.333,1.0,0.2,1.0,0.0,0.97,False,0.367,36.7,0,False
J0190,C0037,0.4,0.5,1.0,0.2,1.0,0.0,0.885,False,0.48,48.0,1,False
J0190,C0329,0.2,0.5,1.0,0.0,1.0,0.0,0.78,True,0.38,38.0,1,False
J0190,C0460,0.2,0.333,1.0,0.2,1.0,0.0,0.99,False,0.367,36.7,0,False
J0191,C0185,1.0,0.667,1.0,0.333,1.0,0.0,0.843,True,0.767,76.7,3,True
J0191,C0005,0.333,1.0,1.0,0.333,1.0,0.0,0.97,True,0.567,56.7,1,False
J0191,C0536,0.333,0.5,1.0,0.0,1.0,0.0,0.8,True,0.433,43.3,0,False
J0191,C0579,1.0,0.833,1.0,0.0,1.0,0.0,0.667,True,0.767,76.7,2,True
J0191,C0348,0.667,1.0,1.0,0.333,1.0,0.0,0.885,True,0.7,70.0,2,True
J0191,C0345,1.0,1.0,1.0,0.667,1.0,0.96,0.947,True,0.963,96.3,3,True
J0191,C0394,0.333,1.0,1.0,0.0,1.0,0.0,0.6,True,0.533,53.3,1,False
J0191,C0459,0.667,1.0,1.0,0.667,1.0,0.0,0.99,True,0.733,73.3,3,True
J0191,C0086,1.0,0.667,1.0,1.0,1.0,0.7,0.983,True,0.903,90.3,3,True
J0191,C0040,0.333,0.5,1.0,0.0,1.0,0.4,0.9,True,0.473,47.3,1,False
J0191,C0435,1.0,1.0,1.0,0.667,1.0,0.0,0.793,True,0.867,86.7,3,True
J0191,C0456,0.667,0.75,1.0,0.333,1.0,0.0,0.875,True,0.65,65.0,3,True
J0191,C0076,0.667,0.75,1.0,0.0,1.0,0.485,0.9,True,0.665,66.5,2,True
J0191,C0197,0.667,0.75,1.0,0.0,1.0,0.0,0.8,True,0.617,61.7,2,True
J0191,C0042,0.0,0.0,1.0,0.0,1.0,0.0,0.0,False,0.2,20.0,0,False
J0191,C0381,0.333,1.0,1.0,0.0,1.0,0.0,0.6,True,0.533,53.3,1,False
J0191,C0450,0.0,0.0,1.0,0.0,1.0,0.0,0.0,False,0.2,20.0,0,False
J0191,C0349,0.0,0.0,1.0,0.0,1.0,0.0,0.0,False,0.2,20.0,0,False
J0191,C0277,0.0,0.0,1.0,0.0,1.0,0.0,0.0,False,0.2,20.0,0,False
J0191,C0103,0.0,0.0,1.0,0.0,1.0,0.0,0.0,False,0.2,20.0,0,False
J0191,C0021,0.333,1.0,1.0,0.333,1.0,0.5,0.99,False,0.617,61.7,3,True
J0191,C0010,0.333,1.0,1.0,0.0,1.0,0.0,0.78,True,0.533,53.3,1,False
J0191,C0207,0.0,0.0,1.0,0.0,1.0,0.0,0.0,False,0.2,20.0,0,False
J0191,C0101,0.0,0.0,1.0,0.0,1.0,0.0,0.0,False,0.2,20.0,0,False
J0191,C0423,0.333,0.5,1.0,0.333,1.0,0.27,0.99,True,0.494,49.4,1,False
J0192,C0533,0.25,1.0,1.0,0.25,1.0,0.0,0.99,True,0.525,52.5,2,True
J0192,C0555,0.75,1.0,1.0,0.25,1.0,0.48,0.837,True,0.773,77.3,3,True
J0192,C0331,0.25,0.5,1.0,0.0,1.0,0.0,0.8,True,0.4,40.0,0,False
J0192,C0129,0.75,1.0,1.0,0.25,1.0,0.43,0.87,True,0.768,76.8,3,True
J0192,C0062,0.75,0.611,1.0,0.0,1.0,0.0,0.74,True,0.622,62.2,2,True
J0192,C0179,0.5,0.75,1.0,0.0,1.0,0.0,0.6,True,0.55,55.0,2,True
J0192,C0525,0.75,0.556,1.0,0.0,1.0,0.0,0.72,True,0.611,61.1,2,True
J0192,C0164,0.25,1.0,1.0,0.25,1.0,0.22,0.99,True,0.547,54.7,1,False
J0192,C0174,0.75,0.611,1.0,0.0,1.0,0.0,0.8,True,0.622,62.2,2,True
J0192,C0470,1.0,1.0,1.0,0.0,1.0,0.0,0.69,True,0.8,80.0,3,True
J0192,C0109,0.75,0.778,1.0,0.25,1.0,0.43,0.83,True,0.724,72.4,2,True
J0192,C0356,0.5,0.75,1.0,0.0,1.0,0.0,0.69,True,0.55,55.0,1,False
J0192,C0308,0.25,0.5,1.0,0.0,1.0,0.0,0.78,True,0.4,40.0,0,False
J0192,C0077,0.75,0.667,1.0,0.0,1.0,0.0,0.72,True,0.633,63.3,2,True
J0192,C0266,0.0,0.0,1.0,0.0,1.0,0.0,0.0,False,0.2,20.0,0,False
J0192,C0136,0.0,0.0,1.0,0.0,1.0,0.0,0.0,False,0.2,20.0,0,False
J0192,C0258,0.0,0.0,1.0,0.0,1.0,0.0,0.0,False,0.2,20.0,0,False
J0192,C0218,0.0,0.0,1.0,0.0,1.0,0.0,0.0,False,0.2,20.0,0,False
J0192,C0151,0.0,0.0,1.0,0.0,0.0,0.0,0.0,False,0.15,15.0,0,False
J0192,C0282,0.0,0.0,1.0,0.0,0.5,0.0,0.0,False,0.175,17.5,0,False
J0192,C0157,0.25,1.0,1.0,0.0,1.0,0.0,0.6,False,0.5,50.0,1,False
J0192,C0536,0.0,0.0,1.0,0.0,1.0,0.0,0.0,False,0.2,20.0,0,False
J0192,C0315,0.0,0.0,1.0,0.0,1.0,0.0,0.0,False,0.2,20.0,0,False
J0192,C0010,0.0,0.0,1.0,0.0,1.0,0.0,0.0,False,0.2,20.0,0,False
J0193,C0355,0.75,0.778,0.0,0.0,1.0,0.315,0.8,True,0.537,53.7,1,False
J0193,C0225,0.25,1.0,1.0,0.0,1.0,0.0,0.6,True,0.5,50.0,1,False
J0193,C0281,0.75,0.611,1.0,0.0,1.0,0.0,0.813,True,0.622,62.2,1,False
J0193,C0178,0.5,0.833,0.0,0.0,1.0,0.0,0.69,True,0.417,41.7,0,False
J0193,C0180,1.0,0.708,1.0,0.25,1.0,0.0,0.798,True,0.767,76.7,3,True
J0193,C0416,0.5,0.833,0.0,0.0,1.0,0.0,0.69,True,0.417,41.7,0,False
J0193,C0241,0.5,1.0,1.0,0.0,1.0,0.44,0.76,True,0.644,64.4,2,True
J0193,C0326,1.0,0.708,0.0,0.25,1.0,0.37,0.818,True,0.654,65.4,2,True
J0193,C0157,0.25,1.0,1.0,0.0,1.0,0.0,0.78,True,0.5,50.0,1,False
J0193,C0527,0.5,0.667,1.0,0.0,1.0,0.0,0.69,True,0.533,53.3,1,False
J0193,C0367,0.5,1.0,0.0,0.25,1.0,0.63,0.945,True,0.538,53.8,1,False
J0193,C0198,0.25,1.0,0.0,0.0,1.0,0.0,0.78,True,0.35,35.0,1,False
J0193,C0075,0.75,0.889,1.0,0.0,1.0,0.0,0.66,True,0.678,67.8,2,True
J0193,C0371,0.25,0.333,0.0,0.0,1.0,0.0,0.78,True,0.217,21.7,0,False
J0193,C0208,0.25,1.0,1.0,0.0,1.0,0.42,0.92,False,0.542,54.2,0,False
J0193,C0342,1.0,1.0,1.0,0.25,1.0,0.0,0.743,True,0.825,82.5,3,True
J0193,C0457,0.0,0.0,0.0,0.0,1.0,0.0,0.0,False,0.05,5.0,0,False
J0193,C0111,0.75,0.778,0.0,0.25,1.0,0.543,0.93,True,0.585,58.5,1,False
J0193,C0550,0.0,0.0,1.0,0.0,1.0,0.0,0.0,False,0.2,20.0,0,False
J0193,C0557,0.25,1.0,1.0,0.25,1.0,0.0,0.97,False,0.525,52.5,1,False
J0193,C0185,0.75,0.778,1.0,0.5,1.0,0.0,0.86,False,0.706,70.6,2,True
J0193,C0532,0.25,1.0,1.0,0.0,1.0,0.0,0.8,False,0.5,50.0,1,False
J0193,C0380,0.0,0.0,0.0,0.0,1.0,0.0,0.0,False,0.05,5.0,0,False
J0193,C0211,0.25,0.5,1.0,0.0,1.0,0.0,0.78,False,0.4,40.0,0,False
J0194,C0099,0.4,0.667,1.0,0.4,1.0,0.56,0.99,True,0.589,58.9,1,False
J0194,C0141,0.6,1.0,1.0,0.4,1.0,0.72,0.933,True,0.752,75.2,3,True
J0194,C0072,0.8,0.542,0.0,0.6,1.0,0.155,0.968,True,0.554,55.4,1,False
J0194,C0362,0.6,1.0,1.0,0.0,1.0,0.0,0.653,True,0.64,64.0,1,False
J0194,C0094,0.4,0.417,0.0,0.2,1.0,0.0,0.875,True,0.313,31.3,0,False
J0194,C0108,0.8,0.417,0.0,0.4,1.0,0.0,0.83,True,0.493,49.3,1,False
J0194,C0066,0.4,1.0,1.0,0.0,1.0,0.0,0.69,True,0.56,56.0,1,False
J0194,C0350,0.8,1.0,1.0,0.4,1.0,0.86,0.875,True,0.846,84.6,3,True
J0194,C0236,0.8,0.5,0.0,0.0,1.0,0.0,0.69,True,0.47,47.0,1,False
J0194,C0437,0.6,0.889,1.0,0.0,0.5,0.0,0.713,True,0.593,59.3,1,False
J0194,C0504,0.6,0.5,0.0,0.2,1.0,0.0,0.723,True,0.41,41.0,1,False
J0194,C0539,0.4,0.667,0.0,0.2,0.5,0.0,0.795,True,0.338,33.8,0,False
J0194,C0296,0.8,0.417,0.0,0.4,1.0,0.0,0.835,True,0.493,49.3,1,False
J0194,C0208,0.4,0.417,1.0,0.2,1.0,0.0,0.885,True,0.463,46.3,1,False
J0194,C0044,1.0,0.533,0.0,0.0,0.5,0.0,0.632,True,0.532,53.2,1,False
J0194,C0538,0.0,0.0,1.0,0.0,1.0,0.0,0.0,False,0.2,20.0,0,False
J0194,C0456,0.0,0.0,0.0,0.0,1.0,0.0,0.0,False,0.05,5.0,0,False
J0194,C0319,0.2,0.5,1.0,0.2,1.0,0.0,0.99,False,0.4,40.0,0,False
J0194,C0395,0.0,0.0,0.0,0.0,1.0,0.0,0.0,False,0.05,5.0,0,False
J0194,C0500,0.0,0.0,0.0,0.0,1.0,0.0,0.0,False,0.05,5.0,0,False
J0194,C0270,0.0,0.0,0.0,0.0,1.0,0.0,0.0,False,0.05,5.0,0,False
J0194,C0061,0.4,0.833,1.0,0.0,1.0,0.0,0.8,False,0.527,52.7,1,False
J0194,C0010,0.0,0.0,1.0,0.0,1.0,0.0,0.0,False,0.2,20.0,0,False
J0194,C0390,0.4,0.5,1.0,0.0,1.0,0.0,0.79,True,0.46,46.0,0,False
J0194,C0112,0.0,0.0,0.0,0.0,1.0,0.0,0.0,False,0.05,5.0,0,False
J0195,C0292,0.667,0.667,0.0,0.333,1.0,0.37,0.945,True,0.52,52.0,1,False
J0195,C0271,0.667,0.667,0.0,0.667,1.0,0.23,0.99,True,0.54,54.0,1,False
J0195,C0358,0.0,0.0,1.0,0.0,1.0,0.0,0.0,True,0.2,20.0,0,False
J0195,C0414,0.667,0.833,1.0,0.667,1.0,0.0,0.98,True,0.7,70.0,2,True
J0195,C0405,0.667,0.833,0.0,0.0,1.0,0.0,0.69,True,0.483,48.3,1,False
J0195,C0249,0.333,1.0,1.0,0.333,1.0,0.0,0.97,True,0.567,56.7,1,False
J0195,C0361,0.667,1.0,0.95,0.667,1.0,0.49,0.99,True,0.775,77.5,3,True
J0195,C0481,0.667,1.0,1.0,0.0,1.0,0.97,0.85,True,0.764,76.4,2,True
J0195,C0146,0.333,1.0,0.0,0.333,1.0,0.32,0.99,True,0.449,44.9,0,False
J0195,C0057,1.0,1.0,1.0,1.0,1.0,0.0,0.983,True,0.9,90.0,3,True
J0195,C0013,1.0,0.889,0.95,1.0,1.0,0.61,0.99,True,0.931,93.1,3,True
J0195,C0531,0.667,0.833,1.0,0.667,1.0,0.81,0.99,True,0.781,78.1,3,True
J0195,C0104,1.0,0.889,1.0,1.0,1.0,0.35,0.99,True,0.913,91.3,3,True
J0195,C0408,0.333,1.0,0.0,0.333,1.0,0.0,0.99,True,0.417,41.7,0,False
J0195,C0187,0.667,0.833,1.0,0.667,1.0,0.0,0.98,True,0.7,70.0,2,True
J0195,C0073,0.0,0.0,1.0,0.0,1.0,0.0,0.0,False,0.2,20.0,0,False
J0195,C0113,0.0,0.0,0.75,0.0,1.0,0.0,0.0,False,0.162,16.2,0,False
J0195,C0125,0.0,0.0,0.0,0.0,1.0,0.0,0.0,False,0.05,5.0,0,False
J0195,C0342,0.0,0.0,1.0,0.0,1.0,0.0,0.0,False,0.2,20.0,0,False
J0195,C0016,0.0,0.0,0.0,0.0,1.0,0.0,0.0,False,0.05,5.0,0,False
J0195,C0532,0.0,0.0,1.0,0.0,1.0,0.0,0.0,False,0.2,20.0,0,False
J0195,C0192,0.0,0.0,1.0,0.0,1.0,0.0,0.0,False,0.2,20.0,0,False
J0195,C0303,0.0,0.0,0.0,0.0,1.0,0.0,0.0,False,0.05,5.0,0,False
J0195,C0523,0.0,0.0,1.0,0.0,1.0,0.0,0.0,False,0.2,20.0,0,False
J0195,C0430,0.0,0.0,0.0,0.0,1.0,0.0,0.0,False,0.05,5.0,0,False
J0196,C0480,1.0,0.722,1.0,0.0,1.0,0.44,0.833,True,0.788,78.8,3,True
J0196,C0110,0.333,0.5,0.0,0.0,1.0,0.0,0.78,True,0.283,28.3,0,False
J0196,C0477,1.0,0.444,0.0,0.0,1.0,0.19,0.82,True,0.558,55.8,1,False
J0196,C0119,0.667,1.0,0.9,0.0,1.0,0.75,0.91,True,0.727,72.7,3,True
J0196,C0253,1.0,1.0,1.0,0.333,1.0,0.73,0.843,True,0.906,90.6,3,True
J0196,C0563,0.667,0.833,1.0,0.0,1.0,0.0,0.78,True,0.633,63.3,2,True
J0196,C0299,0.667,0.75,0.0,0.333,1.0,0.41,0.885,True,0.541,54.1,1,False
J0196,C0199,0.333,1.0,1.0,0.0,1.0,0.84,0.9,True,0.617,61.7,2,True
J0196,C0278,0.667,1.0,1.0,0.333,1.0,0.0,0.695,True,0.7,70.0,2,True
J0196,C0265,0.333,1.0,0.0,0.0,1.0,0.0,0.6,True,0.383,38.3,1,False
J0196,C0486,1.0,0.444,0.65,0.0,1.0,0.24,0.78,True,0.66,66.0,2,True
J0196,C0343,0.333,1.0,1.0,0.0,1.0,0.5,0.92,True,0.583,58.3,2,True
J0196,C0357,0.0,0.0,1.0,0.0,1.0,0.0,0.0,True,0.2,20.0,0,False
J0196,C0385,0.333,0.5,0.6,0.0,1.0,0.0,0.8,True,0.373,37.3,0,False
J0196,C0279,0.0,0.0,0.0,0.0,1.0,0.0,0.0,False,0.05,5.0,0,False
J0196,C0090,0.0,0.0,1.0,0.0,1.0,0.0,0.0,False,0.2,20.0,0,False
J0196,C0289,0.0,0.0,0.95,0.0,0.0,0.0,0.0,False,0.142,14.2,0,False
J0196,C0356,0.0,0.0,0.0,0.0,1.0,0.0,0.0,False,0.05,5.0,0,False
J0196,C0468,0.0,0.0,0.65,0.0,1.0,0.0,0.0,False,0.148,14.8,0,False
J0196,C0294,0.0,0.0,0.9,0.0,0.5,0.0,0.0,False,0.16,16.0,0,False
J0196,C0491,0.0,0.0,0.0,0.0,1.0,0.0,0.0,False,0.05,5.0,0,False
J0196,C0248,0.0,0.0,0.0,0.0,1.0,0.0,0.0,False,0.05,5.0,0,False
J0196,C0353,0.0,0.0,0.35,0.0,0.5,0.0,0.0,False,0.078,7.8,0,False
J0196,C0575,0.0,0.0,1.0,0.0,1.0,0.0,0.0,False,0.2,20.0,0,False
J0196,C0542,0.0,0.0,0.0,0.0,1.0,0.0,0.0,False,0.05,5.0,0,False
J0197,C0505,0.667,0.667,1.0,0.0,0.5,0.15,0.85,True,0.59,59.0,1,False
J0197,C0263,1.0,0.889,1.0,0.333,0.5,0.25,0.83,True,0.811,81.1,3,True
J0197,C0417,1.0,0.889,1.0,0.0,0.5,0.55,0.84,True,0.808,80.8,3,True
J0197,C0317,0.667,0.667,1.0,0.333,1.0,0.29,0.935,True,0.662,66.2,2,True
J0197,C0381,0.667,1.0,1.0,0.0,0.5,0.33,0.76,True,0.675,67.5,2,True
J0197,C0069,1.0,0.778,1.0,0.667,0.5,0.0,0.853,True,0.797,79.7,3,True
J0197,C0185,0.667,0.833,1.0,0.333,0.5,0.0,0.885,True,0.642,64.2,1,False
J0197,C0242,0.667,0.833,1.0,0.0,0.5,0.0,0.7,True,0.608,60.8,2,True
J0197,C0220,0.667,1.0,1.0,0.0,1.0,0.0,0.7,True,0.667,66.7,2,True
J0197,C0364,0.667,0.833,1.0,0.333,0.5,0.0,0.895,True,0.642,64.2,1,False
J0197,C0465,0.333,0.333,1.0,0.0,0.5,0.22,0.9,True,0.397,39.7,0,False
J0197,C0456,0.667,1.0,1.0,0.0,0.5,0.0,0.69,True,0.642,64.2,2,True
J0197,C0348,0.333,1.0,1.0,0.0,0.5,0.0,0.78,True,0.508,50.8,1,False
J0197,C0196,1.0,0.889,1.0,0.0,0.5,0.7,0.847,True,0.823,82.3,3,True
J0197,C0205,0.0,0.0,1.0,0.0,0.5,0.0,0.0,False,0.175,17.5,0,False
J0197,C0085,0.333,1.0,1.0,0.333,0.5,0.0,0.99,False,0.542,54.2,1,False
J0197,C0588,0.0,0.0,1.0,0.0,0.5,0.0,0.0,False,0.175,17.5,0,False
J0197,C0451,0.0,0.0,1.0,0.0,1.0,0.0,0.0,False,0.2,20.0,0,False
J0197,C0354,0.0,0.0,1.0,0.0,0.5,0.0,0.0,False,0.175,17.5,0,False
J0197,C0460,0.0,0.0,1.0,0.0,0.5,0.0,0.0,False,0.175,17.5,0,False
J0197,C0378,0.333,1.0,1.0,0.333,0.5,0.52,0.99,False,0.594,59.4,1,False
J0197,C0256,0.0,0.0,1.0,0.0,0.5,0.0,0.0,False,0.175,17.5,0,False
J0197,C0064,0.333,1.0,1.0,0.0,0.5,0.95,0.92,False,0.603,60.3,2,True
J0197,C0301,0.333,1.0,1.0,0.0,0.5,0.0,0.8,False,0.508,50.8,0,False
J0197,C0334,0.333,1.0,1.0,0.0,0.5,0.0,0.8,True,0.508,50.8,1,False
J0198,C0228,0.0,0.0,1.0,0.0,1.0,0.0,0.0,True,0.2,20.0,0,False
J0198,C0319,0.667,0.583,1.0,0.333,1.0,0.0,0.795,True,0.617,61.7,2,True
J0198,C0561,1.0,1.0,1.0,0.333,0.5,0.0,0.663,True,0.808,80.8,3,True
J0198,C0059,0.667,0.75,1.0,0.667,0.5,0.46,0.99,True,0.704,70.4,2,True
J0198,C0335,0.667,0.667,1.0,0.0,1.0,0.0,0.6,True,0.6,60.0,1,False
J0198,C0256,0.667,0.833,1.0,0.0,1.0,0.41,0.86,True,0.674,67.4,3,True
J0198,C0474,0.667,0.75,1.0,0.333,1.0,0.18,0.795,True,0.668,66.8,2,True
J0198,C0548,0.667,1.0,1.0,0.667,1.0,0.65,0.99,True,0.798,79.8,3,True
J0198,C0145,0.667,0.833,1.0,0.0,1.0,0.0,0.8,True,0.633,63.3,2,True
J0198,C0589,0.333,1.0,1.0,0.0,0.5,0.56,0.9,True,0.564,56.4,1,False
J0198,C0136,0.667,0.667,1.0,0.0,1.0,0.0,0.5,True,0.6,60.0,1,False
J0198,C0530,0.333,1.0,1.0,0.0,1.0,0.53,0.92,True,0.586,58.6,2,True
J0198,C0428,0.667,0.667,1.0,0.0,1.0,0.0,0.69,True,0.6,60.0,1,False
J0198,C0316,0.667,0.667,1.0,0.333,1.0,0.0,0.875,True,0.633,63.3,1,False
J0198,C0582,0.333,1.0,1.0,0.0,1.0,0.0,0.6,False,0.533,53.3,1,False
J0198,C0155,0.333,1.0,1.0,0.0,1.0,0.94,0.92,False,0.627,62.7,1,False
J0198,C0421,0.0,0.0,1.0,0.0,1.0,0.0,0.0,False,0.2,20.0,0,False
J0198,C0087,0.0,0.0,1.0,0.0,1.0,0.0,0.0,False,0.2,20.0,0,False
J0198,C0131,0.0,0.0,1.0,0.0,1.0,0.0,0.0,False,0.2,20.0,0,False
J0198,C0539,0.0,0.0,1.0,0.0,0.5,0.0,0.0,False,0.175,17.5,0,False
J0198,C0174,0.0,0.0,1.0,0.0,1.0,0.0,0.0,False,0.2,20.0,0,False
J0198,C0477,0.0,0.0,1.0,0.0,1.0,0.0,0.0,False,0.2,20.0,0,False
J0198,C0238,0.333,1.0,1.0,0.0,1.0,0.0,0.78,False,0.533,53.3,1,False
J0198,C0039,0.0,0.0,1.0,0.0,0.5,0.0,0.0,False,0.175,17.5,0,False
J0198,C0453,0.0,0.0,1.0,0.0,1.0,0.0,0.0,False,0.2,20.0,0,False
J0199,C0536,0.4,0.75,1.0,0.0,1.0,0.0,0.7,True,0.51,51.0,1,False
J0199,C0294,0.4,0.75,1.0,0.2,1.0,0.0,0.795,True,0.53,53.0,2,True
J0199,C0039,0.2,0.5,1.0,0.0,1.0,0.0,0.78,True,0.38,38.0,0,False
J0199,C0218,0.6,0.667,1.0,0.0,1.0,0.0,0.72,True,0.573,57.3,1,False
J0199,C0345,0.4,1.0,1.0,0.4,1.0,0.0,0.98,True,0.6,60.0,1,False
J0199,C0272,0.8,0.5,1.0,0.4,1.0,0.255,0.92,True,0.686,68.6,2,True
J0199,C0365,0.8,0.75,1.0,0.4,1.0,0.0,0.835,True,0.71,71.0,2,True
J0199,C0590,0.2,1.0,1.0,0.2,1.0,0.0,0.99,True,0.5,50.0,1,False
J0199,C0052,0.4,1.0,1.0,0.0,1.0,0.0,0.81,True,0.56,56.0,2,True
J0199,C0465,0.6,0.5,1.0,0.0,1.0,0.17,0.807,True,0.557,55.7,1,False
J0199,C0502,0.8,0.625,1.0,0.2,1.0,0.0,0.828,True,0.665,66.5,2,True
J0199,C0257,0.8,1.0,1.0,0.2,1.0,0.0,0.748,True,0.74,74.0,3,True
J0199,C0557,0.2,0.5,1.0,0.2,1.0,0.0,0.97,True,0.4,40.0,0,False
J0199,C0087,0.2,0.5,1.0,0.0,1.0,0.0,0.78,True,0.38,38.0,0,False
J0199,C0269,0.0,0.0,1.0,0.0,1.0,0.0,0.0,False,0.2,20.0,0,False
J0199,C0128,0.0,0.0,1.0,0.0,1.0,0.0,0.0,False,0.2,20.0,0,False
J0199,C0508,0.2,1.0,1.0,0.0,1.0,0.0,0.82,False,0.48,48.0,1,False
J0199,C0316,0.2,1.0,1.0,0.0,1.0,0.0,0.78,False,0.48,48.0,0,False
J0199,C0333,0.2,1.0,1.0,0.2,1.0,0.57,0.99,False,0.557,55.7,1,False
J0199,C0032,0.0,0.0,1.0,0.0,1.0,0.0,0.0,False,0.2,20.0,0,False
J0199,C0100,0.0,0.0,1.0,0.0,1.0,0.0,0.0,False,0.2,20.0,0,False
J0199,C0101,0.0,0.0,1.0,0.0,1.0,0.0,0.0,False,0.2,20.0,0,False
J0199,C0342,0.4,1.0,1.0,0.0,1.0,0.0,0.79,False,0.56,56.0,1,False
J0199,C0366,0.0,0.0,1.0,0.0,1.0,0.0,0.0,False,0.2,20.0,0,False
J0199,C0254,0.0,0.0,1.0,0.0,1.0,0.0,0.0,False,0.2,20.0,0,False
J0200,C0078,0.667,0.5,0.0,0.667,1.0,0.0,0.98,True,0.483,48.3,1,False
J0200,C0514,0.667,1.0,0.0,0.0,1.0,0.0,0.69,True,0.517,51.7,1,False
J0200,C0268,0.333,1.0,0.9,0.0,0.5,0.0,0.78,True,0.493,49.3,1,False
J0200,C0165,0.667,0.5,0.0,0.0,1.0,0.27,0.76,True,0.444,44.4,0,False
J0200,C0240,0.333,1.0,1.0,0.0,1.0,0.0,0.78,True,0.533,53.3,1,False
J0200,C0535,0.333,1.0,0.425,0.0,1.0,0.0,0.82,True,0.447,44.7,1,False
J0200,C0455,0.667,0.5,0.0,0.0,1.0,0.22,0.85,True,0.439,43.9,1,False
J0200,C0346,0.333,0.5,0.0,0.333,1.0,0.0,0.99,True,0.317,31.7,0,False
J0200,C0025,0.0,0.0,0.7,0.0,1.0,0.0,0.0,True,0.155,15.5,0,False
J0200,C0298,0.333,1.0,0.975,0.333,0.5,0.54,0.99,True,0.592,59.2,1,False
J0200,C0418,0.667,0.75,0.375,0.333,1.0,0.0,0.795,True,0.556,55.6,1,False
J0200,C0221,0.667,1.0,0.6,0.0,1.0,0.93,0.88,True,0.7,70.0,2,True
J0200,C0154,0.667,1.0,1.0,0.333,1.0,0.0,0.905,True,0.7,70.0,2,True
J0200,C0030,1.0,0.667,0.0,0.0,1.0,0.25,0.693,True,0.608,60.8,2,True
J0200,C0412,0.333,1.0,1.0,0.333,1.0,0.95,0.99,False,0.662,66.2,2,True
J0200,C0274,0.333,0.5,0.0,0.0,1.0,0.2,0.92,False,0.303,30.3,0,False
J0200,C0259,1.0,1.0,0.6,0.0,1.0,0.0,0.66,True,0.74,74.0,3,True
J0200,C0458,0.0,0.0,0.0,0.0,1.0,0.0,0.0,False,0.05,5.0,0,False
J0200,C0545,0.0,0.0,1.0,0.0,1.0,0.0,0.0,False,0.2,20.0,0,False
J0200,C0335,0.333,0.5,0.0,0.0,1.0,0.36,0.92,False,0.319,31.9,0,False
J0200,C0561,0.667,1.0,1.0,0.0,0.5,0.0,0.7,False,0.642,64.2,2,True
J0200,C0587,0.333,1.0,0.475,0.0,0.5,0.0,0.8,False,0.43,43.0,1,False
J0200,C0311,0.0,0.0,0.85,0.0,0.0,0.0,0.0,False,0.128,12.8,0,False
J0200,C0261,0.333,1.0,0.525,0.0,1.0,0.0,0.82,False,0.462,46.2,0,False
J0200,C0202,0.333,0.5,0.425,0.0,0.5,0.0,0.82,False,0.322,32.2,0,False
J0201,C0559,0.333,0.333,0.0,0.0,1.0,0.0,0.6,True,0.25,25.0,0,False
J0201,C0402,0.667,1.0,1.0,0.0,0.0,0.82,0.84,True,0.699,69.9,3,True
J0201,C0325,0.667,0.667,1.0,0.333,0.5,0.605,0.955,True,0.669,66.9,1,False
J0201,C0134,0.667,0.667,0.533,0.0,0.5,0.0,0.8,True,0.505,50.5,1,False
J0201,C0077,1.0,0.5,0.0,0.0,0.5,0.0,0.72,True,0.525,52.5,1,False
J0201,C0029,0.333,1.0,0.0,0.0,0.5,0.0,0.6,True,0.358,35.8,0,False
J0201,C0441,0.333,0.333,0.3,0.0,0.5,0.21,0.92,True,0.291,29.1,0,False
J0201,C0524,0.667,1.0,1.0,0.333,0.5,0.0,0.795,True,0.675,67.5,2,True
J0201,C0424,0.667,0.583,0.833,0.333,0.0,0.0,0.795,True,0.542,54.2,1,False
J0201,C0216,1.0,0.556,0.0,0.667,0.5,0.27,0.947,True,0.63,63.0,2,True
J0201,C0493,1.0,0.389,0.0,0.333,0.5,0.0,0.723,True,0.536,53.6,1,False
J0201,C0304,0.333,0.667,0.533,0.333,0.0,0.45,0.99,True,0.425,42.5,0,False
J0201,C0255,0.667,0.417,0.0,0.333,0.5,0.0,0.785,True,0.408,40.8,0,False
J0201,C0150,0.667,0.833,0.0,0.0,0.0,0.66,0.75,True,0.499,49.9,1,False
J0201,C0046,0.0,0.0,0.0,0.0,0.5,0.0,0.0,False,0.025,2.5,0,False
J0201,C0513,0.0,0.0,0.0,0.0,0.5,0.0,0.0,False,0.025,2.5,0,False
J0201,C0306,0.0,0.0,0.0,0.0,0.0,0.0,0.0,False,0.0,0.0,0,False
J0201,C0575,0.0,0.0,1.0,0.0,0.5,0.0,0.0,False,0.175,17.5,0,False
J0201,C0123,0.333,0.333,0.467,0.0,0.5,0.0,0.8,False,0.295,29.5,0,False
J0201,C0240,0.333,1.0,1.0,0.0,0.5,0.0,0.78,False,0.508,50.8,1,False
J0201,C0587,1.0,0.778,0.633,0.333,0.0,0.0,0.87,True,0.684,68.4,3,True
J0201,C0342,0.333,0.667,1.0,0.0,0.5,0.0,0.8,False,0.442,44.2,1,False
J0201,C0112,0.0,0.0,0.0,0.0,1.0,0.0,0.0,False,0.05,5.0,0,False
J0201,C0013,0.0,0.0,0.633,0.0,0.0,0.0,0.0,False,0.095,9.5,0,False
J0201,C0288,0.333,0.333,0.3,0.0,0.5,0.0,0.4,False,0.27,27.0,0,False
J0202,C0540,0.667,1.0,1.0,0.667,1.0,0.0,0.99,True,0.733,73.3,2,True
J0202,C0509,0.667,0.583,1.0,0.333,1.0,0.0,0.775,True,0.617,61.7,1,False
J0202,C0169,1.0,1.0,1.0,0.667,1.0,0.0,0.913,True,0.867,86.7,3,True
J0202,C0552,1.0,0.5,1.0,0.0,1.0,0.0,0.78,True,0.7,70.0,2,True
J0202,C0490,1.0,0.389,1.0,0.0,1.0,0.4,0.827,True,0.718,71.8,2,True
J0202,C0461,1.0,0.667,0.0,0.0,1.0,0.0,0.467,True,0.583,58.3,1,False
J0202,C0312,0.333,0.333,0.0,0.333,1.0,0.0,0.99,True,0.283,28.3,0,False
J0202,C0568,0.667,0.583,1.0,0.0,1.0,0.425,0.92,True,0.626,62.6,2,True
J0202,C0023,1.0,0.889,1.0,0.0,1.0,0.65,0.827,True,0.843,84.3,3,True
J0202,C0320,0.667,0.667,1.0,0.0,1.0,0.0,0.6,True,0.6,60.0,1,False
J0202,C0234,0.667,0.833,1.0,0.333,1.0,0.6,0.965,True,0.727,72.7,2,True
J0202,C0280,0.667,0.75,1.0,0.0,1.0,0.535,0.91,True,0.67,67.0,2,True
J0202,C0063,0.667,0.667,0.0,0.333,1.0,0.485,0.945,True,0.532,53.2,1,False
J0202,C0473,1.0,0.389,0.0,0.667,1.0,0.0,0.907,True,0.594,59.4,1,False
J0202,C0184,0.0,0.0,1.0,0.0,1.0,0.0,0.0,False,0.2,20.0,0,False
J0202,C0231,0.0,0.0,1.0,0.0,1.0,0.0,0.0,False,0.2,20.0,0,False
J0202,C0185,0.0,0.0,1.0,0.0,1.0,0.0,0.0,False,0.2,20.0,0,False
J0202,C0274,0.0,0.0,0.0,0.0,1.0,0.0,0.0,False,0.05,5.0,0,False
J0202,C0089,0.0,0.0,1.0,0.0,1.0,0.0,0.0,False,0.2,20.0,0,False
J0202,C0365,0.0,0.0,0.0,0.0,1.0,0.0,0.0,False,0.05,5.0,0,False
J0202,C0091,0.0,0.0,0.0,0.0,0.5,0.0,0.0,False,0.025,2.5,0,False
J0202,C0248,0.0,0.0,0.0,0.0,1.0,0.0,0.0,False,0.05,5.0,0,False
J0202,C0291,0.0,0.0,1.0,0.0,0.5,0.0,0.0,False,0.175,17.5,0,False
J0202,C0043,1.0,0.389,0.7,0.667,1.0,0.23,0.96,True,0.722,72.2,2,True
J0202,C0086,0.0,0.0,0.0,0.0,1.0,0.0,0.0,False,0.05,5.0,0,False
J0203,C0450,0.0,0.0,1.0,0.0,0.0,0.0,0.0,True,0.15,15.0,0,False
J0203,C0245,0.0,0.0,1.0,0.0,0.5,0.0,0.0,True,0.175,17.5,0,False
J0203,C0577,0.667,0.583,1.0,0.333,0.0,0.385,0.955,True,0.605,60.5,1,False
J0203,C0072,1.0,0.444,1.0,0.667,0.5,0.175,0.96,True,0.748,74.8,3,True
J0203,C0148,0.667,0.417,1.0,0.0,1.0,0.0,0.68,True,0.55,55.0,1,False
J0203,C0429,0.0,0.0,1.0,0.0,0.5,0.0,0.0,True,0.175,17.5,0,False
J0203,C0230,0.667,0.5,1.0,0.0,0.5,0.0,0.6,True,0.542,54.2,1,False
J0203,C0049,0.333,0.5,1.0,0.0,0.5,0.0,0.76,True,0.408,40.8,0,False
J0203,C0097,1.0,0.778,1.0,0.0,0.5,0.0,0.807,True,0.731,73.1,2,True
J0203,C0339,1.0,0.778,1.0,0.0,0.5,0.0,0.807,True,0.731,73.1,2,True
J0203,C0497,0.667,0.75,1.0,0.333,0.5,0.0,0.795,True,0.625,62.5,2,True
J0203,C0384,0.667,1.0,1.0,0.0,0.5,0.81,0.86,True,0.723,72.3,2,True
J0203,C0438,0.0,0.0,1.0,0.0,1.0,0.0,0.0,True,0.2,20.0,0,False
J0203,C0411,0.667,0.417,1.0,0.0,0.5,0.0,0.6,True,0.525,52.5,1,False
J0203,C0276,0.0,0.0,1.0,0.0,0.0,0.0,0.0,False,0.15,15.0,0,False
J0203,C0121,0.0,0.0,1.0,0.0,0.5,0.0,0.0,False,0.175,17.5,0,False
J0203,C0533,0.333,1.0,1.0,0.0,1.0,0.0,0.4,False,0.533,53.3,1,False
J0203,C0350,0.333,0.5,1.0,0.333,0.5,0.39,0.99,True,0.481,48.1,1,False
J0203,C0019,0.0,0.0,1.0,0.0,0.0,0.0,0.0,False,0.15,15.0,0,False
J0203,C0536,0.0,0.0,1.0,0.0,1.0,0.0,0.0,False,0.2,20.0,0,False
J0203,C0116,0.333,1.0,1.0,0.333,0.5,0.0,0.95,False,0.542,54.2,1,False
J0203,C0409,0.0,0.0,1.0,0.0,0.5,0.0,0.0,False,0.175,17.5,0,False
J0203,C0277,0.0,0.0,1.0,0.0,0.5,0.0,0.0,False,0.175,17.5,0,False
J0203,C0566,0.0,0.0,1.0,0.0,1.0,0.0,0.0,False,0.2,20.0,0,False
J0203,C0492,0.0,0.0,1.0,0.0,0.5,0.0,0.0,False,0.175,17.5,0,False
J0204,C0452,0.2,1.0,0.0,0.0,1.0,0.0,0.6,True,0.33,33.0,0,False
J0204,C0141,0.2,1.0,1.0,0.2,1.0,0.72,0.99,True,0.572,57.2,1,False
J0204,C0577,0.4,0.417,0.375,0.2,0.5,0.305,0.955,True,0.375,37.5,0,False
J0204,C0390,0.6,0.722,0.725,0.0,1.0,0.83,0.827,True,0.626,62.6,1,False
J0204,C0323,0.4,1.0,0.9,0.4,0.5,0.0,0.99,True,0.56,56.0,1,False
J0204,C0072,0.6,0.611,0.0,0.2,1.0,0.155,0.897,True,0.448,44.8,0,False
J0204,C0438,0.4,0.583,0.0,0.0,1.0,0.0,0.59,True,0.327,32.7,0,False
J0204,C0148,0.8,0.583,0.0,0.0,1.0,0.0,0.645,True,0.487,48.7,1,False
J0204,C0377,0.0,0.0,0.0,0.0,1.0,0.0,0.0,True,0.05,5.0,0,False
J0204,C0099,0.4,0.833,0.275,0.4,1.0,0.56,0.99,True,0.514,51.4,1,False
J0204,C0124,0.6,0.889,1.0,0.0,1.0,0.0,0.653,True,0.618,61.8,1,False
J0204,C0049,0.4,0.5,0.0,0.2,1.0,0.0,0.875,True,0.33,33.0,0,False
J0204,C0352,0.4,0.417,0.25,0.2,1.0,0.31,0.895,True,0.382,38.2,0,False
J0204,C0177,0.2,0.5,0.0,0.0,1.0,0.0,0.78,True,0.23,23.0,0,False
J0204,C0301,0.0,0.0,0.3,0.0,1.0,0.0,0.0,False,0.095,9.5,0,False
J0204,C0464,0.0,0.0,0.0,0.0,1.0,0.0,0.0,False,0.05,5.0,0,False
J0204,C0011,0.0,0.0,0.6,0.0,1.0,0.0,0.0,False,0.14,14.0,0,False
J0204,C0288,0.0,0.0,0.225,0.0,1.0,0.0,0.0,False,0.084,8.4,0,False
J0204,C0389,0.0,0.0,0.0,0.0,1.0,0.0,0.0,False,0.05,5.0,0,False
J0204,C0337,0.2,1.0,0.0,0.0,1.0,0.0,0.4,False,0.33,33.0,0,False
J0204,C0463,0.0,0.0,0.0,0.0,1.0,0.0,0.0,False,0.05,5.0,0,False
J0204,C0093,0.2,0.5,0.0,0.0,1.0,0.0,0.78,False,0.23,23.0,0,False
J0204,C0469,0.2,1.0,0.475,0.0,1.0,0.0,0.6,False,0.401,40.1,0,False
J0204,C0231,0.0,0.0,0.85,0.0,1.0,0.0,0.0,False,0.178,17.8,0,False
J0205,C0319,0.6,0.667,1.0,0.4,1.0,0.0,0.86,True,0.613,61.3,2,True
J0205,C0440,0.8,1.0,1.0,0.4,1.0,0.64,0.945,True,0.824,82.4,3,True
J0205,C0474,0.4,0.417,0.0,0.2,1.0,0.0,0.785,True,0.313,31.3,0,False
J0205,C0136,0.6,0.444,0.0,0.2,1.0,0.13,0.77,True,0.412,41.2,0,False
J0205,C0297,0.8,0.625,1.0,0.2,1.0,0.0,0.852,True,0.665,66.5,2,True
J0205,C0589,0.6,0.889,1.0,0.0,0.5,0.595,0.873,True,0.652,65.2,1,False
J0205,C0375,0.6,0.389,0.0,0.4,1.0,0.0,0.853,True,0.408,40.8,0,False
J0205,C0567,0.2,1.0,1.0,0.0,1.0,0.0,0.78,True,0.48,48.0,1,False
J0205,C0530,0.2,0.5,0.0,0.2,1.0,0.18,0.99,True,0.268,26.8,0,False
J0205,C0184,0.6,0.444,1.0,0.4,1.0,0.25,0.947,True,0.594,59.4,1,False
J0205,C0391,0.6,0.389,1.0,0.2,1.0,0.15,0.91,True,0.553,55.3,1,False
J0205,C0247,0.8,0.75,1.0,0.2,1.0,0.545,0.882,True,0.745,74.5,3,True
J0205,C0001,1.0,0.867,1.0,0.2,1.0,0.0,0.758,True,0.793,79.3,3,True
J0205,C0315,0.6,0.722,1.0,0.2,1.0,0.68,0.903,True,0.672,67.2,1,False
J0205,C0005,0.0,0.0,0.0,0.0,1.0,0.0,0.0,False,0.05,5.0,0,False
J0205,C0552,0.4,0.5,1.0,0.0,1.0,0.0,0.7,False,0.46,46.0,1,False
J0205,C0585,0.2,1.0,1.0,0.0,1.0,0.0,0.82,False,0.48,48.0,1,False
J0205,C0569,0.0,0.0,0.0,0.0,1.0,0.0,0.0,False,0.05,5.0,0,False
J0205,C0084,0.4,1.0,1.0,0.0,1.0,0.82,0.86,False,0.642,64.2,2,True
J0205,C0182,0.4,0.417,0.7,0.0,1.0,0.365,0.93,False,0.435,43.5,0,False
J0205,C0018,0.0,0.0,1.0,0.0,0.0,0.0,0.0,False,0.15,15.0,0,False
J0205,C0195,0.0,0.0,0.0,0.0,0.0,0.0,0.0,False,0.0,0.0,0,False
J0205,C0518,0.4,0.667,0.0,0.2,1.0,0.0,0.785,False,0.363,36.3,1,False
J0205,C0174,0.0,0.0,1.0,0.0,1.0,0.0,0.0,False,0.2,20.0,0,False
J0205,C0593,0.0,0.0,0.0,0.0,1.0,0.0,0.0,False,0.05,5.0,0,False
J0206,C0336,0.333,1.0,1.0,0.333,1.0,0.0,0.97,True,0.567,56.7,1,False
J0206,C0168,0.667,0.75,1.0,0.333,0.5,0.0,0.885,True,0.625,62.5,2,True
J0206,C0294,0.667,1.0,1.0,0.333,0.5,0.0,0.795,True,0.675,67.5,2,True
J0206,C0263,0.667,1.0,1.0,0.333,1.0,0.0,0.785,True,0.7,70.0,2,True
J0206,C0579,0.667,1.0,1.0,0.0,0.5,0.0,0.6,True,0.642,64.2,2,True
J0206,C0191,0.333,0.5,1.0,0.0,1.0,0.0,0.76,True,0.433,43.3,0,False
J0206,C0126,0.333,1.0,1.0,0.0,1.0,0.0,0.6,True,0.533,53.3,0,False
J0206,C0272,1.0,0.667,1.0,1.0,1.0,0.35,0.99,True,0.868,86.8,3,True
J0206,C0423,0.333,1.0,1.0,0.0,1.0,0.13,0.92,True,0.546,54.6,1,False
J0206,C0394,0.333,1.0,1.0,0.0,1.0,0.67,0.9,True,0.6,60.0,1,False
J0206,C0456,0.667,1.0,1.0,0.0,1.0,0.0,0.69,True,0.667,66.7,2,True
J0206,C0426,0.667,0.75,1.0,0.333,1.0,0.55,0.945,True,0.705,70.5,2,True
J0206,C0417,0.667,1.0,1.0,0.0,1.0,0.0,0.79,True,0.667,66.7,2,True
J0206,C0010,0.333,1.0,1.0,0.0,1.0,0.0,0.78,True,0.533,53.3,1,False
J0206,C0141,0.0,0.0,1.0,0.0,1.0,0.0,0.0,False,0.2,20.0,0,False
J0206,C0137,0.0,0.0,1.0,0.0,1.0,0.0,0.0,False,0.2,20.0,0,False
J0206,C0069,0.667,0.75,1.0,0.0,1.0,0.0,0.6,True,0.617,61.7,2,True
J0206,C0145,0.0,0.0,1.0,0.0,1.0,0.0,0.0,False,0.2,20.0,0,False
J0206,C0262,0.0,0.0,1.0,0.0,1.0,0.0,0.0,False,0.2,20.0,0,False
J0206,C0319,0.0,0.0,1.0,0.0,1.0,0.0,0.0,False,0.2,20.0,0,False
J0206,C0106,0.0,0.0,1.0,0.0,1.0,0.0,0.0,False,0.2,20.0,0,False
J0206,C0435,0.667,1.0,1.0,0.333,1.0,0.0,0.795,True,0.7,70.0,3,True
J0206,C0114,0.0,0.0,1.0,0.0,1.0,0.0,0.0,False,0.2,20.0,0,False
J0207,C0528,0.4,0.667,0.0,0.2,1.0,0.38,0.955,True,0.401,40.1,0,False
J0207,C0309,0.8,1.0,0.38,0.0,1.0,0.0,0.7,True,0.627,62.7,1,False
J0207,C0498,0.6,0.833,0.0,0.2,1.0,0.18,0.79,True,0.495,49.5,1,False
J0207,C0522,0.6,0.889,0.52,0.0,1.0,0.0,0.66,True,0.546,54.6,1,False
J0207,C0220,0.2,1.0,1.0,0.0,1.0,0.0,0.8,True,0.48,48.0,1,False
J0207,C0279,0.8,0.792,0.0,0.0,1.0,0.33,0.765,True,0.561,56.1,1,False
J0207,C0465,0.8,0.583,0.0,0.0,1.0,0.22,0.79,True,0.509,50.9,1,False
J0207,C0257,0.6,1.0,1.0,0.2,1.0,0.82,0.73,True,0.742,74.2,2,True
J0207,C0423,0.4,0.667,0.64,0.4,1.0,0.27,0.99,True,0.506,50.6,1,False
J0207,C0168,0.8,0.917,0.42,0.6,0.5,0.0,0.938,True,0.651,65.1,2,True
J0207,C0590,0.4,1.0,1.0,0.4,1.0,0.9,0.99,True,0.69,69.0,2,True
J0207,C0035,1.0,1.0,0.8,0.0,1.0,0.71,0.808,True,0.841,84.1,3,True
J0207,C0381,0.4,1.0,0.0,0.0,1.0,0.0,0.6,True,0.41,41.0,0,False
J0207,C0232,0.6,0.556,0.0,0.2,1.0,0.0,0.663,True,0.421,42.1,0,False
J0207,C0091,0.0,0.0,0.0,0.0,0.5,0.0,0.0,False,0.025,2.5,0,False
J0207,C0221,0.0,0.0,0.48,0.0,1.0,0.0,0.0,False,0.122,12.2,0,False
J0207,C0598,0.4,0.667,0.24,0.2,1.0,0.43,0.945,False,0.442,44.2,0,False
J0207,C0121,0.2,0.333,0.26,0.0,1.0,0.0,0.78,False,0.236,23.6,0,False
J0207,C0303,0.2,0.333,0.0,0.0,1.0,0.0,0.78,False,0.197,19.7,0,False
J0207,C0363,0.0,0.0,0.3,0.0,1.0,0.0,0.0,False,0.095,9.5,0,False
J0207,C0266,0.0,0.0,0.82,0.0,1.0,0.0,0.0,False,0.173,17.3,0,False
J0207,C0133,0.8,0.542,0.0,0.4,1.0,0.26,0.84,True,0.544,54.4,1,False
J0207,C0150,0.2,0.667,0.0,0.0,0.5,0.0,0.6,False,0.238,23.8,0,False
J0207,C0523,0.2,1.0,0.74,0.0,1.0,0.0,0.82,False,0.441,44.1,0,False
J0207,C0597,0.8,0.625,0.0,0.0,1.0,0.17,0.765,True,0.512,51.2,1,False
J0208,C0540,0.6,1.0,1.0,0.4,1.0,0.64,0.953,True,0.744,74.4,2,True
J0208,C0320,0.8,0.708,1.0,0.2,1.0,0.0,0.698,True,0.682,68.2,2,True
J0208,C0280,0.6,0.778,1.0,0.2,1.0,0.535,0.93,True,0.669,66.9,1,False
J0208,C0574,0.6,0.667,0.0,0.4,1.0,0.0,0.853,True,0.463,46.3,0,False
J0208,C0581,1.0,0.4,0.9,0.4,1.0,0.33,0.9,True,0.738,73.8,3,True
J0208,C0568,0.6,0.556,1.0,0.0,1.0,0.45,0.92,True,0.596,59.6,1,False
J0208,C0063,0.8,0.542,0.0,0.2,1.0,0.485,0.818,True,0.547,54.7,1,False
J0208,C0427,1.0,0.867,1.0,0.0,1.0,0.0,0.764,True,0.773,77.3,3,True
J0208,C0509,0.6,0.667,1.0,0.2,1.0,0.6,0.823,True,0.653,65.3,2,True
J0208,C0043,0.8,0.542,0.7,0.4,1.0,0.23,0.92,True,0.646,64.6,2,True
J0208,C0451,1.0,1.0,1.0,0.2,1.0,0.763,0.902,True,0.896,89.6,3,True
J0208,C0312,0.6,0.389,0.0,0.4,1.0,0.0,0.92,True,0.408,40.8,0,False
J0208,C0473,0.8,0.458,0.0,0.4,1.0,0.0,0.78,True,0.502,50.2,1,False
J0208,C0461,1.0,0.633,0.0,0.0,1.0,0.0,0.556,True,0.577,57.7,1,False
J0208,C0244,0.0,0.0,0.0,0.0,1.0,0.0,0.0,False,0.05,5.0,0,False
J0208,C0401,0.2,0.333,1.0,0.0,1.0,0.4,0.92,False,0.387,38.7,0,False
J0208,C0045,0.0,0.0,1.0,0.0,0.5,0.0,0.0,False,0.175,17.5,0,False
J0208,C0199,0.0,0.0,1.0,0.0,1.0,0.0,0.0,False,0.2,20.0,0,False
J0208,C0530,0.0,0.0,0.0,0.0,1.0,0.0,0.0,False,0.05,5.0,0,False
J0208,C0131,0.0,0.0,1.0,0.0,1.0,0.0,0.0,False,0.2,20.0,0,False
J0208,C0071,0.2,0.667,1.0,0.0,1.0,0.0,0.8,False,0.413,41.3,0,False
J0208,C0446,0.0,0.0,1.0,0.0,0.0,0.0,0.0,False,0.15,15.0,0,False
J0208,C0439,0.0,0.0,0.0,0.0,1.0,0.0,0.0,False,0.05,5.0,0,False
J0208,C0159,0.2,0.5,1.0,0.0,0.5,0.0,0.78,False,0.355,35.5,0,False
J0209,C0142,0.6,0.667,0.0,0.2,1.0,0.41,0.89,True,0.484,48.4,1,False
J0209,C0360,0.6,0.667,0.0,0.2,1.0,0.0,0.79,True,0.443,44.3,0,False
J0209,C0507,0.8,0.5,0.0,0.0,1.0,0.27,0.715,True,0.497,49.7,1,False
J0209,C0455,1.0,0.5,0.0,0.0,1.0,0.22,0.772,True,0.572,57.2,2,True
J0209,C0546,1.0,0.9,0.975,0.0,1.0,0.0,0.796,True,0.776,77.6,2,True
J0209,C0510,0.4,0.75,0.325,0.0,1.0,0.0,0.69,True,0.409,40.9,0,False
J0209,C0583,0.8,0.5,0.0,0.2,1.0,0.0,0.693,True,0.49,49.0,1,False
J0209,C0143,0.2,0.5,0.0,0.0,1.0,0.0,0.6,True,0.23,23.0,0,False
J0209,C0025,0.2,1.0,0.7,0.2,1.0,0.0,0.97,True,0.455,45.5,0,False
J0209,C0166,0.2,0.5,0.0,0.2,1.0,0.0,0.99,True,0.25,25.0,0,False
J0209,C0165,0.6,0.667,0.0,0.0,1.0,0.0,0.66,True,0.423,42.3,0,False
J0209,C0181,0.4,0.75,0.625,0.0,1.0,0.43,0.76,True,0.497,49.7,1,False
J0209,C0240,0.6,1.0,1.0,0.0,1.0,0.0,0.793,True,0.64,64.0,2,True
J0209,C0114,0.8,0.875,0.675,0.0,1.0,0.37,0.785,True,0.683,68.3,2,True
J0209,C0521,0.2,1.0,1.0,0.0,1.0,0.0,0.78,False,0.48,48.0,0,False
J0209,C0440,0.2,1.0,0.65,0.2,1.0,0.0,0.99,False,0.448,44.8,1,False
J0209,C0567,0.2,1.0,1.0,0.0,1.0,0.0,0.8,False,0.48,48.0,1,False
J0209,C0013,0.0,0.0,0.475,0.0,0.0,0.0,0.0,False,0.071,7.1,0,False
J0209,C0335,0.2,0.5,0.0,0.0,1.0,0.36,0.92,False,0.266,26.6,0,False
J0209,C0447,0.8,0.625,0.825,0.0,1.0,0.0,0.7,True,0.619,61.9,1,False
J0209,C0069,0.2,0.5,0.0,0.2,1.0,0.0,0.97,False,0.25,25.0,0,False
J0209,C0009,0.2,0.5,0.575,0.0,0.5,0.0,0.76,False,0.291,29.1,0,False
J0209,C0391,0.4,0.5,0.25,0.0,1.0,0.0,0.79,False,0.348,34.8,0,False
J0209,C0169,0.4,1.0,1.0,0.2,1.0,0.0,0.895,False,0.58,58.0,2,True
J0209,C0128,0.6,0.5,0.0,0.0,1.0,0.27,0.82,True,0.417,41.7,0,False
J0210,C0302,1.0,0.567,1.0,0.2,1.0,0.5,0.774,True,0.783,78.3,3,True
J0210,C0412,0.6,0.889,1.0,0.2,1.0,0.95,0.85,True,0.733,73.3,2,True
J0210,C0545,0.6,1.0,1.0,0.2,1.0,0.72,0.863,True,0.732,73.2,3,True
J0210,C0219,0.6,1.0,1.0,0.4,1.0,0.0,0.927,True,0.68,68.0,2,True
J0210,C0262,1.0,0.7,1.0,0.0,1.0,0.437,0.864,True,0.784,78.4,3,True
J0210,C0098,0.8,0.708,1.0,0.2,1.0,0.0,0.682,True,0.682,68.2,2,True
J0210,C0266,0.8,0.917,1.0,0.0,1.0,0.0,0.65,True,0.703,70.3,2,True
J0210,C0388,0.8,0.917,1.0,0.2,1.0,0.0,0.807,True,0.723,72.3,2,True
J0210,C0090,0.2,0.667,1.0,0.2,1.0,0.0,0.99,True,0.433,43.3,0,False
J0210,C0107,0.6,0.611,1.0,0.4,1.0,0.0,0.86,True,0.602,60.2,2,True
J0210,C0125,0.6,0.556,1.0,0.2,1.0,0.0,0.777,True,0.571,57.1,2,True
J0210,C0495,0.4,0.75,1.0,0.0,1.0,0.555,0.92,True,0.566,56.6,1,False
J0210,C0369,0.6,0.389,1.0,0.4,1.0,0.0,0.847,True,0.558,55.8,1,False
J0210,C0521,0.6,1.0,1.0,0.0,1.0,0.0,0.653,True,0.64,64.0,2,True
J0210,C0253,0.6,1.0,1.0,0.2,1.0,0.73,0.903,False,0.733,73.3,3,True
J0210,C0068,0.2,1.0,1.0,0.0,1.0,0.78,0.9,False,0.558,55.8,1,False
J0210,C0152,0.2,0.5,1.0,0.0,1.0,0.16,0.92,False,0.396,39.6,1,False
J0210,C0314,0.0,0.0,1.0,0.0,1.0,0.0,0.0,False,0.2,20.0,0,False
J0210,C0429,0.0,0.0,1.0,0.0,1.0,0.0,0.0,False,0.2,20.0,0,False
J0210,C0385,0.6,0.667,1.0,0.0,1.0,0.4,0.833,False,0.613,61.3,2,True
J0210,C0511,0.8,0.917,1.0,0.2,1.0,0.51,0.847,False,0.774,77.4,3,True
J0210,C0510,0.0,0.0,1.0,0.0,1.0,0.0,0.0,False,0.2,20.0,0,False
J0210,C0199,0.4,1.0,1.0,0.0,1.0,0.8,0.92,False,0.64,64.0,2,True
J0210,C0449,0.0,0.0,1.0,0.0,0.5,0.0,0.0,False,0.175,17.5,0,False
J0211,C0380,0.75,0.611,0.0,0.25,1.0,0.18,0.89,True,0.515,51.5,1,False
J0211,C0534,0.75,0.778,0.967,0.0,1.0,0.0,0.8,True,0.651,65.1,2,True
J0211,C0363,0.25,0.667,0.5,0.25,1.0,0.0,0.99,True,0.383,38.3,0,False
J0211,C0369,0.25,1.0,0.0,0.25,1.0,0.0,0.97,True,0.375,37.5,0,False
J0211,C0386,0.5,0.583,0.0,0.25,1.0,0.56,0.885,True,0.448,44.8,0,False
J0211,C0009,0.75,0.778,0.767,0.25,0.5,0.15,0.823,True,0.636,63.6,2,True
J0211,C0515,0.75,1.0,1.0,0.25,1.0,0.797,0.95,True,0.805,80.5,3,True
J0211,C0007,0.75,0.722,0.0,0.25,1.0,0.0,0.723,True,0.519,51.9,1,False
J0211,C0410,0.5,1.0,0.867,0.5,0.5,0.0,0.98,True,0.605,60.5,2,True
J0211,C0332,0.75,0.611,0.0,0.25,1.0,0.0,0.73,True,0.497,49.7,1,False
J0211,C0192,0.5,1.0,1.0,0.0,1.0,0.0,0.8,True,0.6,60.0,1,False
J0211,C0458,0.25,0.5,0.0,0.0,1.0,0.0,0.78,True,0.25,25.0,0,False
J0211,C0403,0.25,0.333,0.0,0.0,1.0,0.0,0.6,True,0.217,21.7,0,False
J0211,C0107,0.5,0.833,0.0,0.0,1.0,0.0,0.6,True,0.417,41.7,1,False
J0211,C0526,0.0,0.0,0.0,0.0,1.0,0.0,0.0,False,0.05,5.0,0,False
J0211,C0286,0.25,0.5,0.0,0.0,1.0,0.0,0.78,False,0.25,25.0,0,False
J0211,C0575,0.5,1.0,1.0,0.25,1.0,0.0,0.905,True,0.625,62.5,3,True
J0211,C0383,0.0,0.0,0.0,0.0,1.0,0.0,0.0,False,0.05,5.0,0,False
J0211,C0121,0.0,0.0,0.433,0.0,1.0,0.0,0.0,False,0.115,11.5,0,False
J0211,C0378,0.0,0.0,1.0,0.0,1.0,0.0,0.0,False,0.2,20.0,0,False
J0211,C0387,0.0,0.0,1.0,0.0,1.0,0.0,0.0,False,0.2,20.0,0,False
J0211,C0565,0.0,0.0,1.0,0.0,1.0,0.0,0.0,False,0.2,20.0,0,False
J0211,C0106,0.25,1.0,0.0,0.0,1.0,0.52,0.9,False,0.402,40.2,0,False
J0211,C0216,0.0,0.0,0.0,0.0,1.0,0.0,0.0,False,0.05,5.0,0,False
J0211,C0135,0.0,0.0,1.0,0.0,1.0,0.0,0.0,False,0.2,20.0,0,False
J0212,C0096,0.0,0.0,1.0,0.0,1.0,0.0,0.0,True,0.2,20.0,0,False
J0212,C0410,0.667,1.0,1.0,0.667,0.5,0.0,0.98,True,0.708,70.8,3,True
J0212,C0022,0.333,1.0,1.0,0.333,1.0,0.0,0.99,True,0.567,56.7,1,False
J0212,C0594,0.333,1.0,1.0,0.333,0.5,0.0,0.99,True,0.542,54.2,1,False
J0212,C0186,0.667,1.0,1.0,0.333,1.0,0.0,0.885,True,0.7,70.0,3,True
J0212,C0380,0.333,1.0,1.0,0.0,1.0,0.18,0.9,True,0.551,55.1,1,False
J0212,C0229,1.0,0.833,1.0,0.0,1.0,0.0,0.66,True,0.767,76.7,3,True
J0212,C0175,0.667,0.75,1.0,0.333,1.0,0.0,0.785,True,0.65,65.0,2,True
J0212,C0100,1.0,1.0,1.0,0.0,1.0,0.33,0.84,True,0.833,83.3,3,True
J0212,C0412,1.0,1.0,1.0,0.0,1.0,0.0,0.787,True,0.8,80.0,3,True
J0212,C0575,0.0,0.0,1.0,0.0,1.0,0.0,0.0,True,0.2,20.0,0,False
J0212,C0386,0.333,1.0,1.0,0.0,1.0,0.0,0.78,True,0.533,53.3,1,False
J0212,C0545,1.0,1.0,1.0,0.0,1.0,0.78,0.847,True,0.878,87.8,3,True
J0212,C0009,0.667,1.0,1.0,0.0,0.5,0.0,0.69,True,0.642,64.2,1,False
J0212,C0193,0.0,0.0,1.0,0.0,1.0,0.0,0.0,False,0.2,20.0,0,False
J0212,C0157,0.0,0.0,1.0,0.0,1.0,0.0,0.0,False,0.2,20.0,0,False
J0212,C0343,0.333,1.0,1.0,0.0,1.0,0.5,0.92,False,0.583,58.3,1,False
J0212,C0219,1.0,1.0,1.0,0.667,1.0,0.0,0.927,True,0.867,86.7,3,True
J0212,C0431,0.0,0.0,1.0,0.0,1.0,0.0,0.0,False,0.2,20.0,0,False
J0212,C0111,0.0,0.0,1.0,0.0,1.0,0.0,0.0,False,0.2,20.0,0,False
J0212,C0320,0.0,0.0,1.0,0.0,1.0,0.0,0.0,False,0.2,20.0,0,False
J0212,C0286,0.333,1.0,1.0,0.0,1.0,0.0,0.78,False,0.533,53.3,1,False
J0212,C0228,0.0,0.0,1.0,0.0,1.0,0.0,0.0,False,0.2,20.0,0,False
J0212,C0536,0.0,0.0,1.0,0.0,1.0,0.0,0.0,False,0.2,20.0,0,False
J0213,C0295,0.8,0.917,0.8,0.0,1.0,0.0,0.65,True,0.673,67.3,2,True
J0213,C0037,1.0,0.9,0.6,0.2,1.0,0.75,0.818,True,0.815,81.5,3,True
J0213,C0261,0.0,0.0,1.0,0.0,1.0,0.0,0.0,True,0.2,20.0,0,False
J0213,C0401,0.4,0.75,0.5,0.0,1.0,0.27,0.84,True,0.462,46.2,0,False
J0213,C0434,0.6,1.0,1.0,0.0,1.0,0.0,0.66,True,0.64,64.0,2,True
J0213,C0281,0.8,0.792,1.0,0.0,1.0,0.0,0.75,True,0.678,67.8,3,True
J0213,C0527,0.4,0.75,0.6,0.0,1.0,0.0,0.5,True,0.45,45.0,1,False
J0213,C0158,0.6,0.889,0.9,0.0,1.0,0.42,0.833,True,0.645,64.5,2,True
J0213,C0367,0.8,0.792,0.0,0.2,1.0,0.0,0.693,True,0.548,54.8,1,False
J0213,C0373,0.8,0.917,1.0,0.2,1.0,0.94,0.798,True,0.817,81.7,3,True
J0213,C0409,0.8,0.917,1.0,0.0,1.0,0.0,0.7,True,0.703,70.3,2,True
J0213,C0180,1.0,0.833,0.95,0.6,1.0,0.0,0.902,True,0.819,81.9,3,True
J0213,C0225,0.4,0.75,0.6,0.2,1.0,0.19,0.795,True,0.489,48.9,0,False
J0213,C0032,0.4,1.0,1.0,0.0,1.0,0.0,0.7,True,0.56,56.0,1,False
J0213,C0420,0.2,1.0,1.0,0.0,1.0,0.0,0.6,False,0.48,48.0,1,False
J0213,C0429,0.2,1.0,0.75,0.2,1.0,0.0,0.99,False,0.462,46.2,0,False
J0213,C0361,0.0,0.0,0.95,0.0,0.0,0.0,0.0,False,0.142,14.2,0,False
J0213,C0058,0.2,1.0,1.0,0.0,1.0,0.97,0.9,False,0.577,57.7,1,False
J0213,C0294,0.0,0.0,0.9,0.0,0.5,0.0,0.0,False,0.16,16.0,0,False
J0213,C0445,0.2,1.0,1.0,0.0,1.0,0.77,0.9,False,0.557,55.7,1,False
J0213,C0252,0.2,0.5,0.0,0.0,1.0,0.13,0.9,False,0.243,24.3,0,False
J0213,C0179,0.2,0.5,0.65,0.0,1.0,0.27,0.92,False,0.355,35.4,0,False
J0213,C0543,0.4,1.0,1.0,0.2,1.0,0.0,0.795,False,0.58,58.0,2,True
J0214,C0164,0.667,0.5,0.0,0.667,1.0,0.28,0.99,True,0.511,51.1,1,False
J0214,C0202,0.0,0.0,1.0,0.0,0.5,0.0,0.0,True,0.175,17.5,0,False
J0214,C0150,0.333,0.5,0.0,0.0,0.5,0.0,0.6,True,0.258,25.8,0,False
J0214,C0359,0.667,0.75,1.0,0.0,1.0,0.0,0.69,True,0.617,61.7,1,False
J0214,C0366,0.667,1.0,1.0,0.0,1.0,0.785,0.91,True,0.745,74.5,3,True
J0214,C0470,1.0,1.0,1.0,0.0,1.0,0.0,0.8,True,0.8,80.0,3,True
J0214,C0048,1.0,0.5,0.0,0.0,1.0,0.0,0.66,True,0.55,55.0,1,False
J0214,C0493,0.333,0.5,0.0,0.333,1.0,0.0,0.97,True,0.317,31.7,0,False
J0214,C0325,0.667,1.0,1.0,0.333,1.0,0.0,0.795,True,0.7,70.0,3,True
J0214,C0353,0.333,1.0,0.7,0.0,0.5,0.0,0.82,True,0.463,46.3,1,False
J0214,C0174,0.667,0.5,1.0,0.0,1.0,0.0,0.8,True,0.567,56.7,1,False
J0214,C0077,1.0,0.5,0.0,0.0,1.0,0.0,0.72,True,0.55,55.0,1,False
J0214,C0304,0.333,1.0,1.0,0.333,0.5,0.0,0.97,True,0.542,54.2,1,False
J0214,C0134,1.0,1.0,1.0,0.0,1.0,0.0,0.673,True,0.8,80.0,3,True
J0214,C0498,0.0,0.0,0.0,0.0,1.0,0.0,0.0,False,0.05,5.0,0,False
J0214,C0101,0.333,1.0,1.0,0.0,1.0,0.0,0.6,False,0.533,53.3,1,False
J0214,C0455,0.0,0.0,0.0,0.0,1.0,0.0,0.0,False,0.05,5.0,0,False
J0214,C0453,0.0,0.0,1.0,0.0,1.0,0.0,0.0,False,0.2,20.0,0,False
J0214,C0423,0.0,0.0,1.0,0.0,1.0,0.0,0.0,False,0.2,20.0,0,False
J0214,C0465,0.0,0.0,0.0,0.0,1.0,0.0,0.0,False,0.05,5.0,0,False
J0214,C0295,0.0,0.0,1.0,0.0,1.0,0.0,0.0,False,0.2,20.0,0,False
J0214,C0444,0.0,0.0,0.0,0.0,1.0,0.0,0.0,False,0.05,5.0,0,False
J0214,C0400,0.333,1.0,1.0,0.333,1.0,0.0,0.97,True,0.567,56.7,2,True
J0214,C0173,0.0,0.0,0.0,0.0,1.0,0.0,0.0,False,0.05,5.0,0,False
J0214,C0040,0.0,0.0,1.0,0.0,0.5,0.0,0.0,False,0.175,17.5,0,False
J0215,C0166,0.333,1.0,1.0,0.333,1.0,0.0,0.97,True,0.567,56.7,1,False
J0215,C0160,0.333,1.0,1.0,0.0,1.0,0.0,0.6,True,0.533,53.3,1,False
J0215,C0210,0.667,0.667,1.0,0.333,1.0,0.0,0.685,True,0.633,63.3,2,True
J0215,C0346,0.333,1.0,1.0,0.333,1.0,0.0,0.97,True,0.567,56.7,1,False
J0215,C0592,1.0,0.556,1.0,0.333,1.0,0.0,0.857,True,0.744,74.4,3,True
J0215,C0019,0.0,0.0,1.0,0.0,0.5,0.0,0.0,True,0.175,17.5,0,False
J0215,C0275,0.0,0.0,1.0,0.0,1.0,0.0,0.0,True,0.2,20.0,0,False
J0215,C0142,0.0,0.0,1.0,0.0,1.0,0.0,0.0,True,0.2,20.0,0,False
J0215,C0143,0.333,1.0,1.0,0.0,1.0,0.71,0.9,True,0.604,60.4,1,False
J0215,C0560,1.0,0.778,1.0,0.333,1.0,0.0,0.723,True,0.789,78.9,3,True
J0215,C0310,0.333,1.0,1.0,0.0,1.0,0.0,0.78,True,0.533,53.3,1,False
J0215,C0250,0.667,0.833,1.0,0.333,1.0,0.455,0.955,True,0.712,71.2,2,True
J0215,C0260,0.0,0.0,1.0,0.0,1.0,0.0,0.0,True,0.2,20.0,0,False
J0215,C0287,0.333,0.667,1.0,0.0,0.5,0.0,0.6,True,0.442,44.2,0,False
J0215,C0379,0.667,0.833,1.0,0.0,1.0,0.0,0.69,False,0.633,63.3,1,False
J0215,C0357,0.333,1.0,1.0,0.0,1.0,0.97,0.9,False,0.63,63.0,1,False
J0215,C0051,0.0,0.0,1.0,0.0,1.0,0.0,0.0,False,0.2,20.0,0,False
J0215,C0052,0.0,0.0,1.0,0.0,1.0,0.0,0.0,False,0.2,20.0,0,False
J0215,C0262,0.333,0.667,1.0,0.0,1.0,0.69,0.94,False,0.536,53.6,1,False
J0215,C0488,0.0,0.0,1.0,0.0,1.0,0.0,0.0,False,0.2,20.0,0,False
J0215,C0423,0.333,0.667,1.0,0.333,1.0,0.0,0.99,False,0.5,50.0,1,False
J0215,C0156,0.0,0.0,1.0,0.0,1.0,0.0,0.0,False,0.2,20.0,0,False
J0215,C0419,0.0,0.0,1.0,0.0,1.0,0.0,0.0,False,0.2,20.0,0,False
J0215,C0137,0.333,1.0,1.0,0.0,1.0,0.0,0.6,True,0.533,53.3,1,False
J0215,C0374,0.667,0.667,1.0,0.667,1.0,0.0,0.98,False,0.667,66.7,2,True
J0216,C0290,0.25,1.0,1.0,0.25,0.5,0.18,0.99,True,0.518,51.8,1,False
J0216,C0349,0.75,1.0,1.0,0.0,0.5,0.0,0.733,True,0.675,67.5,2,True
J0216,C0576,0.5,1.0,1.0,0.25,0.5,0.52,0.795,True,0.652,65.2,2,True
J0216,C0389,0.75,0.833,1.0,0.0,0.5,0.0,0.713,True,0.642,64.2,1,False
J0216,C0327,0.5,1.0,1.0,0.0,0.5,0.0,0.79,True,0.575,57.5,1,False
J0216,C0262,0.75,0.833,1.0,0.0,0.5,0.38,0.873,True,0.68,68.0,2,True
J0216,C0036,0.5,1.0,1.0,0.5,0.5,0.59,0.99,True,0.684,68.4,2,True
J0216,C0393,0.5,1.0,1.0,0.25,1.0,0.54,0.795,True,0.679,67.9,2,True
J0216,C0239,0.75,1.0,1.0,0.25,0.5,0.0,0.723,True,0.7,70.0,2,True
J0216,C0403,0.5,0.75,1.0,0.5,0.5,0.0,0.97,True,0.575,57.5,1,False
J0216,C0369,0.5,0.5,1.0,0.25,0.5,0.0,0.785,True,0.5,50.0,0,False
J0216,C0090,0.5,1.0,1.0,0.5,0.5,0.76,0.99,True,0.701,70.1,2,True
J0216,C0380,0.5,0.75,1.0,0.25,0.5,0.0,0.785,True,0.55,55.0,1,False
J0216,C0244,0.75,0.667,1.0,0.0,0.5,0.13,0.7,True,0.621,62.1,1,False
J0216,C0575,0.0,0.0,1.0,0.0,0.5,0.0,0.0,True,0.175,17.5,0,False
J0216,C0571,0.0,0.0,1.0,0.0,0.5,0.0,0.0,False,0.175,17.5,0,False
J0216,C0079,0.0,0.0,1.0,0.0,0.0,0.0,0.0,False,0.15,15.0,0,False
J0216,C0578,0.0,0.0,1.0,0.0,0.5,0.0,0.0,False,0.175,17.5,0,False
J0216,C0145,0.0,0.0,1.0,0.0,0.5,0.0,0.0,False,0.175,17.5,0,False
J0216,C0558,0.0,0.0,1.0,0.0,0.5,0.0,0.0,False,0.175,17.5,0,False
J0216,C0069,0.0,0.0,1.0,0.0,0.5,0.0,0.0,False,0.175,17.5,0,False
J0216,C0004,0.0,0.0,1.0,0.0,0.5,0.0,0.0,False,0.175,17.5,0,False
J0216,C0519,0.75,0.833,1.0,0.5,0.5,0.48,0.96,True,0.74,74.0,3,True
J0216,C0461,0.0,0.0,1.0,0.0,0.5,0.0,0.0,False,0.175,17.5,0,False
J0216,C0110,0.0,0.0,1.0,0.0,0.5,0.0,0.0,False,0.175,17.5,0,False
J0217,C0497,0.0,0.0,0.0,0.0,1.0,0.0,0.0,True,0.05,5.0,0,False
J0217,C0406,0.0,0.0,0.0,0.0,1.0,0.0,0.0,True,0.05,5.0,0,False
J0217,C0556,0.75,0.444,0.833,0.0,1.0,0.0,0.667,True,0.564,56.4,1,False
J0217,C0103,0.25,0.5,0.0,0.0,0.5,0.0,0.78,True,0.225,22.5,0,False
J0217,C0088,0.5,1.0,0.767,0.5,1.0,0.0,0.98,True,0.615,61.5,1,False
J0217,C0362,0.75,1.0,1.0,0.0,1.0,0.0,0.593,True,0.7,70.0,3,True
J0217,C0573,1.0,0.75,0.233,0.0,1.0,0.6,0.775,True,0.695,69.5,2,True
J0217,C0339,0.0,0.0,0.5,0.0,1.0,0.0,0.0,True,0.125,12.5,0,False
J0217,C0390,0.25,1.0,0.967,0.0,1.0,0.83,0.9,True,0.578,57.8,1,False
J0217,C0016,0.75,0.5,0.0,0.0,1.0,0.325,0.867,True,0.483,48.3,1,False
J0217,C0055,0.25,0.333,0.0,0.0,1.0,0.0,0.78,True,0.217,21.7,0,False
J0217,C0577,0.25,1.0,0.5,0.25,0.5,0.0,0.99,True,0.425,42.5,0,False
J0217,C0448,1.0,0.542,0.0,0.5,1.0,0.0,0.83,True,0.608,60.8,2,True
J0217,C0167,0.5,1.0,1.0,0.0,1.0,0.0,0.7,True,0.6,60.0,1,False
J0217,C0234,0.25,0.333,0.6,0.0,1.0,0.4,0.92,False,0.347,34.7,0,False
J0217,C0287,0.25,0.333,0.0,0.25,0.5,0.38,0.99,False,0.255,25.5,0,False
J0217,C0485,0.0,0.0,0.0,0.0,0.0,0.0,0.0,False,0.0,0.0,0,False
J0217,C0109,0.75,0.778,0.0,0.25,1.0,0.76,0.77,False,0.607,60.7,1,False
J0217,C0281,0.25,1.0,0.867,0.0,1.0,0.0,0.6,False,0.48,48.0,1,False
J0217,C0117,0.0,0.0,0.0,0.0,1.0,0.0,0.0,False,0.05,5.0,0,False
J0217,C0084,0.25,1.0,1.0,0.0,1.0,0.0,0.82,False,0.5,50.0,1,False
J0217,C0240,0.25,1.0,1.0,0.0,1.0,0.0,0.78,False,0.5,50.0,0,False
J0217,C0405,0.0,0.0,0.0,0.0,0.5,0.0,0.0,False,0.025,2.5,0,False
J0217,C0249,0.0,0.0,0.8,0.0,0.0,0.0,0.0,False,0.12,12.0,0,False
J0217,C0082,0.5,1.0,1.0,0.25,1.0,0.77,0.945,False,0.702,70.2,2,True
J0218,C0537,0.75,1.0,1.0,0.25,1.0,0.0,0.87,True,0.725,72.5,3,True
J0218,C0501,0.75,0.667,1.0,0.5,1.0,0.0,0.927,True,0.683,68.3,2,True
J0218,C0483,0.5,0.75,1.0,0.5,1.0,0.82,0.99,True,0.682,68.2,2,True
J0218,C0231,0.5,1.0,1.0,0.5,1.0,0.0,0.98,True,0.65,65.0,2,True
J0218,C0506,0.5,1.0,1.0,0.0,1.0,0.795,0.92,True,0.68,68.0,2,True
J0218,C0478,1.0,1.0,1.0,0.25,1.0,0.93,0.823,True,0.918,91.8,3,True
J0218,C0248,0.5,0.75,1.0,0.0,1.0,0.0,0.6,True,0.55,55.0,1,False
J0218,C0006,0.5,1.0,1.0,0.0,1.0,0.905,0.92,True,0.691,69.1,2,True
J0218,C0115,0.75,0.833,1.0,0.0,0.5,0.55,0.873,True,0.697,69.7,2,True
J0218,C0351,0.5,1.0,1.0,0.0,1.0,0.0,0.79,True,0.6,60.0,2,True
J0218,C0188,0.75,1.0,1.0,0.0,1.0,0.65,0.873,True,0.765,76.5,3,True
J0218,C0599,1.0,0.75,1.0,0.0,1.0,0.0,0.645,True,0.75,75.0,2,True
J0218,C0341,0.75,1.0,1.0,0.25,1.0,0.87,0.837,True,0.812,81.2,3,True
J0218,C0374,0.5,0.75,1.0,0.5,1.0,0.0,0.97,True,0.6,60.0,2,True
J0218,C0283,0.0,0.0,1.0,0.0,1.0,0.0,0.0,False,0.2,20.0,0,False
J0218,C0128,0.0,0.0,1.0,0.0,1.0,0.0,0.0,False,0.2,20.0,0,False
J0218,C0470,0.0,0.0,1.0,0.0,1.0,0.0,0.0,False,0.2,20.0,0,False
J0218,C0017,0.0,0.0,1.0,0.0,1.0,0.0,0.0,False,0.2,20.0,0,False
J0218,C0552,0.0,0.0,1.0,0.0,1.0,0.0,0.0,False,0.2,20.0,0,False
J0218,C0494,0.0,0.0,1.0,0.0,1.0,0.0,0.0,False,0.2,20.0,0,False
J0218,C0064,1.0,1.0,1.0,0.25,1.0,0.95,0.882,True,0.92,92.0,3,True
J0218,C0071,0.25,1.0,1.0,0.0,1.0,0.0,0.6,False,0.5,50.0,1,False
J0218,C0266,0.0,0.0,1.0,0.0,1.0,0.0,0.0,False,0.2,20.0,0,False
J0218,C0375,0.0,0.0,1.0,0.0,1.0,0.0,0.0,False,0.2,20.0,0,False
J0218,C0009,0.25,0.5,1.0,0.0,0.5,0.0,0.76,False,0.375,37.5,0,False
J0219,C0413,0.4,0.833,1.0,0.0,1.0,0.45,0.87,True,0.572,57.2,1,False
J0219,C0382,0.8,0.75,1.0,0.0,1.0,0.3,0.825,True,0.7,70.0,3,True
J0219,C0014,0.2,0.667,0.0,0.0,1.0,0.64,0.92,True,0.327,32.7,0,False
J0219,C0252,0.6,0.611,0.0,0.2,1.0,0.415,0.937,True,0.474,47.4,1,False
J0219,C0406,0.4,0.333,0.0,0.2,1.0,0.2,0.795,True,0.317,31.7,0,False
J0219,C0323,0.8,0.917,1.0,0.2,0.5,0.0,0.852,True,0.698,69.8,3,True
J0219,C0452,0.4,0.833,0.0,0.0,1.0,0.0,0.59,True,0.377,37.7,0,False
J0219,C0350,0.6,0.889,1.0,0.4,1.0,0.0,0.86,True,0.658,65.8,2,True
J0219,C0384,0.6,1.0,1.0,0.0,1.0,0.75,0.887,True,0.715,71.5,2,True
J0219,C0549,0.6,1.0,1.0,0.0,1.0,0.68,0.8,True,0.708,70.8,2,True
J0219,C0448,0.8,0.542,0.0,0.2,1.0,0.0,0.782,True,0.498,49.8,1,False
J0219,C0056,0.0,0.0,1.0,0.0,1.0,0.0,0.0,True,0.2,20.0,0,False
J0219,C0127,0.4,0.75,0.0,0.4,1.0,0.19,0.98,True,0.419,41.9,0,False
J0219,C0362,0.8,1.0,1.0,0.0,1.0,0.0,0.69,True,0.72,72.0,2,True
J0219,C0447,0.2,1.0,1.0,0.0,1.0,0.0,0.8,False,0.48,48.0,1,False
J0219,C0261,0.2,1.0,1.0,0.0,1.0,0.0,0.82,False,0.48,48.0,1,False
J0219,C0070,0.2,1.0,1.0,0.0,1.0,0.0,0.82,False,0.48,48.0,1,False
J0219,C0336,0.2,1.0,0.8,0.2,1.0,0.75,0.99,False,0.545,54.5,1,False
J0219,C0368,0.0,0.0,0.0,0.0,0.0,0.0,0.0,False,0.0,0.0,0,False
J0219,C0469,0.2,1.0,0.95,0.0,1.0,0.0,0.6,False,0.472,47.2,1,False
J0219,C0016,0.6,0.556,0.0,0.0,1.0,0.38,0.76,True,0.439,43.9,0,False
J0219,C0072,0.8,0.5,0.0,0.4,1.0,0.17,0.95,True,0.527,52.7,1,False
J0219,C0053,0.2,1.0,1.0,0.0,1.0,0.0,0.78,False,0.48,48.0,1,False
J0220,C0448,1.0,0.667,1.0,0.667,1.0,0.0,0.913,True,0.8,80.0,2,True
J0220,C0573,0.667,0.75,1.0,0.0,1.0,0.0,0.79,True,0.617,61.7,1,False
J0220,C0245,0.0,0.0,1.0,0.0,1.0,0.0,0.0,True,0.2,20.0,0,False
J0220,C0362,0.333,1.0,1.0,0.0,1.0,0.0,0.78,True,0.533,53.3,0,False
J0220,C0049,0.667,0.75,1.0,0.333,1.0,0.0,0.875,True,0.65,65.0,2,True
J0220,C0450,0.0,0.0,1.0,0.0,0.5,0.0,0.0,True,0.175,17.5,0,False
J0220,C0236,1.0,0.833,1.0,0.0,1.0,0.58,0.767,True,0.825,82.5,3,True
J0220,C0148,1.0,0.667,1.0,0.0,1.0,0.0,0.66,True,0.733,73.3,3,True
J0220,C0550,0.333,1.0,1.0,0.0,1.0,0.0,0.6,True,0.533,53.3,1,False
J0220,C0020,0.333,0.5,1.0,0.0,1.0,0.16,0.9,True,0.449,44.9,0,False
J0220,C0097,1.0,1.0,1.0,0.0,1.0,0.0,0.807,True,0.8,80.0,3,True
J0220,C0377,0.0,0.0,1.0,0.0,1.0,0.0,0.0,True,0.2,20.0,0,False
J0220,C0016,0.0,0.0,1.0,0.0,1.0,0.0,0.0,True,0.2,20.0,0,False
J0220,C0406,0.333,0.5,1.0,0.333,1.0,0.2,0.99,True,0.487,48.7,1,False
J0220,C0013,0.0,0.0,1.0,0.0,0.0,0.0,0.0,False,0.15,15.0,0,False
J0220,C0339,0.667,1.0,1.0,0.0,1.0,0.0,0.81,True,0.667,66.7,2,True
J0220,C0410,0.0,0.0,1.0,0.0,0.5,0.0,0.0,False,0.175,17.5,0,False
J0220,C0211,0.0,0.0,1.0,0.0,1.0,0.0,0.0,False,0.2,20.0,0,False
J0220,C0577,0.667,0.5,1.0,0.333,0.5,0.305,0.955,True,0.606,60.6,1,False
J0220,C0305,0.0,0.0,1.0,0.0,1.0,0.0,0.0,False,0.2,20.0,0,False
J0220,C0269,0.333,0.5,1.0,0.333,1.0,0.0,0.97,False,0.467,46.7,1,False
J0220,C0340,0.0,0.0,1.0,0.0,1.0,0.0,0.0,False,0.2,20.0,0,False
J0220,C0228,0.333,1.0,1.0,0.333,1.0,0.0,0.97,False,0.567,56.7,1,False
J0220,C0154,0.333,1.0,1.0,0.333,1.0,0.0,0.99,False,0.567,56.7,1,False
J0220,C0162,0.0,0.0,1.0,0.0,1.0,0.0,0.0,False,0.2,20.0,0,False
J0221,C0519,0.667,0.5,1.0,0.333,1.0,0.48,0.945,True,0.648,64.8,2,True
J0221,C0033,0.333,0.667,1.0,0.333,1.0,0.0,0.97,True,0.5,50.0,1,False
J0221,C0327,0.333,1.0,1.0,0.0,1.0,0.0,0.78,True,0.533,53.3,1,False
J0221,C0529,0.667,0.833,1.0,0.0,1.0,0.0,0.7,True,0.633,63.3,1,False
J0221,C0410,0.333,1.0,1.0,0.333,0.5,0.0,0.97,True,0.542,54.2,1,False
J0221,C0349,0.667,1.0,1.0,0.0,1.0,0.0,0.7,True,0.667,66.7,2,True
J0221,C0162,0.0,0.0,1.0,0.0,1.0,0.0,0.0,True,0.2,20.0,0,False
J0221,C0532,0.667,1.0,1.0,0.333,1.0,0.82,0.895,True,0.782,78.2,3,True
J0221,C0593,0.667,0.333,1.0,0.0,1.0,0.165,0.91,True,0.55,55.0,1,False
J0221,C0219,1.0,1.0,1.0,0.333,1.0,0.0,0.863,True,0.833,83.3,3,True
J0221,C0534,0.0,0.0,1.0,0.0,1.0,0.0,0.0,True,0.2,20.0,0,False
J0221,C0403,0.333,0.333,1.0,0.333,1.0,0.0,0.95,True,0.433,43.3,0,False
J0221,C0244,0.667,0.667,1.0,0.0,1.0,0.0,0.59,True,0.6,60.0,2,True
J0221,C0262,0.667,0.833,1.0,0.0,1.0,0.13,0.85,True,0.646,64.6,1,False
J0221,C0097,0.0,0.0,1.0,0.0,1.0,0.0,0.0,False,0.2,20.0,0,False
J0221,C0501,0.0,0.0,1.0,0.0,1.0,0.0,0.0,False,0.2,20.0,0,False
J0221,C0372,0.0,0.0,1.0,0.0,1.0,0.0,0.0,False,0.2,20.0,0,False
J0221,C0584,0.0,0.0,1.0,0.0,1.0,0.0,0.0,False,0.2,20.0,0,False
J0221,C0441,0.0,0.0,1.0,0.0,1.0,0.0,0.0,False,0.2,20.0,0,False
J0221,C0193,0.0,0.0,1.0,0.0,1.0,0.0,0.0,False,0.2,20.0,0,False
J0221,C0088,0.0,0.0,1.0,0.0,1.0,0.0,0.0,False,0.2,20.0,0,False
J0221,C0211,0.667,0.333,1.0,0.0,1.0,0.0,0.6,True,0.533,53.3,1,False
J0221,C0420,0.0,0.0,1.0,0.0,1.0,0.0,0.0,False,0.2,20.0,0,False
J0221,C0282,0.0,0.0,1.0,0.0,0.5,0.0,0.0,False,0.175,17.5,0,False
J0221,C0206,0.0,0.0,1.0,0.0,1.0,0.0,0.0,False,0.2,20.0,0,False
J0222,C0578,0.25,0.5,0.0,0.0,1.0,0.0,0.4,True,0.25,25.0,0,False
J0222,C0528,0.5,0.5,0.0,0.25,1.0,0.0,0.875,True,0.375,37.5,0,False
J0222,C0469,0.25,1.0,0.38,0.0,1.0,0.0,0.6,True,0.407,40.7,0,False
J0222,C0328,0.5,0.417,0.0,0.0,1.0,0.19,0.75,True,0.352,35.2,0,False
J0222,C0590,0.25,1.0,1.0,0.25,1.0,0.98,0.99,True,0.623,62.3,2,True
J0222,C0133,1.0,0.375,0.0,0.5,1.0,0.27,0.915,True,0.602,60.2,2,True
J0222,C0076,0.25,0.333,0.0,0.25,1.0,0.38,0.99,True,0.28,28.0,0,False
J0222,C0502,0.75,0.556,0.0,0.25,1.0,0.0,0.783,True,0.486,48.6,1,False
J0222,C0488,0.5,0.5,0.0,0.0,1.0,0.0,0.69,True,0.35,35.0,0,False
J0222,C0417,1.0,0.583,0.4,0.0,1.0,0.17,0.835,True,0.644,64.4,3,True
J0222,C0309,1.0,0.833,0.38,0.25,1.0,0.0,0.752,True,0.699,69.9,2,True
J0222,C0218,0.75,0.5,0.0,0.0,1.0,0.19,0.82,True,0.469,46.9,0,False
J0222,C0040,0.25,1.0,0.66,0.0,1.0,0.0,0.6,True,0.449,44.9,1,False
J0222,C0135,0.25,1.0,0.74,0.25,1.0,0.0,0.99,True,0.486,48.6,1,False
J0222,C0237,0.75,0.889,0.8,0.0,1.0,0.0,0.807,True,0.648,64.8,1,False
J0222,C0150,0.25,0.667,0.0,0.0,1.0,0.0,0.6,False,0.283,28.3,0,False
J0222,C0479,0.25,1.0,1.0,0.0,1.0,0.88,0.9,False,0.588,58.8,1,False
J0222,C0129,0.25,1.0,0.56,0.0,1.0,0.97,0.92,False,0.531,53.1,1,False
J0222,C0452,0.0,0.0,0.0,0.0,1.0,0.0,0.0,False,0.05,5.0,0,False
J0222,C0384,0.25,0.667,1.0,0.0,1.0,0.69,0.94,False,0.502,50.2,0,False
J0222,C0068,0.0,0.0,0.84,0.0,1.0,0.0,0.0,False,0.176,17.6,0,False
J0222,C0291,0.0,0.0,0.86,0.0,1.0,0.0,0.0,False,0.179,17.9,0,False
J0222,C0151,0.0,0.0,1.0,0.0,0.5,0.0,0.0,False,0.175,17.5,0,False
J0222,C0098,0.25,0.667,0.0,0.25,1.0,0.0,0.95,False,0.308,30.8,0,False
J0222,C0261,0.0,0.0,0.42,0.0,1.0,0.0,0.0,False,0.113,11.3,0,False
J0223,C0350,0.667,1.0,1.0,0.0,1.0,0.86,0.76,True,0.753,75.3,3,True
J0223,C0252,0.667,0.417,1.0,0.333,1.0,0.0,0.885,True,0.583,58.3,1,False
J0223,C0437,0.667,1.0,1.0,0.0,0.5,0.0,0.69,True,0.642,64.2,1,False
J0223,C0547,0.667,0.75,1.0,0.0,1.0,0.505,0.92,True,0.667,66.7,1,False
J0223,C0046,0.667,0.667,1.0,0.0,1.0,0.0,0.69,True,0.6,60.0,1,False
J0223,C0420,0.333,1.0,1.0,0.333,1.0,0.85,0.99,True,0.652,65.2,2,True
J0223,C0411,0.333,0.333,1.0,0.0,1.0,0.0,0.6,True,0.4,40.0,1,False
J0223,C0377,0.333,1.0,1.0,0.333,1.0,0.4,0.99,True,0.607,60.7,2,True
J0223,C0362,0.333,1.0,1.0,0.0,1.0,0.0,0.4,True,0.533,53.3,1,False
J0223,C0101,1.0,0.889,1.0,0.0,1.0,0.0,0.733,True,0.778,77.8,2,True
J0223,C0016,0.667,0.75,1.0,0.333,1.0,0.24,0.885,True,0.674,67.4,2,True
J0223,C0236,0.667,0.667,1.0,0.0,1.0,0.0,0.78,True,0.6,60.0,1,False
J0223,C0141,0.333,1.0,1.0,0.0,1.0,0.0,0.82,True,0.533,53.3,1,False
J0223,C0056,0.0,0.0,1.0,0.0,1.0,0.0,0.0,True,0.2,20.0,0,False
J0223,C0038,0.0,0.0,1.0,0.0,1.0,0.0,0.0,False,0.2,20.0,0,False
J0223,C0460,0.0,0.0,1.0,0.0,1.0,0.0,0.0,False,0.2,20.0,0,False
J0223,C0390,0.333,0.333,1.0,0.0,1.0,0.0,0.78,True,0.4,40.0,0,False
J0223,C0444,0.0,0.0,1.0,0.0,1.0,0.0,0.0,False,0.2,20.0,0,False
J0223,C0589,0.0,0.0,1.0,0.0,0.5,0.0,0.0,False,0.175,17.5,0,False
J0223,C0276,0.0,0.0,1.0,0.0,0.5,0.0,0.0,False,0.175,17.5,0,False
J0223,C0138,0.0,0.0,1.0,0.0,1.0,0.0,0.0,False,0.2,20.0,0,False
J0223,C0075,0.0,0.0,1.0,0.0,1.0,0.0,0.0,False,0.2,20.0,0,False
J0223,C0457,0.0,0.0,1.0,0.0,1.0,0.0,0.0,False,0.2,20.0,0,False
J0223,C0031,0.0,0.0,1.0,0.0,1.0,0.0,0.0,False,0.2,20.0,0,False
J0223,C0012,0.0,0.0,1.0,0.0,1.0,0.0,0.0,False,0.2,20.0,0,False
J0224,C0053,1.0,1.0,1.0,0.333,0.5,0.0,0.857,True,0.808,80.8,3,True
J0224,C0592,0.667,1.0,1.0,0.333,1.0,0.0,0.785,True,0.7,70.0,2,True
J0224,C0479,0.667,1.0,1.0,0.0,1.0,0.81,0.76,True,0.748,74.8,3,True
J0224,C0260,1.0,1.0,1.0,0.0,0.5,0.0,0.727,True,0.775,77.5,2,True
J0224,C0583,0.667,0.75,1.0,0.333,0.5,0.0,0.785,True,0.625,62.5,1,False
J0224,C0259,1.0,1.0,1.0,0.0,0.5,0.21,0.573,True,0.796,79.6,3,True
J0224,C0510,0.667,0.75,1.0,0.0,0.5,0.0,0.69,True,0.592,59.2,1,False
J0224,C0275,0.667,1.0,1.0,0.667,0.5,0.0,0.97,True,0.708,70.8,2,True
J0224,C0143,0.333,0.5,1.0,0.0,1.0,0.0,0.6,True,0.433,43.3,0,False
J0224,C0233,0.0,0.0,1.0,0.0,0.5,0.0,0.0,True,0.175,17.5,0,False
J0224,C0360,0.667,0.75,1.0,0.0,0.5,0.0,0.69,True,0.592,59.2,1,False
J0224,C0472,1.0,0.833,1.0,0.0,0.0,0.0,0.66,True,0.717,71.7,2,True
J0224,C0499,0.333,1.0,1.0,0.0,0.5,0.63,0.92,True,0.571,57.1,1,False
J0224,C0161,0.667,0.75,1.0,0.333,0.5,0.225,0.945,True,0.648,64.8,2,True
J0224,C0462,0.0,0.0,1.0,0.0,0.0,0.0,0.0,False,0.15,15.0,0,False
J0224,C0575,0.0,0.0,1.0,0.0,0.5,0.0,0.0,False,0.175,17.5,0,False
J0224,C0407,0.333,0.5,1.0,0.0,0.5,0.0,0.6,False,0.408,40.8,1,False
J0224,C0167,0.333,1.0,1.0,0.0,0.5,0.0,0.6,False,0.508,50.8,1,False
J0224,C0065,0.0,0.0,1.0,0.0,0.5,0.0,0.0,False,0.175,17.5,0,False
J0224,C0519,0.0,0.0,1.0,0.0,0.5,0.0,0.0,False,0.175,17.5,0,False
J0224,C0025,0.333,1.0,1.0,0.333,0.5,0.0,0.97,True,0.542,54.2,2,True
J0224,C0542,0.333,0.5,1.0,0.0,0.5,0.0,0.78,False,0.408,40.8,0,False
J0224,C0112,0.0,0.0,1.0,0.0,1.0,0.0,0.0,False,0.2,20.0,0,False
J0224,C0419,0.333,1.0,1.0,0.0,0.5,0.0,0.6,False,0.508,50.8,1,False
J0224,C0245,0.333,0.5,1.0,0.333,0.5,0.0,0.97,False,0.442,44.2,1,False
J0225,C0479,0.75,1.0,1.0,0.0,1.0,0.81,0.833,True,0.781,78.1,3,True
J0225,C0012,0.5,1.0,0.875,0.5,1.0,0.0,0.98,True,0.631,63.1,1,False
J0225,C0080,0.5,0.833,0.375,0.0,1.0,0.96,0.87,True,0.569,56.9,1,False
J0225,C0003,1.0,0.5,0.0,0.25,1.0,0.2,0.743,True,0.595,59.5,1,False
J0225,C0275,0.5,0.417,0.0,0.5,1.0,0.0,0.96,True,0.383,38.3,0,False
J0225,C0418,0.25,0.333,0.375,0.0,1.0,0.0,0.6,True,0.273,27.3,0,False
J0225,C0210,1.0,0.542,0.0,0.25,1.0,0.0,0.732,True,0.583,58.3,1,False
J0225,C0071,0.5,0.667,0.425,0.0,1.0,0.0,0.81,True,0.447,44.7,1,False
J0225,C0268,0.75,0.611,0.9,0.25,0.5,0.0,0.843,True,0.607,60.7,1,False
J0225,C0214,0.5,0.667,0.45,0.0,1.0,0.0,0.7,True,0.451,45.1,1,False
J0225,C0514,0.75,0.556,0.0,0.0,1.0,0.28,0.767,True,0.489,48.9,1,False
J0225,C0322,0.5,0.833,0.375,0.5,1.0,0.59,0.98,True,0.582,58.2,1,False
J0225,C0360,0.5,0.5,0.0,0.25,1.0,0.0,0.795,True,0.375,37.5,0,False
J0225,C0510,0.75,0.556,0.325,0.0,1.0,0.0,0.733,True,0.51,51.0,1,False
J0225,C0052,0.0,0.0,0.525,0.0,1.0,0.0,0.0,False,0.129,12.9,0,False
J0225,C0263,0.0,0.0,0.45,0.0,1.0,0.0,0.0,False,0.118,11.8,0,False
J0225,C0281,0.0,0.0,0.65,0.0,1.0,0.0,0.0,False,0.148,14.8,0,False
J0225,C0004,0.0,0.0,0.375,0.0,1.0,0.0,0.0,False,0.106,10.6,0,False
J0225,C0509,0.25,0.667,0.65,0.0,1.0,0.6,0.92,False,0.441,44.1,1,False
J0225,C0359,0.25,0.333,0.35,0.25,1.0,0.0,0.99,False,0.294,29.4,0,False
J0225,C0462,0.0,0.0,0.0,0.0,0.0,0.0,0.0,False,0.0,0.0,0,False
J0225,C0064,0.0,0.0,1.0,0.0,1.0,0.0,0.0,False,0.2,20.0,0,False
J0225,C0444,0.0,0.0,0.0,0.0,1.0,0.0,0.0,False,0.05,5.0,0,False
J0225,C0120,0.25,0.333,0.0,0.25,1.0,0.3,0.99,False,0.272,27.2,0,False
J0225,C0574,0.25,0.667,0.0,0.25,1.0,0.0,0.97,False,0.308,30.8,0,False
J0226,C0229,1.0,0.389,1.0,0.333,1.0,0.0,0.783,True,0.711,71.1,3,True
J0226,C0034,0.667,0.417,1.0,0.333,1.0,0.2,0.935,True,0.603,60.3,1,False
J0226,C0239,0.333,0.333,1.0,0.0,1.0,0.0,0.78,True,0.4,40.0,0,False
J0226,C0332,1.0,0.5,1.0,0.333,1.0,0.18,0.73,True,0.751,75.1,2,True
J0226,C0575,0.667,0.833,1.0,0.667,1.0,0.5,0.99,True,0.75,75.0,3,True
J0226,C0393,0.667,0.667,1.0,0.333,1.0,0.0,0.795,True,0.633,63.3,1,False
J0226,C0521,0.667,0.833,1.0,0.0,1.0,0.0,0.59,True,0.633,63.3,2,True
J0226,C0262,1.0,0.611,1.0,0.0,1.0,0.49,0.827,True,0.771,77.1,2,True
J0226,C0098,0.667,0.583,1.0,0.0,0.5,0.0,0.5,True,0.558,55.8,1,False
J0226,C0017,0.333,0.333,1.0,0.333,1.0,0.25,0.99,True,0.458,45.8,0,False
J0226,C0192,0.667,1.0,1.0,0.0,1.0,0.71,0.86,True,0.738,73.8,2,True
J0226,C0107,0.667,0.667,1.0,0.333,1.0,0.0,0.795,True,0.633,63.3,2,True
J0226,C0545,0.667,1.0,1.0,0.333,1.0,0.72,0.895,True,0.772,77.2,3,True
J0226,C0290,0.333,0.5,1.0,0.0,1.0,0.25,0.92,True,0.458,45.8,0,False
J0226,C0527,0.0,0.0,1.0,0.0,1.0,0.0,0.0,False,0.2,20.0,0,False
J0226,C0528,0.0,0.0,1.0,0.0,1.0,0.0,0.0,False,0.2,20.0,0,False
J0226,C0093,0.0,0.0,1.0,0.0,1.0,0.0,0.0,False,0.2,20.0,0,False
J0226,C0325,0.0,0.0,1.0,0.0,1.0,0.0,0.0,False,0.2,20.0,0,False
J0226,C0544,1.0,0.667,1.0,0.0,1.0,0.17,0.7,True,0.75,75.0,2,True
J0226,C0097,0.0,0.0,1.0,0.0,1.0,0.0,0.0,False,0.2,20.0,0,False
J0226,C0303,0.0,0.0,1.0,0.0,1.0,0.0,0.0,False,0.2,20.0,0,False
J0226,C0067,1.0,0.5,1.0,0.0,1.0,0.37,0.76,True,0.737,73.7,2,True
J0226,C0020,0.0,0.0,1.0,0.0,1.0,0.0,0.0,False,0.2,20.0,0,False
J0226,C0552,0.0,0.0,1.0,0.0,1.0,0.0,0.0,False,0.2,20.0,0,False
J0226,C0562,0.333,0.333,1.0,0.333,1.0,0.14,0.99,True,0.447,44.7,0,False
J0227,C0165,0.8,0.917,0.0,0.0,1.0,0.45,0.765,True,0.598,59.8,1,False
J0227,C0572,0.6,0.611,0.0,0.2,1.0,0.0,0.783,True,0.432,43.2,1,False
J0227,C0166,0.2,0.5,0.0,0.2,1.0,0.37,0.99,True,0.287,28.7,0,False
J0227,C0455,0.8,0.625,0.0,0.0,1.0,0.0,0.69,True,0.495,49.5,1,False
J0227,C0154,0.2,1.0,1.0,0.0,1.0,0.0,0.6,True,0.48,48.0,1,False
J0227,C0078,0.4,0.75,0.0,0.4,1.0,0.0,0.97,True,0.4,40.0,0,False
J0227,C0447,0.8,0.667,1.0,0.0,1.0,0.0,0.8,True,0.653,65.3,1,False
J0227,C0592,0.6,0.5,0.4,0.2,1.0,0.0,0.783,True,0.47,47.0,0,False
J0227,C0221,0.6,1.0,0.8,0.0,1.0,0.0,0.807,True,0.61,61.0,1,False
J0227,C0161,0.4,0.5,0.267,0.2,1.0,0.28,0.895,True,0.398,39.8,0,False
J0227,C0322,0.4,0.75,0.5,0.4,1.0,0.0,0.97,True,0.475,47.5,1,False
J0227,C0418,0.6,0.722,0.5,0.4,1.0,0.3,0.96,True,0.579,57.9,1,False
J0227,C0214,1.0,0.8,0.6,0.6,1.0,0.0,0.874,True,0.76,76.0,2,True
J0227,C0298,0.2,1.0,1.0,0.0,0.5,0.0,0.8,True,0.455,45.5,1,False
J0227,C0037,0.2,0.5,0.4,0.0,1.0,0.0,0.8,False,0.29,29.0,0,False
J0227,C0564,0.0,0.0,0.0,0.0,1.0,0.0,0.0,False,0.05,5.0,0,False
J0227,C0175,0.2,0.5,0.0,0.0,1.0,0.0,0.78,False,0.23,23.0,0,False
J0227,C0204,0.0,0.0,1.0,0.0,1.0,0.0,0.0,False,0.2,20.0,0,False
J0227,C0584,0.4,0.417,0.2,0.2,1.0,0.0,0.895,False,0.343,34.3,0,False
J0227,C0272,0.4,0.417,0.0,0.0,1.0,0.16,0.76,False,0.309,30.9,0,False
J0227,C0308,0.0,0.0,0.0,0.0,1.0,0.0,0.0,False,0.05,5.0,0,False
J0227,C0543,0.4,0.833,1.0,0.2,1.0,0.0,0.885,False,0.547,54.7,1,False
J0227,C0049,0.0,0.0,0.0,0.0,1.0,0.0,0.0,False,0.05,5.0,0,False
J0227,C0263,0.4,1.0,0.6,0.0,1.0,0.0,0.6,False,0.5,50.0,1,False
J0228,C0409,1.0,1.0,1.0,0.0,1.0,0.0,0.676,True,0.8,80.0,3,True
J0228,C0373,0.6,1.0,1.0,0.4,1.0,0.94,0.933,True,0.774,77.4,3,True
J0228,C0178,0.8,0.875,1.0,0.2,1.0,0.37,0.807,True,0.752,75.2,3,True
J0228,C0203,0.6,0.833,1.0,0.2,1.0,0.327,0.93,True,0.659,65.9,2,True
J0228,C0004,1.0,0.9,1.0,0.0,1.0,0.0,0.76,True,0.78,78.0,2,True
J0228,C0261,0.4,0.75,1.0,0.0,1.0,0.4,0.93,True,0.55,55.0,1,False
J0228,C0371,0.6,0.667,1.0,0.4,1.0,0.0,0.907,True,0.613,61.3,2,True
J0228,C0037,0.8,1.0,1.0,0.4,1.0,0.75,0.915,True,0.835,83.5,3,True
J0228,C0527,0.4,0.75,1.0,0.0,1.0,0.0,0.69,True,0.51,51.0,1,False
J0228,C0512,0.8,0.875,1.0,0.0,1.0,0.0,0.76,True,0.695,69.5,2,True
J0228,C0598,0.6,0.833,1.0,0.2,1.0,0.43,0.897,True,0.67,67.0,2,True
J0228,C0281,0.8,0.875,1.0,0.0,1.0,0.0,0.75,True,0.695,69.5,2,True
J0228,C0516,1.0,0.8,1.0,0.2,1.0,0.69,0.778,True,0.849,84.9,3,True
J0228,C0434,0.8,1.0,1.0,0.0,1.0,0.49,0.73,True,0.769,76.9,3,True
J0228,C0209,0.2,1.0,1.0,0.0,1.0,0.8,0.92,False,0.56,56.0,1,False
J0228,C0267,0.2,0.5,1.0,0.0,1.0,0.0,0.4,False,0.38,38.0,0,False
J0228,C0413,0.0,0.0,1.0,0.0,1.0,0.0,0.0,False,0.2,20.0,0,False
J0228,C0205,0.2,0.5,1.0,0.0,1.0,0.0,0.6,False,0.38,38.0,1,False
J0228,C0294,0.4,1.0,1.0,0.2,1.0,0.0,0.895,False,0.58,58.0,2,True
J0228,C0201,0.0,0.0,1.0,0.0,1.0,0.0,0.0,False,0.2,20.0,0,False
J0228,C0066,0.0,0.0,1.0,0.0,1.0,0.0,0.0,False,0.2,20.0,0,False
J0228,C0378,0.2,1.0,1.0,0.2,1.0,0.52,0.99,False,0.552,55.2,1,False
J0228,C0184,0.0,0.0,1.0,0.0,1.0,0.0,0.0,False,0.2,20.0,0,False
J0228,C0011,0.0,0.0,1.0,0.0,1.0,0.0,0.0,False,0.2,20.0,0,False
J0228,C0562,0.2,1.0,1.0,0.0,1.0,0.0,0.82,False,0.48,48.0,1,False
J0229,C0124,0.667,1.0,1.0,0.333,1.0,0.0,0.885,True,0.7,70.0,2,True
J0229,C0382,0.667,1.0,1.0,0.333,1.0,0.62,0.905,True,0.762,76.2,3,True
J0229,C0539,1.0,0.833,1.0,0.333,0.5,0.0,0.73,True,0.775,77.5,2,True
J0229,C0044,0.667,0.75,1.0,0.0,0.5,0.0,0.69,True,0.592,59.2,2,True
J0229,C0097,0.333,1.0,1.0,0.0,1.0,0.0,0.78,True,0.533,53.3,2,True
J0229,C0099,0.333,1.0,1.0,0.0,1.0,0.0,0.78,True,0.533,53.3,1,False
J0229,C0350,0.667,1.0,1.0,0.0,1.0,0.0,0.7,True,0.667,66.7,3,True
J0229,C0056,0.333,1.0,1.0,0.0,1.0,0.0,0.82,True,0.533,53.3,1,False
J0229,C0415,0.667,0.75,1.0,0.333,1.0,0.0,0.895,True,0.65,65.0,2,True
J0229,C0113,0.667,1.0,1.0,0.0,1.0,0.0,0.82,True,0.667,66.7,2,True
J0229,C0236,1.0,1.0,1.0,0.0,1.0,0.0,0.72,True,0.8,80.0,3,True
J0229,C0042,1.0,1.0,1.0,0.0,1.0,0.0,0.727,True,0.8,80.0,3,True
J0229,C0429,0.667,0.75,1.0,0.333,1.0,0.16,0.885,True,0.666,66.6,2,True
J0229,C0141,0.333,1.0,1.0,0.0,1.0,0.0,0.82,True,0.533,53.3,2,True
J0229,C0467,0.0,0.0,1.0,0.0,1.0,0.0,0.0,False,0.2,20.0,0,False
J0229,C0191,0.0,0.0,1.0,0.0,1.0,0.0,0.0,False,0.2,20.0,0,False
J0229,C0456,0.0,0.0,1.0,0.0,1.0,0.0,0.0,False,0.2,20.0,0,False
J0229,C0386,0.0,0.0,1.0,0.0,1.0,0.0,0.0,False,0.2,20.0,0,False
J0229,C0409,0.0,0.0,1.0,0.0,1.0,0.0,0.0,False,0.2,20.0,0,False
J0229,C0282,0.0,0.0,1.0,0.0,0.5,0.0,0.0,False,0.175,17.5,0,False
J0229,C0073,0.0,0.0,1.0,0.0,1.0,0.0,0.0,False,0.2,20.0,0,False
J0229,C0006,0.0,0.0,1.0,0.0,1.0,0.0,0.0,False,0.2,20.0,0,False
J0229,C0051,0.0,0.0,1.0,0.0,1.0,0.0,0.0,False,0.2,20.0,0,False
J0229,C0074,0.0,0.0,1.0,0.0,1.0,0.0,0.0,False,0.2,20.0,0,False
J0229,C0138,0.0,0.0,1.0,0.0,1.0,0.0,0.0,False,0.2,20.0,0,False
J0230,C0357,0.667,0.833,0.833,0.667,1.0,0.0,0.98,True,0.675,67.5,2,True
J0230,C0201,0.667,1.0,1.0,0.333,1.0,0.87,0.795,True,0.787,78.7,3,True
J0230,C0494,0.667,1.0,1.0,0.0,1.0,0.77,0.86,True,0.744,74.4,3,True
J0230,C0213,1.0,1.0,1.0,0.0,1.0,0.0,0.6,True,0.8,80.0,3,True
J0230,C0243,0.333,0.5,0.0,0.333,1.0,0.0,0.97,True,0.317,31.7,0,False
J0230,C0466,1.0,0.444,0.0,0.0,0.5,0.0,0.587,True,0.514,51.4,1,False
J0230,C0153,0.667,1.0,0.7,0.0,1.0,0.0,0.71,True,0.622,62.2,1,False
J0230,C0092,1.0,0.778,0.4,0.0,1.0,0.0,0.673,True,0.666,66.6,3,True
J0230,C0482,1.0,0.444,0.0,0.0,0.5,0.0,0.593,True,0.514,51.4,1,False
J0230,C0354,1.0,0.778,0.0,0.0,1.0,0.47,0.753,True,0.653,65.3,2,True
J0230,C0477,1.0,0.556,0.0,0.0,1.0,0.0,0.72,True,0.561,56.1,1,False
J0230,C0563,1.0,0.889,0.767,0.0,1.0,0.0,0.8,True,0.743,74.3,3,True
J0230,C0106,0.667,0.667,0.0,0.0,1.0,0.52,0.75,True,0.502,50.2,1,False
J0230,C0058,0.667,1.0,1.0,0.333,1.0,0.42,0.965,True,0.742,74.2,3,True
J0230,C0522,0.333,1.0,0.867,0.0,1.0,0.0,0.4,False,0.513,51.3,1,False
J0230,C0223,0.0,0.0,0.0,0.0,0.5,0.0,0.0,False,0.025,2.5,0,False
J0230,C0497,0.0,0.0,0.0,0.0,1.0,0.0,0.0,False,0.05,5.0,0,False
J0230,C0021,0.0,0.0,0.0,0.0,1.0,0.0,0.0,False,0.05,5.0,0,False
J0230,C0546,0.0,0.0,1.0,0.0,1.0,0.0,0.0,False,0.2,20.0,0,False
J0230,C0007,0.333,0.5,0.0,0.0,1.0,0.0,0.78,False,0.283,28.3,0,False
J0230,C0347,0.333,0.5,0.0,0.0,1.0,0.0,0.6,False,0.283,28.3,0,False
J0230,C0508,0.0,0.0,0.667,0.0,1.0,0.0,0.0,False,0.15,15.0,0,False
J0230,C0506,0.0,0.0,1.0,0.0,1.0,0.0,0.0,False,0.2,20.0,0,False
J0230,C0591,0.333,0.5,0.0,0.0,1.0,0.0,0.6,False,0.283,28.3,0,False
J0231,C0313,1.0,0.875,1.0,0.0,1.0,0.0,0.545,True,0.775,77.5,3,True
J0231,C0583,1.0,0.625,1.0,0.25,1.0,0.0,0.737,True,0.75,75.0,2,True
J0231,C0025,0.25,1.0,1.0,0.0,1.0,0.0,0.78,True,0.5,50.0,1,False
J0231,C0310,0.5,1.0,1.0,0.0,1.0,0.9,0.85,True,0.69,69.0,2,True
J0231,C0514,0.75,0.833,1.0,0.0,1.0,0.0,0.72,True,0.667,66.7,1,False
J0231,C0181,0.5,1.0,1.0,0.0,1.0,0.515,0.92,True,0.652,65.2,2,True
J0231,C0161,0.25,1.0,1.0,0.0,1.0,0.17,0.9,True,0.517,51.7,1,False
J0231,C0078,0.25,0.5,1.0,0.25,1.0,0.0,0.99,True,0.425,42.5,1,False
J0231,C0260,0.25,1.0,1.0,0.0,1.0,0.0,0.8,True,0.5,50.0,1,False
J0231,C0144,0.5,1.0,1.0,0.0,1.0,0.0,0.6,True,0.6,60.0,1,False
J0231,C0149,0.5,1.0,1.0,0.25,1.0,0.0,0.905,True,0.625,62.5,1,False
J0231,C0160,0.75,0.833,1.0,0.0,1.0,0.0,0.667,True,0.667,66.7,1,False
J0231,C0510,0.5,0.75,1.0,0.0,1.0,0.0,0.71,True,0.55,55.0,1,False
J0231,C0019,0.5,1.0,1.0,0.5,0.5,0.0,0.97,True,0.625,62.5,2,True
J0231,C0392,0.25,1.0,1.0,0.0,1.0,0.0,0.78,False,0.5,50.0,0,False
J0231,C0281,0.0,0.0,1.0,0.0,1.0,0.0,0.0,False,0.2,20.0,0,False
J0231,C0501,0.0,0.0,1.0,0.0,1.0,0.0,0.0,False,0.2,20.0,0,False
J0231,C0480,0.0,0.0,1.0,0.0,1.0,0.0,0.0,False,0.2,20.0,0,False
J0231,C0447,0.75,0.833,1.0,0.0,1.0,0.0,0.8,True,0.667,66.7,2,True
J0231,C0555,0.25,1.0,1.0,0.25,1.0,0.0,0.99,False,0.525,52.5,1,False
J0231,C0482,0.25,0.5,1.0,0.0,0.5,0.0,0.6,False,0.375,37.5,0,False
J0231,C0585,0.0,0.0,1.0,0.0,1.0,0.0,0.0,False,0.2,20.0,0,False
J0231,C0060,0.75,1.0,1.0,0.25,1.0,0.0,0.803,True,0.725,72.5,2,True
J0231,C0218,0.25,1.0,1.0,0.0,1.0,0.0,0.6,False,0.5,50.0,0,False
J0231,C0152,0.0,0.0,1.0,0.0,1.0,0.0,0.0,False,0.2,20.0,0,False
J0232,C0597,0.4,0.417,1.0,0.0,1.0,0.17,0.84,True,0.46,46.0,1,False
J0232,C0185,0.8,0.5,1.0,0.2,1.0,0.0,0.828,True,0.64,64.0,2,True
J0232,C0579,0.6,0.722,1.0,0.0,0.5,0.55,0.833,True,0.614,61.4,3,True
J0232,C0432,0.4,0.5,1.0,0.0,1.0,0.0,0.78,True,0.46,46.0,1,False
J0232,C0242,0.6,0.611,1.0,0.0,1.0,0.0,0.74,True,0.562,56.2,1,False
J0232,C0459,0.4,1.0,1.0,0.4,1.0,0.0,0.99,True,0.6,60.0,1,False
J0232,C0086,0.6,0.611,1.0,0.4,1.0,0.33,0.953,True,0.635,63.5,2,True
J0232,C0469,0.8,0.75,1.0,0.6,1.0,0.0,0.887,True,0.73,73.0,2,True
J0232,C0270,0.4,0.583,1.0,0.2,1.0,0.0,0.695,True,0.497,49.7,1,False
J0232,C0010,0.0,0.0,1.0,0.0,1.0,0.0,0.0,True,0.2,20.0,0,False
J0232,C0027,0.6,0.889,1.0,0.0,1.0,0.0,0.727,True,0.618,61.8,1,False
J0232,C0074,1.0,1.0,1.0,0.0,1.0,0.0,0.792,True,0.8,80.0,3,True
J0232,C0293,1.0,0.867,1.0,0.0,1.0,0.0,0.764,True,0.773,77.3,3,True
J0232,C0505,0.0,0.0,1.0,0.0,1.0,0.0,0.0,True,0.2,20.0,0,False
J0232,C0583,0.2,0.333,1.0,0.0,1.0,0.0,0.6,False,0.347,34.7,0,False
J0232,C0398,0.2,1.0,1.0,0.0,1.0,0.0,0.78,False,0.48,48.0,0,False
J0232,C0213,0.4,1.0,1.0,0.0,1.0,0.0,0.7,False,0.56,56.0,1,False
J0232,C0362,0.0,0.0,1.0,0.0,1.0,0.0,0.0,False,0.2,20.0,0,False
J0232,C0275,0.2,0.333,1.0,0.0,1.0,0.0,0.6,False,0.347,34.7,0,False
J0232,C0519,0.0,0.0,1.0,0.0,1.0,0.0,0.0,False,0.2,20.0,0,False
J0232,C0586,0.2,0.333,1.0,0.0,1.0,0.31,0.92,True,0.378,37.8,1,False
J0232,C0215,0.0,0.0,1.0,0.0,1.0,0.0,0.0,False,0.2,20.0,0,False
J0232,C0180,0.4,0.833,1.0,0.2,1.0,0.0,0.785,False,0.547,54.7,1,False
J0232,C0043,0.0,0.0,1.0,0.0,1.0,0.0,0.0,False,0.2,20.0,0,False
J0233,C0581,1.0,0.567,1.0,0.4,0.5,0.33,0.9,True,0.761,76.1,3,True
J0233,C0568,0.6,0.833,1.0,0.0,0.5,0.45,0.92,True,0.627,62.7,2,True
J0233,C0312,0.6,0.667,1.0,0.4,0.5,0.0,0.92,True,0.588,58.8,1,False
J0233,C0490,0.8,0.583,1.0,0.0,0.5,0.4,0.82,True,0.652,65.2,3,True
J0233,C0451,1.0,0.933,1.0,0.2,1.0,0.763,0.902,True,0.883,88.3,3,True
J0233,C0427,1.0,0.833,1.0,0.0,0.5,0.0,0.764,True,0.742,74.2,3,True
J0233,C0234,0.8,0.875,1.0,0.4,0.5,0.48,0.96,True,0.758,75.8,2,True
J0233,C0552,1.0,0.667,1.0,0.0,0.5,0.0,0.748,True,0.708,70.8,3,True
J0233,C0063,0.8,0.875,1.0,0.2,0.5,0.485,0.818,True,0.739,73.9,3,True
J0233,C0169,1.0,1.0,1.0,0.6,0.5,0.0,0.866,True,0.835,83.5,3,True
J0233,C0280,0.6,0.833,1.0,0.2,0.5,0.535,0.93,True,0.655,65.5,2,True
J0233,C0509,0.6,0.722,1.0,0.2,0.5,0.6,0.823,True,0.639,63.9,2,True
J0233,C0461,1.0,0.767,1.0,0.0,0.5,0.0,0.556,True,0.728,72.8,3,True
J0233,C0540,0.6,1.0,1.0,0.4,0.5,0.64,0.953,True,0.719,71.9,1,False
J0233,C0266,0.2,1.0,1.0,0.0,0.5,0.0,0.6,False,0.455,45.5,1,False
J0233,C0205,0.0,0.0,1.0,0.0,0.5,0.0,0.0,False,0.175,17.5,0,False
J0233,C0460,0.0,0.0,1.0,0.0,0.5,0.0,0.0,False,0.175,17.5,0,False
J0233,C0464,0.0,0.0,1.0,0.0,0.5,0.0,0.0,False,0.175,17.5,0,False
J0233,C0076,0.0,0.0,1.0,0.0,0.5,0.0,0.0,False,0.175,17.5,0,False
J0233,C0325,0.2,1.0,1.0,0.2,0.5,0.6,0.99,False,0.535,53.5,1,False
J0233,C0467,0.0,0.0,1.0,0.0,0.5,0.0,0.0,False,0.175,17.5,0,False
J0233,C0549,0.2,1.0,1.0,0.0,0.5,0.52,0.88,False,0.507,50.7,1,False
J0233,C0584,0.0,0.0,1.0,0.0,0.5,0.0,0.0,False,0.175,17.5,0,False
J0233,C0237,0.0,0.0,1.0,0.0,0.5,0.0,0.0,False,0.175,17.5,0,False
J0234,C0579,0.667,0.75,0.68,0.0,0.0,0.55,0.85,True,0.574,57.4,1,False
J0234,C0039,0.0,0.0,0.0,0.0,0.0,0.0,0.0,True,0.0,0.0,0,False
J0234,C0135,0.667,0.75,0.74,0.667,0.5,0.0,0.99,True,0.619,61.9,1,False
J0234,C0432,0.333,0.5,0.0,0.0,0.5,0.0,0.78,True,0.258,25.8,0,False
J0234,C0381,0.0,0.0,0.0,0.0,0.5,0.0,0.0,True,0.025,2.5,0,False
J0234,C0093,1.0,0.667,0.0,0.0,1.0,0.0,0.72,True,0.583,58.3,2,True
J0234,C0328,0.333,0.5,0.0,0.0,0.0,0.39,0.9,True,0.272,27.2,0,False
J0234,C0087,0.667,0.75,0.0,0.333,0.5,0.0,0.795,True,0.475,47.5,1,False
J0234,C0365,1.0,0.833,0.0,0.333,0.5,0.0,0.657,True,0.625,62.5,2,True
J0234,C0423,0.0,0.0,0.64,0.0,0.5,0.0,0.0,True,0.121,12.1,0,False
J0234,C0426,0.0,0.0,0.42,0.0,0.5,0.0,0.0,True,0.088,8.8,0,False
J0234,C0126,0.0,0.0,0.0,0.0,0.5,0.0,0.0,True,0.025,2.5,0,False
J0234,C0488,0.667,1.0,0.0,0.0,1.0,0.0,0.69,True,0.517,51.7,1,False
J0234,C0168,1.0,0.833,0.42,0.667,0.0,0.0,0.92,True,0.696,69.6,2,True
J0234,C0077,0.333,1.0,0.0,0.0,0.5,0.0,0.78,False,0.358,35.8,0,False
J0234,C0276,0.0,0.0,0.56,0.0,0.0,0.0,0.0,False,0.084,8.4,0,False
J0234,C0316,0.0,0.0,0.56,0.0,0.5,0.0,0.0,False,0.109,10.9,0,False
J0234,C0573,0.333,1.0,0.14,0.0,0.5,0.0,0.82,False,0.379,37.9,0,False
J0234,C0461,0.0,0.0,0.0,0.0,0.5,0.0,0.0,False,0.025,2.5,0,False
J0234,C0320,0.0,0.0,0.46,0.0,0.5,0.0,0.0,False,0.094,9.4,0,False
J0234,C0480,0.0,0.0,0.6,0.0,0.5,0.0,0.0,False,0.115,11.5,0,False
J0234,C0400,0.333,1.0,0.34,0.333,0.5,0.0,0.99,False,0.443,44.3,0,False
J0234,C0246,0.0,0.0,0.0,0.0,0.5,0.0,0.0,False,0.025,2.5,0,False
J0234,C0145,0.0,0.0,0.9,0.0,0.5,0.0,0.0,False,0.16,16.0,0,False
J0234,C0338,0.667,0.75,0.0,0.0,0.5,0.0,0.69,True,0.442,44.2,1,False
J0235,C0572,0.75,1.0,1.0,0.25,1.0,0.0,0.783,True,0.725,72.5,3,True
J0235,C0084,1.0,1.0,1.0,0.0,1.0,0.77,0.81,True,0.877,87.7,3,True
J0235,C0166,0.25,1.0,1.0,0.25,1.0,0.37,0.99,True,0.562,56.2,2,True
J0235,C0019,0.75,1.0,1.0,0.75,0.5,0.0,0.97,True,0.75,75.0,3,True
J0235,C0144,0.75,1.0,1.0,0.0,1.0,0.0,0.66,True,0.7,70.0,2,True
J0235,C0535,0.75,1.0,1.0,0.25,1.0,0.23,0.863,True,0.748,74.8,2,True
J0235,C0560,0.75,1.0,1.0,0.0,1.0,0.0,0.72,True,0.7,70.0,2,True
J0235,C0472,1.0,1.0,1.0,0.0,0.5,0.21,0.725,True,0.796,79.6,3,True
J0235,C0310,0.25,1.0,1.0,0.0,1.0,0.9,0.92,True,0.59,59.0,1,False
J0235,C0508,1.0,1.0,1.0,0.25,1.0,0.42,0.827,True,0.867,86.7,3,True
J0235,C0008,0.5,1.0,1.0,0.25,1.0,0.0,0.905,True,0.625,62.5,2,True
J0235,C0514,0.5,1.0,1.0,0.0,1.0,0.0,0.69,True,0.6,60.0,2,True
J0235,C0071,0.25,1.0,1.0,0.0,1.0,0.0,0.8,True,0.5,50.0,1,False
J0235,C0161,0.25,1.0,1.0,0.0,1.0,0.17,0.9,True,0.517,51.7,1,False
J0235,C0154,0.5,1.0,1.0,0.0,1.0,0.0,0.71,True,0.6,60.0,2,True
J0235,C0130,0.0,0.0,1.0,0.0,0.0,0.0,0.0,False,0.15,15.0,0,False
J0235,C0541,0.0,0.0,1.0,0.0,1.0,0.0,0.0,False,0.2,20.0,0,False
J0235,C0042,0.25,1.0,1.0,0.0,1.0,0.0,0.82,False,0.5,50.0,1,False
J0235,C0235,0.0,0.0,1.0,0.0,1.0,0.0,0.0,False,0.2,20.0,0,False
J0235,C0600,0.0,0.0,1.0,0.0,1.0,0.0,0.0,False,0.2,20.0,0,False
J0235,C0036,0.25,1.0,1.0,0.0,1.0,0.0,0.4,False,0.5,50.0,1,False
J0235,C0582,0.25,1.0,1.0,0.0,1.0,0.0,0.6,False,0.5,50.0,1,False
J0235,C0575,0.0,0.0,1.0,0.0,1.0,0.0,0.0,False,0.2,20.0,0,False
J0235,C0568,0.25,1.0,1.0,0.0,1.0,0.5,0.92,False,0.55,55.0,1,False
J0235,C0002,0.25,1.0,1.0,0.0,1.0,0.0,0.8,False,0.5,50.0,1,False
J0236,C0147,0.4,0.417,0.0,0.2,1.0,0.0,0.875,True,0.313,31.3,0,False
J0236,C0265,0.0,0.0,0.0,0.0,1.0,0.0,0.0,True,0.05,5.0,0,False
J0236,C0480,0.8,0.708,1.0,0.2,1.0,0.44,0.877,True,0.726,72.6,3,True
J0236,C0207,0.2,0.667,1.0,0.2,1.0,0.0,0.99,True,0.433,43.3,1,False
J0236,C0284,0.8,0.75,0.0,0.0,1.0,0.0,0.595,True,0.52,52.0,1,False
J0236,C0600,0.4,1.0,1.0,0.0,1.0,0.0,0.78,True,0.56,56.0,1,False
J0236,C0520,0.8,0.917,1.0,0.2,1.0,0.0,0.752,True,0.723,72.3,3,True
J0236,C0253,0.8,1.0,1.0,0.2,1.0,0.73,0.828,True,0.813,81.3,3,True
J0236,C0396,0.4,0.5,1.0,0.0,1.0,0.0,0.79,True,0.46,46.0,1,False
J0236,C0251,0.8,0.708,0.0,0.4,1.0,0.0,0.84,True,0.552,55.2,1,False
J0236,C0324,0.6,0.556,1.0,0.2,0.5,0.49,0.903,True,0.595,59.5,1,False
J0236,C0119,0.6,0.778,1.0,0.0,1.0,0.86,0.84,True,0.682,68.2,1,False
J0236,C0511,1.0,0.8,1.0,0.4,1.0,0.0,0.796,True,0.8,80.0,2,True
J0236,C0213,0.8,0.833,1.0,0.2,1.0,0.647,0.862,True,0.771,77.1,2,True
J0236,C0310,0.0,0.0,1.0,0.0,1.0,0.0,0.0,False,0.2,20.0,0,False
J0236,C0596,0.0,0.0,1.0,0.0,1.0,0.0,0.0,False,0.2,20.0,0,False
J0236,C0495,0.2,1.0,1.0,0.0,1.0,0.72,0.92,False,0.552,55.2,1,False
J0236,C0553,0.0,0.0,0.0,0.0,1.0,0.0,0.0,False,0.05,5.0,0,False
J0236,C0510,0.0,0.0,1.0,0.0,1.0,0.0,0.0,False,0.2,20.0,0,False
J0236,C0181,0.2,1.0,1.0,0.0,1.0,0.63,0.9,False,0.543,54.3,2,True
J0236,C0444,0.0,0.0,0.0,0.0,1.0,0.0,0.0,False,0.05,5.0,0,False
J0236,C0526,0.2,0.5,0.0,0.0,1.0,0.0,0.6,False,0.23,23.0,0,False
J0236,C0367,0.0,0.0,0.0,0.0,1.0,0.0,0.0,False,0.05,5.0,0,False
J0236,C0421,0.2,1.0,1.0,0.0,1.0,0.0,0.82,False,0.48,48.0,1,False
J0237,C0404,0.333,1.0,1.0,0.333,1.0,0.4,0.99,True,0.607,60.7,1,False
J0237,C0013,0.667,0.833,1.0,0.667,1.0,0.63,0.99,True,0.763,76.3,2,True
J0237,C0368,0.667,0.833,1.0,0.333,1.0,0.0,0.875,True,0.667,66.7,1,False
J0237,C0481,1.0,0.778,1.0,0.0,1.0,0.97,0.84,True,0.853,85.3,3,True
J0237,C0104,0.667,1.0,1.0,0.667,1.0,0.29,0.99,True,0.762,76.2,3,True
J0237,C0291,1.0,1.0,1.0,1.0,1.0,0.87,0.99,True,0.987,98.7,3,True
J0237,C0151,0.333,1.0,1.0,0.333,1.0,0.86,0.99,True,0.653,65.3,2,True
J0237,C0146,0.667,0.833,1.0,0.667,1.0,0.465,0.99,True,0.746,74.6,2,True
J0237,C0485,1.0,0.667,1.0,1.0,1.0,0.24,0.977,True,0.857,85.7,3,True
J0237,C0187,0.667,0.833,1.0,0.667,1.0,0.0,0.99,True,0.7,70.0,2,True
J0237,C0405,0.333,1.0,1.0,0.0,1.0,0.0,0.6,True,0.533,53.3,1,False
J0237,C0414,0.333,1.0,1.0,0.333,1.0,0.0,0.99,True,0.567,56.7,0,False
J0237,C0358,0.333,0.333,1.0,0.333,1.0,0.33,0.99,True,0.466,46.6,1,False
J0237,C0531,0.333,1.0,1.0,0.333,1.0,0.93,0.99,True,0.66,66.0,2,True
J0237,C0154,0.0,0.0,1.0,0.0,1.0,0.0,0.0,False,0.2,20.0,0,False
J0237,C0282,0.667,0.667,1.0,0.667,1.0,0.37,0.99,True,0.704,70.4,2,True
J0237,C0429,0.0,0.0,1.0,0.0,1.0,0.0,0.0,False,0.2,20.0,0,False
J0237,C0272,0.0,0.0,1.0,0.0,1.0,0.0,0.0,False,0.2,20.0,0,False
J0237,C0369,0.0,0.0,1.0,0.0,1.0,0.0,0.0,False,0.2,20.0,0,False
J0237,C0163,0.0,0.0,1.0,0.0,1.0,0.0,0.0,False,0.2,20.0,0,False
J0237,C0162,0.0,0.0,1.0,0.0,1.0,0.0,0.0,False,0.2,20.0,0,False
J0237,C0041,0.0,0.0,1.0,0.0,1.0,0.0,0.0,False,0.2,20.0,0,False
J0237,C0234,0.0,0.0,1.0,0.0,1.0,0.0,0.0,False,0.2,20.0,0,False
J0237,C0296,0.0,0.0,1.0,0.0,1.0,0.0,0.0,False,0.2,20.0,0,False
J0237,C0575,0.0,0.0,1.0,0.0,1.0,0.0,0.0,False,0.2,20.0,0,False
J0238,C0059,0.6,0.444,0.22,0.4,1.0,0.215,0.96,True,0.473,47.3,1,False
J0238,C0297,0.8,0.75,0.36,0.4,1.0,0.0,0.895,True,0.614,61.4,1,False
J0238,C0247,1.0,0.833,0.46,0.2,1.0,0.545,0.866,True,0.76,76.0,3,True
J0238,C0558,0.6,0.611,0.0,0.4,1.0,0.0,0.78,True,0.452,45.2,0,False
J0238,C0530,0.2,0.5,0.0,0.2,1.0,0.18,0.99,True,0.268,26.8,0,False
J0238,C0561,0.8,1.0,0.82,0.0,1.0,0.0,0.655,True,0.693,69.3,3,True
J0238,C0145,0.6,1.0,0.9,0.2,1.0,0.0,0.797,True,0.645,64.5,1,False
J0238,C0440,0.8,1.0,0.52,0.2,1.0,0.64,0.902,True,0.732,73.2,2,True
J0238,C0375,0.8,0.5,0.0,0.4,1.0,0.0,0.835,True,0.51,51.0,1,False
J0238,C0567,0.2,1.0,0.88,0.0,1.0,0.71,0.92,True,0.533,53.3,1,False
J0238,C0276,1.0,0.933,0.56,0.4,1.0,0.0,0.844,True,0.761,76.1,3,True
J0238,C0548,0.2,1.0,0.42,0.2,1.0,0.0,0.99,True,0.413,41.3,0,False
J0238,C0335,0.6,0.667,0.0,0.2,1.0,0.48,0.79,True,0.491,49.1,1,False
J0238,C0184,0.6,0.444,0.2,0.4,1.0,0.25,0.947,True,0.474,47.4,1,False
J0238,C0436,0.2,0.5,0.52,0.0,1.0,0.0,0.8,False,0.308,30.8,0,False
J0238,C0176,0.0,0.0,0.52,0.0,1.0,0.0,0.0,False,0.128,12.8,0,False
J0238,C0329,0.0,0.0,0.0,0.0,1.0,0.0,0.0,False,0.05,5.0,0,False
J0238,C0579,0.0,0.0,0.68,0.0,1.0,0.0,0.0,False,0.152,15.2,0,False
J0238,C0308,0.2,0.5,0.0,0.0,1.0,0.16,0.9,False,0.246,24.6,0,False
J0238,C0351,0.0,0.0,0.74,0.0,1.0,0.0,0.0,False,0.161,16.1,0,False
J0238,C0546,0.2,0.5,0.78,0.0,1.0,0.0,0.78,False,0.347,34.7,0,False
J0238,C0195,0.0,0.0,0.0,0.0,0.5,0.0,0.0,False,0.025,2.5,0,False
J0238,C0552,0.4,0.75,0.26,0.0,1.0,0.0,0.7,False,0.399,39.9,0,False
J0238,C0342,0.4,1.0,0.6,0.2,1.0,0.0,0.885,False,0.52,52.0,1,False
J0238,C0191,0.0,0.0,0.0,0.0,1.0,0.0,0.0,False,0.05,5.0,0,False
J0239,C0073,0.25,0.5,1.0,0.0,1.0,0.0,0.8,True,0.4,40.0,0,False
J0239,C0237,0.25,1.0,1.0,0.0,0.5,0.0,0.78,True,0.475,47.5,1,False
J0239,C0488,0.75,0.444,0.0,0.25,1.0,0.4,0.897,True,0.504,50.4,1,False
J0239,C0283,0.25,0.5,0.0,0.25,0.5,0.14,0.99,True,0.264,26.4,0,False
J0239,C0364,1.0,0.583,1.0,0.25,0.5,0.0,0.843,True,0.717,71.7,2,True
J0239,C0579,1.0,0.792,1.0,0.0,0.0,0.55,0.73,True,0.763,76.3,3,True
J0239,C0538,1.0,0.792,1.0,0.5,1.0,0.4,0.925,True,0.848,84.8,3,True
J0239,C0498,0.75,0.833,0.0,0.0,1.0,0.0,0.713,True,0.517,51.7,1,False
J0239,C0272,1.0,0.583,0.0,0.25,0.5,0.33,0.863,True,0.6,60.0,2,True
J0239,C0381,0.25,1.0,0.0,0.0,0.5,0.0,0.6,True,0.325,32.5,0,False
J0239,C0328,0.25,0.333,0.0,0.0,0.0,0.39,0.9,True,0.206,20.6,0,False
J0239,C0417,1.0,0.792,1.0,0.0,0.5,0.55,0.815,True,0.788,78.8,3,True
J0239,C0329,0.5,0.75,0.0,0.5,0.5,0.65,0.99,True,0.49,49.0,1,False
J0239,C0035,0.75,1.0,1.0,0.0,0.5,0.89,0.767,True,0.764,76.4,3,True
J0239,C0178,0.5,0.583,0.0,0.0,0.5,0.37,0.74,False,0.379,37.9,0,False
J0239,C0291,0.0,0.0,1.0,0.0,0.0,0.0,0.0,False,0.15,15.0,0,False
J0239,C0289,0.0,0.0,1.0,0.0,0.0,0.0,0.0,False,0.15,15.0,0,False
J0239,C0052,0.25,1.0,1.0,0.0,0.5,0.0,0.82,True,0.475,47.5,1,False
J0239,C0079,0.0,0.0,0.0,0.0,0.0,0.0,0.0,False,0.0,0.0,0,False
J0239,C0110,0.0,0.0,0.0,0.0,0.5,0.0,0.0,False,0.025,2.5,0,False
J0239,C0296,0.0,0.0,0.0,0.0,0.5,0.0,0.0,False,0.025,2.5,0,False
J0239,C0199,0.25,1.0,1.0,0.0,1.0,0.0,0.6,False,0.5,50.0,1,False
J0239,C0184,0.0,0.0,1.0,0.0,0.5,0.0,0.0,False,0.175,17.5,0,False
J0239,C0050,0.0,0.0,1.0,0.0,0.5,0.0,0.0,False,0.175,17.5,0,False
J0239,C0326,0.5,0.417,0.0,0.25,0.5,0.0,0.795,False,0.333,33.3,0,False
J0240,C0292,0.333,1.0,1.0,0.0,1.0,0.69,0.9,True,0.602,60.2,2,True
J0240,C0485,1.0,0.667,1.0,1.0,0.5,0.18,0.983,True,0.826,82.6,3,True
J0240,C0013,0.333,1.0,1.0,0.333,0.5,0.63,0.99,True,0.605,60.5,1,False
J0240,C0462,0.667,0.5,1.0,0.667,0.5,0.0,0.98,True,0.608,60.8,2,True
J0240,C0146,0.333,1.0,1.0,0.333,1.0,0.61,0.99,True,0.628,62.8,2,True
J0240,C0446,1.0,0.833,1.0,1.0,0.5,0.463,0.99,True,0.888,88.8,3,True
J0240,C0289,0.667,1.0,1.0,0.0,0.5,0.0,0.6,True,0.642,64.2,2,True
J0240,C0130,0.667,0.75,1.0,0.667,0.5,0.0,0.98,True,0.658,65.8,2,True
J0240,C0079,0.333,1.0,1.0,0.333,0.5,0.0,0.97,True,0.542,54.2,1,False
J0240,C0442,1.0,0.5,1.0,1.0,1.0,0.355,0.983,True,0.836,83.6,3,True
J0240,C0531,0.0,0.0,1.0,0.0,0.5,0.0,0.0,True,0.175,17.5,0,False
J0240,C0291,0.667,1.0,1.0,0.667,1.0,0.855,0.99,True,0.819,81.9,3,True
J0240,C0282,0.333,0.5,1.0,0.333,1.0,0.38,0.99,True,0.505,50.5,1,False
J0240,C0404,0.333,0.5,1.0,0.333,0.5,0.26,0.99,True,0.468,46.8,0,False
J0240,C0319,0.0,0.0,1.0,0.0,1.0,0.0,0.0,False,0.2,20.0,0,False
J0240,C0305,0.0,0.0,1.0,0.0,1.0,0.0,0.0,False,0.2,20.0,0,False
J0240,C0360,0.0,0.0,1.0,0.0,1.0,0.0,0.0,False,0.2,20.0,0,False
J0240,C0049,0.0,0.0,1.0,0.0,1.0,0.0,0.0,False,0.2,20.0,0,False
J0240,C0375,0.0,0.0,1.0,0.0,1.0,0.0,0.0,False,0.2,20.0,0,False
J0240,C0412,0.0,0.0,1.0,0.0,1.0,0.0,0.0,False,0.2,20.0,0,False
J0240,C0572,0.0,0.0,1.0,0.0,1.0,0.0,0.0,False,0.2,20.0,0,False
J0240,C0142,0.0,0.0,1.0,0.0,1.0,0.0,0.0,False,0.2,20.0,0,False
J0240,C0571,0.0,0.0,1.0,0.0,1.0,0.0,0.0,False,0.2,20.0,0,False
J0240,C0401,0.0,0.0,1.0,0.0,1.0,0.0,0.0,False,0.2,20.0,0,False
J0241,C0511,0.8,0.875,1.0,0.0,1.0,0.0,0.6,True,0.695,69.5,3,True
J0241,C0092,0.8,0.875,1.0,0.0,1.0,0.38,0.63,True,0.733,73.3,2,True
J0241,C0343,0.2,0.5,1.0,0.0,1.0,0.2,0.94,True,0.4,40.0,0,False
J0241,C0213,0.8,0.875,1.0,0.2,1.0,0.58,0.833,True,0.773,77.3,2,True
J0241,C0387,0.4,1.0,1.0,0.0,1.0,0.82,0.86,True,0.642,64.2,2,True
J0241,C0265,0.2,1.0,1.0,0.2,1.0,0.0,0.97,True,0.5,50.0,1,False
J0241,C0163,0.8,0.75,1.0,0.0,0.5,0.26,0.785,True,0.671,67.1,2,True
J0241,C0436,0.8,0.75,1.0,0.0,0.5,0.0,0.755,True,0.645,64.5,2,True
J0241,C0357,0.8,0.875,1.0,0.6,1.0,0.89,0.968,True,0.844,84.4,3,True
J0241,C0286,0.8,0.75,1.0,0.4,1.0,0.55,0.815,True,0.765,76.5,3,True
J0241,C0333,0.2,0.5,1.0,0.2,1.0,0.37,0.99,True,0.437,43.7,0,False
J0241,C0284,0.8,0.875,1.0,0.0,1.0,0.0,0.595,True,0.695,69.5,2,True
J0241,C0600,0.6,1.0,1.0,0.2,1.0,0.0,0.863,True,0.66,66.0,2,True
J0241,C0251,0.8,0.875,1.0,0.6,1.0,0.0,0.887,True,0.755,75.5,2,True
J0241,C0145,0.0,0.0,1.0,0.0,1.0,0.0,0.0,False,0.2,20.0,0,False
J0241,C0555,0.2,1.0,1.0,0.2,1.0,0.0,0.99,False,0.5,50.0,0,False
J0241,C0247,0.0,0.0,1.0,0.0,1.0,0.0,0.0,False,0.2,20.0,0,False
J0241,C0581,0.0,0.0,1.0,0.0,1.0,0.0,0.0,False,0.2,20.0,0,False
J0241,C0175,0.2,1.0,1.0,0.2,1.0,0.0,0.97,False,0.5,50.0,0,False
J0241,C0317,0.2,1.0,1.0,0.0,1.0,0.0,0.78,False,0.48,48.0,0,False
J0241,C0500,0.2,1.0,1.0,0.0,1.0,0.0,0.78,False,0.48,48.0,1,False
J0241,C0190,0.0,0.0,1.0,0.0,1.0,0.0,0.0,False,0.2,20.0,0,False
J0241,C0022,0.2,0.5,1.0,0.2,1.0,0.0,0.99,False,0.4,40.0,0,False
J0241,C0546,0.0,0.0,1.0,0.0,1.0,0.0,0.0,False,0.2,20.0,0,False
J0242,C0136,0.667,0.333,0.0,0.333,1.0,0.13,0.955,True,0.43,43.0,1,False
J0242,C0319,0.333,0.667,0.76,0.333,1.0,0.0,0.99,True,0.464,46.4,0,False
J0242,C0184,0.667,0.333,0.2,0.333,1.0,0.25,0.935,True,0.472,47.2,1,False
J0242,C0335,0.667,0.667,0.0,0.333,1.0,0.48,0.795,True,0.531,53.1,1,False
J0242,C0297,0.333,0.667,0.36,0.0,1.0,0.0,0.82,True,0.371,37.1,0,False
J0242,C0474,0.667,0.5,0.0,0.333,1.0,0.0,0.785,True,0.45,45.0,1,False
J0242,C0548,0.0,0.0,0.42,0.0,1.0,0.0,0.0,True,0.113,11.3,0,False
J0242,C0159,0.667,0.5,0.28,0.0,0.5,0.18,0.86,True,0.452,45.2,0,False
J0242,C0491,0.667,0.333,0.0,0.0,1.0,0.23,0.84,True,0.406,40.6,0,False
J0242,C0340,0.667,0.667,0.52,0.0,1.0,0.0,0.7,True,0.528,52.8,1,False
J0242,C0391,0.667,0.5,0.2,0.333,1.0,0.0,0.795,True,0.48,48.0,0,False
J0242,C0247,1.0,0.778,0.46,0.667,1.0,0.545,0.967,True,0.796,79.6,3,True
J0242,C0276,1.0,0.889,0.56,0.667,0.5,0.0,0.853,True,0.753,75.3,2,True
J0242,C0561,1.0,0.889,0.82,0.0,0.5,0.0,0.813,True,0.726,72.6,3,True
J0242,C0352,0.0,0.0,0.2,0.0,1.0,0.0,0.0,False,0.08,8.0,0,False
J0242,C0585,0.333,0.667,0.4,0.0,1.0,0.0,0.82,False,0.377,37.7,0,False
J0242,C0396,0.0,0.0,0.48,0.0,1.0,0.0,0.0,False,0.122,12.2,0,False
J0242,C0188,0.0,0.0,0.28,0.0,1.0,0.0,0.0,False,0.092,9.2,0,False
J0242,C0235,0.0,0.0,0.0,0.0,1.0,0.0,0.0,False,0.05,5.0,0,False
J0242,C0458,0.0,0.0,0.0,0.0,1.0,0.0,0.0,False,0.05,5.0,0,False
J0242,C0301,0.333,0.333,0.24,0.0,1.0,0.0,0.8,False,0.286,28.6,0,False
J0242,C0106,0.0,0.0,0.0,0.0,1.0,0.0,0.0,False,0.05,5.0,0,False
J0242,C0087,0.0,0.0,0.0,0.0,1.0,0.0,0.0,False,0.05,5.0,0,False
J0242,C0108,0.0,0.0,0.0,0.0,1.0,0.0,0.0,False,0.05,5.0,0,False
J0242,C0186,0.0,0.0,0.7,0.0,1.0,0.0,0.0,False,0.155,15.5,0,False
J0243,C0123,1.0,0.542,0.7,0.0,1.0,0.33,0.685,True,0.696,69.6,2,True
J0243,C0137,0.75,0.444,0.0,0.25,1.0,0.2,0.93,True,0.484,48.4,1,False
J0243,C0275,0.75,0.556,0.0,0.5,1.0,0.0,0.853,True,0.511,51.1,1,False
J0243,C0154,0.5,1.0,1.0,0.0,1.0,0.0,0.71,True,0.6,60.0,2,True
J0243,C0510,0.25,0.333,0.65,0.0,1.0,0.0,0.6,True,0.314,31.4,0,False
J0243,C0060,0.25,0.333,1.0,0.0,1.0,0.0,0.82,True,0.367,36.7,0,False
J0243,C0053,1.0,0.583,1.0,0.25,1.0,0.0,0.837,True,0.742,74.2,3,True
J0243,C0181,0.75,0.611,1.0,0.0,1.0,0.515,0.813,True,0.674,67.4,2,True
J0243,C0240,0.75,1.0,1.0,0.0,1.0,0.0,0.667,True,0.7,70.0,2,True
J0243,C0114,1.0,0.792,1.0,0.0,1.0,0.37,0.84,True,0.795,79.5,3,True
J0243,C0221,0.5,0.833,1.0,0.0,1.0,0.0,0.8,True,0.567,56.7,1,False
J0243,C0142,0.75,0.389,0.0,0.25,1.0,0.0,0.79,True,0.453,45.3,0,False
J0243,C0322,0.5,0.583,0.75,0.5,1.0,0.59,0.98,True,0.588,58.8,1,False
J0243,C0298,0.75,0.778,1.0,0.5,0.5,0.485,0.927,True,0.729,72.9,1,False
J0243,C0508,0.75,0.556,1.0,0.5,1.0,0.0,0.86,True,0.661,66.1,2,True
J0243,C0442,0.0,0.0,0.0,0.0,0.5,0.0,0.0,False,0.025,2.5,0,False
J0243,C0176,0.0,0.0,1.0,0.0,1.0,0.0,0.0,False,0.2,20.0,0,False
J0243,C0046,0.0,0.0,0.0,0.0,1.0,0.0,0.0,False,0.05,5.0,0,False
J0243,C0180,0.25,0.333,0.95,0.0,1.0,0.0,0.78,False,0.359,35.9,0,False
J0243,C0098,0.0,0.0,0.0,0.0,0.5,0.0,0.0,False,0.025,2.5,0,False
J0243,C0341,0.0,0.0,1.0,0.0,1.0,0.0,0.0,False,0.2,20.0,0,False
J0243,C0276,0.25,0.667,1.0,0.0,0.5,0.0,0.82,False,0.408,40.8,1,False
J0243,C0313,1.0,0.583,0.0,0.0,1.0,0.0,0.69,True,0.567,56.7,2,True
J0243,C0133,0.0,0.0,0.0,0.0,1.0,0.0,0.0,False,0.05,5.0,0,False
J0244,C0289,1.0,1.0,0.633,0.0,0.5,0.0,0.71,True,0.72,72.0,3,True
J0244,C0282,0.5,0.5,0.0,0.5,1.0,0.36,0.99,True,0.436,43.6,1,False
J0244,C0292,0.5,1.0,0.0,0.5,1.0,0.57,0.99,True,0.557,55.7,1,False
J0244,C0361,1.0,1.0,0.633,1.0,0.5,0.0,0.98,True,0.82,82.0,3,True
J0244,C0485,1.0,0.5,0.0,1.0,0.5,0.24,0.98,True,0.649,64.9,2,True
J0244,C0195,0.5,1.0,0.0,0.5,0.5,0.0,0.99,True,0.475,47.5,0,False
J0244,C0481,1.0,0.75,0.867,0.0,0.5,0.97,0.87,True,0.802,80.2,3,True
J0244,C0151,0.5,1.0,1.0,0.5,0.5,0.86,0.99,True,0.711,71.1,2,True
J0244,C0140,0.5,1.0,0.567,0.5,0.5,0.0,0.99,True,0.56,56.0,1,False
J0244,C0449,1.0,1.0,0.567,0.5,0.5,0.64,0.945,True,0.824,82.4,3,True
J0244,C0414,0.0,0.0,0.733,0.0,0.5,0.0,0.0,True,0.135,13.5,0,False
J0244,C0013,0.5,1.0,0.633,0.5,0.5,0.0,0.99,True,0.57,57.0,1,False
J0244,C0104,0.5,0.5,0.8,0.5,0.5,0.29,0.99,True,0.524,52.4,1,False
J0244,C0358,0.5,0.5,1.0,0.5,1.0,0.33,0.99,True,0.583,58.3,1,False
J0244,C0500,0.0,0.0,0.0,0.0,1.0,0.0,0.0,False,0.05,5.0,0,False
J0244,C0558,0.0,0.0,0.0,0.0,1.0,0.0,0.0,False,0.05,5.0,0,False
J0244,C0017,0.0,0.0,0.0,0.0,1.0,0.0,0.0,False,0.05,5.0,0,False
J0244,C0389,0.0,0.0,0.0,0.0,1.0,0.0,0.0,False,0.05,5.0,0,False
J0244,C0130,0.5,1.0,0.733,0.5,0.5,0.0,0.99,True,0.585,58.5,1,False
J0244,C0022,0.0,0.0,0.0,0.0,1.0,0.0,0.0,False,0.05,5.0,0,False
J0244,C0145,0.0,0.0,1.0,0.0,1.0,0.0,0.0,False,0.2,20.0,0,False
J0244,C0169,0.0,0.0,1.0,0.0,1.0,0.0,0.0,False,0.2,20.0,0,False
J0244,C0452,0.0,0.0,0.0,0.0,1.0,0.0,0.0,False,0.05,5.0,0,False
J0244,C0345,0.0,0.0,1.0,0.0,1.0,0.0,0.0,False,0.2,20.0,0,False
J0245,C0326,0.8,0.417,0.0,0.4,1.0,0.0,0.885,True,0.493,49.3,1,False
J0245,C0422,0.6,1.0,1.0,0.0,1.0,0.0,0.673,True,0.64,64.0,2,True
J0245,C0512,0.8,0.458,0.3,0.0,1.0,0.0,0.81,True,0.507,50.7,1,False
J0245,C0281,0.6,1.0,1.0,0.0,1.0,0.0,0.727,True,0.64,64.0,1,False
J0245,C0517,0.8,0.708,0.0,0.2,0.5,0.0,0.788,True,0.507,50.7,1,False
J0245,C0295,0.6,0.889,0.8,0.0,1.0,0.0,0.667,True,0.588,58.8,1,False
J0245,C0118,0.6,1.0,1.0,0.0,1.0,0.497,0.927,True,0.69,69.0,2,True
J0245,C0178,0.8,0.542,0.0,0.2,1.0,0.37,0.853,True,0.535,53.5,1,False
J0245,C0032,0.2,1.0,1.0,0.0,1.0,0.0,0.6,True,0.48,48.0,1,False
J0245,C0198,0.6,0.611,0.0,0.0,1.0,0.0,0.72,True,0.412,41.2,0,False
J0245,C0551,1.0,1.0,1.0,0.0,1.0,0.0,0.764,True,0.8,80.0,3,True
J0245,C0075,0.8,0.708,1.0,0.0,1.0,0.37,0.73,True,0.699,69.9,2,True
J0245,C0585,0.6,1.0,1.0,0.2,1.0,0.0,0.857,True,0.66,66.0,1,False
J0245,C0157,0.6,0.889,0.85,0.2,1.0,0.0,0.79,True,0.615,61.5,2,True
J0245,C0307,0.0,0.0,0.0,0.0,0.0,0.0,0.0,False,0.0,0.0,0,False
J0245,C0415,0.4,0.583,0.6,0.4,1.0,0.0,0.99,False,0.457,45.7,1,False
J0245,C0586,0.0,0.0,1.0,0.0,1.0,0.0,0.0,False,0.2,20.0,0,False
J0245,C0447,0.2,1.0,1.0,0.0,1.0,0.0,0.8,False,0.48,48.0,1,False
J0245,C0214,0.4,0.583,0.9,0.0,1.0,0.0,0.81,False,0.462,46.2,0,False
J0245,C0492,0.0,0.0,0.85,0.0,1.0,0.0,0.0,False,0.178,17.8,0,False
J0245,C0099,0.0,0.0,0.55,0.0,1.0,0.0,0.0,False,0.132,13.2,0,False
J0245,C0039,0.0,0.0,0.0,0.0,0.5,0.0,0.0,False,0.025,2.5,0,False
J0245,C0594,0.0,0.0,0.55,0.0,0.5,0.0,0.0,False,0.108,10.8,0,False
J0245,C0600,0.2,0.667,1.0,0.0,1.0,0.0,0.82,False,0.413,41.3,1,False
J0245,C0411,0.2,0.5,0.0,0.0,1.0,0.0,0.78,False,0.23,23.0,0,False
J0246,C0220,0.0,0.0,1.0,0.0,1.0,0.0,0.0,True,0.2,20.0,0,False
J0246,C0073,0.667,1.0,1.0,0.0,1.0,0.0,0.81,True,0.667,66.7,3,True
J0246,C0126,0.0,0.0,1.0,0.0,1.0,0.0,0.0,True,0.2,20.0,0,False
J0246,C0209,0.667,0.75,1.0,0.333,1.0,0.8,0.945,True,0.73,73.0,2,True
J0246,C0476,0.667,1.0,1.0,0.0,1.0,0.8,0.87,True,0.747,74.7,2,True
J0246,C0293,1.0,1.0,1.0,0.0,1.0,0.0,0.8,True,0.8,80.0,3,True
J0246,C0317,0.667,0.75,1.0,0.333,1.0,0.33,0.885,True,0.683,68.3,3,True
J0246,C0435,0.333,1.0,1.0,0.333,1.0,0.0,0.99,True,0.567,56.7,1,False
J0246,C0557,1.0,0.833,1.0,0.333,1.0,0.0,0.723,True,0.8,80.0,3,True
J0246,C0069,0.0,0.0,1.0,0.0,1.0,0.0,0.0,True,0.2,20.0,0,False
J0246,C0484,0.333,1.0,1.0,0.0,1.0,0.0,0.82,True,0.533,53.3,1,False
J0246,C0065,0.0,0.0,1.0,0.0,1.0,0.0,0.0,True,0.2,20.0,0,False
J0246,C0087,0.667,0.75,1.0,0.333,1.0,0.0,0.795,True,0.65,65.0,2,True
J0246,C0076,0.667,1.0,1.0,0.333,1.0,0.38,0.695,True,0.738,73.8,2,True
J0246,C0144,0.333,1.0,1.0,0.0,1.0,0.0,0.78,False,0.533,53.3,1,False
J0246,C0595,0.0,0.0,1.0,0.0,0.5,0.0,0.0,False,0.175,17.5,0,False
J0246,C0080,0.333,1.0,1.0,0.0,1.0,0.0,0.8,False,0.533,53.3,1,False
J0246,C0461,0.0,0.0,1.0,0.0,1.0,0.0,0.0,False,0.2,20.0,0,False
J0246,C0273,0.0,0.0,1.0,0.0,1.0,0.0,0.0,False,0.2,20.0,0,False
J0246,C0149,0.0,0.0,1.0,0.0,1.0,0.0,0.0,False,0.2,20.0,0,False
J0246,C0439,0.333,1.0,1.0,0.333,1.0,0.0,0.95,False,0.567,56.7,2,True
J0246,C0277,0.0,0.0,1.0,0.0,1.0,0.0,0.0,False,0.2,20.0,0,False
J0246,C0118,0.0,0.0,1.0,0.0,1.0,0.0,0.0,False,0.2,20.0,0,False
J0246,C0091,0.0,0.0,1.0,0.0,0.5,0.0,0.0,False,0.175,17.5,0,False
J0247,C0290,0.4,0.5,0.0,0.2,1.0,0.235,0.945,True,0.354,35.4,1,False
J0247,C0412,0.4,1.0,1.0,0.0,1.0,0.0,0.81,True,0.56,56.0,1,False
J0247,C0067,0.8,0.583,0.0,0.0,1.0,0.37,0.81,True,0.524,52.4,1,False
J0247,C0107,0.6,0.556,0.0,0.2,1.0,0.0,0.79,True,0.421,42.1,0,False
J0247,C0519,0.8,0.667,0.0,0.4,1.0,0.48,0.87,True,0.591,59.1,2,True
J0247,C0162,0.4,0.5,0.0,0.2,1.0,0.33,0.885,True,0.363,36.3,1,False
J0247,C0403,0.4,0.417,0.0,0.2,1.0,0.0,0.775,True,0.313,31.3,0,False
J0247,C0266,0.6,1.0,1.0,0.0,1.0,0.0,0.6,True,0.64,64.0,2,True
J0247,C0244,0.8,0.458,0.0,0.0,1.0,0.28,0.675,True,0.49,49.0,1,False
J0247,C0009,0.6,0.778,0.575,0.0,0.5,0.15,0.827,True,0.522,52.2,1,False
J0247,C0125,0.4,0.75,0.0,0.2,1.0,0.0,0.885,True,0.38,38.0,0,False
J0247,C0349,0.6,0.889,1.0,0.2,1.0,0.47,0.79,True,0.685,68.5,3,True
J0247,C0007,0.4,0.583,0.0,0.2,1.0,0.0,0.675,True,0.347,34.7,0,False
J0247,C0380,0.8,0.583,0.0,0.4,1.0,0.0,0.88,True,0.527,52.7,2,True
J0247,C0030,0.0,0.0,0.0,0.0,1.0,0.0,0.0,False,0.05,5.0,0,False
J0247,C0126,0.0,0.0,0.0,0.0,1.0,0.0,0.0,False,0.05,5.0,0,False
J0247,C0241,0.0,0.0,1.0,0.0,1.0,0.0,0.0,False,0.2,20.0,0,False
J0247,C0103,0.0,0.0,0.0,0.0,0.5,0.0,0.0,False,0.025,2.5,0,False
J0247,C0507,0.0,0.0,0.0,0.0,1.0,0.0,0.0,False,0.05,5.0,0,False
J0247,C0109,0.0,0.0,0.0,0.0,1.0,0.0,0.0,False,0.05,5.0,0,False
J0247,C0535,0.0,0.0,0.425,0.0,1.0,0.0,0.0,False,0.114,11.4,0,False
J0247,C0490,0.0,0.0,0.325,0.0,1.0,0.0,0.0,False,0.099,9.9,0,False
J0247,C0093,0.0,0.0,0.0,0.0,1.0,0.0,0.0,False,0.05,5.0,0,False
J0247,C0544,0.8,0.792,0.55,0.4,1.0,0.17,0.91,True,0.668,66.8,2,True
J0247,C0058,0.2,1.0,1.0,0.2,1.0,0.0,0.99,False,0.5,50.0,0,False
J0248,C0177,0.667,1.0,1.0,0.667,1.0,0.14,0.98,True,0.747,74.7,3,True
J0248,C0415,1.0,1.0,1.0,0.667,1.0,0.0,0.92,True,0.867,86.7,3,True
J0248,C0148,1.0,1.0,1.0,0.0,1.0,0.0,0.707,True,0.8,80.0,3,True
J0248,C0049,0.333,1.0,1.0,0.333,1.0,0.0,0.97,True,0.567,56.7,1,False
J0248,C0173,0.333,1.0,1.0,0.0,1.0,0.31,0.92,True,0.564,56.4,1,False
J0248,C0230,0.667,0.75,1.0,0.333,1.0,0.0,0.885,True,0.65,65.0,2,True
J0248,C0438,0.333,0.5,1.0,0.0,1.0,0.0,0.78,True,0.433,43.3,1,False
J0248,C0103,0.333,0.5,1.0,0.0,0.5,0.0,0.78,True,0.408,40.8,0,False
J0248,C0072,1.0,1.0,1.0,0.333,1.0,0.19,0.897,True,0.852,85.2,3,True
J0248,C0042,0.667,1.0,1.0,0.333,1.0,0.0,0.895,True,0.7,70.0,2,True
J0248,C0088,0.667,1.0,1.0,0.667,1.0,0.0,0.98,True,0.733,73.3,2,True
J0248,C0377,0.333,1.0,1.0,0.333,1.0,0.18,0.99,True,0.585,58.5,1,False
J0248,C0556,0.333,1.0,1.0,0.0,1.0,0.0,0.6,True,0.533,53.3,1,False
J0248,C0384,0.333,1.0,1.0,0.0,1.0,0.81,0.94,True,0.614,61.4,2,True
J0248,C0530,0.0,0.0,1.0,0.0,1.0,0.0,0.0,False,0.2,20.0,0,False
J0248,C0505,0.0,0.0,1.0,0.0,1.0,0.0,0.0,False,0.2,20.0,0,False
J0248,C0116,0.667,1.0,1.0,0.333,1.0,0.35,0.945,False,0.735,73.5,2,True
J0248,C0493,0.667,0.75,1.0,0.333,1.0,0.0,0.785,False,0.65,65.0,3,True
J0248,C0083,0.0,0.0,1.0,0.0,1.0,0.0,0.0,False,0.2,20.0,0,False
J0248,C0525,0.0,0.0,1.0,0.0,1.0,0.0,0.0,False,0.2,20.0,0,False
J0248,C0321,0.0,0.0,1.0,0.0,1.0,0.0,0.0,False,0.2,20.0,0,False
J0248,C0399,0.0,0.0,1.0,0.0,1.0,0.0,0.0,False,0.2,20.0,0,False
J0248,C0035,0.0,0.0,1.0,0.0,1.0,0.0,0.0,False,0.2,20.0,0,False
J0248,C0390,0.0,0.0,1.0,0.0,1.0,0.0,0.0,True,0.2,20.0,0,False
J0248,C0483,0.0,0.0,1.0,0.0,1.0,0.0,0.0,False,0.2,20.0,0,False
J0249,C0091,0.75,0.444,1.0,0.5,0.5,0.28,0.953,True,0.642,64.2,2,True
J0249,C0203,0.5,0.417,1.0,0.25,1.0,0.325,0.945,True,0.541,54.1,1,False
J0249,C0416,1.0,0.583,1.0,0.0,1.0,0.0,0.69,True,0.717,71.7,2,True
J0249,C0516,0.75,0.556,1.0,0.25,1.0,0.69,0.897,True,0.705,70.5,2,True
J0249,C0512,1.0,0.583,1.0,0.0,1.0,0.0,0.755,True,0.717,71.7,2,True
J0249,C0409,0.75,0.889,1.0,0.0,1.0,0.0,0.727,True,0.678,67.8,2,True
J0249,C0037,1.0,0.833,1.0,0.25,1.0,0.75,0.818,True,0.867,86.7,3,True
J0249,C0326,0.75,0.444,1.0,0.0,1.0,0.0,0.72,True,0.589,58.9,1,False
J0249,C0180,1.0,0.792,1.0,0.5,1.0,0.0,0.895,True,0.808,80.8,3,True
J0249,C0158,0.5,1.0,1.0,0.0,1.0,0.0,0.8,True,0.6,60.0,1,False
J0249,C0028,1.0,0.708,1.0,0.25,1.0,0.61,0.788,True,0.828,82.8,3,True
J0249,C0075,0.75,0.778,1.0,0.0,1.0,0.0,0.72,True,0.656,65.6,1,False
J0249,C0021,0.25,1.0,1.0,0.25,1.0,0.5,0.99,True,0.575,57.5,1,False
J0249,C0373,1.0,1.0,1.0,0.5,1.0,0.94,0.895,True,0.944,94.4,3,True
J0249,C0235,0.25,0.5,1.0,0.0,1.0,0.0,0.78,False,0.4,40.0,0,False
J0249,C0372,0.0,0.0,1.0,0.0,1.0,0.0,0.0,False,0.2,20.0,0,False
J0249,C0366,0.0,0.0,1.0,0.0,1.0,0.0,0.0,False,0.2,20.0,0,False
J0249,C0527,0.75,0.667,1.0,0.0,1.0,0.0,0.593,True,0.633,63.3,3,True
J0249,C0201,0.0,0.0,1.0,0.0,1.0,0.0,0.0,False,0.2,20.0,0,False
J0249,C0079,0.0,0.0,1.0,0.0,0.0,0.0,0.0,False,0.15,15.0,0,False
J0249,C0025,0.0,0.0,1.0,0.0,1.0,0.0,0.0,False,0.2,20.0,0,False
J0249,C0447,0.0,0.0,1.0,0.0,1.0,0.0,0.0,False,0.2,20.0,0,False
J0249,C0154,0.0,0.0,1.0,0.0,1.0,0.0,0.0,False,0.2,20.0,0,False
J0249,C0088,0.0,0.0,1.0,0.0,1.0,0.0,0.0,False,0.2,20.0,0,False
J0249,C0165,0.0,0.0,1.0,0.0,1.0,0.0,0.0,False,0.2,20.0,0,False
J0250,C0340,0.5,0.667,0.65,0.0,1.0,0.0,0.7,True,0.481,48.1,1,False
J0250,C0561,1.0,1.0,1.0,0.25,0.5,0.0,0.853,True,0.8,80.0,3,True
J0250,C0589,0.5,0.833,1.0,0.25,0.5,0.525,0.965,True,0.619,61.9,1,False
J0250,C0428,0.75,0.389,0.0,0.5,1.0,0.0,0.913,True,0.478,47.8,1,False
J0250,C0474,0.5,0.333,0.0,0.5,1.0,0.18,0.98,True,0.385,38.5,1,False
J0250,C0145,0.75,1.0,1.0,0.25,1.0,0.0,0.797,True,0.725,72.5,3,True
J0250,C0316,0.75,0.889,0.7,0.0,1.0,0.0,0.787,True,0.633,63.3,2,True
J0250,C0391,0.5,0.417,0.25,0.25,1.0,0.0,0.885,True,0.396,39.6,0,False
J0250,C0276,0.75,0.889,0.7,0.5,0.5,0.67,0.86,True,0.725,72.5,2,True
J0250,C0059,0.5,0.5,0.275,0.25,0.5,0.3,0.945,True,0.421,42.1,0,False
J0250,C0256,0.75,0.889,0.5,0.0,1.0,0.0,0.74,True,0.603,60.3,2,True
J0250,C0315,0.75,0.722,0.75,0.25,1.0,0.88,0.897,True,0.72,72.0,2,True
J0250,C0247,1.0,0.75,0.575,0.25,1.0,0.443,0.917,True,0.756,75.6,3,True
J0250,C0491,0.5,0.5,0.0,0.25,1.0,0.23,0.935,True,0.398,39.8,0,False
J0250,C0341,0.25,1.0,0.75,0.0,1.0,0.0,0.6,False,0.462,46.2,1,False
J0250,C0024,0.0,0.0,0.525,0.0,1.0,0.0,0.0,False,0.129,12.9,0,False
J0250,C0554,0.0,0.0,0.85,0.0,1.0,0.0,0.0,False,0.178,17.8,0,False
J0250,C0513,0.25,0.667,0.0,0.0,1.0,0.0,0.6,False,0.283,28.3,0,False
J0250,C0162,0.25,1.0,0.0,0.0,1.0,0.0,0.6,False,0.35,35.0,0,False
J0250,C0007,0.0,0.0,0.0,0.0,1.0,0.0,0.0,False,0.05,5.0,0,False
J0250,C0212,0.0,0.0,0.0,0.0,1.0,0.0,0.0,False,0.05,5.0,0,False
J0250,C0101,0.0,0.0,1.0,0.0,1.0,0.0,0.0,False,0.2,20.0,0,False
J0250,C0119,0.5,0.833,0.45,0.0,1.0,0.5,0.76,False,0.534,53.4,1,False
J0250,C0565,0.0,0.0,0.9,0.0,1.0,0.0,0.0,False,0.185,18.5,0,False
J0250,C0432,0.5,0.583,0.0,0.0,1.0,0.0,0.69,False,0.367,36.7,0,False
J0251,C0001,0.75,0.889,0.68,0.25,1.0,0.0,0.723,True,0.655,65.5,3,True
J0251,C0558,0.5,0.667,0.0,0.25,1.0,0.0,0.685,True,0.408,40.8,0,False
J0251,C0428,0.5,0.417,0.0,0.25,1.0,0.0,0.785,True,0.358,35.8,0,False
J0251,C0059,0.0,0.0,0.22,0.0,0.5,0.0,0.0,True,0.058,5.8,0,False
J0251,C0391,0.5,0.417,0.2,0.0,1.0,0.15,0.86,True,0.378,37.8,1,False
J0251,C0440,1.0,1.0,0.52,0.75,1.0,0.56,0.968,True,0.859,85.9,3,True
J0251,C0145,0.75,0.889,0.9,0.25,1.0,0.0,0.797,True,0.688,68.8,3,True
J0251,C0315,0.75,0.722,0.6,0.0,1.0,0.78,0.88,True,0.662,66.2,2,True
J0251,C0474,0.0,0.0,0.0,0.0,1.0,0.0,0.0,True,0.05,5.0,0,False
J0251,C0530,0.25,0.5,0.0,0.25,1.0,0.18,0.99,True,0.293,29.3,0,False
J0251,C0316,1.0,0.833,0.56,0.25,1.0,0.0,0.787,True,0.726,72.6,3,True
J0251,C0277,0.75,0.611,0.42,0.0,1.0,0.2,0.833,True,0.555,55.5,2,True
J0251,C0567,0.5,1.0,0.88,0.0,1.0,0.0,0.79,True,0.582,58.2,1,False
J0251,C0297,1.0,0.708,0.36,0.0,1.0,0.0,0.81,True,0.646,64.6,1,False
J0251,C0415,0.0,0.0,0.24,0.0,1.0,0.0,0.0,False,0.086,8.6,0,False
J0251,C0146,0.0,0.0,0.0,0.0,0.5,0.0,0.0,False,0.025,2.5,0,False
J0251,C0259,0.25,1.0,0.48,0.0,1.0,0.0,0.8,False,0.422,42.2,0,False
J0251,C0336,0.25,1.0,0.32,0.25,1.0,0.84,0.99,False,0.507,50.7,1,False
J0251,C0345,0.0,0.0,0.84,0.0,1.0,0.0,0.0,False,0.176,17.6,0,False
J0251,C0202,0.0,0.0,0.34,0.0,0.5,0.0,0.0,False,0.076,7.6,0,False
J0251,C0090,0.0,0.0,0.48,0.0,1.0,0.0,0.0,False,0.122,12.2,0,False
J0251,C0053,0.25,0.5,0.64,0.25,1.0,0.0,0.99,False,0.371,37.1,1,False
J0251,C0038,0.25,1.0,0.0,0.25,1.0,0.0,0.97,False,0.375,37.5,0,False
J0251,C0274,0.0,0.0,0.0,0.0,1.0,0.0,0.0,False,0.05,5.0,0,False
J0252,C0129,0.8,0.917,1.0,0.0,1.0,0.97,0.835,True,0.8,80.0,3,True
J0252,C0524,0.8,1.0,1.0,0.4,1.0,0.0,0.9,True,0.76,76.0,3,True
J0252,C0431,0.6,0.556,0.0,0.4,1.0,0.0,0.853,True,0.441,44.1,0,False
J0252,C0308,0.6,0.333,0.0,0.0,1.0,0.16,0.813,True,0.373,37.3,0,False
J0252,C0353,0.0,0.0,0.35,0.0,0.5,0.0,0.0,True,0.078,7.8,0,False
J0252,C0264,0.6,0.444,0.6,0.0,1.0,0.375,0.86,True,0.506,50.6,1,False
J0252,C0493,0.6,0.667,0.0,0.2,1.0,0.0,0.783,True,0.443,44.3,0,False
J0252,C0082,0.4,1.0,1.0,0.0,1.0,0.74,0.75,True,0.634,63.4,2,True
J0252,C0206,0.4,0.333,0.0,0.0,1.0,0.25,0.92,True,0.302,30.2,0,False
J0252,C0407,0.8,0.5,0.0,0.2,1.0,0.32,0.772,True,0.522,52.2,1,False
J0252,C0559,0.8,0.417,0.0,0.4,1.0,0.42,0.795,True,0.535,53.5,1,False
J0252,C0424,0.8,0.833,1.0,0.4,0.5,0.0,0.85,True,0.702,70.2,2,True
J0252,C0134,0.8,0.917,0.8,0.0,1.0,0.0,0.66,True,0.673,67.3,2,True
J0252,C0267,0.6,0.556,0.0,0.0,1.0,0.44,0.633,True,0.445,44.5,1,False
J0252,C0260,0.2,1.0,1.0,0.0,1.0,0.0,0.8,False,0.48,48.0,1,False
J0252,C0364,0.2,0.333,0.5,0.0,1.0,0.0,0.8,False,0.272,27.2,0,False
J0252,C0538,0.2,0.333,1.0,0.2,1.0,0.27,0.99,False,0.394,39.4,0,False
J0252,C0083,0.0,0.0,0.0,0.0,1.0,0.0,0.0,False,0.05,5.0,0,False
J0252,C0290,0.0,0.0,0.0,0.0,1.0,0.0,0.0,False,0.05,5.0,0,False
J0252,C0236,0.6,0.444,0.0,0.0,1.0,0.58,0.767,False,0.437,43.7,1,False
J0252,C0007,0.0,0.0,0.0,0.0,1.0,0.0,0.0,False,0.05,5.0,0,False
J0252,C0150,0.8,0.667,0.0,0.0,0.5,0.66,0.675,True,0.544,54.4,1,False
J0252,C0198,0.4,0.5,0.0,0.0,1.0,0.0,0.69,False,0.31,31.0,0,False
J0252,C0294,0.0,0.0,0.9,0.0,0.5,0.0,0.0,False,0.16,16.0,0,False
J0252,C0358,0.0,0.0,1.0,0.0,0.5,0.0,0.0,False,0.175,17.5,0,False
J0253,C0555,0.75,0.889,0.733,0.75,1.0,0.0,0.99,True,0.713,71.3,2,True
J0253,C0542,0.75,0.611,0.0,0.5,1.0,0.15,0.913,True,0.537,53.7,1,False
J0253,C0524,1.0,1.0,1.0,0.75,1.0,0.0,0.943,True,0.875,87.5,3,True
J0253,C0129,0.75,1.0,0.933,0.0,1.0,0.97,0.847,True,0.787,78.7,3,True
J0253,C0424,0.5,0.833,0.833,0.5,0.5,0.0,0.99,True,0.567,56.7,1,False
J0253,C0217,0.5,0.833,0.0,0.0,1.0,0.34,0.91,True,0.451,45.1,1,False
J0253,C0356,0.75,0.611,0.0,0.5,1.0,0.0,0.847,True,0.522,52.2,1,False
J0253,C0587,1.0,0.917,0.633,0.0,0.5,0.95,0.775,True,0.798,79.8,3,True
J0253,C0372,0.75,0.611,0.333,0.0,1.0,0.0,0.593,True,0.522,52.2,1,False
J0253,C0150,0.75,0.722,0.0,0.0,0.5,0.66,0.7,True,0.535,53.5,1,False
J0253,C0085,0.5,0.75,0.267,0.0,1.0,0.0,0.8,True,0.44,44.0,1,False
J0253,C0359,0.5,0.667,0.467,0.25,1.0,0.0,0.795,True,0.478,47.8,0,False
J0253,C0407,0.75,0.611,0.0,0.25,1.0,0.32,0.817,True,0.529,52.9,1,False
J0253,C0470,0.75,1.0,1.0,0.0,1.0,0.84,0.707,True,0.784,78.4,3,True
J0253,C0325,0.75,0.889,1.0,0.25,1.0,0.6,0.877,True,0.763,76.3,3,True
J0253,C0363,0.0,0.0,0.5,0.0,1.0,0.0,0.0,False,0.125,12.5,0,False
J0253,C0338,0.25,1.0,0.0,0.0,1.0,0.0,0.78,False,0.35,35.0,0,False
J0253,C0458,0.0,0.0,0.0,0.0,1.0,0.0,0.0,False,0.05,5.0,0,False
J0253,C0428,0.0,0.0,0.0,0.0,1.0,0.0,0.0,False,0.05,5.0,0,False
J0253,C0006,0.0,0.0,1.0,0.0,1.0,0.0,0.0,False,0.2,20.0,0,False
J0253,C0517,0.5,0.833,0.0,0.0,0.5,0.0,0.78,False,0.392,39.2,0,False
J0253,C0485,0.0,0.0,0.0,0.0,0.0,0.0,0.0,False,0.0,0.0,0,False
J0253,C0567,0.0,0.0,1.0,0.0,1.0,0.0,0.0,False,0.2,20.0,0,False
J0253,C0119,0.0,0.0,0.6,0.0,1.0,0.0,0.0,False,0.14,14.0,0,False
J0253,C0464,0.0,0.0,0.0,0.0,1.0,0.0,0.0,False,0.05,5.0,0,False
J0254,C0317,0.4,0.75,0.0,0.2,1.0,0.0,0.685,True,0.38,38.0,1,False
J0254,C0176,0.4,1.0,0.52,0.0,1.0,0.54,0.87,True,0.542,54.2,1,False
J0254,C0488,0.6,0.667,0.0,0.2,1.0,0.0,0.79,True,0.443,44.3,1,False
J0254,C0010,0.2,1.0,0.34,0.2,1.0,0.0,0.99,True,0.401,40.1,1,False
J0254,C0102,0.6,1.0,0.4,0.2,1.0,0.54,0.83,True,0.624,62.4,1,False
J0254,C0232,0.4,0.75,0.0,0.2,1.0,0.0,0.795,True,0.38,38.0,0,False
J0254,C0038,1.0,0.833,0.0,0.2,1.0,0.46,0.73,True,0.683,68.3,2,True
J0254,C0425,0.2,1.0,0.36,0.0,1.0,0.52,0.92,True,0.436,43.6,1,False
J0254,C0089,0.4,0.5,0.26,0.0,1.0,0.0,0.69,True,0.349,34.9,0,False
J0254,C0074,0.6,1.0,1.0,0.0,1.0,0.92,0.84,True,0.732,73.2,3,True
J0254,C0468,0.6,0.667,0.26,0.0,1.0,0.45,0.88,True,0.507,50.7,1,False
J0254,C0294,0.4,1.0,0.36,0.2,0.5,0.0,0.885,True,0.459,45.9,1,False
J0254,C0522,0.6,1.0,0.52,0.0,1.0,0.86,0.847,True,0.654,65.4,2,True
J0254,C0435,0.6,0.889,0.74,0.2,1.0,0.0,0.663,True,0.599,59.9,1,False
J0254,C0039,0.2,0.5,0.0,0.2,0.5,0.0,0.99,True,0.225,22.5,0,False
J0254,C0414,0.0,0.0,0.44,0.0,0.0,0.0,0.0,False,0.066,6.6,0,False
J0254,C0277,0.0,0.0,0.42,0.0,1.0,0.0,0.0,False,0.113,11.3,0,False
J0254,C0343,0.2,1.0,0.68,0.0,1.0,0.42,0.9,False,0.474,47.4,1,False
J0254,C0599,0.4,0.75,0.0,0.0,1.0,0.0,0.6,False,0.36,36.0,0,False
J0254,C0439,0.2,0.5,0.0,0.0,1.0,0.0,0.78,False,0.23,23.0,0,False
J0254,C0238,0.0,0.0,0.0,0.0,1.0,0.0,0.0,False,0.05,5.0,0,False
J0254,C0096,0.2,1.0,0.44,0.2,1.0,0.0,0.99,False,0.416,41.6,0,False
J0254,C0547,0.0,0.0,0.0,0.0,1.0,0.0,0.0,False,0.05,5.0,0,False
J0254,C0538,0.8,0.917,0.54,0.6,1.0,0.407,0.963,True,0.735,73.5,3,True
J0254,C0502,0.8,0.583,0.0,0.4,1.0,0.0,0.88,True,0.527,52.7,1,False
J0255,C0393,0.8,0.708,0.85,0.0,1.0,0.0,0.7,True,0.639,63.9,3,True
J0255,C0036,0.8,0.708,0.0,0.4,1.0,0.59,0.745,True,0.611,61.1,1,False
J0255,C0594,0.4,0.667,0.55,0.2,0.5,0.0,0.875,True,0.421,42.1,0,False
J0255,C0349,1.0,0.933,1.0,0.4,1.0,0.47,0.832,True,0.874,87.4,3,True
J0255,C0562,0.6,0.833,1.0,0.4,1.0,0.44,0.967,True,0.691,69.1,2,True
J0255,C0321,0.6,0.556,0.0,0.2,1.0,0.27,0.823,True,0.448,44.8,0,False
J0255,C0388,1.0,0.933,1.0,0.4,1.0,0.0,0.88,True,0.827,82.7,3,True
J0255,C0575,0.2,1.0,1.0,0.2,1.0,0.5,0.99,True,0.55,55.0,1,False
J0255,C0332,0.8,0.542,0.0,0.4,1.0,0.18,0.885,True,0.536,53.6,1,False
J0255,C0403,0.6,0.389,0.0,0.4,1.0,0.0,0.847,True,0.408,40.8,0,False
J0255,C0098,1.0,0.6,0.0,0.2,0.5,0.0,0.698,True,0.565,56.5,1,False
J0255,C0100,0.8,0.833,1.0,0.2,1.0,0.51,0.797,True,0.758,75.8,3,True
J0255,C0222,0.2,1.0,0.0,0.0,1.0,0.54,0.92,True,0.384,38.4,0,False
J0255,C0593,0.4,0.583,0.0,0.0,1.0,0.375,0.89,True,0.364,36.4,0,False
J0255,C0448,0.0,0.0,0.0,0.0,1.0,0.0,0.0,False,0.05,5.0,0,False
J0255,C0021,0.2,0.333,0.0,0.0,1.0,0.0,0.6,False,0.197,19.7,0,False
J0255,C0583,0.2,0.333,0.0,0.0,1.0,0.0,0.6,False,0.197,19.7,0,False
J0255,C0380,0.6,0.444,0.0,0.4,1.0,0.0,0.913,True,0.419,41.9,0,False
J0255,C0519,0.4,0.583,0.0,0.2,1.0,0.0,0.785,True,0.347,34.7,0,False
J0255,C0398,0.0,0.0,1.0,0.0,1.0,0.0,0.0,False,0.2,20.0,0,False
J0255,C0063,0.0,0.0,0.0,0.0,1.0,0.0,0.0,False,0.05,5.0,0,False
J0255,C0341,0.2,0.667,1.0,0.0,1.0,0.0,0.6,False,0.413,41.3,0,False
J0255,C0018,0.0,0.0,1.0,0.0,0.0,0.0,0.0,False,0.15,15.0,0,False
J0255,C0342,0.2,0.667,1.0,0.0,1.0,0.0,0.78,False,0.413,41.3,0,False
J0255,C0363,0.4,0.833,0.75,0.2,1.0,0.0,0.795,True,0.509,50.9,1,False
J0256,C0423,0.4,0.75,1.0,0.4,1.0,0.27,0.99,True,0.577,57.7,1,False
J0256,C0074,0.8,1.0,1.0,0.0,1.0,0.81,0.835,True,0.801,80.1,3,True
J0256,C0242,0.6,0.833,1.0,0.0,1.0,0.0,0.727,True,0.607,60.7,2,True
J0256,C0528,0.2,0.5,1.0,0.0,1.0,0.38,0.92,True,0.418,41.8,0,False
J0256,C0364,0.6,0.667,1.0,0.2,1.0,0.0,0.87,True,0.593,59.3,1,False
J0256,C0469,0.6,1.0,1.0,0.4,1.0,0.0,0.927,True,0.68,68.0,2,True
J0256,C0505,0.4,1.0,1.0,0.0,1.0,0.0,0.69,True,0.56,56.0,1,False
J0256,C0557,0.4,1.0,1.0,0.2,1.0,0.0,0.685,True,0.58,58.0,1,False
J0256,C0076,0.4,0.75,1.0,0.0,1.0,0.4,0.65,True,0.55,55.0,1,False
J0256,C0102,0.8,0.875,1.0,0.4,1.0,0.54,0.87,True,0.789,78.9,3,True
J0256,C0133,0.6,0.5,1.0,0.2,1.0,0.28,0.83,True,0.588,58.8,1,False
J0256,C0294,0.8,1.0,1.0,0.6,0.5,0.0,0.938,True,0.755,75.5,3,True
J0256,C0086,0.6,0.833,1.0,0.2,1.0,0.515,0.83,True,0.678,67.8,2,True
J0256,C0272,0.6,0.667,1.0,0.2,1.0,0.31,0.83,True,0.624,62.4,1,False
J0256,C0489,0.2,1.0,1.0,0.0,1.0,0.0,0.6,False,0.48,48.0,1,False
J0256,C0349,0.0,0.0,1.0,0.0,1.0,0.0,0.0,False,0.2,20.0,0,False
J0256,C0223,0.4,0.75,1.0,0.0,0.5,0.0,0.78,False,0.485,48.5,0,False
J0256,C0525,0.0,0.0,1.0,0.0,1.0,0.0,0.0,False,0.2,20.0,0,False
J0256,C0043,0.0,0.0,1.0,0.0,1.0,0.0,0.0,False,0.2,20.0,0,False
J0256,C0599,0.2,0.5,1.0,0.0,1.0,0.0,0.6,False,0.38,38.0,1,False
J0256,C0119,0.2,1.0,1.0,0.0,1.0,0.0,0.6,False,0.48,48.0,1,False
J0256,C0369,0.0,0.0,1.0,0.0,1.0,0.0,0.0,False,0.2,20.0,0,False
J0256,C0553,0.2,0.5,1.0,0.0,1.0,0.0,0.78,False,0.38,38.0,0,False
J0256,C0527,0.2,0.5,1.0,0.0,1.0,0.0,0.78,False,0.38,38.0,0,False
J0256,C0277,0.0,0.0,1.0,0.0,1.0,0.0,0.0,False,0.2,20.0,0,False
J0257,C0380,0.75,0.444,0.0,0.25,1.0,0.18,0.883,True,0.482,48.2,0,False
J0257,C0017,0.0,0.0,0.0,0.0,1.0,0.0,0.0,True,0.05,5.0,0,False
J0257,C0495,0.25,0.333,0.625,0.0,1.0,0.39,0.92,True,0.349,34.9,0,False
J0257,C0067,0.75,0.556,0.0,0.0,1.0,0.0,0.72,True,0.461,46.1,1,False
J0257,C0349,0.75,1.0,1.0,0.0,1.0,0.77,0.807,True,0.777,77.7,2,True
J0257,C0386,0.5,0.333,0.0,0.0,1.0,0.0,0.69,True,0.317,31.7,0,False
J0257,C0034,0.5,0.333,0.0,0.5,1.0,0.0,0.96,True,0.367,36.7,0,False
J0257,C0487,0.5,0.5,0.55,0.25,1.0,0.0,0.905,True,0.458,45.8,1,False
J0257,C0593,0.5,0.333,0.0,0.0,1.0,0.14,0.84,True,0.331,33.1,0,False
J0257,C0162,0.75,0.5,0.0,0.25,1.0,0.33,0.79,True,0.508,50.8,0,False
J0257,C0544,0.75,0.778,0.55,0.25,1.0,0.0,0.717,True,0.613,61.3,2,True
J0257,C0464,0.25,0.333,0.0,0.25,1.0,0.15,0.99,True,0.257,25.7,0,False
J0257,C0576,0.75,0.556,0.625,0.5,1.0,0.52,0.927,True,0.657,65.7,2,True
J0257,C0521,0.25,1.0,1.0,0.0,1.0,0.0,0.78,True,0.5,50.0,1,False
J0257,C0048,0.0,0.0,0.0,0.0,1.0,0.0,0.0,False,0.05,5.0,0,False
J0257,C0477,0.25,0.333,0.0,0.0,1.0,0.0,0.78,False,0.217,21.7,0,False
J0257,C0175,0.75,0.778,0.0,0.0,1.0,0.0,0.72,True,0.506,50.6,1,False
J0257,C0203,0.0,0.0,0.0,0.0,1.0,0.0,0.0,False,0.05,5.0,0,False
J0257,C0403,0.25,0.333,0.0,0.25,1.0,0.0,0.95,True,0.242,24.2,0,False
J0257,C0163,0.25,0.667,0.2,0.0,0.5,0.61,0.9,False,0.349,34.9,1,False
J0257,C0328,0.0,0.0,0.0,0.0,0.5,0.0,0.0,False,0.025,2.5,0,False
J0257,C0574,0.0,0.0,0.0,0.0,1.0,0.0,0.0,False,0.05,5.0,0,False
J0257,C0307,0.0,0.0,0.0,0.0,0.0,0.0,0.0,False,0.0,0.0,0,False
J0257,C0033,0.5,0.5,0.4,0.5,1.0,0.13,0.98,True,0.473,47.3,1,False
J0257,C0300,0.0,0.0,0.0,0.0,1.0,0.0,0.0,False,0.05,5.0,0,False
J0258,C0018,0.333,1.0,1.0,0.333,1.0,0.0,0.99,True,0.567,56.7,1,False
J0258,C0249,0.333,1.0,1.0,0.333,1.0,0.57,0.99,True,0.624,62.4,2,True
J0258,C0289,0.667,0.833,0.95,0.0,1.0,0.0,0.7,True,0.626,62.6,2,True
J0258,C0442,1.0,0.778,0.0,1.0,1.0,0.34,0.983,True,0.74,74.0,2,True
J0258,C0282,0.0,0.0,0.0,0.0,1.0,0.0,0.0,True,0.05,5.0,0,False
J0258,C0140,0.0,0.0,0.85,0.0,1.0,0.0,0.0,True,0.178,17.8,0,False
J0258,C0462,1.0,0.778,0.0,1.0,1.0,0.32,0.983,True,0.738,73.8,2,True
J0258,C0414,0.667,0.833,1.0,0.667,1.0,0.0,0.98,True,0.7,70.0,2,True
J0258,C0130,0.667,0.667,1.0,0.667,1.0,0.0,0.98,True,0.667,66.7,2,True
J0258,C0485,0.667,1.0,0.0,0.667,1.0,0.18,0.99,True,0.601,60.1,1,False
J0258,C0531,0.333,0.667,1.0,0.333,1.0,0.69,0.99,True,0.569,56.9,1,False
J0258,C0292,0.667,0.667,0.0,0.0,1.0,0.43,0.9,True,0.493,49.3,0,False
J0258,C0013,0.333,0.667,0.95,0.333,1.0,0.59,0.99,True,0.552,55.2,1,False
J0258,C0291,0.333,1.0,1.0,0.333,1.0,0.78,0.99,True,0.645,64.5,2,True
J0258,C0181,0.0,0.0,1.0,0.0,1.0,0.0,0.0,False,0.2,20.0,0,False
J0258,C0549,0.0,0.0,1.0,0.0,1.0,0.0,0.0,False,0.2,20.0,0,False
J0258,C0453,0.0,0.0,1.0,0.0,1.0,0.0,0.0,False,0.2,20.0,0,False
J0258,C0186,0.0,0.0,1.0,0.0,1.0,0.0,0.0,False,0.2,20.0,0,False
J0258,C0207,0.0,0.0,1.0,0.0,1.0,0.0,0.0,False,0.2,20.0,0,False
J0258,C0570,0.0,0.0,1.0,0.0,1.0,0.0,0.0,False,0.2,20.0,0,False
J0258,C0378,0.0,0.0,1.0,0.0,1.0,0.0,0.0,False,0.2,20.0,0,False
J0258,C0413,0.0,0.0,1.0,0.0,1.0,0.0,0.0,False,0.2,20.0,0,False
J0258,C0338,0.0,0.0,0.0,0.0,1.0,0.0,0.0,False,0.05,5.0,0,False
J0258,C0430,0.0,0.0,0.0,0.0,1.0,0.0,0.0,False,0.05,5.0,0,False
J0259,C0294,0.6,0.833,0.36,0.2,0.5,0.0,0.797,True,0.506,50.6,1,False
J0259,C0237,0.4,1.0,0.8,0.0,1.0,0.0,0.8,True,0.53,53.0,1,False
J0259,C0538,0.8,0.875,0.54,0.6,1.0,0.395,0.942,True,0.726,72.6,3,True
J0259,C0432,0.2,0.5,0.0,0.0,1.0,0.0,0.6,True,0.23,23.0,0,False
J0259,C0336,0.6,1.0,0.32,0.4,1.0,0.777,0.967,True,0.656,65.6,2,True
J0259,C0093,0.6,0.667,0.0,0.0,1.0,0.0,0.647,True,0.423,42.3,0,False
J0259,C0052,0.4,1.0,0.42,0.0,1.0,0.0,0.81,True,0.473,47.3,1,False
J0259,C0089,0.8,0.5,0.26,0.0,1.0,0.0,0.745,True,0.509,50.9,1,False
J0259,C0578,0.4,0.5,0.0,0.0,1.0,0.215,0.91,True,0.332,33.2,0,False
J0259,C0528,0.6,0.833,0.0,0.2,1.0,0.38,0.897,True,0.515,51.5,1,False
J0259,C0309,0.8,1.0,0.38,0.0,1.0,0.0,0.65,True,0.627,62.7,1,False
J0259,C0176,0.4,1.0,0.52,0.0,1.0,0.0,0.8,True,0.488,48.8,1,False
J0259,C0488,0.8,0.5,0.0,0.2,1.0,0.4,0.868,True,0.53,53.0,1,False
J0259,C0279,0.8,0.75,0.0,0.0,1.0,0.33,0.765,True,0.553,55.3,1,False
J0259,C0531,0.0,0.0,1.0,0.0,0.0,0.0,0.0,False,0.15,15.0,0,False
J0259,C0041,0.4,0.75,0.0,0.0,1.0,0.3,0.75,False,0.39,39.0,0,False
J0259,C0013,0.0,0.0,0.38,0.0,0.0,0.0,0.0,False,0.057,5.7,0,False
J0259,C0259,0.2,1.0,0.48,0.0,1.0,0.0,0.8,False,0.402,40.2,0,False
J0259,C0564,0.2,1.0,0.0,0.0,1.0,0.0,0.78,False,0.33,33.0,0,False
J0259,C0094,0.0,0.0,0.0,0.0,1.0,0.0,0.0,False,0.05,5.0,0,False
J0259,C0417,0.8,0.875,0.4,0.0,1.0,0.36,0.855,True,0.641,64.1,1,False
J0259,C0572,0.4,0.5,0.0,0.0,1.0,0.0,0.78,False,0.31,31.0,0,False
J0259,C0365,0.8,0.625,0.0,0.4,1.0,0.0,0.745,True,0.535,53.5,1,False
J0259,C0565,0.6,0.667,0.72,0.4,1.0,0.0,0.92,False,0.571,57.1,1,False
J0259,C0317,1.0,0.6,0.0,0.4,1.0,0.31,0.808,True,0.641,64.1,2,True
J0260,C0071,0.5,1.0,1.0,0.0,1.0,0.0,0.7,True,0.6,60.0,1,False
J0260,C0572,0.5,1.0,1.0,0.0,1.0,0.0,0.69,True,0.6,60.0,1,False
J0260,C0210,0.75,1.0,1.0,0.25,1.0,0.0,0.717,True,0.725,72.5,2,True
J0260,C0161,0.5,1.0,1.0,0.25,1.0,0.225,0.945,True,0.648,64.8,2,True
J0260,C0518,0.5,1.0,1.0,0.0,1.0,0.0,0.6,True,0.6,60.0,1,False
J0260,C0314,1.0,1.0,1.0,0.0,0.5,0.84,0.675,True,0.859,85.9,3,True
J0260,C0060,0.25,1.0,1.0,0.0,1.0,0.0,0.82,True,0.5,50.0,0,False
J0260,C0030,0.75,1.0,1.0,0.5,1.0,0.25,0.953,True,0.775,77.5,3,True
J0260,C0214,0.75,1.0,1.0,0.5,1.0,0.0,0.927,True,0.75,75.0,3,True
J0260,C0322,0.5,1.0,1.0,0.5,1.0,0.59,0.98,True,0.709,70.9,3,True
J0260,C0114,1.0,1.0,1.0,0.0,1.0,0.37,0.84,True,0.837,83.7,3,True
J0260,C0310,0.5,1.0,1.0,0.0,1.0,0.9,0.86,True,0.69,69.0,2,True
J0260,C0447,1.0,1.0,1.0,0.0,1.0,0.0,0.695,True,0.8,80.0,3,True
J0260,C0507,0.75,1.0,1.0,0.0,1.0,0.26,0.74,True,0.726,72.6,3,True
J0260,C0207,0.0,0.0,1.0,0.0,1.0,0.0,0.0,False,0.2,20.0,0,False
J0260,C0105,0.25,1.0,1.0,0.0,0.5,0.0,0.78,False,0.475,47.5,1,False
J0260,C0578,0.0,0.0,1.0,0.0,1.0,0.0,0.0,False,0.2,20.0,0,False
J0260,C0476,0.0,0.0,1.0,0.0,1.0,0.0,0.0,False,0.2,20.0,0,False
J0260,C0252,0.25,1.0,1.0,0.0,1.0,0.7,0.92,False,0.57,57.0,1,False
J0260,C0232,0.0,0.0,1.0,0.0,1.0,0.0,0.0,False,0.2,20.0,0,False
J0260,C0050,0.0,0.0,1.0,0.0,1.0,0.0,0.0,False,0.2,20.0,0,False
J0260,C0519,0.0,0.0,1.0,0.0,1.0,0.0,0.0,False,0.2,20.0,0,False
J0260,C0412,0.0,0.0,1.0,0.0,1.0,0.0,0.0,False,0.2,20.0,0,False
J0260,C0522,0.0,0.0,1.0,0.0,1.0,0.0,0.0,False,0.2,20.0,0,False
J0260,C0248,0.0,0.0,1.0,0.0,1.0,0.0,0.0,False,0.2,20.0,0,False
J0261,C0466,1.0,0.433,0.0,0.0,0.5,0.0,0.628,True,0.512,51.2,0,False
J0261,C0343,0.2,0.333,0.68,0.0,1.0,0.2,0.94,True,0.319,31.9,0,False
J0261,C0354,1.0,0.533,0.0,0.0,1.0,0.47,0.76,True,0.604,60.4,2,True
J0261,C0324,0.8,0.333,0.24,0.6,0.5,0.0,0.927,True,0.508,50.8,0,False
J0261,C0489,0.6,0.556,0.16,0.0,1.0,0.0,0.667,True,0.425,42.5,1,False
J0261,C0092,0.8,0.583,0.24,0.0,1.0,0.38,0.735,True,0.561,56.1,1,False
J0261,C0253,0.4,1.0,1.0,0.2,1.0,0.0,0.885,True,0.58,58.0,1,False
J0261,C0163,0.8,0.458,0.16,0.0,0.5,0.435,0.805,True,0.504,50.4,1,False
J0261,C0278,0.4,0.833,0.86,0.4,1.0,0.0,0.99,True,0.546,54.6,1,False
J0261,C0480,0.6,0.556,0.6,0.2,1.0,0.76,0.89,True,0.587,58.7,2,True
J0261,C0138,0.6,1.0,1.0,0.0,1.0,0.867,0.92,True,0.727,72.7,2,True
J0261,C0436,0.8,0.583,0.52,0.0,0.5,0.55,0.775,True,0.595,59.5,1,False
J0261,C0439,0.6,0.5,0.0,0.4,1.0,0.0,0.9,True,0.43,43.0,0,False
J0261,C0265,0.4,0.583,0.0,0.2,1.0,0.0,0.785,True,0.347,34.7,0,False
J0261,C0179,0.0,0.0,0.26,0.0,1.0,0.0,0.0,False,0.089,8.9,0,False
J0261,C0599,0.0,0.0,0.0,0.0,1.0,0.0,0.0,False,0.05,5.0,0,False
J0261,C0055,0.0,0.0,0.0,0.0,1.0,0.0,0.0,False,0.05,5.0,0,False
J0261,C0244,0.4,0.333,0.0,0.0,1.0,0.0,0.69,False,0.277,27.7,0,False
J0261,C0028,0.2,0.5,0.0,0.0,1.0,0.0,0.6,False,0.23,23.0,0,False
J0261,C0428,0.0,0.0,0.0,0.0,1.0,0.0,0.0,False,0.05,5.0,0,False
J0261,C0374,0.0,0.0,0.0,0.0,1.0,0.0,0.0,False,0.05,5.0,0,False
J0261,C0432,0.0,0.0,0.0,0.0,1.0,0.0,0.0,False,0.05,5.0,0,False
J0261,C0304,0.2,1.0,0.32,0.2,0.5,0.0,0.99,False,0.373,37.3,0,False
J0261,C0378,0.0,0.0,0.6,0.0,1.0,0.0,0.0,False,0.14,14.0,0,False
J0261,C0506,0.0,0.0,0.84,0.0,1.0,0.0,0.0,False,0.176,17.6,0,False
J0262,C0253,0.333,1.0,1.0,0.0,1.0,0.0,0.78,True,0.533,53.3,1,False
J0262,C0480,0.667,0.75,1.0,0.667,1.0,0.0,0.99,True,0.683,68.3,2,True
J0262,C0138,0.333,1.0,1.0,0.0,1.0,0.0,0.82,True,0.533,53.3,1,False
J0262,C0600,0.667,1.0,1.0,0.0,1.0,0.0,0.71,True,0.667,66.7,3,True
J0262,C0254,0.333,0.5,1.0,0.0,1.0,0.0,0.6,True,0.433,43.3,1,False
J0262,C0119,0.667,1.0,1.0,0.0,1.0,0.5,0.86,True,0.717,71.7,2,True
J0262,C0385,0.667,0.75,1.0,0.0,1.0,0.4,0.85,True,0.657,65.7,3,True
J0262,C0354,1.0,0.833,1.0,0.0,1.0,0.305,0.853,True,0.797,79.7,3,True
J0262,C0199,0.667,1.0,1.0,0.0,1.0,0.76,0.77,True,0.743,74.3,3,True
J0262,C0288,0.667,0.75,1.0,0.333,1.0,0.0,0.905,True,0.65,65.0,2,True
J0262,C0284,0.333,0.5,1.0,0.0,1.0,0.0,0.4,True,0.433,43.3,0,False
J0262,C0511,0.667,1.0,1.0,0.0,1.0,0.49,0.74,True,0.716,71.6,2,True
J0262,C0563,1.0,1.0,1.0,0.0,1.0,0.0,0.8,True,0.8,80.0,3,True
J0262,C0357,0.667,0.75,1.0,0.667,1.0,0.0,0.98,True,0.683,68.3,2,True
J0262,C0356,0.333,1.0,1.0,0.333,1.0,0.0,0.97,False,0.567,56.7,1,False
J0262,C0291,0.0,0.0,1.0,0.0,1.0,0.0,0.0,False,0.2,20.0,0,False
J0262,C0245,0.0,0.0,1.0,0.0,1.0,0.0,0.0,False,0.2,20.0,0,False
J0262,C0299,0.333,0.5,1.0,0.0,1.0,0.34,0.92,True,0.467,46.7,1,False
J0262,C0345,0.0,0.0,1.0,0.0,1.0,0.0,0.0,False,0.2,20.0,0,False
J0262,C0598,0.0,0.0,1.0,0.0,1.0,0.0,0.0,False,0.2,20.0,0,False
J0262,C0182,0.667,1.0,1.0,0.0,1.0,0.0,0.78,False,0.667,66.7,2,True
J0262,C0014,0.0,0.0,1.0,0.0,1.0,0.0,0.0,False,0.2,20.0,0,False
J0262,C0158,0.333,1.0,1.0,0.0,1.0,0.42,0.9,False,0.575,57.5,1,False
J0262,C0109,0.333,1.0,1.0,0.333,1.0,0.0,0.99,False,0.567,56.7,1,False
J0262,C0252,0.333,1.0,1.0,0.0,1.0,0.13,0.9,False,0.546,54.6,1,False
J0263,C0186,1.0,1.0,1.0,0.333,1.0,0.0,0.857,True,0.833,83.3,3,True
J0263,C0544,1.0,1.0,1.0,0.333,1.0,0.0,0.783,True,0.833,83.3,3,True
J0263,C0369,0.333,1.0,1.0,0.333,1.0,0.0,0.97,True,0.567,56.7,1,False
J0263,C0090,0.0,0.0,1.0,0.0,1.0,0.0,0.0,True,0.2,20.0,0,False
J0263,C0017,0.333,1.0,1.0,0.333,1.0,0.23,0.99,True,0.59,59.0,1,False
J0263,C0098,1.0,0.833,1.0,0.0,0.5,0.0,0.66,True,0.742,74.2,2,True
J0263,C0175,1.0,0.833,1.0,0.333,1.0,0.0,0.783,True,0.8,80.0,3,True
J0263,C0262,0.667,1.0,1.0,0.0,1.0,0.13,0.84,True,0.68,68.0,2,True
J0263,C0107,1.0,0.833,1.0,0.333,1.0,0.0,0.79,True,0.8,80.0,3,True
J0263,C0100,1.0,1.0,1.0,0.333,1.0,0.42,0.91,True,0.875,87.5,3,True
J0263,C0332,0.667,1.0,1.0,0.0,1.0,0.0,0.69,True,0.667,66.7,2,True
J0263,C0155,0.667,0.75,1.0,0.0,1.0,0.37,0.85,True,0.654,65.4,1,False
J0263,C0545,0.667,1.0,1.0,0.0,1.0,0.0,0.8,True,0.667,66.7,2,True
J0263,C0521,0.333,1.0,1.0,0.0,1.0,0.0,0.78,True,0.533,53.3,1,False
J0263,C0060,0.0,0.0,1.0,0.0,1.0,0.0,0.0,False,0.2,20.0,0,False
J0263,C0188,0.0,0.0,1.0,0.0,1.0,0.0,0.0,False,0.2,20.0,0,False
J0263,C0566,0.0,0.0,1.0,0.0,1.0,0.0,0.0,False,0.2,20.0,0,False
J0263,C0479,0.0,0.0,1.0,0.0,1.0,0.0,0.0,False,0.2,20.0,0,False
J0263,C0218,0.0,0.0,1.0,0.0,1.0,0.0,0.0,False,0.2,20.0,0,False
J0263,C0238,0.0,0.0,1.0,0.0,1.0,0.0,0.0,False,0.2,20.0,0,False
J0263,C0263,0.0,0.0,1.0,0.0,1.0,0.0,0.0,False,0.2,20.0,0,False
J0263,C0126,0.0,0.0,1.0,0.0,1.0,0.0,0.0,False,0.2,20.0,0,False
J0263,C0109,0.0,0.0,1.0,0.0,1.0,0.0,0.0,False,0.2,20.0,0,False
J0263,C0453,0.0,0.0,1.0,0.0,1.0,0.0,0.0,False,0.2,20.0,0,False
J0264,C0240,0.6,1.0,1.0,0.0,1.0,0.0,0.533,True,0.64,64.0,2,True
J0264,C0455,0.6,0.444,0.0,0.2,1.0,0.0,0.79,True,0.399,39.9,0,False
J0264,C0221,0.6,0.889,0.8,0.0,1.0,0.0,0.813,True,0.588,58.8,2,True
J0264,C0508,0.8,0.792,0.667,0.0,1.0,0.0,0.76,True,0.628,62.8,2,True
J0264,C0025,0.4,0.583,0.933,0.2,1.0,0.0,0.885,True,0.487,48.7,1,False
J0264,C0233,0.4,0.583,0.6,0.0,1.0,0.5,0.91,True,0.467,46.7,0,False
J0264,C0260,0.0,0.0,1.0,0.0,1.0,0.0,0.0,True,0.2,20.0,0,False
J0264,C0149,0.4,1.0,1.0,0.2,1.0,0.0,0.885,True,0.58,58.0,2,True
J0264,C0165,0.8,0.792,0.0,0.0,1.0,0.7,0.845,True,0.598,59.8,1,False
J0264,C0259,0.6,0.778,0.8,0.0,1.0,0.54,0.847,True,0.62,62.0,2,True
J0264,C0250,0.6,0.389,0.4,0.0,1.0,0.3,0.847,True,0.458,45.8,1,False
J0264,C0160,0.4,0.333,1.0,0.2,1.0,0.0,0.895,True,0.447,44.7,0,False
J0264,C0268,0.4,1.0,1.0,0.0,0.5,0.0,0.79,True,0.535,53.5,1,False
J0264,C0166,0.6,0.444,0.0,0.6,1.0,0.37,0.983,True,0.476,47.6,0,False
J0264,C0182,0.4,0.333,0.233,0.0,1.0,0.0,0.78,False,0.312,31.2,0,False
J0264,C0570,0.2,1.0,1.0,0.2,1.0,0.0,0.99,False,0.5,50.0,1,False
J0264,C0336,0.6,0.778,0.533,0.4,1.0,0.59,0.967,False,0.625,62.5,2,True
J0264,C0486,0.0,0.0,0.433,0.0,1.0,0.0,0.0,False,0.115,11.5,0,False
J0264,C0278,0.4,1.0,1.0,0.2,1.0,0.73,0.955,False,0.653,65.3,2,True
J0264,C0200,0.0,0.0,0.733,0.0,0.0,0.0,0.0,False,0.11,11.0,0,False
J0264,C0216,0.0,0.0,0.0,0.0,1.0,0.0,0.0,False,0.05,5.0,0,False
J0264,C0098,0.2,0.667,0.0,0.2,0.5,0.0,0.95,False,0.258,25.8,0,False
J0264,C0114,0.6,0.778,0.9,0.0,1.0,0.0,0.74,True,0.581,58.1,2,True
J0264,C0425,0.4,1.0,0.6,0.0,1.0,0.0,0.8,False,0.5,50.0,1,False
J0264,C0287,0.6,0.611,0.0,0.0,0.5,0.0,0.713,True,0.387,38.7,0,False
J0265,C0501,0.75,0.611,1.0,0.75,1.0,0.0,0.983,True,0.697,69.7,2,True
J0265,C0467,0.75,0.611,1.0,0.0,1.0,0.3,0.767,True,0.652,65.2,2,True
J0265,C0121,1.0,0.792,1.0,0.25,1.0,0.0,0.843,True,0.783,78.3,3,True
J0265,C0115,0.5,1.0,1.0,0.0,0.5,0.55,0.91,True,0.63,63.0,2,True
J0265,C0223,1.0,0.708,1.0,0.0,0.5,0.0,0.735,True,0.717,71.7,2,True
J0265,C0152,1.0,0.833,1.0,0.25,1.0,0.225,0.772,True,0.814,81.4,3,True
J0265,C0445,0.5,1.0,1.0,0.5,1.0,0.475,0.99,True,0.698,69.8,2,True
J0265,C0305,0.75,0.833,1.0,0.5,1.0,0.0,0.913,True,0.717,71.7,2,True
J0265,C0006,0.75,1.0,1.0,0.0,1.0,0.905,0.88,True,0.791,79.1,3,True
J0265,C0599,0.75,0.889,1.0,0.0,1.0,0.44,0.767,True,0.722,72.2,3,True
J0265,C0341,1.0,0.875,1.0,0.5,1.0,0.87,0.865,True,0.912,91.2,3,True
J0265,C0204,0.5,1.0,1.0,0.0,1.0,0.15,0.9,True,0.615,61.5,2,True
J0265,C0444,0.5,0.417,1.0,0.0,1.0,0.0,0.6,True,0.483,48.3,1,False
J0265,C0506,0.5,1.0,1.0,0.0,1.0,0.72,0.91,True,0.672,67.2,2,True
J0265,C0244,0.0,0.0,1.0,0.0,1.0,0.0,0.0,False,0.2,20.0,0,False
J0265,C0592,0.25,1.0,1.0,0.0,1.0,0.0,0.82,False,0.5,50.0,1,False
J0265,C0556,0.0,0.0,1.0,0.0,1.0,0.0,0.0,False,0.2,20.0,0,False
J0265,C0579,0.0,0.0,1.0,0.0,0.5,0.0,0.0,False,0.175,17.5,0,False
J0265,C0547,0.0,0.0,1.0,0.0,1.0,0.0,0.0,False,0.2,20.0,0,False
J0265,C0039,0.25,1.0,1.0,0.0,0.5,0.0,0.78,False,0.475,47.5,1,False
J0265,C0479,0.25,1.0,1.0,0.0,1.0,0.88,0.9,False,0.588,58.8,1,False
J0265,C0354,0.25,1.0,1.0,0.0,1.0,0.0,0.6,False,0.5,50.0,1,False
J0265,C0050,0.0,0.0,1.0,0.0,1.0,0.0,0.0,False,0.2,20.0,0,False
J0266,C0298,0.0,0.0,1.0,0.0,0.5,0.0,0.0,True,0.175,17.5,0,False
J0266,C0472,0.75,0.611,1.0,0.0,0.5,0.3,0.807,True,0.627,62.7,2,True
J0266,C0137,0.5,0.417,1.0,0.25,1.0,0.32,0.945,True,0.54,54.0,1,False
J0266,C0418,0.75,0.611,1.0,0.5,1.0,0.0,0.853,True,0.672,67.2,2,True
J0266,C0128,0.5,0.417,1.0,0.0,1.0,0.0,0.78,True,0.483,48.3,1,False
J0266,C0053,0.75,0.833,1.0,0.75,1.0,0.0,0.977,True,0.742,74.2,3,True
J0266,C0165,1.0,0.792,1.0,0.0,1.0,0.557,0.835,True,0.814,81.4,3,True
J0266,C0447,0.5,0.583,1.0,0.0,1.0,0.0,0.79,True,0.517,51.7,1,False
J0266,C0275,0.5,0.417,1.0,0.25,1.0,0.0,0.795,True,0.508,50.8,1,False
J0266,C0510,0.25,0.5,1.0,0.0,1.0,0.0,0.82,True,0.4,40.0,1,False
J0266,C0514,1.0,0.542,1.0,0.25,1.0,0.0,0.788,True,0.733,73.3,3,True
J0266,C0310,0.5,1.0,1.0,0.0,1.0,0.0,0.79,True,0.6,60.0,1,False
J0266,C0268,0.0,0.0,1.0,0.0,0.5,0.0,0.0,True,0.175,17.5,0,False
J0266,C0314,0.75,0.889,1.0,0.0,0.5,0.695,0.807,True,0.722,72.2,1,False
J0266,C0513,0.5,0.5,1.0,0.0,1.0,0.0,0.69,False,0.5,50.0,1,False
J0266,C0487,0.0,0.0,1.0,0.0,1.0,0.0,0.0,False,0.2,20.0,0,False
J0266,C0007,0.0,0.0,1.0,0.0,1.0,0.0,0.0,False,0.2,20.0,0,False
J0266,C0273,0.0,0.0,1.0,0.0,1.0,0.0,0.0,False,0.2,20.0,0,False
J0266,C0416,0.0,0.0,1.0,0.0,1.0,0.0,0.0,False,0.2,20.0,0,False
J0266,C0131,0.0,0.0,1.0,0.0,1.0,0.0,0.0,False,0.2,20.0,0,False
J0266,C0547,0.0,0.0,1.0,0.0,1.0,0.0,0.0,False,0.2,20.0,0,False
J0266,C0069,0.25,0.333,1.0,0.25,1.0,0.0,0.99,False,0.392,39.2,0,False
J0266,C0338,0.5,0.333,1.0,0.0,1.0,0.0,0.78,False,0.467,46.7,1,False
J0266,C0256,0.0,0.0,1.0,0.0,1.0,0.0,0.0,False,0.2,20.0,0,False
J0266,C0219,0.0,0.0,1.0,0.0,1.0,0.0,0.0,False,0.2,20.0,0,False
J0267,C0543,1.0,0.917,1.0,0.5,1.0,0.0,0.835,True,0.833,83.3,3,True
J0267,C0286,0.5,0.333,0.0,0.25,1.0,0.0,0.785,True,0.342,34.2,0,False
J0267,C0357,0.5,0.833,1.0,0.25,1.0,0.97,0.945,True,0.689,68.9,2,True
J0267,C0600,0.75,0.778,1.0,0.0,1.0,0.0,0.72,True,0.656,65.6,2,True
J0267,C0513,0.75,0.556,0.0,0.0,1.0,0.0,0.66,True,0.461,46.1,0,False
J0267,C0489,0.75,0.611,0.8,0.0,1.0,0.0,0.533,True,0.592,59.2,1,False
J0267,C0201,0.25,0.333,1.0,0.0,1.0,0.15,0.9,True,0.382,38.2,0,False
J0267,C0068,0.25,0.667,1.0,0.25,1.0,0.58,0.99,True,0.516,51.6,1,False
J0267,C0138,1.0,0.917,1.0,0.0,1.0,0.0,0.805,True,0.783,78.3,3,True
J0267,C0482,0.75,0.556,0.0,0.0,0.5,0.0,0.72,True,0.436,43.6,0,False
J0267,C0119,0.5,0.833,1.0,0.0,1.0,0.5,0.76,True,0.617,61.7,1,False
J0267,C0299,0.5,0.333,0.0,0.5,1.0,0.24,0.98,True,0.391,39.1,0,False
J0267,C0031,0.75,0.778,1.0,0.25,1.0,0.0,0.783,True,0.681,68.1,2,True
J0267,C0477,0.5,0.333,0.0,0.0,1.0,0.265,0.91,True,0.343,34.3,0,False
J0267,C0287,0.5,0.833,0.0,0.0,0.5,0.0,0.68,False,0.392,39.2,0,False
J0267,C0086,0.5,0.583,0.0,0.25,1.0,0.0,0.785,False,0.392,39.2,0,False
J0267,C0394,0.5,0.667,1.0,0.0,1.0,0.0,0.81,False,0.533,53.3,1,False
J0267,C0397,0.0,0.0,1.0,0.0,0.5,0.0,0.0,False,0.175,17.5,0,False
J0267,C0523,0.0,0.0,1.0,0.0,1.0,0.0,0.0,False,0.2,20.0,0,False
J0267,C0084,0.75,0.889,1.0,0.0,1.0,0.69,0.813,False,0.747,74.7,2,True
J0267,C0253,0.5,1.0,1.0,0.25,1.0,0.0,0.795,True,0.625,62.5,1,False
J0267,C0352,0.0,0.0,1.0,0.0,1.0,0.0,0.0,False,0.2,20.0,0,False
J0267,C0501,0.5,0.583,1.0,0.25,1.0,0.0,0.905,False,0.542,54.2,2,True
J0267,C0439,0.25,0.5,0.0,0.0,1.0,0.0,0.78,True,0.25,25.0,0,False
J0267,C0245,0.0,0.0,0.0,0.0,1.0,0.0,0.0,False,0.05,5.0,0,False
J0268,C0037,0.667,0.583,1.0,0.333,1.0,0.0,0.885,True,0.617,61.7,2,True
J0268,C0091,0.333,0.5,1.0,0.333,0.5,0.17,0.99,True,0.459,45.9,1,False
J0268,C0433,1.0,1.0,1.0,0.333,1.0,0.94,0.663,True,0.927,92.7,3,True
J0268,C0367,0.333,1.0,1.0,0.0,1.0,0.63,0.92,True,0.596,59.6,2,True
J0268,C0434,1.0,0.889,1.0,0.0,1.0,0.49,0.84,True,0.827,82.7,3,True
J0268,C0157,0.667,1.0,1.0,0.333,1.0,0.0,0.885,True,0.7,70.0,3,True
J0268,C0596,0.667,0.417,1.0,0.333,1.0,0.28,0.945,True,0.611,61.1,2,True
J0268,C0401,1.0,0.611,1.0,0.0,1.0,0.28,0.867,True,0.75,75.0,3,True
J0268,C0182,1.0,0.611,1.0,0.0,1.0,0.33,0.84,True,0.755,75.5,3,True
J0268,C0041,0.333,1.0,1.0,0.0,1.0,0.3,0.9,True,0.563,56.3,1,False
J0268,C0347,1.0,0.778,1.0,0.0,1.0,0.0,0.72,True,0.756,75.6,3,True
J0268,C0028,1.0,0.611,1.0,0.0,1.0,0.0,0.527,True,0.722,72.2,2,True
J0268,C0517,0.667,0.667,1.0,0.0,0.5,0.0,0.78,True,0.575,57.5,1,False
J0268,C0416,0.667,0.833,1.0,0.0,1.0,0.0,0.69,True,0.633,63.3,2,True
J0268,C0478,0.333,0.667,1.0,0.0,1.0,0.0,0.78,False,0.467,46.7,1,False
J0268,C0308,0.333,0.5,1.0,0.0,1.0,0.16,0.9,False,0.449,44.9,0,False
J0268,C0369,0.0,0.0,1.0,0.0,1.0,0.0,0.0,False,0.2,20.0,0,False
J0268,C0248,0.333,1.0,1.0,0.0,1.0,0.0,0.6,False,0.533,53.3,1,False
J0268,C0354,0.0,0.0,1.0,0.0,1.0,0.0,0.0,False,0.2,20.0,0,False
J0268,C0086,0.333,0.667,1.0,0.333,1.0,0.7,0.99,False,0.57,57.0,1,False
J0268,C0536,0.0,0.0,1.0,0.0,1.0,0.0,0.0,False,0.2,20.0,0,False
J0268,C0462,0.0,0.0,1.0,0.0,0.0,0.0,0.0,False,0.15,15.0,0,False
J0268,C0567,0.0,0.0,1.0,0.0,1.0,0.0,0.0,False,0.2,20.0,0,False
J0268,C0437,0.0,0.0,1.0,0.0,0.5,0.0,0.0,False,0.175,17.5,0,False
J0268,C0220,0.333,1.0,1.0,0.333,1.0,0.0,0.99,False,0.567,56.7,1,False
J0269,C0547,0.333,0.333,0.0,0.0,1.0,0.37,0.92,True,0.287,28.7,0,False
J0269,C0352,1.0,0.667,0.25,0.333,1.0,0.31,0.797,True,0.685,68.5,2,True
J0269,C0550,0.0,0.0,0.5,0.0,1.0,0.0,0.0,True,0.125,12.5,0,False
J0269,C0252,0.667,0.667,0.0,0.667,1.0,0.0,0.99,True,0.517,51.7,1,False
J0269,C0448,0.667,0.667,0.0,0.333,1.0,0.0,0.885,True,0.483,48.3,0,False
J0269,C0450,0.333,0.667,0.0,0.0,0.5,0.0,0.6,True,0.292,29.2,0,False
J0269,C0099,1.0,0.667,0.275,0.667,1.0,0.56,0.92,True,0.747,74.7,3,True
J0269,C0411,0.667,0.667,0.0,0.0,1.0,0.0,0.69,True,0.45,45.0,1,False
J0269,C0438,0.333,0.667,0.0,0.0,1.0,0.0,0.4,True,0.317,31.7,0,False
J0269,C0362,0.667,0.833,1.0,0.0,1.0,0.0,0.69,True,0.633,63.3,2,True
J0269,C0420,0.667,0.833,0.95,0.333,1.0,0.705,0.955,True,0.73,73.0,2,True
J0269,C0016,0.333,0.333,0.0,0.0,1.0,0.0,0.78,True,0.25,25.0,0,False
J0269,C0072,1.0,0.556,0.0,0.333,1.0,0.155,0.897,True,0.61,61.0,2,True
J0269,C0108,0.667,0.667,0.0,0.0,1.0,0.0,0.69,True,0.45,45.0,0,False
J0269,C0354,0.0,0.0,0.0,0.0,1.0,0.0,0.0,False,0.05,5.0,0,False
J0269,C0526,0.0,0.0,0.0,0.0,1.0,0.0,0.0,False,0.05,5.0,0,False
J0269,C0574,0.0,0.0,0.0,0.0,1.0,0.0,0.0,False,0.05,5.0,0,False
J0269,C0043,0.0,0.0,0.175,0.0,1.0,0.0,0.0,False,0.076,7.6,0,False
J0269,C0346,0.0,0.0,0.0,0.0,1.0,0.0,0.0,False,0.05,5.0,0,False
J0269,C0224,0.0,0.0,0.0,0.0,1.0,0.0,0.0,False,0.05,5.0,0,False
J0269,C0200,0.0,0.0,0.55,0.0,0.0,0.0,0.0,False,0.082,8.2,0,False
J0269,C0167,0.333,1.0,1.0,0.0,1.0,0.85,0.9,True,0.618,61.8,1,False
J0269,C0327,0.0,0.0,0.85,0.0,1.0,0.0,0.0,False,0.178,17.8,0,False
J0269,C0342,0.0,0.0,0.75,0.0,1.0,0.0,0.0,False,0.162,16.2,0,False
J0269,C0508,0.0,0.0,0.5,0.0,1.0,0.0,0.0,False,0.125,12.5,0,False
J0270,C0222,0.2,1.0,1.0,0.0,1.0,0.0,0.4,True,0.48,48.0,1,False
J0270,C0388,0.8,1.0,1.0,0.4,1.0,0.0,0.85,True,0.76,76.0,2,True
J0270,C0321,0.8,1.0,1.0,0.0,1.0,0.523,0.875,True,0.772,77.2,3,True
J0270,C0410,0.4,0.75,1.0,0.2,0.5,0.0,0.895,True,0.505,50.5,1,False
J0270,C0192,0.4,1.0,1.0,0.0,1.0,0.71,0.86,True,0.631,63.1,2,True
J0270,C0492,0.8,1.0,1.0,0.0,1.0,0.0,0.645,True,0.72,72.0,3,True
J0270,C0363,0.4,1.0,1.0,0.2,1.0,0.0,0.795,True,0.58,58.0,1,False
J0270,C0532,0.6,1.0,1.0,0.0,1.0,0.0,0.72,True,0.64,64.0,2,True
J0270,C0575,0.4,1.0,1.0,0.2,1.0,0.5,0.905,True,0.63,63.0,1,False
J0270,C0521,0.6,1.0,1.0,0.0,1.0,0.97,0.7,True,0.737,73.7,2,True
J0270,C0544,0.8,0.875,1.0,0.2,1.0,0.17,0.863,True,0.732,73.2,3,True
J0270,C0327,0.6,1.0,1.0,0.0,1.0,0.0,0.74,True,0.64,64.0,2,True
J0270,C0244,0.8,0.875,1.0,0.0,1.0,0.28,0.77,True,0.723,72.3,3,True
J0270,C0593,0.4,1.0,1.0,0.0,1.0,0.19,0.85,True,0.579,57.9,1,False
J0270,C0455,0.0,0.0,1.0,0.0,1.0,0.0,0.0,False,0.2,20.0,0,False
J0270,C0045,0.0,0.0,1.0,0.0,0.5,0.0,0.0,False,0.175,17.5,0,False
J0270,C0314,0.0,0.0,1.0,0.0,0.5,0.0,0.0,False,0.175,17.5,0,False
J0270,C0188,0.0,0.0,1.0,0.0,1.0,0.0,0.0,False,0.2,20.0,0,False
J0270,C0184,0.0,0.0,1.0,0.0,1.0,0.0,0.0,False,0.2,20.0,0,False
J0270,C0041,0.0,0.0,1.0,0.0,1.0,0.0,0.0,False,0.2,20.0,0,False
J0270,C0165,0.0,0.0,1.0,0.0,1.0,0.0,0.0,False,0.2,20.0,0,False
J0270,C0311,0.0,0.0,1.0,0.0,0.0,0.0,0.0,False,0.15,15.0,0,False
J0270,C0288,0.4,0.75,1.0,0.0,1.0,0.0,0.8,False,0.51,51.0,1,False
J0270,C0343,0.0,0.0,1.0,0.0,1.0,0.0,0.0,False,0.2,20.0,0,False
J0270,C0536,0.0,0.0,1.0,0.0,1.0,0.0,0.0,False,0.2,20.0,0,False
J0271,C0044,0.6,0.611,1.0,0.0,0.5,0.0,0.653,True,0.537,53.7,1,False
J0271,C0113,0.8,0.625,1.0,0.0,1.0,0.0,0.74,True,0.645,64.5,2,True
J0271,C0173,0.2,1.0,1.0,0.0,1.0,0.31,0.92,True,0.511,51.1,1,False
J0271,C0497,0.2,0.5,1.0,0.2,1.0,0.0,0.99,True,0.4,40.0,0,False
J0271,C0024,1.0,0.867,1.0,1.0,1.0,0.0,0.99,True,0.873,87.3,3,True
J0271,C0097,0.8,0.75,1.0,0.0,1.0,0.0,0.8,True,0.67,67.0,2,True
J0271,C0236,0.6,0.833,1.0,0.0,1.0,0.0,0.66,True,0.607,60.7,2,True
J0271,C0020,0.2,0.333,1.0,0.0,1.0,0.23,0.9,True,0.37,37.0,0,False
J0271,C0101,0.8,0.917,1.0,0.2,1.0,0.0,0.747,True,0.723,72.3,3,True
J0271,C0230,0.6,0.611,1.0,0.2,1.0,0.0,0.79,True,0.582,58.2,2,True
J0271,C0556,0.6,1.0,1.0,0.0,1.0,0.0,0.66,True,0.64,64.0,2,True
J0271,C0339,0.6,0.778,1.0,0.0,1.0,0.62,0.84,True,0.658,65.8,1,False
J0271,C0045,0.4,0.667,1.0,0.0,0.5,0.46,0.92,True,0.514,51.4,1,False
J0271,C0420,0.4,1.0,1.0,0.4,1.0,0.85,0.99,True,0.685,68.5,2,True
J0271,C0521,0.0,0.0,1.0,0.0,1.0,0.0,0.0,False,0.2,20.0,0,False
J0271,C0495,0.0,0.0,1.0,0.0,1.0,0.0,0.0,False,0.2,20.0,0,False
J0271,C0588,0.4,0.667,1.0,0.0,1.0,0.0,0.69,False,0.493,49.3,1,False
J0271,C0552,0.2,1.0,1.0,0.0,1.0,0.0,0.6,False,0.48,48.0,1,False
J0271,C0496,0.0,0.0,1.0,0.0,1.0,0.0,0.0,False,0.2,20.0,0,False
J0271,C0518,0.2,1.0,1.0,0.0,1.0,0.0,0.6,False,0.48,48.0,1,False
J0271,C0333,0.0,0.0,1.0,0.0,1.0,0.0,0.0,False,0.2,20.0,0,False
J0271,C0156,0.0,0.0,1.0,0.0,1.0,0.0,0.0,False,0.2,20.0,0,False
J0271,C0537,0.0,0.0,1.0,0.0,1.0,0.0,0.0,False,0.2,20.0,0,False
J0271,C0400,0.2,0.667,1.0,0.0,1.0,0.0,0.8,False,0.413,41.3,0,False
J0271,C0572,0.2,1.0,1.0,0.0,1.0,0.0,0.78,False,0.48,48.0,0,False
J0272,C0544,0.667,0.667,0.55,0.0,0.5,0.17,0.85,True,0.525,52.5,1,False
J0272,C0266,1.0,1.0,1.0,0.0,0.5,0.0,0.533,True,0.775,77.5,3,True
J0272,C0327,1.0,0.833,0.85,0.0,0.5,0.0,0.74,True,0.719,71.9,2,True
J0272,C0495,0.667,0.75,0.625,0.0,1.0,0.555,0.92,True,0.616,61.6,1,False
J0272,C0412,0.333,1.0,1.0,0.0,0.5,0.0,0.78,True,0.508,50.8,1,False
J0272,C0036,1.0,0.667,0.0,0.0,0.5,0.0,0.72,True,0.558,55.8,1,False
J0272,C0162,1.0,0.611,0.0,0.333,0.5,0.33,0.79,True,0.614,61.4,1,False
J0272,C0380,1.0,0.611,0.0,0.0,0.5,0.18,0.82,True,0.565,56.5,2,True
J0272,C0033,0.333,0.5,0.4,0.333,0.5,0.13,0.99,True,0.365,36.5,0,False
J0272,C0593,0.333,0.5,0.0,0.0,0.5,0.0,0.78,True,0.258,25.8,0,False
J0272,C0386,0.667,0.417,0.0,0.333,0.5,0.0,0.875,True,0.408,40.8,0,False
J0272,C0244,1.0,0.444,0.0,0.0,0.5,0.0,0.72,True,0.514,51.4,0,False
J0272,C0369,0.333,0.333,0.0,0.0,0.5,0.0,0.6,True,0.225,22.5,0,False
J0272,C0421,0.333,1.0,1.0,0.0,0.5,0.0,0.82,True,0.508,50.8,1,False
J0272,C0016,0.0,0.0,0.0,0.0,0.5,0.0,0.0,False,0.025,2.5,0,False
J0272,C0091,0.0,0.0,0.0,0.0,0.0,0.0,0.0,False,0.0,0.0,0,False
J0272,C0373,0.0,0.0,0.625,0.0,0.5,0.0,0.0,False,0.119,11.9,0,False
J0272,C0589,0.0,0.0,1.0,0.0,0.0,0.0,0.0,False,0.15,15.0,0,False
J0272,C0570,0.0,0.0,0.9,0.0,0.5,0.0,0.0,False,0.16,16.0,0,False
J0272,C0572,0.0,0.0,0.0,0.0,0.5,0.0,0.0,False,0.025,2.5,0,False
J0272,C0335,0.0,0.0,0.0,0.0,1.0,0.0,0.0,False,0.05,5.0,0,False
J0272,C0103,0.0,0.0,0.0,0.0,0.0,0.0,0.0,False,0.0,0.0,0,False
J0272,C0004,0.0,0.0,0.375,0.0,0.5,0.0,0.0,False,0.081,8.1,0,False
J0272,C0073,0.0,0.0,0.5,0.0,1.0,0.0,0.0,False,0.125,12.5,0,False
J0272,C0105,0.0,0.0,0.0,0.0,0.0,0.0,0.0,False,0.0,0.0,0,False
J0273,C0387,0.2,1.0,1.0,0.0,0.5,0.82,0.9,True,0.537,53.7,1,False
J0273,C0520,0.8,0.75,0.675,0.2,0.5,0.0,0.752,True,0.616,61.6,1,False
J0273,C0243,0.8,0.5,0.0,0.4,0.5,0.0,0.825,True,0.485,48.5,1,False
J0273,C0486,0.2,1.0,0.325,0.0,0.5,0.0,0.6,True,0.354,35.4,0,False
J0273,C0147,0.6,0.556,0.0,0.4,0.5,0.0,0.9,True,0.416,41.6,0,False
J0273,C0284,0.6,0.778,0.0,0.0,0.5,0.0,0.593,True,0.421,42.1,0,False
J0273,C0477,0.6,0.778,0.0,0.0,0.5,0.34,0.767,True,0.455,45.5,1,False
J0273,C0163,0.8,0.542,0.2,0.0,0.0,0.435,0.855,True,0.502,50.2,1,False
J0273,C0301,0.8,0.542,0.3,0.0,0.5,0.0,0.8,True,0.498,49.8,1,False
J0273,C0543,0.6,1.0,1.0,0.2,0.5,0.0,0.79,True,0.635,63.5,1,False
J0273,C0058,0.8,1.0,1.0,0.4,0.5,0.695,0.955,True,0.805,80.5,3,True
J0273,C0254,0.8,0.542,0.0,0.2,0.5,0.0,0.742,True,0.473,47.3,1,False
J0273,C0106,1.0,0.567,0.0,0.0,0.5,0.52,0.728,True,0.59,59.0,1,False
J0273,C0354,1.0,0.567,0.0,0.0,0.5,0.14,0.732,True,0.552,55.2,1,False
J0273,C0341,0.4,0.833,0.75,0.0,0.5,0.0,0.6,False,0.464,46.4,0,False
J0273,C0531,0.0,0.0,1.0,0.0,0.0,0.0,0.0,False,0.15,15.0,0,False
J0273,C0577,0.0,0.0,0.375,0.0,0.0,0.0,0.0,False,0.056,5.6,0,False
J0273,C0139,0.8,0.833,0.0,0.6,0.5,0.543,0.938,True,0.626,62.6,2,True
J0273,C0072,0.0,0.0,0.0,0.0,0.5,0.0,0.0,False,0.025,2.5,0,False
J0273,C0104,0.0,0.0,0.6,0.0,0.0,0.0,0.0,False,0.09,9.0,0,False
J0273,C0376,0.4,1.0,1.0,0.0,0.5,0.0,0.8,False,0.535,53.5,1,False
J0273,C0593,0.4,0.833,0.0,0.0,0.5,0.61,0.83,False,0.413,41.3,0,False
J0273,C0367,0.0,0.0,0.0,0.0,0.5,0.0,0.0,False,0.025,2.5,0,False
J0273,C0152,0.4,0.333,0.0,0.0,0.5,0.16,0.76,False,0.268,26.8,0,False
J0274,C0123,0.333,0.5,1.0,0.0,1.0,0.33,0.94,True,0.466,46.6,1,False
J0274,C0144,0.667,0.5,1.0,0.0,1.0,0.0,0.5,True,0.567,56.7,0,False
J0274,C0546,0.667,1.0,1.0,0.0,1.0,0.0,0.8,True,0.667,66.7,2,True
J0274,C0181,0.333,0.5,1.0,0.0,1.0,0.0,0.6,True,0.433,43.3,1,False
J0274,C0078,0.667,0.75,1.0,0.667,1.0,0.0,0.97,True,0.683,68.3,2,True
J0274,C0507,0.667,0.75,1.0,0.0,1.0,0.0,0.69,True,0.617,61.7,1,False
J0274,C0019,0.667,1.0,1.0,0.667,0.5,0.45,0.97,True,0.753,75.3,3,True
J0274,C0298,0.0,0.0,1.0,0.0,0.5,0.0,0.0,True,0.175,17.5,0,False
J0274,C0250,0.667,0.75,1.0,0.0,1.0,0.17,0.88,True,0.634,63.4,1,False
J0274,C0508,0.667,1.0,1.0,0.0,1.0,0.0,0.81,True,0.667,66.7,3,True
J0274,C0160,0.667,0.75,1.0,0.333,1.0,0.0,0.895,True,0.65,65.0,3,True
J0274,C0313,1.0,0.667,1.0,0.0,1.0,0.0,0.533,True,0.733,73.3,3,True
J0274,C0455,0.667,0.5,1.0,0.0,1.0,0.0,0.69,True,0.567,56.7,1,False
J0274,C0518,0.667,0.75,1.0,0.333,1.0,0.0,0.785,True,0.65,65.0,2,True
J0274,C0105,0.0,0.0,1.0,0.0,0.5,0.0,0.0,False,0.175,17.5,0,False
J0274,C0456,0.667,0.75,1.0,0.0,1.0,0.0,0.68,False,0.617,61.7,2,True
J0274,C0488,0.333,1.0,1.0,0.0,1.0,0.0,0.78,False,0.533,53.3,1,False
J0274,C0419,0.333,1.0,1.0,0.0,1.0,0.0,0.78,False,0.533,53.3,1,False
J0274,C0431,0.333,1.0,1.0,0.333,1.0,0.0,0.97,False,0.567,56.7,1,False
J0274,C0319,0.333,1.0,1.0,0.333,1.0,0.0,0.99,False,0.567,56.7,1,False
J0274,C0039,0.0,0.0,1.0,0.0,0.5,0.0,0.0,False,0.175,17.5,0,False
J0274,C0054,0.0,0.0,1.0,0.0,1.0,0.0,0.0,False,0.2,20.0,0,False
J0274,C0134,0.0,0.0,1.0,0.0,1.0,0.0,0.0,False,0.2,20.0,0,False
J0274,C0032,0.333,1.0,1.0,0.333,1.0,0.0,0.99,False,0.567,56.7,1,False
J0275,C0107,0.4,0.75,0.0,0.2,1.0,0.0,0.795,True,0.38,38.0,0,False
J0275,C0593,0.4,0.5,0.0,0.0,1.0,0.19,0.85,True,0.329,32.9,0,False
J0275,C0096,0.0,0.0,0.44,0.0,1.0,0.0,0.0,True,0.116,11.6,0,False
J0275,C0458,0.4,0.667,0.0,0.2,1.0,0.65,0.885,True,0.428,42.8,1,False
J0275,C0492,0.6,0.778,0.34,0.0,1.0,0.26,0.64,True,0.523,52.3,1,False
J0275,C0090,0.6,0.778,0.48,0.4,1.0,0.95,0.933,True,0.653,65.3,1,False
J0275,C0219,0.6,1.0,1.0,0.4,1.0,0.0,0.927,True,0.68,68.0,2,True
J0275,C0515,0.6,1.0,1.0,0.4,1.0,0.68,0.967,True,0.748,74.8,2,True
J0275,C0495,0.2,0.5,0.5,0.0,1.0,0.39,0.92,True,0.344,34.4,0,False
J0275,C0521,0.2,1.0,0.82,0.0,1.0,0.0,0.78,True,0.453,45.3,0,False
J0275,C0363,0.0,0.0,0.3,0.0,1.0,0.0,0.0,True,0.095,9.5,0,False
J0275,C0575,0.4,1.0,1.0,0.2,1.0,0.0,0.905,True,0.58,58.0,2,True
J0275,C0229,1.0,0.6,0.0,0.4,1.0,0.44,0.788,True,0.654,65.4,2,True
J0275,C0290,0.4,0.417,0.0,0.0,1.0,0.27,0.91,True,0.32,32.0,0,False
J0275,C0158,0.0,0.0,0.36,0.0,1.0,0.0,0.0,False,0.104,10.4,0,False
J0275,C0545,1.0,1.0,0.8,0.2,1.0,0.75,0.862,True,0.865,86.5,3,True
J0275,C0161,0.0,0.0,0.16,0.0,1.0,0.0,0.0,False,0.074,7.4,0,False
J0275,C0527,0.0,0.0,0.24,0.0,1.0,0.0,0.0,False,0.086,8.6,0,False
J0275,C0328,0.0,0.0,0.0,0.0,0.5,0.0,0.0,False,0.025,2.5,0,False
J0275,C0498,0.0,0.0,0.0,0.0,1.0,0.0,0.0,False,0.05,5.0,0,False
J0275,C0106,0.4,0.75,0.0,0.0,1.0,0.52,0.84,False,0.412,41.2,0,False
J0275,C0145,0.0,0.0,0.9,0.0,1.0,0.0,0.0,False,0.185,18.5,0,False
J0275,C0118,0.0,0.0,0.78,0.0,1.0,0.0,0.0,False,0.167,16.7,0,False
J0275,C0346,0.0,0.0,0.0,0.0,1.0,0.0,0.0,False,0.05,5.0,0,False
J0275,C0481,0.0,0.0,0.52,0.0,0.0,0.0,0.0,False,0.078,7.8,0,False
J0276,C0360,0.4,0.75,1.0,0.0,1.0,0.0,0.69,True,0.51,51.0,1,False
J0276,C0165,1.0,0.867,1.0,0.0,1.0,0.557,0.824,True,0.829,82.9,3,True
J0276,C0019,0.4,1.0,1.0,0.4,0.5,0.0,0.97,True,0.575,57.5,1,False
J0276,C0313,0.8,0.833,1.0,0.0,1.0,0.0,0.545,True,0.687,68.7,2,True
J0276,C0149,0.4,1.0,1.0,0.2,1.0,0.0,0.905,True,0.58,58.0,1,False
J0276,C0259,0.8,0.917,1.0,0.0,1.0,0.54,0.73,True,0.757,75.7,3,True
J0276,C0181,0.4,1.0,1.0,0.0,1.0,0.515,0.92,True,0.612,61.2,1,False
J0276,C0268,0.4,1.0,1.0,0.0,0.5,0.0,0.79,True,0.535,53.5,1,False
J0276,C0583,0.8,0.583,1.0,0.2,1.0,0.0,0.737,True,0.657,65.7,2,True
J0276,C0144,0.6,0.833,1.0,0.0,1.0,0.0,0.66,True,0.607,60.7,1,False
J0276,C0455,0.4,0.75,1.0,0.0,1.0,0.22,0.76,True,0.532,53.2,1,False
J0276,C0310,0.4,1.0,1.0,0.0,1.0,0.9,0.85,True,0.65,65.0,1,False
J0276,C0260,0.2,1.0,1.0,0.0,1.0,0.0,0.8,True,0.48,48.0,0,False
J0276,C0233,0.4,1.0,1.0,0.0,1.0,0.8,0.92,True,0.64,64.0,1,False
J0276,C0349,0.0,0.0,1.0,0.0,1.0,0.0,0.0,False,0.2,20.0,0,False
J0276,C0025,0.2,1.0,1.0,0.0,1.0,0.0,0.78,True,0.48,48.0,1,False
J0276,C0298,0.4,1.0,1.0,0.2,0.5,0.54,0.895,True,0.609,60.9,1,False
J0276,C0135,0.2,1.0,1.0,0.2,1.0,0.0,0.99,False,0.5,50.0,1,False
J0276,C0111,0.4,0.75,1.0,0.0,1.0,0.0,0.77,False,0.51,51.0,1,False
J0276,C0395,0.2,0.5,1.0,0.2,1.0,0.0,0.97,False,0.4,40.0,0,False
J0276,C0593,0.0,0.0,1.0,0.0,1.0,0.0,0.0,False,0.2,20.0,0,False
J0276,C0178,0.4,0.75,1.0,0.0,1.0,0.37,0.83,False,0.547,54.7,1,False
J0276,C0074,0.4,1.0,1.0,0.0,1.0,0.0,0.79,False,0.56,56.0,1,False
J0276,C0467,0.2,0.5,1.0,0.0,1.0,0.29,0.9,False,0.409,40.9,1,False
J0276,C0484,0.2,1.0,1.0,0.0,1.0,0.0,0.82,False,0.48,48.0,0,False
J0277,C0398,0.8,0.708,1.0,0.2,1.0,0.0,0.738,True,0.682,68.2,3,True
J0277,C0438,0.2,0.667,0.0,0.0,1.0,0.0,0.4,True,0.263,26.3,0,False
J0277,C0437,0.4,1.0,1.0,0.0,0.5,0.0,0.69,True,0.535,53.5,1,False
J0277,C0497,0.4,0.333,0.0,0.2,1.0,0.0,0.795,True,0.297,29.7,0,False
J0277,C0055,0.6,0.389,0.0,0.0,1.0,0.0,0.72,True,0.368,36.8,1,False
J0277,C0475,0.6,0.389,0.0,0.2,1.0,0.0,0.717,True,0.388,38.8,0,False
J0277,C0350,0.6,0.889,1.0,0.2,1.0,0.86,0.837,True,0.724,72.4,2,True
J0277,C0190,0.2,1.0,0.0,0.2,1.0,0.0,0.97,True,0.35,35.0,0,False
J0277,C0024,0.6,0.667,1.0,0.6,1.0,0.0,0.99,True,0.633,63.3,2,True
J0277,C0020,0.0,0.0,0.0,0.0,1.0,0.0,0.0,True,0.05,5.0,0,False
J0277,C0127,0.2,0.5,0.0,0.2,1.0,0.19,0.99,True,0.269,26.9,0,False
J0277,C0045,0.2,1.0,1.0,0.0,0.5,0.0,0.78,True,0.455,45.5,1,False
J0277,C0323,0.6,0.778,1.0,0.2,0.5,0.0,0.863,True,0.591,59.1,1,False
J0277,C0177,0.4,0.417,0.0,0.2,1.0,0.33,0.935,True,0.346,34.6,0,False
J0277,C0510,0.2,0.5,1.0,0.0,1.0,0.0,0.6,False,0.38,38.0,0,False
J0277,C0550,0.4,0.583,1.0,0.0,1.0,0.0,0.8,True,0.477,47.7,1,False
J0277,C0288,0.2,0.5,0.9,0.0,1.0,0.0,0.4,False,0.365,36.5,0,False
J0277,C0314,0.2,1.0,1.0,0.0,0.5,0.84,0.92,False,0.539,53.9,1,False
J0277,C0262,0.0,0.0,1.0,0.0,1.0,0.0,0.0,False,0.2,20.0,0,False
J0277,C0378,0.0,0.0,1.0,0.0,1.0,0.0,0.0,False,0.2,20.0,0,False
J0277,C0090,0.0,0.0,1.0,0.0,1.0,0.0,0.0,False,0.2,20.0,0,False
J0277,C0494,0.0,0.0,1.0,0.0,1.0,0.0,0.0,False,0.2,20.0,0,False
J0277,C0038,0.0,0.0,0.0,0.0,1.0,0.0,0.0,False,0.05,5.0,0,False
J0277,C0225,0.0,0.0,1.0,0.0,1.0,0.0,0.0,False,0.2,20.0,0,False
J0277,C0063,0.2,1.0,0.0,0.0,1.0,0.0,0.78,False,0.33,33.0,0,False
J0278,C0181,0.333,1.0,1.0,0.0,1.0,0.0,0.6,True,0.533,53.3,1,False
J0278,C0166,0.333,0.333,1.0,0.333,1.0,0.0,0.99,True,0.433,43.3,1,False
J0278,C0418,0.333,1.0,1.0,0.0,1.0,0.0,0.6,True,0.533,53.3,1,False
J0278,C0360,0.667,0.833,1.0,0.333,1.0,0.0,0.885,True,0.667,66.7,2,True
J0278,C0258,0.667,0.833,1.0,0.0,1.0,0.0,0.5,True,0.633,63.3,2,True
J0278,C0250,0.667,1.0,1.0,0.333,1.0,0.39,0.965,True,0.739,73.9,2,True
J0278,C0128,0.333,1.0,1.0,0.0,1.0,0.0,0.78,True,0.533,53.3,1,False
J0278,C0507,0.667,0.667,1.0,0.0,1.0,0.27,0.76,True,0.627,62.7,2,True
J0278,C0137,0.667,0.667,1.0,0.333,1.0,0.22,0.945,True,0.655,65.5,1,False
J0278,C0518,0.333,1.0,1.0,0.0,1.0,0.0,0.6,True,0.533,53.3,1,False
J0278,C0298,0.333,0.667,1.0,0.333,0.5,0.43,0.99,True,0.518,51.8,0,False
J0278,C0025,0.333,1.0,1.0,0.333,1.0,0.0,0.97,True,0.567,56.7,2,True
J0278,C0053,1.0,0.778,1.0,0.667,1.0,0.0,0.92,True,0.822,82.2,3,True
J0278,C0160,0.667,1.0,1.0,0.333,1.0,0.0,0.795,True,0.7,70.0,2,True
J0278,C0569,0.0,0.0,1.0,0.0,1.0,0.0,0.0,False,0.2,20.0,0,False
J0278,C0259,1.0,0.889,1.0,0.0,1.0,0.48,0.707,True,0.826,82.6,3,True
J0278,C0209,0.0,0.0,1.0,0.0,1.0,0.0,0.0,False,0.2,20.0,0,False
J0278,C0045,0.0,0.0,1.0,0.0,0.5,0.0,0.0,False,0.175,17.5,0,False
J0278,C0117,0.0,0.0,1.0,0.0,1.0,0.0,0.0,False,0.2,20.0,0,False
J0278,C0237,0.0,0.0,1.0,0.0,1.0,0.0,0.0,False,0.2,20.0,0,False
J0278,C0065,0.0,0.0,1.0,0.0,1.0,0.0,0.0,False,0.2,20.0,0,False
J0278,C0287,0.333,1.0,1.0,0.333,0.5,0.0,0.99,True,0.542,54.2,2,True
J0278,C0567,0.0,0.0,1.0,0.0,1.0,0.0,0.0,False,0.2,20.0,0,False
J0278,C0489,0.0,0.0,1.0,0.0,1.0,0.0,0.0,False,0.2,20.0,0,False
J0279,C0235,0.4,0.667,1.0,0.2,1.0,0.0,0.875,True,0.513,51.3,1,False
J0279,C0133,0.8,0.458,1.0,0.2,1.0,0.0,0.788,True,0.632,63.2,1,False
J0279,C0089,0.4,0.417,1.0,0.0,1.0,0.0,0.69,True,0.443,44.3,0,False
J0279,C0417,0.8,0.583,1.0,0.0,1.0,0.36,0.865,True,0.673,67.3,2,True
J0279,C0220,0.4,1.0,1.0,0.2,1.0,0.43,0.795,True,0.623,62.3,2,True
J0279,C0469,0.6,0.778,1.0,0.4,1.0,0.0,0.92,True,0.636,63.6,3,True
J0279,C0488,0.6,0.556,1.0,0.2,1.0,0.0,0.79,True,0.571,57.1,1,False
J0279,C0176,0.2,1.0,1.0,0.0,1.0,0.0,0.8,True,0.48,48.0,0,False
J0279,C0270,0.4,0.833,1.0,0.0,1.0,0.0,0.5,True,0.527,52.7,1,False
J0279,C0095,0.4,0.583,1.0,0.2,1.0,0.0,0.785,True,0.497,49.7,1,False
J0279,C0242,0.8,0.667,1.0,0.0,1.0,0.44,0.73,True,0.697,69.7,3,True
J0279,C0584,0.6,0.389,1.0,0.4,1.0,0.0,0.927,True,0.558,55.8,1,False
J0279,C0086,0.8,0.542,1.0,0.6,1.0,0.515,0.963,True,0.74,74.0,2,True
J0279,C0237,0.4,1.0,1.0,0.0,1.0,0.0,0.8,True,0.56,56.0,2,True
J0279,C0234,0.2,0.667,1.0,0.0,1.0,0.56,0.92,False,0.469,46.9,0,False
J0279,C0537,0.4,1.0,1.0,0.0,1.0,0.0,0.82,False,0.56,56.0,1,False
J0279,C0278,0.0,0.0,1.0,0.0,1.0,0.0,0.0,False,0.2,20.0,0,False
J0279,C0020,0.0,0.0,1.0,0.0,1.0,0.0,0.0,False,0.2,20.0,0,False
J0279,C0120,0.0,0.0,1.0,0.0,1.0,0.0,0.0,False,0.2,20.0,0,False
J0279,C0026,0.0,0.0,1.0,0.0,1.0,0.0,0.0,False,0.2,20.0,0,False
J0279,C0313,0.4,0.75,1.0,0.0,1.0,0.0,0.5,False,0.51,51.0,1,False
J0279,C0573,0.0,0.0,1.0,0.0,1.0,0.0,0.0,False,0.2,20.0,0,False
J0279,C0534,0.0,0.0,1.0,0.0,1.0,0.0,0.0,False,0.2,20.0,0,False
J0279,C0011,0.0,0.0,1.0,0.0,1.0,0.0,0.0,False,0.2,20.0,0,False
J0279,C0464,0.0,0.0,1.0,0.0,1.0,0.0,0.0,False,0.2,20.0,0,False
J0280,C0257,0.8,1.0,1.0,0.2,1.0,0.82,0.748,True,0.822,82.2,3,True
J0280,C0220,0.2,1.0,1.0,0.0,1.0,0.0,0.8,True,0.48,48.0,0,False
J0280,C0432,0.2,0.333,0.0,0.0,1.0,0.0,0.78,True,0.197,19.7,0,False
J0280,C0423,0.2,0.5,1.0,0.2,1.0,0.27,0.99,True,0.427,42.7,0,False
J0280,C0052,0.2,1.0,1.0,0.0,1.0,0.0,0.82,True,0.48,48.0,1,False
J0280,C0086,1.0,0.767,0.0,0.8,1.0,0.515,0.964,True,0.735,73.5,2,True
J0280,C0496,0.4,0.75,1.0,0.2,1.0,0.14,0.895,True,0.544,54.4,1,False
J0280,C0132,0.8,0.583,0.0,0.2,0.5,0.32,0.853,True,0.514,51.4,0,False
J0280,C0364,0.8,0.625,1.0,0.2,1.0,0.0,0.843,True,0.665,66.5,2,True
J0280,C0336,0.6,0.889,1.0,0.4,1.0,0.745,0.96,True,0.732,73.2,3,True
J0280,C0191,0.6,0.611,0.0,0.2,1.0,0.0,0.837,True,0.432,43.2,0,False
J0280,C0348,0.8,0.833,1.0,0.4,1.0,0.0,0.885,True,0.727,72.7,3,True
J0280,C0584,0.4,0.75,0.6,0.4,1.0,0.0,0.98,True,0.49,49.0,1,False
J0280,C0500,0.8,0.708,0.0,0.2,1.0,0.66,0.867,True,0.598,59.8,1,False
J0280,C0515,0.0,0.0,1.0,0.0,1.0,0.0,0.0,False,0.2,20.0,0,False
J0280,C0401,0.4,0.5,1.0,0.0,1.0,0.215,0.91,False,0.482,48.2,1,False
J0280,C0177,0.2,0.5,0.0,0.0,1.0,0.0,0.78,False,0.23,23.0,0,False
J0280,C0567,0.0,0.0,1.0,0.0,1.0,0.0,0.0,False,0.2,20.0,0,False
J0280,C0161,0.2,0.5,0.8,0.2,1.0,0.24,0.99,False,0.394,39.4,0,False
J0280,C0325,0.2,1.0,1.0,0.0,1.0,0.0,0.82,False,0.48,48.0,1,False
J0280,C0030,0.0,0.0,0.0,0.0,1.0,0.0,0.0,False,0.05,5.0,0,False
J0280,C0306,0.2,0.5,0.0,0.2,0.5,0.0,0.99,False,0.225,22.5,0,False
J0280,C0141,0.0,0.0,1.0,0.0,1.0,0.0,0.0,False,0.2,20.0,0,False
J0280,C0278,0.2,1.0,1.0,0.2,1.0,0.0,0.99,False,0.5,50.0,1,False
J0280,C0072,0.0,0.0,0.0,0.0,1.0,0.0,0.0,False,0.05,5.0,0,False
J0281,C0257,0.667,1.0,1.0,0.667,1.0,0.82,0.99,True,0.815,81.5,3,True
J0281,C0285,0.667,1.0,1.0,0.0,1.0,0.0,0.82,True,0.667,66.7,2,True
J0281,C0133,1.0,0.667,1.0,0.667,1.0,0.0,0.86,True,0.8,80.0,3,True
J0281,C0469,0.333,1.0,1.0,0.0,1.0,0.0,0.8,True,0.533,53.3,1,False
J0281,C0465,0.333,0.5,1.0,0.0,1.0,0.0,0.78,True,0.433,43.3,0,False
J0281,C0476,0.667,1.0,1.0,0.0,1.0,0.8,0.86,True,0.747,74.7,3,True
J0281,C0557,0.333,1.0,1.0,0.0,1.0,0.0,0.4,True,0.533,53.3,2,True
J0281,C0500,0.667,0.75,1.0,0.333,1.0,0.0,0.875,True,0.65,65.0,2,True
J0281,C0070,0.667,1.0,1.0,0.0,1.0,0.0,0.78,True,0.667,66.7,2,True
J0281,C0209,0.333,0.5,1.0,0.333,1.0,0.0,0.97,True,0.467,46.7,1,False
J0281,C0135,0.333,0.5,1.0,0.333,1.0,0.0,0.99,True,0.467,46.7,1,False
J0281,C0005,0.333,1.0,1.0,0.333,1.0,0.0,0.97,True,0.567,56.7,1,False
J0281,C0052,0.0,0.0,1.0,0.0,1.0,0.0,0.0,True,0.2,20.0,0,False
J0281,C0220,0.333,1.0,1.0,0.333,1.0,0.0,0.99,True,0.567,56.7,1,False
J0281,C0032,0.333,1.0,1.0,0.333,1.0,0.0,0.99,False,0.567,56.7,1,False
J0281,C0418,0.0,0.0,1.0,0.0,1.0,0.0,0.0,False,0.2,20.0,0,False
J0281,C0193,0.333,1.0,1.0,0.0,1.0,0.0,0.8,False,0.533,53.3,1,False
J0281,C0535,0.0,0.0,1.0,0.0,1.0,0.0,0.0,False,0.2,20.0,0,False
J0281,C0560,0.0,0.0,1.0,0.0,1.0,0.0,0.0,False,0.2,20.0,0,False
J0281,C0427,0.0,0.0,1.0,0.0,1.0,0.0,0.0,False,0.2,20.0,0,False
J0281,C0518,0.0,0.0,1.0,0.0,1.0,0.0,0.0,False,0.2,20.0,0,False
J0281,C0316,0.0,0.0,1.0,0.0,1.0,0.0,0.0,False,0.2,20.0,0,False
J0281,C0452,0.0,0.0,1.0,0.0,1.0,0.0,0.0,False,0.2,20.0,0,False
J0281,C0329,0.333,1.0,1.0,0.0,1.0,0.0,0.78,True,0.533,53.3,2,True
J0281,C0590,0.333,1.0,1.0,0.333,1.0,0.82,0.99,True,0.649,64.9,2,True
J0282,C0265,0.333,1.0,1.0,0.0,1.0,0.0,0.6,True,0.533,53.3,1,False
J0282,C0110,0.667,0.5,1.0,0.0,1.0,0.0,0.78,True,0.567,56.7,1,False
J0282,C0357,0.333,1.0,1.0,0.0,1.0,0.97,0.9,True,0.63,63.0,1,False
J0282,C0288,1.0,0.722,1.0,0.333,1.0,0.0,0.863,True,0.778,77.8,3,True
J0282,C0600,1.0,0.889,1.0,0.333,1.0,0.0,0.79,True,0.811,81.1,3,True
J0282,C0286,0.667,0.5,1.0,0.333,1.0,0.0,0.875,True,0.6,60.0,1,False
J0282,C0138,1.0,1.0,1.0,0.0,1.0,0.87,0.847,True,0.887,88.7,3,True
J0282,C0213,0.667,1.0,1.0,0.0,1.0,0.78,0.66,True,0.745,74.5,2,True
J0282,C0058,0.667,1.0,1.0,0.0,1.0,0.695,0.92,True,0.736,73.6,3,True
J0282,C0183,0.0,0.0,1.0,0.0,1.0,0.0,0.0,True,0.2,20.0,0,False
J0282,C0254,0.667,0.75,1.0,0.333,1.0,0.0,0.885,True,0.65,65.0,2,True
J0282,C0243,1.0,0.444,1.0,0.333,1.0,0.0,0.783,True,0.722,72.2,2,True
J0282,C0489,1.0,0.778,1.0,0.0,1.0,0.0,0.533,True,0.756,75.6,3,True
J0282,C0486,0.333,0.5,1.0,0.0,1.0,0.0,0.6,True,0.433,43.3,1,False
J0282,C0415,0.0,0.0,1.0,0.0,1.0,0.0,0.0,False,0.2,20.0,0,False
J0282,C0029,0.0,0.0,1.0,0.0,1.0,0.0,0.0,False,0.2,20.0,0,False
J0282,C0022,0.333,0.333,1.0,0.333,1.0,0.0,0.95,False,0.433,43.3,0,False
J0282,C0345,0.0,0.0,1.0,0.0,1.0,0.0,0.0,False,0.2,20.0,0,False
J0282,C0218,0.333,0.5,1.0,0.0,1.0,0.0,0.78,False,0.433,43.3,1,False
J0282,C0189,0.0,0.0,1.0,0.0,1.0,0.0,0.0,False,0.2,20.0,0,False
J0282,C0366,0.0,0.0,1.0,0.0,1.0,0.0,0.0,False,0.2,20.0,0,False
J0282,C0571,0.0,0.0,1.0,0.0,1.0,0.0,0.0,False,0.2,20.0,0,False
J0282,C0482,0.667,0.75,1.0,0.0,0.5,0.0,0.69,True,0.592,59.2,1,False
J0282,C0304,0.0,0.0,1.0,0.0,0.5,0.0,0.0,False,0.175,17.5,0,False
J0282,C0550,0.0,0.0,1.0,0.0,1.0,0.0,0.0,False,0.2,20.0,0,False
J0283,C0499,0.2,0.667,1.0,0.0,0.5,0.63,0.92,True,0.451,45.1,0,False
J0283,C0591,1.0,0.633,0.0,0.2,0.5,0.36,0.77,True,0.608,60.8,1,False
J0283,C0310,0.4,1.0,1.0,0.0,0.5,0.0,0.79,True,0.535,53.5,1,False
J0283,C0250,0.8,0.833,0.6,0.4,0.5,0.34,0.93,True,0.676,67.6,2,True
J0283,C0025,0.2,1.0,1.0,0.2,0.5,0.0,0.97,True,0.475,47.5,1,False
J0283,C0080,0.8,0.917,0.75,0.0,0.5,0.96,0.785,True,0.737,73.7,2,True
J0283,C0560,0.6,0.889,0.0,0.0,0.5,0.0,0.66,True,0.443,44.3,0,False
J0283,C0003,1.0,0.7,0.0,0.4,0.5,0.2,0.792,True,0.625,62.5,2,True
J0283,C0210,1.0,0.7,0.0,0.0,0.5,0.0,0.592,True,0.565,56.5,2,True
J0283,C0583,0.6,0.389,0.0,0.2,0.5,0.0,0.783,True,0.363,36.3,0,False
J0283,C0418,0.4,0.75,0.75,0.2,1.0,0.0,0.795,True,0.493,49.3,1,False
J0283,C0259,0.8,0.75,1.0,0.0,0.5,0.21,0.625,True,0.666,66.6,2,True
J0283,C0123,1.0,0.7,0.7,0.0,0.5,0.33,0.788,True,0.703,70.3,2,True
J0283,C0165,1.0,0.633,0.0,0.0,0.5,0.61,0.764,True,0.613,61.3,2,True
J0283,C0477,0.2,1.0,0.0,0.0,0.5,0.0,0.78,False,0.305,30.5,0,False
J0283,C0464,0.0,0.0,0.0,0.0,0.5,0.0,0.0,False,0.025,2.5,0,False
J0283,C0251,0.2,1.0,0.0,0.2,0.5,0.0,0.99,False,0.325,32.5,0,False
J0283,C0449,0.0,0.0,0.85,0.0,0.0,0.0,0.0,False,0.128,12.8,0,False
J0283,C0569,0.2,1.0,0.0,0.2,1.0,0.15,0.99,False,0.365,36.5,0,False
J0283,C0216,0.2,0.333,0.0,0.2,0.5,0.0,0.99,False,0.192,19.2,0,False
J0283,C0266,0.0,0.0,1.0,0.0,0.5,0.0,0.0,False,0.175,17.5,0,False
J0283,C0087,0.2,1.0,0.0,0.0,0.5,0.0,0.6,False,0.305,30.5,0,False
J0283,C0191,0.2,1.0,0.0,0.2,0.5,0.0,0.97,False,0.325,32.5,0,False
J0283,C0456,0.0,0.0,0.0,0.0,0.5,0.0,0.0,False,0.025,2.5,0,False
J0283,C0054,0.2,1.0,1.0,0.0,0.5,0.0,0.78,False,0.455,45.5,1,False
J0284,C0426,1.0,0.611,0.7,0.667,1.0,0.0,0.92,True,0.744,74.4,3,True
J0284,C0500,0.333,0.5,0.0,0.333,1.0,0.0,0.99,True,0.317,31.7,0,False
J0284,C0197,0.667,0.833,1.0,0.0,1.0,0.0,0.5,True,0.633,63.3,2,True
J0284,C0237,0.333,1.0,1.0,0.0,1.0,0.0,0.82,True,0.533,53.3,1,False
J0284,C0285,0.333,1.0,1.0,0.0,1.0,0.0,0.78,True,0.533,53.3,1,False
J0284,C0381,0.333,0.333,0.0,0.0,1.0,0.33,0.92,True,0.283,28.3,0,False
J0284,C0176,0.667,1.0,0.867,0.0,1.0,0.0,0.8,True,0.647,64.7,2,True
J0284,C0005,0.0,0.0,0.0,0.0,1.0,0.0,0.0,True,0.05,5.0,0,False
J0284,C0348,0.333,1.0,0.833,0.0,1.0,0.0,0.6,True,0.508,50.8,1,False
J0284,C0076,0.0,0.0,0.0,0.0,1.0,0.0,0.0,True,0.05,5.0,0,False
J0284,C0052,0.667,1.0,0.7,0.0,1.0,0.0,0.71,True,0.622,62.2,1,False
J0284,C0112,0.333,0.667,0.0,0.0,1.0,0.47,0.92,True,0.364,36.4,0,False
J0284,C0270,1.0,0.722,0.0,0.333,1.0,0.0,0.657,True,0.628,62.8,2,True
J0284,C0597,0.333,0.5,0.0,0.0,1.0,0.0,0.78,True,0.283,28.3,0,False
J0284,C0149,0.333,1.0,1.0,0.0,1.0,0.0,0.78,False,0.533,53.3,1,False
J0284,C0400,0.0,0.0,0.567,0.0,1.0,0.0,0.0,False,0.135,13.5,0,False
J0284,C0352,0.0,0.0,0.333,0.0,1.0,0.0,0.0,False,0.1,10.0,0,False
J0284,C0461,0.0,0.0,0.0,0.0,1.0,0.0,0.0,False,0.05,5.0,0,False
J0284,C0225,0.0,0.0,0.4,0.0,1.0,0.0,0.0,False,0.11,11.0,0,False
J0284,C0575,0.0,0.0,1.0,0.0,1.0,0.0,0.0,False,0.2,20.0,0,False
J0284,C0459,0.667,1.0,1.0,0.333,1.0,0.0,0.795,True,0.7,70.0,2,True
J0284,C0239,0.333,1.0,0.0,0.0,1.0,0.0,0.76,False,0.383,38.3,0,False
J0284,C0201,0.0,0.0,1.0,0.0,1.0,0.0,0.0,False,0.2,20.0,0,False
J0284,C0305,0.333,0.5,0.0,0.333,1.0,0.0,0.99,False,0.317,31.7,0,False
J0284,C0075,0.0,0.0,0.667,0.0,1.0,0.0,0.0,False,0.15,15.0,0,False
J0285,C0397,0.667,1.0,1.0,0.0,0.5,0.0,0.79,True,0.642,64.2,2,True
J0285,C0129,0.667,0.833,1.0,0.0,1.0,0.0,0.81,True,0.633,63.3,2,True
J0285,C0026,0.667,0.667,1.0,0.0,1.0,0.12,0.76,True,0.612,61.2,1,False
J0285,C0304,0.333,1.0,1.0,0.333,0.5,0.0,0.97,True,0.542,54.2,1,False
J0285,C0050,0.667,0.667,1.0,0.667,1.0,0.0,0.97,True,0.667,66.7,3,True
J0285,C0212,0.333,0.333,1.0,0.0,1.0,0.0,0.6,True,0.4,40.0,0,False
J0285,C0325,0.333,1.0,1.0,0.333,1.0,0.91,0.99,True,0.658,65.8,2,True
J0285,C0308,0.333,1.0,1.0,0.0,1.0,0.0,0.78,True,0.533,53.3,1,False
J0285,C0395,0.667,0.667,1.0,0.333,1.0,0.0,0.875,True,0.633,63.3,2,True
J0285,C0471,0.667,0.667,1.0,0.0,1.0,0.0,0.6,True,0.6,60.0,1,False
J0285,C0217,0.333,0.333,1.0,0.333,1.0,0.24,0.99,True,0.457,45.7,1,False
J0285,C0331,0.333,0.333,1.0,0.0,1.0,0.0,0.8,True,0.4,40.0,1,False
J0285,C0353,0.333,1.0,1.0,0.0,0.5,0.0,0.8,True,0.508,50.8,1,False
J0285,C0120,0.333,1.0,1.0,0.0,1.0,0.0,0.6,True,0.533,53.3,1,False
J0285,C0452,0.0,0.0,1.0,0.0,1.0,0.0,0.0,False,0.2,20.0,0,False
J0285,C0106,0.0,0.0,1.0,0.0,1.0,0.0,0.0,False,0.2,20.0,0,False
J0285,C0210,0.0,0.0,1.0,0.0,1.0,0.0,0.0,False,0.2,20.0,0,False
J0285,C0066,0.0,0.0,1.0,0.0,1.0,0.0,0.0,False,0.2,20.0,0,False
J0285,C0139,0.0,0.0,1.0,0.0,1.0,0.0,0.0,False,0.2,20.0,0,False
J0285,C0289,0.0,0.0,1.0,0.0,0.0,0.0,0.0,False,0.15,15.0,0,False
J0285,C0049,0.0,0.0,1.0,0.0,1.0,0.0,0.0,False,0.2,20.0,0,False
J0285,C0111,0.0,0.0,1.0,0.0,1.0,0.0,0.0,False,0.2,20.0,0,False
J0285,C0235,0.0,0.0,1.0,0.0,1.0,0.0,0.0,False,0.2,20.0,0,False
J0285,C0188,0.0,0.0,1.0,0.0,1.0,0.0,0.0,False,0.2,20.0,0,False
J0285,C0407,0.667,0.667,1.0,0.0,1.0,0.32,0.75,True,0.632,63.2,1,False
J0286,C0295,0.333,1.0,0.4,0.0,1.0,0.0,0.6,True,0.443,44.3,0,False
J0286,C0182,1.0,0.444,0.175,0.0,1.0,0.0,0.8,True,0.565,56.5,1,False
J0286,C0367,0.667,0.833,0.0,0.333,1.0,0.63,0.945,True,0.58,58.0,1,False
J0286,C0596,0.667,0.5,0.425,0.667,1.0,0.34,0.98,True,0.581,58.1,1,False
J0286,C0180,1.0,0.722,0.475,0.333,1.0,0.0,0.803,True,0.699,69.9,2,True
J0286,C0433,1.0,1.0,1.0,0.333,1.0,0.94,0.797,True,0.927,92.7,3,True
J0286,C0585,0.667,1.0,0.5,0.333,1.0,0.0,0.885,True,0.625,62.5,2,True
J0286,C0416,0.667,0.75,0.0,0.0,1.0,0.0,0.69,True,0.467,46.7,1,False
J0286,C0326,1.0,0.444,0.0,0.333,1.0,0.0,0.79,True,0.572,57.2,1,False
J0286,C0032,0.333,1.0,1.0,0.333,1.0,0.0,0.99,True,0.567,56.7,1,False
J0286,C0565,1.0,0.833,0.9,0.333,1.0,0.0,0.857,True,0.785,78.5,3,True
J0286,C0527,0.667,0.75,0.3,0.0,1.0,0.0,0.69,True,0.512,51.2,1,False
J0286,C0516,1.0,0.444,0.0,0.333,1.0,0.0,0.79,True,0.572,57.2,1,False
J0286,C0158,0.333,1.0,0.45,0.0,1.0,0.0,0.8,True,0.451,45.1,1,False
J0286,C0248,0.333,1.0,0.0,0.0,1.0,0.0,0.6,False,0.383,38.3,0,False
J0286,C0250,0.0,0.0,0.3,0.0,1.0,0.0,0.0,False,0.095,9.5,0,False
J0286,C0358,0.0,0.0,0.8,0.0,0.5,0.0,0.0,False,0.145,14.5,0,False
J0286,C0381,0.667,0.833,0.0,0.0,1.0,0.0,0.6,False,0.483,48.3,0,False
J0286,C0269,0.0,0.0,0.0,0.0,1.0,0.0,0.0,False,0.05,5.0,0,False
J0286,C0189,0.0,0.0,1.0,0.0,1.0,0.0,0.0,False,0.2,20.0,0,False
J0286,C0043,0.0,0.0,0.175,0.0,1.0,0.0,0.0,False,0.076,7.6,0,False
J0286,C0526,0.333,0.5,0.0,0.0,1.0,0.0,0.6,False,0.283,28.3,0,False
J0286,C0390,0.0,0.0,0.725,0.0,1.0,0.0,0.0,False,0.159,15.9,0,False
J0286,C0475,0.0,0.0,0.0,0.0,1.0,0.0,0.0,False,0.05,5.0,0,False
J0286,C0336,0.333,1.0,0.4,0.0,1.0,0.74,0.92,False,0.517,51.7,1,False
J0287,C0043,0.75,0.667,1.0,0.25,1.0,0.28,0.897,True,0.686,68.6,1,False
J0287,C0169,1.0,1.0,1.0,0.5,1.0,0.0,0.835,True,0.85,85.0,3,True
J0287,C0312,0.75,0.5,1.0,0.5,1.0,0.0,0.92,True,0.65,65.0,3,True
J0287,C0280,0.5,1.0,1.0,0.25,1.0,0.95,0.935,True,0.72,72.0,2,True
J0287,C0427,1.0,0.875,1.0,0.0,1.0,0.0,0.805,True,0.775,77.5,3,True
J0287,C0224,1.0,0.625,1.0,0.25,1.0,0.215,0.892,True,0.772,77.2,2,True
J0287,C0574,0.5,1.0,1.0,0.25,1.0,0.0,0.785,True,0.625,62.5,1,False
J0287,C0451,1.0,1.0,1.0,0.25,1.0,0.67,0.897,True,0.892,89.2,3,True
J0287,C0552,1.0,0.75,1.0,0.0,1.0,0.0,0.745,True,0.75,75.0,3,True
J0287,C0234,0.75,0.833,1.0,0.25,1.0,0.48,0.95,True,0.74,74.0,3,True
J0287,C0540,0.5,1.0,1.0,0.25,1.0,0.64,0.935,True,0.689,68.9,2,True
J0287,C0581,1.0,0.5,1.0,0.5,1.0,0.0,0.9,True,0.75,75.0,3,True
J0287,C0473,0.75,0.667,1.0,0.5,1.0,0.0,0.78,True,0.683,68.3,3,True
J0287,C0320,0.75,0.833,1.0,0.25,1.0,0.0,0.663,True,0.692,69.2,3,True
J0287,C0161,0.25,0.5,1.0,0.0,1.0,0.17,0.9,False,0.417,41.7,0,False
J0287,C0509,0.5,1.0,1.0,0.0,1.0,0.6,0.76,True,0.66,66.0,2,True
J0287,C0432,0.0,0.0,1.0,0.0,1.0,0.0,0.0,False,0.2,20.0,0,False
J0287,C0209,0.0,0.0,1.0,0.0,1.0,0.0,0.0,False,0.2,20.0,0,False
J0287,C0329,0.0,0.0,1.0,0.0,1.0,0.0,0.0,False,0.2,20.0,0,False
J0287,C0448,0.25,1.0,1.0,0.0,1.0,0.0,0.6,False,0.5,50.0,1,False
J0287,C0529,0.0,0.0,1.0,0.0,1.0,0.0,0.0,False,0.2,20.0,0,False
J0287,C0360,0.25,0.5,1.0,0.0,1.0,0.0,0.6,False,0.4,40.0,0,False
J0287,C0080,0.25,1.0,1.0,0.0,1.0,0.0,0.82,False,0.5,50.0,1,False
J0287,C0138,0.0,0.0,1.0,0.0,1.0,0.0,0.0,False,0.2,20.0,0,False
J0288,C0199,0.5,1.0,1.0,0.0,1.0,0.8,0.92,True,0.68,68.0,2,True
J0288,C0343,0.5,0.833,1.0,0.0,0.5,0.46,0.91,True,0.588,58.8,2,True
J0288,C0543,0.75,1.0,1.0,0.5,0.5,0.0,0.92,True,0.725,72.5,3,True
J0288,C0092,0.5,0.75,0.6,0.0,0.5,0.0,0.82,True,0.465,46.5,0,False
J0288,C0243,0.75,0.444,0.0,0.5,0.5,0.0,0.84,True,0.464,46.4,0,False
J0288,C0357,0.25,0.333,1.0,0.25,0.5,0.0,0.99,True,0.367,36.7,0,False
J0288,C0265,0.25,1.0,0.0,0.0,0.5,0.0,0.6,True,0.325,32.5,0,False
J0288,C0284,0.75,0.389,0.0,0.0,0.5,0.0,0.653,True,0.403,40.3,1,False
J0288,C0119,1.0,0.917,0.9,0.0,0.5,0.667,0.885,True,0.81,81.0,3,True
J0288,C0183,0.25,1.0,1.0,0.25,0.5,0.0,0.99,True,0.5,50.0,0,False
J0288,C0486,0.5,0.417,0.65,0.0,0.5,0.24,0.77,True,0.43,43.0,1,False
J0288,C0201,0.5,0.667,1.0,0.0,0.5,0.0,0.6,True,0.508,50.8,1,False
J0288,C0385,0.75,0.611,0.6,0.0,0.5,0.4,0.833,True,0.577,57.7,1,False
J0288,C0213,0.5,0.667,1.0,0.0,0.5,0.22,0.67,True,0.53,53.0,1,False
J0288,C0227,0.25,1.0,0.45,0.0,0.5,0.0,0.6,False,0.393,39.3,0,False
J0288,C0419,0.0,0.0,1.0,0.0,0.5,0.0,0.0,False,0.175,17.5,0,False
J0288,C0390,0.0,0.0,1.0,0.0,0.5,0.0,0.0,False,0.175,17.5,0,False
J0288,C0076,0.0,0.0,0.0,0.0,0.5,0.0,0.0,False,0.025,2.5,0,False
J0288,C0078,0.25,0.5,0.0,0.25,0.5,0.0,0.97,False,0.25,25.0,0,False
J0288,C0200,0.0,0.0,1.0,0.0,0.0,0.0,0.0,False,0.15,15.0,0,False
J0288,C0369,0.5,0.333,0.0,0.25,0.5,0.0,0.785,False,0.317,31.7,0,False
J0288,C0522,0.0,0.0,1.0,0.0,0.5,0.0,0.0,False,0.175,17.5,0,False
J0288,C0558,0.0,0.0,0.0,0.0,0.5,0.0,0.0,False,0.025,2.5,0,False
J0288,C0565,0.0,0.0,1.0,0.0,0.5,0.0,0.0,False,0.175,17.5,0,False
J0288,C0281,0.25,0.5,1.0,0.0,0.5,0.0,0.82,False,0.375,37.5,0,False
J0289,C0285,0.5,1.0,1.0,0.0,1.0,0.0,0.8,True,0.6,60.0,1,False
J0289,C0417,0.75,0.556,0.4,0.0,1.0,0.17,0.833,True,0.538,53.8,1,False
J0289,C0365,1.0,0.625,0.0,0.5,1.0,0.0,0.79,True,0.625,62.5,1,False
J0289,C0528,0.75,0.667,0.0,0.25,1.0,0.36,0.89,True,0.544,54.4,2,True
J0289,C0538,0.75,0.778,0.54,0.25,1.0,0.41,0.897,True,0.653,65.3,2,True
J0289,C0263,0.5,0.833,0.36,0.25,1.0,0.0,0.785,True,0.496,49.6,1,False
J0289,C0035,0.75,1.0,0.8,0.0,1.0,0.53,0.827,True,0.723,72.3,3,True
J0289,C0126,0.25,0.333,0.0,0.25,1.0,0.0,0.97,True,0.242,24.2,0,False
J0289,C0500,0.75,0.556,0.0,0.25,1.0,0.66,0.897,True,0.552,55.2,1,False
J0289,C0484,0.25,1.0,0.56,0.0,1.0,0.0,0.82,True,0.434,43.4,1,False
J0289,C0364,0.75,0.556,0.2,0.25,1.0,0.0,0.837,True,0.516,51.6,1,False
J0289,C0283,0.25,0.5,0.0,0.25,1.0,0.14,0.99,True,0.289,28.9,0,False
J0289,C0536,0.75,0.722,0.72,0.25,1.0,0.0,0.797,True,0.627,62.7,1,False
J0289,C0496,0.5,0.583,0.28,0.5,1.0,0.14,0.99,True,0.473,47.3,0,False
J0289,C0559,0.0,0.0,0.0,0.0,1.0,0.0,0.0,False,0.05,5.0,0,False
J0289,C0008,0.0,0.0,0.86,0.0,1.0,0.0,0.0,False,0.179,17.9,0,False
J0289,C0064,0.25,1.0,0.98,0.0,1.0,0.0,0.8,False,0.497,49.7,1,False
J0289,C0079,0.0,0.0,0.0,0.0,0.0,0.0,0.0,False,0.0,0.0,0,False
J0289,C0117,0.0,0.0,0.0,0.0,1.0,0.0,0.0,False,0.05,5.0,0,False
J0289,C0076,0.5,0.833,0.0,0.0,1.0,0.57,0.65,True,0.474,47.4,1,False
J0289,C0550,0.0,0.0,0.4,0.0,1.0,0.0,0.0,False,0.11,11.0,0,False
J0289,C0106,0.25,0.333,0.0,0.0,1.0,0.0,0.76,False,0.217,21.7,0,False
J0289,C0586,0.5,0.833,0.42,0.0,1.0,0.84,0.85,True,0.564,56.4,1,False
J0289,C0343,0.25,0.667,0.68,0.0,1.0,0.42,0.9,False,0.427,42.7,0,False
J0289,C0030,0.25,0.667,0.0,0.0,1.0,0.0,0.4,False,0.283,28.3,0,False
J0290,C0461,1.0,0.733,1.0,0.0,1.0,0.0,0.556,True,0.747,74.7,3,True
J0290,C0234,0.8,0.792,1.0,0.4,1.0,0.48,0.96,True,0.766,76.6,2,True
J0290,C0568,0.6,0.722,1.0,0.0,1.0,0.45,0.92,True,0.629,62.9,2,True
J0290,C0451,1.0,1.0,1.0,0.2,1.0,0.763,0.902,True,0.896,89.6,3,True
J0290,C0312,0.6,0.611,1.0,0.4,1.0,0.0,0.92,True,0.602,60.2,1,False
J0290,C0581,1.0,0.567,1.0,0.4,1.0,0.33,0.9,True,0.786,78.6,3,True
J0290,C0490,0.8,0.583,1.0,0.0,1.0,0.4,0.82,True,0.677,67.7,2,True
J0290,C0023,1.0,0.933,1.0,0.2,1.0,0.69,0.854,True,0.876,87.6,3,True
J0290,C0320,0.8,0.875,1.0,0.2,1.0,0.0,0.698,True,0.715,71.5,3,True
J0290,C0063,0.8,0.833,1.0,0.2,1.0,0.485,0.818,True,0.755,75.5,2,True
J0290,C0043,0.8,0.583,1.0,0.4,1.0,0.23,0.92,True,0.7,70.0,2,True
J0290,C0473,0.8,0.583,1.0,0.4,1.0,0.0,0.78,True,0.677,67.7,2,True
J0290,C0540,0.6,1.0,1.0,0.4,1.0,0.64,0.953,True,0.744,74.4,2,True
J0290,C0224,1.0,0.767,1.0,0.4,1.0,0.215,0.912,True,0.815,81.5,3,True
J0290,C0072,0.2,1.0,1.0,0.2,1.0,0.0,0.99,False,0.5,50.0,1,False
J0290,C0042,0.2,1.0,1.0,0.0,1.0,0.0,0.82,False,0.48,48.0,1,False
J0290,C0519,0.0,0.0,1.0,0.0,1.0,0.0,0.0,False,0.2,20.0,0,False
J0290,C0506,0.0,0.0,1.0,0.0,1.0,0.0,0.0,False,0.2,20.0,0,False
J0290,C0567,0.0,0.0,1.0,0.0,1.0,0.0,0.0,False,0.2,20.0,0,False
J0290,C0044,0.2,1.0,1.0,0.0,0.5,0.0,0.4,False,0.455,45.5,0,False
J0290,C0574,0.6,0.889,1.0,0.4,1.0,0.0,0.853,True,0.658,65.8,2,True
J0290,C0512,0.2,0.5,1.0,0.0,1.0,0.0,0.8,False,0.38,38.0,0,False
J0290,C0305,0.0,0.0,1.0,0.0,1.0,0.0,0.0,False,0.2,20.0,0,False
J0290,C0345,0.0,0.0,1.0,0.0,1.0,0.0,0.0,False,0.2,20.0,0,False
J0291,C0262,0.5,0.75,0.733,0.0,1.0,0.13,0.85,True,0.523,52.3,1,False
J0291,C0155,0.25,0.333,0.567,0.0,1.0,0.37,0.92,True,0.339,33.9,0,False
J0291,C0175,0.5,0.417,0.0,0.25,1.0,0.0,0.875,True,0.358,35.8,0,False
J0291,C0321,0.75,0.722,0.0,0.25,1.0,0.93,0.883,True,0.612,61.2,2,True
J0291,C0393,0.75,1.0,0.567,0.25,1.0,0.54,0.803,True,0.714,71.4,2,True
J0291,C0562,0.5,0.833,0.967,0.25,1.0,0.74,0.955,True,0.661,66.1,2,True
J0291,C0532,0.75,1.0,1.0,0.25,1.0,0.82,0.857,True,0.807,80.7,3,True
J0291,C0593,0.5,0.417,0.0,0.0,1.0,0.165,0.91,True,0.35,35.0,0,False
J0291,C0290,0.5,0.417,0.0,0.25,1.0,0.235,0.945,True,0.382,38.2,1,False
J0291,C0096,0.25,0.667,0.733,0.0,1.0,0.0,0.78,True,0.393,39.3,0,False
J0291,C0487,0.75,0.667,0.733,0.25,1.0,0.33,0.91,True,0.651,65.1,2,True
J0291,C0369,0.25,0.5,0.0,0.25,1.0,0.0,0.97,True,0.275,27.5,0,False
J0291,C0534,0.0,0.0,0.967,0.0,1.0,0.0,0.0,True,0.195,19.5,0,False
J0291,C0017,0.5,0.5,0.0,0.25,1.0,0.23,0.885,True,0.398,39.8,0,False
J0291,C0038,0.0,0.0,0.0,0.0,1.0,0.0,0.0,False,0.05,5.0,0,False
J0291,C0587,0.0,0.0,0.633,0.0,0.5,0.0,0.0,False,0.12,12.0,0,False
J0291,C0216,0.0,0.0,0.0,0.0,1.0,0.0,0.0,False,0.05,5.0,0,False
J0291,C0039,0.0,0.0,0.0,0.0,0.5,0.0,0.0,False,0.025,2.5,0,False
J0291,C0430,0.0,0.0,0.0,0.0,1.0,0.0,0.0,False,0.05,5.0,0,False
J0291,C0221,0.0,0.0,0.8,0.0,1.0,0.0,0.0,False,0.17,17.0,0,False
J0291,C0236,0.0,0.0,0.0,0.0,1.0,0.0,0.0,False,0.05,5.0,0,False
J0291,C0572,0.0,0.0,0.0,0.0,1.0,0.0,0.0,False,0.05,5.0,0,False
J0291,C0385,0.0,0.0,0.4,0.0,1.0,0.0,0.0,False,0.11,11.0,0,False
J0291,C0107,0.5,0.417,0.0,0.25,1.0,0.0,0.885,True,0.358,35.8,0,False
J0291,C0440,0.0,0.0,0.867,0.0,1.0,0.0,0.0,False,0.18,18.0,0,False
J0292,C0044,0.8,0.583,0.0,0.0,0.0,0.0,0.64,True,0.437,43.7,1,False
J0292,C0103,0.6,0.611,0.0,0.0,0.0,0.0,0.66,True,0.362,36.2,0,False
J0292,C0573,0.6,0.833,0.7,0.0,0.5,0.6,0.753,True,0.597,59.7,2,True
J0292,C0101,0.8,1.0,1.0,0.2,0.5,0.0,0.742,True,0.715,71.5,2,True
J0292,C0438,0.4,0.75,0.0,0.0,1.0,0.0,0.59,True,0.36,36.0,0,False
J0292,C0236,0.6,0.833,0.0,0.0,0.5,0.0,0.66,True,0.432,43.2,0,False
J0292,C0570,1.0,0.933,1.0,0.2,0.5,0.62,0.866,True,0.844,84.4,3,True
J0292,C0056,0.4,0.667,1.0,0.0,0.5,0.0,0.81,True,0.468,46.8,1,False
J0292,C0452,0.4,1.0,0.0,0.0,1.0,0.0,0.69,True,0.41,41.0,0,False
J0292,C0124,0.8,1.0,1.0,0.0,0.5,0.0,0.69,True,0.695,69.5,3,True
J0292,C0362,0.8,1.0,1.0,0.0,0.5,0.0,0.74,True,0.695,69.5,2,True
J0292,C0177,0.4,0.667,0.0,0.2,0.5,0.0,0.875,True,0.338,33.8,0,False
J0292,C0173,0.2,1.0,0.0,0.0,0.5,0.31,0.92,True,0.336,33.6,0,False
J0292,C0024,0.8,1.0,1.0,0.6,0.5,0.8,0.978,True,0.835,83.5,3,True
J0292,C0059,0.2,1.0,1.0,0.2,0.0,0.0,0.99,False,0.45,45.0,1,False
J0292,C0365,0.0,0.0,0.0,0.0,0.5,0.0,0.0,False,0.025,2.5,0,False
J0292,C0027,0.0,0.0,1.0,0.0,0.5,0.0,0.0,False,0.175,17.5,0,False
J0292,C0082,0.4,1.0,1.0,0.2,0.5,0.8,0.795,False,0.635,63.5,1,False
J0292,C0237,0.0,0.0,1.0,0.0,0.5,0.0,0.0,False,0.175,17.5,0,False
J0292,C0174,0.0,0.0,1.0,0.0,1.0,0.0,0.0,False,0.2,20.0,0,False
J0292,C0363,0.0,0.0,1.0,0.0,0.5,0.0,0.0,False,0.175,17.5,0,False
J0292,C0324,0.0,0.0,1.0,0.0,0.0,0.0,0.0,False,0.15,15.0,0,False
J0292,C0093,0.0,0.0,0.0,0.0,1.0,0.0,0.0,False,0.05,5.0,0,False
J0292,C0156,0.0,0.0,0.0,0.0,0.5,0.0,0.0,False,0.025,2.5,0,False
J0293,C0077,1.0,0.5,0.0,0.0,1.0,0.0,0.78,True,0.55,55.0,1,False
J0293,C0179,0.5,0.5,0.433,0.0,1.0,0.17,0.87,True,0.432,43.2,1,False
J0293,C0588,0.75,0.667,0.0,0.25,1.0,0.0,0.73,True,0.508,50.8,1,False
J0293,C0471,0.5,0.417,0.0,0.25,1.0,0.22,0.935,True,0.38,38.0,0,False
J0293,C0189,0.75,1.0,1.0,0.25,1.0,0.0,0.87,True,0.725,72.5,3,True
J0293,C0051,0.75,0.778,0.7,0.0,1.0,0.0,0.727,True,0.611,61.1,1,False
J0293,C0431,0.75,0.389,0.0,0.5,1.0,0.0,0.847,True,0.478,47.8,0,False
J0293,C0206,0.75,0.444,0.0,0.0,1.0,0.263,0.92,True,0.465,46.5,1,False
J0293,C0194,0.75,0.778,0.0,0.25,1.0,0.61,0.79,True,0.592,59.2,2,True
J0293,C0564,0.75,0.611,0.0,0.0,1.0,0.31,0.813,True,0.503,50.3,1,False
J0293,C0172,0.5,0.833,1.0,0.5,1.0,0.65,0.99,True,0.682,68.2,2,True
J0293,C0227,0.75,0.556,0.3,0.25,1.0,0.0,0.797,True,0.531,53.1,1,False
J0293,C0392,1.0,0.583,0.0,0.0,1.0,0.27,0.765,True,0.594,59.4,1,False
J0293,C0120,0.75,0.389,0.0,0.5,1.0,0.3,0.853,True,0.508,50.8,1,False
J0293,C0177,0.5,0.333,0.0,0.25,1.0,0.0,0.875,False,0.342,34.2,0,False
J0293,C0419,0.75,0.889,1.0,0.0,1.0,0.77,0.773,True,0.755,75.5,3,True
J0293,C0258,0.25,0.667,0.0,0.0,1.0,0.0,0.78,False,0.283,28.3,0,False
J0293,C0146,0.0,0.0,0.0,0.0,0.5,0.0,0.0,False,0.025,2.5,0,False
J0293,C0260,0.25,1.0,1.0,0.0,1.0,0.0,0.8,False,0.5,50.0,1,False
J0293,C0011,0.0,0.0,0.8,0.0,1.0,0.0,0.0,False,0.17,17.0,0,False
J0293,C0035,0.25,1.0,1.0,0.0,1.0,0.89,0.92,False,0.589,58.9,1,False
J0293,C0108,0.75,0.5,0.0,0.5,1.0,0.0,0.84,False,0.5,50.0,1,False
J0293,C0496,0.0,0.0,0.467,0.0,1.0,0.0,0.0,False,0.12,12.0,0,False
J0293,C0286,0.25,0.333,0.0,0.25,1.0,0.0,0.97,False,0.242,24.2,0,False
J0293,C0174,0.25,0.5,0.333,0.0,1.0,0.0,0.82,True,0.3,30.0,0,False
J0294,C0382,0.25,0.333,0.55,0.0,1.0,0.3,0.92,True,0.329,32.9,0,False
J0294,C0066,0.0,0.0,1.0,0.0,1.0,0.0,0.0,True,0.2,20.0,0,False
J0294,C0252,0.5,0.75,0.0,0.25,1.0,0.7,0.955,True,0.495,49.5,1,False
J0294,C0230,0.5,0.5,0.0,0.25,1.0,0.0,0.795,True,0.375,37.5,0,False
J0294,C0475,0.75,0.444,0.0,0.0,1.0,0.0,0.653,True,0.439,43.9,0,False
J0294,C0190,0.5,0.667,0.0,0.5,1.0,0.0,0.97,True,0.433,43.3,0,False
J0294,C0141,0.5,0.833,1.0,0.25,1.0,0.46,0.955,True,0.638,63.8,1,False
J0294,C0173,0.25,0.5,0.0,0.0,1.0,0.31,0.92,True,0.281,28.1,0,False
J0294,C0167,0.5,1.0,1.0,0.0,1.0,0.85,0.75,True,0.685,68.5,2,True
J0294,C0411,1.0,0.417,0.0,0.0,1.0,0.0,0.69,True,0.533,53.3,0,False
J0294,C0549,0.75,1.0,1.0,0.0,1.0,0.52,0.753,True,0.752,75.2,3,True
J0294,C0438,0.0,0.0,0.0,0.0,1.0,0.0,0.0,True,0.05,5.0,0,False
J0294,C0016,0.75,0.389,0.0,0.0,1.0,0.38,0.76,True,0.466,46.6,1,False
J0294,C0539,0.5,0.333,0.0,0.25,0.5,0.0,0.785,True,0.317,31.7,0,False
J0294,C0437,0.25,1.0,1.0,0.0,0.5,0.0,0.78,True,0.475,47.5,0,False
J0294,C0530,0.0,0.0,0.0,0.0,1.0,0.0,0.0,False,0.05,5.0,0,False
J0294,C0019,0.0,0.0,0.0,0.0,0.5,0.0,0.0,False,0.025,2.5,0,False
J0294,C0594,0.0,0.0,0.275,0.0,0.5,0.0,0.0,False,0.066,6.6,0,False
J0294,C0355,0.25,0.5,0.0,0.0,1.0,0.0,0.78,False,0.25,25.0,0,False
J0294,C0418,0.0,0.0,0.375,0.0,1.0,0.0,0.0,False,0.106,10.6,0,False
J0294,C0020,0.0,0.0,0.0,0.0,1.0,0.0,0.0,True,0.05,5.0,0,False
J0294,C0350,0.25,1.0,1.0,0.25,1.0,0.0,0.99,True,0.525,52.5,1,False
J0294,C0317,0.0,0.0,0.0,0.0,1.0,0.0,0.0,False,0.05,5.0,0,False
J0295,C0303,0.5,0.75,1.0,0.0,1.0,0.0,0.69,True,0.55,55.0,1,False
J0295,C0015,0.0,0.0,1.0,0.0,0.5,0.0,0.0,True,0.175,17.5,0,False
J0295,C0273,0.25,1.0,1.0,0.0,1.0,0.41,0.92,True,0.541,54.1,1,False
J0295,C0503,0.75,0.667,1.0,0.0,1.0,0.0,0.6,True,0.633,63.3,2,True
J0295,C0437,0.5,1.0,1.0,0.0,0.5,0.0,0.77,True,0.575,57.5,1,False
J0295,C0072,1.0,0.875,1.0,0.5,1.0,0.155,0.92,True,0.841,84.1,3,True
J0295,C0016,0.5,0.75,1.0,0.0,1.0,0.325,0.91,True,0.582,58.2,1,False
J0295,C0024,1.0,1.0,1.0,0.75,1.0,0.8,0.978,True,0.955,95.5,3,True
J0295,C0101,1.0,1.0,1.0,0.25,1.0,0.0,0.742,True,0.825,82.5,3,True
J0295,C0550,0.5,1.0,1.0,0.0,1.0,0.0,0.7,True,0.6,60.0,2,True
J0295,C0113,1.0,0.75,1.0,0.25,1.0,0.0,0.782,True,0.775,77.5,3,True
J0295,C0384,0.25,1.0,1.0,0.0,1.0,0.0,0.78,True,0.5,50.0,1,False
J0295,C0208,0.5,1.0,1.0,0.25,1.0,0.0,0.885,True,0.625,62.5,1,False
J0295,C0245,0.5,0.75,1.0,0.5,1.0,0.0,0.97,True,0.6,60.0,1,False
J0295,C0549,0.75,1.0,1.0,0.0,1.0,0.52,0.76,True,0.752,75.2,3,True
J0295,C0424,0.5,1.0,1.0,0.25,0.5,0.0,0.905,False,0.6,60.0,1,False
J0295,C0554,0.5,1.0,1.0,0.0,1.0,0.0,0.7,False,0.6,60.0,1,False
J0295,C0494,0.0,0.0,1.0,0.0,1.0,0.0,0.0,False,0.2,20.0,0,False
J0295,C0509,0.25,1.0,1.0,0.0,1.0,0.6,0.92,False,0.56,56.0,1,False
J0295,C0559,0.5,1.0,1.0,0.25,1.0,0.42,0.795,False,0.667,66.7,2,True
J0295,C0123,0.25,1.0,1.0,0.0,1.0,0.0,0.8,False,0.5,50.0,1,False
J0295,C0124,1.0,1.0,1.0,0.0,1.0,0.0,0.69,True,0.8,80.0,3,True
J0295,C0445,0.0,0.0,1.0,0.0,1.0,0.0,0.0,False,0.2,20.0,0,False
J0295,C0288,0.25,1.0,1.0,0.0,1.0,0.0,0.4,False,0.5,50.0,1,False
J0295,C0051,0.5,1.0,1.0,0.0,1.0,0.0,0.7,False,0.6,60.0,1,False
J0296,C0089,0.5,0.5,1.0,0.0,0.5,0.33,0.86,True,0.508,50.8,1,False
J0296,C0257,0.75,1.0,1.0,0.25,0.5,0.79,0.903,True,0.779,77.9,3,True
J0296,C0453,0.25,1.0,1.0,0.25,0.5,0.0,0.99,True,0.5,50.0,1,False
J0296,C0135,0.25,0.5,1.0,0.25,0.5,0.0,0.99,True,0.4,40.0,0,False
J0296,C0425,0.25,1.0,1.0,0.0,0.5,0.0,0.8,True,0.475,47.5,1,False
J0296,C0465,0.5,0.75,0.0,0.0,0.5,0.0,0.69,True,0.375,37.5,1,False
J0296,C0338,0.75,0.667,0.0,0.25,0.5,0.48,0.83,True,0.531,53.1,1,False
J0296,C0309,0.75,0.833,1.0,0.25,0.5,0.0,0.863,True,0.667,66.7,2,True
J0296,C0272,0.75,0.5,0.0,0.25,0.5,0.31,0.89,True,0.481,48.1,0,False
J0296,C0505,0.5,1.0,0.0,0.0,0.5,0.0,0.69,True,0.425,42.5,0,False
J0296,C0328,0.75,0.5,0.0,0.0,0.0,0.39,0.8,True,0.439,43.9,1,False
J0296,C0522,0.75,1.0,1.0,0.0,0.5,0.86,0.853,True,0.761,76.1,3,True
J0296,C0370,0.75,0.667,0.0,0.0,0.0,0.0,0.72,True,0.433,43.3,1,False
J0296,C0329,0.0,0.0,0.0,0.0,0.5,0.0,0.0,True,0.025,2.5,0,False
J0296,C0221,0.25,1.0,1.0,0.0,1.0,0.0,0.82,False,0.5,50.0,0,False
J0296,C0051,0.0,0.0,1.0,0.0,0.5,0.0,0.0,False,0.175,17.5,0,False
J0296,C0458,0.0,0.0,0.0,0.0,0.5,0.0,0.0,False,0.025,2.5,0,False
J0296,C0169,0.0,0.0,1.0,0.0,0.5,0.0,0.0,False,0.175,17.5,0,False
J0296,C0556,0.0,0.0,1.0,0.0,0.5,0.0,0.0,False,0.175,17.5,0,False
J0296,C0464,0.0,0.0,0.0,0.0,0.5,0.0,0.0,False,0.025,2.5,0,False
J0296,C0133,1.0,0.5,0.0,0.25,0.5,0.28,0.818,True,0.578,57.8,1,False
J0296,C0477,0.25,0.5,0.0,0.0,0.5,0.34,0.92,False,0.259,25.9,0,False
J0296,C0364,0.75,0.5,1.0,0.25,0.5,0.0,0.863,True,0.6,60.0,2,True
J0296,C0466,0.25,0.5,0.0,0.0,0.0,0.0,0.78,False,0.2,20.0,0,False
J0296,C0222,0.0,0.0,0.0,0.0,1.0,0.0,0.0,False,0.05,5.0,0,False
J0297,C0123,1.0,0.611,1.0,0.0,1.0,0.0,0.733,True,0.722,72.2,3,True
J0297,C0479,0.667,1.0,1.0,0.0,1.0,0.81,0.86,True,0.748,74.8,3,True
J0297,C0583,0.667,0.5,1.0,0.333,1.0,0.0,0.785,True,0.6,60.0,1,False
J0297,C0268,0.667,1.0,1.0,0.0,0.5,0.0,0.78,True,0.642,64.2,2,True
J0297,C0514,1.0,0.611,1.0,0.333,1.0,0.28,0.837,True,0.784,78.4,3,True
J0297,C0084,0.667,1.0,1.0,0.333,1.0,0.74,0.905,True,0.774,77.4,3,True
J0297,C0337,0.667,0.583,1.0,0.0,1.0,0.24,0.64,True,0.607,60.7,2,True
J0297,C0447,0.667,0.75,1.0,0.0,1.0,0.0,0.6,True,0.617,61.7,1,False
J0297,C0310,0.0,0.0,1.0,0.0,1.0,0.0,0.0,True,0.2,20.0,0,False
J0297,C0053,0.667,0.75,1.0,0.0,1.0,0.0,0.79,True,0.617,61.7,1,False
J0297,C0455,0.667,0.5,1.0,0.0,1.0,0.22,0.85,True,0.589,58.9,2,True
J0297,C0114,1.0,0.611,1.0,0.0,1.0,0.37,0.84,True,0.759,75.9,3,True
J0297,C0025,0.0,0.0,1.0,0.0,1.0,0.0,0.0,True,0.2,20.0,0,False
J0297,C0591,0.667,0.417,1.0,0.333,1.0,0.0,0.785,True,0.583,58.3,1,False
J0297,C0230,0.333,0.5,1.0,0.333,1.0,0.0,0.99,False,0.467,46.7,1,False
J0297,C0256,0.0,0.0,1.0,0.0,1.0,0.0,0.0,False,0.2,20.0,0,False
J0297,C0572,0.667,0.417,1.0,0.0,1.0,0.0,0.78,True,0.55,55.0,2,True
J0297,C0389,0.0,0.0,1.0,0.0,1.0,0.0,0.0,False,0.2,20.0,0,False
J0297,C0062,0.667,0.417,1.0,0.0,1.0,0.23,0.83,False,0.573,57.3,2,True
J0297,C0460,0.0,0.0,1.0,0.0,1.0,0.0,0.0,False,0.2,20.0,0,False
J0297,C0162,0.0,0.0,1.0,0.0,1.0,0.0,0.0,False,0.2,20.0,0,False
J0297,C0500,0.333,0.333,1.0,0.0,1.0,0.0,0.78,False,0.4,40.0,0,False
J0297,C0291,0.0,0.0,1.0,0.0,0.5,0.0,0.0,False,0.175,17.5,0,False
J0297,C0414,0.0,0.0,1.0,0.0,0.0,0.0,0.0,False,0.15,15.0,0,False
J0298,C0487,1.0,0.833,1.0,0.333,1.0,0.33,0.91,True,0.833,83.3,3,True
J0298,C0544,0.667,1.0,1.0,0.333,1.0,0.0,0.785,True,0.7,70.0,2,True
J0298,C0067,1.0,0.833,0.0,0.0,1.0,0.0,0.72,True,0.617,61.7,3,True
J0298,C0096,0.0,0.0,1.0,0.0,1.0,0.0,0.0,True,0.2,20.0,0,False
J0298,C0575,0.333,1.0,1.0,0.0,1.0,0.0,0.82,True,0.533,53.3,1,False
J0298,C0576,0.667,1.0,1.0,0.0,1.0,0.0,0.7,True,0.667,66.7,2,True
J0298,C0211,0.667,0.75,0.6,0.0,1.0,0.0,0.5,True,0.557,55.7,1,False
J0298,C0175,0.333,1.0,0.0,0.333,1.0,0.0,0.97,True,0.417,41.7,1,False
J0298,C0192,0.667,1.0,1.0,0.0,1.0,0.0,0.8,True,0.667,66.7,1,False
J0298,C0239,0.333,1.0,0.0,0.333,1.0,0.0,0.97,True,0.417,41.7,0,False
J0298,C0519,0.667,1.0,0.0,0.333,1.0,0.48,0.955,True,0.598,59.8,2,True
J0298,C0403,0.0,0.0,0.0,0.0,1.0,0.0,0.0,True,0.05,5.0,0,False
J0298,C0155,0.0,0.0,0.85,0.0,1.0,0.0,0.0,True,0.178,17.8,0,False
J0298,C0389,0.667,0.75,0.0,0.0,1.0,0.0,0.69,True,0.467,46.7,0,False
J0298,C0413,0.0,0.0,1.0,0.0,1.0,0.0,0.0,False,0.2,20.0,0,False
J0298,C0201,0.0,0.0,1.0,0.0,1.0,0.0,0.0,False,0.2,20.0,0,False
J0298,C0140,0.0,0.0,0.85,0.0,0.0,0.0,0.0,False,0.128,12.8,0,False
J0298,C0422,0.0,0.0,1.0,0.0,1.0,0.0,0.0,False,0.2,20.0,0,False
J0298,C0579,0.0,0.0,1.0,0.0,0.5,0.0,0.0,False,0.175,17.5,0,False
J0298,C0106,0.333,1.0,0.0,0.0,1.0,0.0,0.78,False,0.383,38.3,0,False
J0298,C0494,0.0,0.0,1.0,0.0,1.0,0.0,0.0,False,0.2,20.0,0,False
J0298,C0397,0.0,0.0,1.0,0.0,0.5,0.0,0.0,False,0.175,17.5,0,False
J0298,C0583,0.0,0.0,0.0,0.0,1.0,0.0,0.0,False,0.05,5.0,0,False
J0299,C0181,0.6,1.0,1.0,0.0,1.0,0.553,0.913,True,0.695,69.5,1,False
J0299,C0583,0.8,0.625,1.0,0.2,1.0,0.0,0.693,True,0.665,66.5,2,True
J0299,C0114,1.0,0.9,1.0,0.0,1.0,0.37,0.748,True,0.817,81.7,3,True
J0299,C0003,1.0,0.7,1.0,0.2,1.0,0.28,0.802,True,0.788,78.8,3,True
J0299,C0084,1.0,1.0,1.0,0.2,1.0,0.73,0.786,True,0.893,89.3,3,True
J0299,C0499,0.6,1.0,1.0,0.4,1.0,0.63,0.953,True,0.743,74.3,3,True
J0299,C0144,0.8,0.75,1.0,0.0,1.0,0.0,0.645,True,0.67,67.0,3,True
J0299,C0030,0.6,0.667,1.0,0.2,1.0,0.25,0.89,True,0.618,61.8,1,False
J0299,C0154,0.6,1.0,1.0,0.2,1.0,0.0,0.797,True,0.66,66.0,3,True
J0299,C0455,1.0,0.6,1.0,0.2,1.0,0.22,0.814,True,0.762,76.2,2,True
J0299,C0346,0.8,0.625,1.0,0.4,1.0,0.0,0.835,True,0.685,68.5,2,True
J0299,C0310,0.2,1.0,1.0,0.0,1.0,0.9,0.92,True,0.57,57.0,1,False
J0299,C0268,1.0,1.0,1.0,0.2,0.5,0.0,0.822,True,0.795,79.5,3,True
J0299,C0142,0.8,0.625,1.0,0.2,1.0,0.41,0.817,True,0.706,70.6,2,True
J0299,C0277,0.2,1.0,1.0,0.0,1.0,0.68,0.9,False,0.548,54.8,1,False
J0299,C0443,0.2,0.5,1.0,0.2,1.0,0.0,0.99,False,0.4,40.0,0,False
J0299,C0470,0.2,1.0,1.0,0.0,1.0,0.0,0.4,False,0.48,48.0,1,False
J0299,C0264,0.2,0.5,1.0,0.0,1.0,0.17,0.88,False,0.397,39.7,0,False
J0299,C0548,0.2,1.0,1.0,0.2,1.0,0.0,0.99,False,0.5,50.0,1,False
J0299,C0319,0.2,0.5,1.0,0.2,1.0,0.0,0.99,False,0.4,40.0,0,False
J0299,C0464,0.0,0.0,1.0,0.0,1.0,0.0,0.0,False,0.2,20.0,0,False
J0299,C0110,0.2,0.5,1.0,0.0,1.0,0.0,0.78,False,0.38,38.0,0,False
J0299,C0412,0.0,0.0,1.0,0.0,1.0,0.0,0.0,False,0.2,20.0,0,False
J0299,C0510,0.4,0.75,1.0,0.0,1.0,0.0,0.69,True,0.51,51.0,1,False
J0299,C0381,0.2,0.5,1.0,0.0,1.0,0.19,0.9,False,0.399,39.9,0,False
J0300,C0317,1.0,0.708,1.0,0.25,1.0,0.31,0.768,True,0.798,79.8,3,True
J0300,C0468,0.75,0.833,1.0,0.25,1.0,0.0,0.863,True,0.692,69.2,2,True
J0300,C0536,0.5,0.75,1.0,0.0,1.0,0.0,0.7,True,0.55,55.0,1,False
J0300,C0235,0.5,0.833,1.0,0.25,1.0,0.0,0.785,True,0.592,59.2,1,False
J0300,C0425,0.5,1.0,1.0,0.0,1.0,0.0,0.81,True,0.6,60.0,2,True
J0300,C0293,1.0,0.792,1.0,0.0,1.0,0.0,0.785,True,0.758,75.8,3,True
J0300,C0502,0.75,0.611,1.0,0.0,1.0,0.0,0.78,True,0.622,62.2,2,True
J0300,C0336,0.5,1.0,1.0,0.5,1.0,0.795,0.99,True,0.73,73.0,3,True
J0300,C0257,0.75,1.0,1.0,0.0,1.0,0.0,0.6,True,0.7,70.0,2,True
J0300,C0522,0.5,0.833,1.0,0.0,1.0,0.0,0.58,True,0.567,56.7,1,False
J0300,C0459,0.25,1.0,1.0,0.0,1.0,0.0,0.6,True,0.5,50.0,0,False
J0300,C0197,0.75,0.778,1.0,0.0,1.0,0.0,0.74,True,0.656,65.6,1,False
J0300,C0597,0.5,0.417,1.0,0.0,1.0,0.17,0.84,True,0.5,50.0,1,False
J0300,C0027,0.5,1.0,1.0,0.0,1.0,0.0,0.79,True,0.6,60.0,2,True
J0300,C0519,0.0,0.0,1.0,0.0,1.0,0.0,0.0,False,0.2,20.0,0,False
J0300,C0516,0.75,0.889,1.0,0.0,1.0,0.0,0.66,False,0.678,67.8,2,True
J0300,C0056,0.0,0.0,1.0,0.0,1.0,0.0,0.0,False,0.2,20.0,0,False
J0300,C0564,0.25,0.667,1.0,0.0,1.0,0.0,0.78,False,0.433,43.3,1,False
J0300,C0084,0.25,1.0,1.0,0.0,1.0,0.56,0.94,False,0.556,55.6,1,False
J0300,C0335,0.25,1.0,1.0,0.0,1.0,0.36,0.92,False,0.536,53.6,1,False
J0300,C0327,0.25,1.0,1.0,0.0,1.0,0.0,0.6,False,0.5,50.0,1,False
J0300,C0054,0.25,1.0,1.0,0.0,1.0,0.0,0.78,False,0.5,50.0,1,False
J0300,C0389,0.0,0.0,1.0,0.0,1.0,0.0,0.0,False,0.2,20.0,0,False
J0300,C0301,0.25,1.0,1.0,0.0,1.0,0.0,0.82,False,0.5,50.0,1,False
J0300,C0061,0.25,1.0,1.0,0.0,1.0,0.0,0.82,False,0.5,50.0,1,False
